{"bart_player_id":126550,"seasons":[{"year":2026,"team_name":"Bryant","team_conference":"AE","class":"So","raw_row":["Jason Sepe","Bryant","AE",4,0.4,0,0,0,0,0,0,0,0,0,0,0,0,0,0,0,0,0,0,0,0,"So","6-3",22,-0.40003,-5.74457,8.5,2026,126550,"Foster, RI",null,"0.00000000",null,null,null,null,null,null,null,null,null,null,122.59,126.15,0.0335077,0.394149,-10.1743,-6.01311,-4.16121,-19.1004,1.1333,-13.7613,-5.33906,"0.0000","0.0000","0.0000","0.0000","0.0000","0.0000",0.3333,"PF/C",0,"2005-10-15"],"games":4,"notes":"PF/C","projection":0,"advanced_stats":{"tov_pg":0,"usage_pct":0.0635,"plus_minus_pg":-1.1666666666666667,"mins_pct":0.005,"is_qualified":false}}]}