{"bart_player_id":126540,"seasons":[{"year":2026,"team_name":"Clemson","team_conference":"ACC","class":"So","raw_row":["Dallas Thomas","Clemson","ACC",22,7.1,125.6,18.8,71,70.4,2.4,8.4,4.3,13.1,5,8,0.625,4,10,0.4,12,21,0.571,1.3,1.2,25.8,"So","6-9",8,0.549295,127.369,2.8,2026,126540,"Little Rock, AR",82.8,"0.50000000",4,8,0,2,"0.5000","0.0000",0,0,null,null,106.482,101.098,0.522132,14.3807,2.85505,3.10448,-0.249427,8.49194,4.5227,6.45723,2.03471,0.0909,0.3182,0.4091,0.0909,0.0909,0.0455,2.2273,"Wing F",12.854,"2005-10-15"],"games":22,"notes":"Wing F","projection":12.854,"advanced_stats":{"tov_pg":0.18181818181818182,"usage_pct":0.18700000000000003,"plus_minus_pg":2.227272727272727,"mins_pct":0.07,"is_qualified":false}}]}