{"bart_player_id":126538,"seasons":[{"year":2026,"team_name":"Clemson","team_conference":"ACC","class":"So","raw_row":["Ace Buckner","Clemson","ACC",35,48.4,110.6,23.8,49.1,54.28,4.1,13.7,19.1,13.6,65,80,0.813,70,138,0.507,29,93,0.312,0.6,2.6,34.6,"So","6-2",21,1.8421,119.778,3.9,2026,126538,"Dallas, TX",73.2,1.74995138,45,75,25,63,"0.6000",0.3968,4,4,"1.0000",null,101.638,96.4192,2.55035,122.54,4.52312,2.34942,2.1737,4.67154,19.5057,1.86207,2.80947,0.6571,2.2286,2.8857,"1.8000",0.8286,0.0857,8.3429,"Combo G",8.35052,"2005-10-15"],"games":35,"notes":"Combo G","projection":8.3505,"advanced_stats":{"tov_pg":1.0285714285714285,"usage_pct":0.23588571428571428,"plus_minus_pg":1.457142857142857,"mins_pct":0.485,"is_qualified":true}}]}