{"bart_player_id":126564,"seasons":[{"year":2025,"team_name":"Air Force","team_conference":"MWC","class":"Fr","raw_row":["Yoda Oke","Air Force","MWC",13,8,89.6,21.2,44.2,45.94,7.2,33.4,13.6,16.9,7,14,0.5,7,13,0.538,3,13,0.231,0,1.2,53.8,"Fr","6-6",20,0.169503,96.0098,1.9,2025,126564,"Fullerton, CA",null,"1.00000000",5,5,2,8,"1.0000","0.2500",0,0,null,null,109.181,103.785,0.761565,19.067,-5.92594,-4.12877,-1.79717,-1.79894,7.9154,-0.495667,-1.30327,0.4615,2.0769,2.5385,0.4615,0.1538,"0.0000",2.3077,"PF/C",7.764,"2005-10-15"],"games":13,"notes":"PF/C","projection":7.764,"advanced_stats":{"tov_pg":0.46153846153846156,"usage_pct":0.22192307692307692,"plus_minus_pg":-3.3076923076923075,"mins_pct":0.08,"is_qualified":false}}]}