{"bart_player_id":126580,"seasons":[{"year":2025,"team_name":"Northern Arizona","team_conference":"BSky","class":"Jr","raw_row":["Dillan Baker","Northern Arizona","BSky",29,30.7,90,15.8,45.5,48.07,4.1,12.1,6.1,23.4,11,14,0.786,19,37,0.514,14,51,0.275,0.6,1.1,15.9,"Jr","6-6",21,-0.348033,81.8924,4.2,2025,126580,"Tucson, AZ",null,0.59992078,10,19,9,18,0.5263,"0.5000",1,2,"0.5000",null,111.734,113.729,0.796276,55.7649,-6.45807,-4.40345,-2.05462,-6.64462,"13.2000",-4.6361,-2.00852,0.4848,"1.3030",1.7879,0.4545,0.2424,0.0606,3.2121,"Wing F",8.21232,"2003-10-15"],"games":29,"notes":"Wing F","projection":8.2123,"advanced_stats":{"tov_pg":0.7575757575757576,"usage_pct":0.16166666666666665,"plus_minus_pg":1.121212121212121,"mins_pct":0.321,"is_qualified":true}}]}