{"bart_player_id":126527,"seasons":[{"year":2025,"team_name":"UT Rio Grande Valley","team_conference":"Slnd","class":"Fr","raw_row":["EJ Avelar","UT Rio Grande Valley","Slnd",3,0.1,0,0,0,0,0,0,0,0,0,0,0,0,0,0,0,0,0,0,0,0,"Fr","5-11",24,-0.088996,-6.39812,50,2025,126527,"Edinburg, TX",null,"0.00000000",null,null,null,null,null,null,null,null,null,null,115.75,110.501,0.0196891,0.0976229,-6.15308,-4.21322,-1.93986,-37.5291,1.4667,-36.7932,-0.735907,"0.0000","0.0000","0.0000","0.0000","0.0000","0.0000","1.0000","PF/C",0,"2005-10-15"],"games":3,"notes":"PF/C","projection":0,"advanced_stats":{"tov_pg":0,"usage_pct":0.13549999999999998,"plus_minus_pg":1.3333333333333333,"mins_pct":0.007,"is_qualified":false}}]}