{"bart_player_id":126549,"seasons":[{"year":2025,"team_name":"Georgia","team_conference":"SEC","class":"Fr","raw_row":["Savo Drezgic","Georgia","SEC",8,4.1,93.2,25.2,50,57.29,0,18.2,12.6,29.7,11,17,0.647,0,3,0,4,9,0.444,0,3.2,141.7,"Fr","6-4",3,0.232489,99.578,2.2,2025,126549,"Belgrade, Serbia","71.0",0.57142857,0,1,0,2,"0.0000","0.0000",0,0,null,null,99.6884,100.817,0.734622,11.1479,-0.607359,-1.18964,0.582282,-2.03472,6.8375,-2.37747,0.34275,"0.0000","1.1250","1.1250","0.5000","0.3750","0.0000","2.8750","Scoring PG",9.69784,"2006-08-11"],"games":8,"notes":"Scoring PG","projection":9.6978,"advanced_stats":{"tov_pg":0.875,"usage_pct":0.22375,"plus_minus_pg":3.125,"mins_pct":0.041,"is_qualified":false}}]}