{"bart_player_id":126547,"seasons":[{"year":2026,"team_name":"Richmond","team_conference":"A10","class":"Fr","raw_row":["Jaylen Robinson","Richmond","A10",30,23.8,106,15.2,63,55.93,4.4,12,16.9,18.1,11,34,0.324,30,45,0.667,1,5,0.2,3.5,2.2,68,"Fr","6-6",24,0.232545,99.1678,7.1,2026,126547,"Jacksonville, FL",null,1.93325068,28,37,2,8,0.7568,"0.2500",9,9,"1.0000",null,107.658,107.584,0.915984,54.2483,-0.137305,-1.77868,1.64138,-1.32694,10.1839,-3.22276,1.89581,0.4516,1.0323,1.4839,0.9355,0.3871,0.2581,2.6774,"Wing G",0.983829,"2005-10-15"],"games":30,"notes":"Wing G","projection":0.9838,"advanced_stats":{"tov_pg":0.4838709677419355,"usage_pct":0.14258064516129032,"plus_minus_pg":-1.2580645161290323,"mins_pct":0.246,"is_qualified":false}}]}