{"bart_player_id":126588,"seasons":[{"year":2025,"team_name":"Northern Arizona","team_conference":"BSky","class":"Jr","raw_row":["Leigh Rickwood-Pitt","Northern Arizona","BSky",27,23.3,107,11.8,59.8,63.17,4.3,15.6,1.8,23.5,16,22,0.727,20,36,0.556,3,5,0.6,0.8,0.9,53.7,"Jr","6-10",34,0.0732987,91.8226,4,2025,126588,null,null,"0.33327590",19,30,1,6,0.6333,0.1667,2,2,"1.0000",null,111.268,113.345,0.660975,43.1833,-6.31506,-4.42831,-1.88675,-5.13739,10.4323,-3.99629,-1.1411,0.4516,1.5161,1.9677,0.1935,0.1613,0.0645,2.8065,"Wing F",1.06084,"2003-10-15"],"games":27,"notes":"Wing F","projection":1.0608,"advanced_stats":{"tov_pg":0.5806451612903226,"usage_pct":0.13009677419354837,"plus_minus_pg":-0.1935483870967742,"mins_pct":0.235,"is_qualified":true}}]}