{"bart_player_id":126583,"seasons":[{"year":2026,"team_name":"UCLA","team_conference":"B10","class":"Fr","raw_row":["Eric Freeny","UCLA","B10",28,21.3,103.1,12,46.4,46.82,6.8,10.9,6.4,14.8,4,8,0.5,11,29,0.379,10,27,0.37,1.7,1.6,14.3,"Fr","6-4",8,0.156754,96.4692,3.4,2026,126583,"Corona, CA",75.2,1.33354086,7,15,4,14,0.4667,0.2857,0,0,null,null,109.739,102.572,1.21533,47.2001,2.32191,0.500351,1.82156,1.23797,11.0643,-0.27,1.50797,0.6071,"1.0000",1.6071,0.4286,0.2857,0.1429,"2.0000","Wing G",5.32667,"2005-10-15"],"games":28,"notes":"Wing G","projection":5.3267,"advanced_stats":{"tov_pg":0.32142857142857145,"usage_pct":0.11217857142857146,"plus_minus_pg":1.25,"mins_pct":0.213,"is_qualified":false}}]}