{"bart_player_id":126548,"seasons":[{"year":2026,"team_name":"Richmond","team_conference":"A10","class":"Fr","raw_row":["Bryson McGlothin","Richmond","A10",2,0.8,0,9,0,0,0,12.1,0,0,0,0,0,0,1,0,0,1,0,0,6.1,0,"Fr","6-8",35,-1.54801,-1.55027,8.4,2026,126548,"Plano, TX",39.2,"0.00000000",0,0,0,1,null,"0.0000",0,0,null,null,100.027,109.404,0.411472,2.28812,-7.552,-8.47363,0.92163,-16.4943,"4.2000",-16.4611,-0.0331948,"0.0000","1.0000","1.0000","0.0000",0.3333,"0.0000",1.3333,"Scoring PG",5.85378,"2005-10-15"],"games":2,"notes":"Scoring PG","projection":5.8538,"advanced_stats":{"tov_pg":0,"usage_pct":0.329,"plus_minus_pg":-0.6666666666666666,"mins_pct":0.01,"is_qualified":false}}]}