{"bart_player_id":126577,"seasons":[{"year":2026,"team_name":"North Florida","team_conference":"ASun","class":"Fr","raw_row":["Taylor Thompson","North Florida","ASun",17,4.4,62.3,15.1,21.4,25.16,0,6.3,26.5,41.7,1,2,0.5,0,3,0,1,4,0.25,0,0,28.6,"Fr","5-11",3,-0.369675,58.261,6.8,2026,126577,"Jacksonville, FL",null,1.62479222,0,3,0,0,"0.0000",null,0,0,null,null,129.832,130.185,0.0453402,5.85994,-17.8752,-10.5713,-7.30395,-17.5885,3.8737,-10.6332,-6.95527,"0.0000",0.1579,0.1579,0.6842,0.0526,"0.0000",0.6316,"Pure PG",4.19955,"2005-10-15"],"games":17,"notes":"Pure PG","projection":4.1996,"advanced_stats":{"tov_pg":0.42105263157894735,"usage_pct":0.13663157894736844,"plus_minus_pg":0.47368421052631576,"mins_pct":0.057,"is_qualified":false}}]}