{"bart_player_id":126624,"seasons":[{"year":2025,"team_name":"Idaho St.","team_conference":"BSky","class":"Sr","raw_row":["Jake O'Neil","Idaho St.","BSky",27,84.3,105,22.5,48,50.63,11.7,21.6,11.6,18.3,60,92,0.652,114,229,0.498,19,68,0.279,1.5,2,31,"Sr","6-4",8,1.86794,105.741,3.4,2025,126624,"Fruitland, ID",null,0.89703088,74,136,40,93,0.5441,0.4301,8,10,"0.8000",null,105.772,107.107,2.88726,170.182,-0.336326,-0.376657,0.0403311,-0.495083,"33.1800",0.413501,-0.908584,3.5333,5.7333,9.2667,2.0333,1.0667,"0.5000",13.1333,"Wing G",4.52228,"2002-10-15"],"games":27,"notes":"Wing G","projection":4.5223,"advanced_stats":{"tov_pg":2.2666666666666666,"usage_pct":0.2206666666666666,"plus_minus_pg":2.6666666666666665,"mins_pct":0.826,"is_qualified":true}}]}