{"bart_player_id":126631,"seasons":[{"year":2026,"team_name":"UTEP","team_conference":"CUSA","class":"So","raw_row":["C.J. Smith","UTEP","CUSA",9,5.8,45.4,14.7,19.2,19.23,8.8,7.3,0,31.2,0,0,0,1,7,0.143,1,6,0.167,1.8,5.5,0,"So","6-7",6,-1.24151,42.7513,4.9,2026,126631,"Oklahoma City, OK",null,0.16663611,1,3,0,4,0.3333,"0.0000",0,0,null,null,104.237,105.54,0.721343,13.3414,-8.86886,-9.47948,0.610621,-9.95915,7.3727,-9.92022,-0.0389328,0.6364,0.5455,1.1818,0.0909,0.5455,0.1818,1.4545,"Wing G",5.54605,"2004-10-15"],"games":9,"notes":"Wing G","projection":5.5461,"advanced_stats":{"tov_pg":0.5454545454545454,"usage_pct":0.16236363636363635,"plus_minus_pg":-2.5454545454545454,"mins_pct":0.064,"is_qualified":false}}]}