{"bart_player_id":126660,"seasons":[{"year":2025,"team_name":"Marquette","team_conference":"BE","class":"Jr","raw_row":["Jack Anderson","Marquette","BE",5,0.7,51.8,27.9,16.7,16.67,11.5,12.5,0,0,0,0,0,1,5,0.2,0,1,0,0,0,0,"Jr","6-4",25,-0.245694,52.9014,0,2025,126660,"Davie, FL",null,"0.00000000",1,4,0,1,"0.2500","0.0000",0,0,null,null,108.194,114.087,0.117876,1.20569,-23.7642,-14.3519,-9.41229,-25.9478,"1.9200",-15.1927,-10.7551,"0.2000","0.2000","0.4000","0.0000","0.0000","0.0000","0.4000","Wing G",6.14925,"2003-10-15"],"games":5,"notes":"Wing G","projection":6.1493,"advanced_stats":{"tov_pg":0,"usage_pct":0.39059999999999995,"plus_minus_pg":0,"mins_pct":0.007,"is_qualified":false}}]}