{"bart_player_id":126600,"seasons":[{"year":2026,"team_name":"Texas","team_conference":"SEC","class":"Fr","raw_row":["Anthon McDermott","Texas","SEC",6,1.1,133.7,16.5,75,75,7.9,15.4,11.7,23.1,0,0,0,0,0,0,2,4,0.5,0,3.8,0,"Fr","6-4",33,0.271737,123.078,0,2026,126600,"Longview, TX",null,"1.00000000",0,0,0,0,null,null,0,0,null,null,107.6,112.32,0.195095,2.96344,9.12853,7.20821,1.92032,10.2672,2.8286,7.59833,2.66889,0.2857,0.2857,0.5714,0.2857,0.2857,"0.0000",0.8571,"Combo G",15.0668,"2005-10-15"],"games":6,"notes":"Combo G","projection":15.0668,"advanced_stats":{"tov_pg":0.2857142857142857,"usage_pct":0.11985714285714287,"plus_minus_pg":0.5714285714285714,"mins_pct":0.014,"is_qualified":false}}]}