{"bart_player_id":126657,"seasons":[{"year":2025,"team_name":"Prairie View A&M","team_conference":"SWAC","class":"Sr","raw_row":["Solomon Oraegbu","Prairie View A&M","SWAC",3,1.5,76.3,30.6,14.3,33.71,12,13.8,18.7,19.8,4,4,1,1,7,0.143,0,0,0,0,3,57.1,"Sr","6-3",7,-0.107582,84.7786,2.2,2025,126657,"Chicago, IL",null,"1.50000000",1,5,0,2,"0.2000","0.0000",0,0,null,null,114.105,109.968,0.469241,3.25056,-12.9092,-9.1644,-3.74477,-7.78964,"8.1750",-3.68944,-4.10019,"1.0000","0.7500","1.7500","0.7500","0.5000","0.0000","2.7500","Wing G",0,"2002-10-15"],"games":3,"notes":"Wing G","projection":0,"advanced_stats":{"tov_pg":0.5,"usage_pct":0.23925000000000002,"plus_minus_pg":4.5,"mins_pct":0.026,"is_qualified":false}}]}