{"bart_player_id":126645,"seasons":[{"year":2026,"team_name":"South Dakota St.","team_conference":"Sum","class":"Fr","raw_row":["Trey Buchanan","South Dakota St.","Sum",7,8.2,99.5,21,63,65.08,2.4,7.3,13.8,32.4,3,3,1,5,5,1,8,22,0.364,0,1.9,11.1,"Fr","6-0",0,0.51346,103.248,4.2,2026,126645,"Westfield, IN",null,0.57141936,5,5,0,0,"1.0000",null,0,0,null,null,112.587,114.926,0.917518,14.5001,-4.6244,-1.82638,-2.79802,-1.24688,14.6778,-0.654736,-0.592143,0.2222,0.8889,1.1111,0.8889,0.6667,"0.0000",7.3333,"Combo G",13.5718,"2005-07-13"],"games":7,"notes":"Combo G","projection":13.5718,"advanced_stats":{"tov_pg":1.5555555555555556,"usage_pct":0.2242222222222222,"plus_minus_pg":4.888888888888889,"mins_pct":0.102,"is_qualified":false}}]}