{"bart_player_id":126671,"seasons":[{"year":2025,"team_name":"East Texas A&M","team_conference":"Slnd","class":"So","raw_row":["Camerin James","East Texas A&M","Slnd",23,29.7,82.8,18.8,47.9,48.04,5.3,11.1,7.8,24.5,14,30,0.467,42,83,0.506,2,11,0.182,1.8,1.9,31.9,"So","6-5",10,-0.437891,81.8857,4,2025,126671,"Apopka, FL",null,0.44825122,34,59,8,24,0.5763,0.3333,8,9,0.8889,null,112.225,112.581,1.06501,56.117,-5.94731,-5.285,-0.662304,-6.0037,16.0739,-4.95109,-1.05261,0.7391,1.4348,2.1739,0.5652,0.5217,0.2609,4.5217,"Wing G",1.75027,"2004-10-15"],"games":23,"notes":"Wing G","projection":1.7503,"advanced_stats":{"tov_pg":1.2608695652173914,"usage_pct":0.1761304347826087,"plus_minus_pg":-5.521739130434782,"mins_pct":0.298,"is_qualified":true}}]}