{"bart_player_id":126650,"seasons":[{"year":2026,"team_name":"UMass Lowell","team_conference":"AE","class":"Fr","raw_row":["Kris Johnson","UMass Lowell","AE",4,1.4,82.7,16.7,25,40.4,0,6.9,9.9,20.4,2,2,1,1,3,0.333,0,1,0,0,0,50,"Fr","6-5",1,-0.217575,77.6147,4.7,2026,126650,"Hyattsville, MD",null,"1.00000000",1,3,0,0,0.3333,null,1,1,"1.0000",null,119.35,124.644,0.143401,1.94006,-13.1557,-7.55564,-5.60005,-14.7295,6.3333,-9.25776,-5.47178,"0.0000",0.3333,0.3333,0.1667,0.3333,0.1667,1.6667,"Wing G",3.4346,"2005-10-15"],"games":4,"notes":"Wing G","projection":3.4346,"advanced_stats":{"tov_pg":0.16666666666666666,"usage_pct":0.2175,"plus_minus_pg":4.666666666666667,"mins_pct":0.029,"is_qualified":false}}]}