{"bart_player_id":126677,"seasons":[{"year":2026,"team_name":"South Dakota St.","team_conference":"Sum","class":"Fr","raw_row":["Jadyn Cascio Jensen","South Dakota St.","Sum",1,0.2,59.6,23.4,0,0,0,0,64.9,0,0,0,0,0,0,0,0,1,0,0,0,0,"Fr","6-3",33,-0.261349,59.6217,0,2026,126677,"Fremont, NE",null,"1.00000000",0,0,0,0,null,null,0,0,null,null,119.789,131.661,0.0216074,0.227079,-26.4988,-9.65285,-16.8459,-17.0374,2.8333,-8.4909,-8.54653,"0.0000",0.6667,0.6667,0.3333,0.3333,"0.0000",0.6667,"Pure PG",25.2929,"2005-10-15"],"games":1,"notes":"Pure PG","projection":25.2929,"advanced_stats":{"tov_pg":0.3333333333333333,"usage_pct":0.225,"plus_minus_pg":5,"mins_pct":0.007,"is_qualified":false}}]}