{"bart_player_id":126607,"seasons":[{"year":2025,"team_name":"Mount St. Mary's","team_conference":"MAAC","class":"Fr","raw_row":["Jaxon Hartman","Mount St. Mary's","MAAC",2,0.3,0,0,0,0,0,27,0,0,0,0,0,0,0,0,0,0,0,0,0,0,"Fr","6-3",6,-0.674607,-7.4264,0,2025,126607,"Staunton, VA",null,"0.00000000",null,null,null,null,null,null,null,null,null,null,103.114,88.2869,0.301836,0.74321,-10.5949,-7.54628,-3.04858,-6.35333,"2.0000",-6.20107,-0.152265,"0.0000","0.5000","0.5000","0.0000","0.0000","0.0000","0.0000","PF/C",0,"2005-10-15"],"games":2,"notes":"PF/C","projection":0,"advanced_stats":{"tov_pg":0,"usage_pct":0,"plus_minus_pg":0.5,"mins_pct":0.003,"is_qualified":false}}]}