{"bart_player_id":126668,"seasons":[{"year":2026,"team_name":"Utah","team_conference":"B12","class":"Fr","raw_row":["Ibrahima Traore","Utah","B12",9,4.4,110.8,9.4,66.7,66.67,4.2,8.3,0,22.2,0,0,0,6,9,0.667,0,0,0,0,2.1,0,"Fr","6-9",31,0.233513,103.164,4.3,2026,126668,"Bamako, Mali",null,"0.00000000",2,4,4,5,"0.5000","0.8000",0,0,null,null,117.832,108.491,0.559708,8.10553,-3.73396,-2.02369,-1.71027,-1.97169,6.2333,-1.81637,-0.15532,0.2222,0.4444,0.6667,"0.0000",0.2222,"0.0000",1.3333,"C",0,"2005-10-15"],"games":9,"notes":"C","projection":0,"advanced_stats":{"tov_pg":0.2222222222222222,"usage_pct":0.0881111111111111,"plus_minus_pg":-1.8888888888888888,"mins_pct":0.044,"is_qualified":false}}]}