{"bart_player_id":126697,"seasons":[{"year":2025,"team_name":"UC Irvine","team_conference":"BW","class":"Fr","raw_row":["Torian Lee","UC Irvine","BW",38,37.7,115.8,11.8,57.3,59.22,1.9,5.6,7.2,11.7,15,18,0.833,20,35,0.571,34,89,0.382,0.4,2.4,14.5,"Fr","5-10",1,0.640974,102.032,4.3,2025,126697,"Surrey, Canada",null,1.64261835,10,15,10,20,0.6667,"0.5000",0,0,null,null,99.0375,99.0652,1.71136,100.075,2.11102,0.500458,1.61056,0.884746,15.3538,-1.62109,2.50583,0.2308,0.8205,1.0513,0.5897,"0.6410",0.0513,4.1282,"Combo G",8.79594,"2006-04-26"],"games":38,"notes":"Combo G","projection":8.7959,"advanced_stats":{"tov_pg":0.358974358974359,"usage_pct":0.12725641025641027,"plus_minus_pg":1.7179487179487178,"mins_pct":0.376,"is_qualified":true}}]}