{"bart_player_id":126614,"seasons":[{"year":2025,"team_name":"Seattle","team_conference":"WAC","class":"Jr","raw_row":["DaSean Stevens","Seattle","WAC",23,26.5,103.2,17.5,37.6,42.53,3.5,11.7,14.1,3.2,18,19,0.947,17,59,0.288,15,46,0.326,1.2,1.3,18.1,"Jr","6-3",5,0.545397,101.161,3.5,2025,126614,"Redlands, CA",null,5.19999973,7,27,10,32,0.2593,0.3125,0,0,null,null,104.412,105.888,1.24062,48.1099,-1.12763,-0.623264,-0.504369,-1.76083,"14.7440",-1.14387,-0.616961,"0.4400","1.4400","1.8800","1.0400","0.3600","0.1600","5.0800","Combo G",8.51832,"2003-10-15"],"games":23,"notes":"Combo G","projection":8.5183,"advanced_stats":{"tov_pg":0.2,"usage_pct":0.18992,"plus_minus_pg":5.72,"mins_pct":0.288,"is_qualified":true}}]}