{"bart_player_id":126670,"seasons":[{"year":2026,"team_name":"Samford","team_conference":"SC","class":"So","raw_row":["Corey Brown","Samford","SC",3,0.8,98.1,10.9,0,105.26,0,11.4,0,53.4,2,2,1,0,0,0,0,0,0,0,0,0,"So","6-4",21,-0.113063,82.5932,4,2026,126670,"Fairburn, GA",null,"4.00000000",0,0,0,0,null,null,0,0,null,null,116.273,115.862,0.214056,1.31492,-11.1279,-7.78732,-3.34055,-14.6334,"6.3800",-10.7016,-3.9318,"0.2000","0.4000","0.6000","0.8000","0.0000","0.2000","0.8000","PF/C",0,"2005-10-15"],"games":3,"notes":"PF/C","projection":0,"advanced_stats":{"tov_pg":0.2,"usage_pct":0.193,"plus_minus_pg":-1.2,"mins_pct":0.025,"is_qualified":false}}]}