{"bart_player_id":126724,"seasons":[{"year":2026,"team_name":"Coastal Carolina","team_conference":"SB","class":"Sr","raw_row":["Jackson Keil","Coastal Carolina","SB",5,0.7,0,11.1,0,0,0,11.4,0,58.4,0,0,0,0,0,0,0,1,0,0,6.4,0,"Sr","6-2",11,-0.590118,-1.07307,8.8,2026,126724,"Sterling, CO",null,"1.00000000",0,0,0,0,null,null,0,0,null,null,95.5613,98.2536,0.228078,2.30004,-8.7715,-12.5037,3.73218,-17.4703,3.6167,-19.6133,2.143,"0.0000",0.3333,0.3333,"0.5000",0.1667,"0.0000",0.6667,"Pure PG",6.61061,"2003-10-15"],"games":5,"notes":"Pure PG","projection":6.6106,"advanced_stats":{"tov_pg":0.5,"usage_pct":0.081,"plus_minus_pg":3.1666666666666665,"mins_pct":0.017,"is_qualified":false}}]}