{"bart_player_id":126713,"seasons":[{"year":2026,"team_name":"Alabama St.","team_conference":"SWAC","class":"So","raw_row":["Jerquarius Stanback","Alabama St.","SWAC",31,62.1,104.5,18.5,52,55.4,9.6,17.1,5.1,19,60,88,0.682,100,181,0.552,3,20,0.15,9.6,2.3,43.8,"So","6-10",24,0.733103,100.868,4.5,2026,126713,"Asheboro, NC",null,0.45833333,85,140,15,41,0.6071,0.3659,28,30,0.9333,null,104.269,109.258,2.16566,168.361,1.32444,-2.97028,4.29472,-1.21541,24.5906,-2.31885,1.10345,2.2812,3.5625,5.8438,0.6875,1.0625,2.0312,"8.7500","C",1.46157,"2005-10-15"],"games":31,"notes":"C","projection":1.4616,"advanced_stats":{"tov_pg":1.5,"usage_pct":0.18018749999999994,"plus_minus_pg":-0.84375,"mins_pct":0.614,"is_qualified":true}}]}