{"bart_player_id":126789,"seasons":[{"year":2026,"team_name":"South Dakota","team_conference":"Sum","class":"Fr","raw_row":["Porter Ihnen","South Dakota","Sum",3,0.5,0,4.8,0,0,0,0,0,0,0,1,0,0,0,0,0,0,0,0,0,0,"Fr","6-6",23,-0.609525,-3.44403,7.3,2026,126789,"Lennox, SD",null,"1.00000000",0,0,0,0,null,null,0,0,null,null,121.339,120.028,0.0912274,0.543146,-10.9343,-7.74346,-3.19085,-16.8578,"6.2250",-11.5816,-5.27624,"1.7500","1.5000","3.2500","0.2500","0.2500","0.0000","5.0000","PF/C",0,"2005-10-15"],"games":3,"notes":"PF/C","projection":0,"advanced_stats":{"tov_pg":0.25,"usage_pct":0.0785,"plus_minus_pg":6,"mins_pct":0.019,"is_qualified":false}}]}