{"bart_player_id":126734,"seasons":[{"year":2026,"team_name":"Air Force","team_conference":"MWC","class":"So","raw_row":["Elliott Taite","Air Force","MWC",12,1.6,111.4,30.7,69.2,66.79,0,11.9,45.8,9.2,0,1,0,3,6,0.5,4,7,0.571,0,0,7.7,"So","6-3",7,0.241223,132.282,0,2026,126734,"Frisco, TX",null,"2.00120050",3,5,0,1,"0.6000","0.0000",0,0,null,null,124.272,119.15,0.0919713,2.38168,3.91302,9.94683,-6.03381,16.3841,1.7417,17.3659,-0.981867,"0.0000",0.1667,0.1667,0.1667,"0.0000","0.0000","1.5000","Pure PG",20.1995,"2005-10-15"],"games":12,"notes":"Pure PG","projection":20.1995,"advanced_stats":{"tov_pg":0.08333333333333333,"usage_pct":0.363,"plus_minus_pg":0.5,"mins_pct":0.016,"is_qualified":false}}]}