{"bart_player_id":126730,"seasons":[{"year":2026,"team_name":"Colorado St.","team_conference":"MWC","class":"So","raw_row":["Charlie Dortch","Colorado St.","MWC",4,0.4,97.6,33.8,66.7,66.67,23.3,0,0,31.1,0,0,0,2,3,0.667,0,0,0,0,0,0,"So","6-9",30,0.0734084,106.711,0,2026,126730,"Fort Collins, CO",null,"1.00000000",1,2,1,1,"0.5000","1.0000",0,0,null,null,121.384,128.204,0.031547,0.519153,-13.5372,-4.54707,-8.99016,-8.50725,"3.2400",-1.05785,-7.4494,"0.2000","0.4000","0.6000","0.4000","0.0000","0.0000","0.8000","C",0,"2005-10-15"],"games":4,"notes":"C","projection":0,"advanced_stats":{"tov_pg":0.4,"usage_pct":0.28880000000000006,"plus_minus_pg":2.6,"mins_pct":0.012,"is_qualified":false}}]}