{"bart_player_id":126762,"seasons":[{"year":2026,"team_name":"Florida A&M","team_conference":"SWAC","class":"Jr","raw_row":["Tuscan Onuoha","Florida A&M","SWAC",4,1.7,80.3,23.2,62.5,55.87,0,5.9,0,24.1,0,2,0,5,7,0.714,0,1,0,0,0,25,"Jr","6-11",55,-0.214519,80.1866,3.9,2026,126762,"Sydney, Australia",null,"0.00000000",3,4,2,3,"0.7500",0.6667,1,1,"1.0000",null,115.544,121.464,0.227242,2.19559,-16.217,-9.43692,-6.78012,-9.94522,"5.0750",-8.18,-1.76522,"0.0000","0.2500","0.2500","0.0000","0.0000","0.0000","2.5000","PF/C",2.8663,"2003-10-15"],"games":4,"notes":"PF/C","projection":2.8663,"advanced_stats":{"tov_pg":0.5,"usage_pct":0.256,"plus_minus_pg":-1.5,"mins_pct":0.016,"is_qualified":false}}]}