{"bart_player_id":126723,"seasons":[{"year":2026,"team_name":"Colorado","team_conference":"B12","class":"Fr","raw_row":["Andrew Crawford","Colorado","B12",10,3.5,107.2,14.9,65,63.93,2.5,12.4,11,24.7,1,2,0.5,2,5,0.4,3,5,0.6,2.3,3.7,20,"Fr","6-7",42,0.182076,103.744,6,2026,126723,"Littleton, CO",78.2,"1.00000000",1,4,1,1,"0.2500","1.0000",1,1,"1.0000",null,108.624,103.337,0.496655,9.46933,3.1334,0.293039,2.84036,2.74667,"4.6700",-0.326028,3.07269,"0.1000","0.5000","0.6000","0.3000","0.3000","0.1000","1.4000","Wing G",6.11271,"2005-10-15"],"games":10,"notes":"Wing G","projection":6.1127,"advanced_stats":{"tov_pg":0.3,"usage_pct":0.1584,"plus_minus_pg":0.2,"mins_pct":0.035,"is_qualified":false}}]}