{"bart_player_id":126757,"seasons":[{"year":2026,"team_name":"McNeese St.","team_conference":"Slnd","class":"Fr","raw_row":["Larry Johnson","McNeese St.","Slnd",32,63.8,117.4,30.5,50.1,55.23,7.5,18,12.6,8.6,132,173,0.763,165,303,0.545,25,101,0.248,0,2.8,42.8,"Fr","6-4",6,3.54137,132.33,2.7,2026,126757,"Savannah, GA",77.6,1.30562907,135,227,30,76,0.5947,0.3947,43,43,"1.0000",null,99.7965,100.481,3.00298,155.912,2.19528,3.22755,-1.03227,6.19654,25.2912,5.81921,0.377323,1.7353,3.7353,5.4706,1.3824,1.1765,"0.0000",17.4118,"Wing G",7.37297,"2005-10-15"],"games":32,"notes":"Wing G","projection":7.373,"advanced_stats":{"tov_pg":1.0588235294117647,"usage_pct":0.3256470588235295,"plus_minus_pg":8.176470588235293,"mins_pct":0.626,"is_qualified":true}}]}