{"bart_player_id":126788,"seasons":[{"year":2026,"team_name":"South Dakota","team_conference":"Sum","class":"Fr","raw_row":["Evan Anderson","South Dakota","Sum",25,30.2,114.1,9.5,59,63.3,6.1,8.2,8.3,24.7,13,16,0.813,14,23,0.609,6,16,0.375,0.3,1.3,41,"Fr","6-4",10,0.150308,95.4708,2.8,2026,126788,"Onalaska, WI",null,"1.00000000",14,19,0,4,0.7368,"0.0000",0,0,null,null,116.378,118.976,0.745649,49.7042,-1.96477,-1.27032,-0.694451,-3.88331,14.9857,-2.53587,-1.34745,0.8214,1.1429,1.9643,0.6429,0.3571,0.0357,2.6786,"Wing G",2.50235,"2005-10-15"],"games":25,"notes":"Wing G","projection":2.5024,"advanced_stats":{"tov_pg":0.6428571428571429,"usage_pct":0.07699999999999999,"plus_minus_pg":-0.6785714285714286,"mins_pct":0.323,"is_qualified":true}}]}