{"bart_player_id":126709,"seasons":[{"year":2025,"team_name":"South Alabama","team_conference":"SB","class":"Sr","raw_row":["Cantia Rahming","South Alabama","SB",27,23.9,115,15.7,53.8,54.34,12.5,20.6,9.3,13.6,16,30,0.533,25,44,0.568,2,8,0.25,4.2,2.3,57.7,"Sr","6-6",0,0.644927,107.146,5.2,2025,126709,"Tampa, FL",null,1.24987915,25,43,0,1,0.5814,"0.0000",2,3,0.6667,null,95.8722,97.4616,1.27439,62.8011,1.24944,-1.13262,2.38206,-0.468161,10.8655,-1.63055,1.16238,1.1724,"2.0000",3.1724,0.5172,0.3793,0.2414,"2.9310","Wing F",1.70219,"2002-10-15"],"games":27,"notes":"Wing F","projection":1.7022,"advanced_stats":{"tov_pg":0.41379310344827586,"usage_pct":0.13344827586206898,"plus_minus_pg":2.896551724137931,"mins_pct":0.24,"is_qualified":true}}]}