{"bart_player_id":126775,"seasons":[{"year":2025,"team_name":"Murray St.","team_conference":"MVC","class":"Fr","raw_row":["Mason Shubert","Murray St.","MVC",1,0.1,0,0,0,0,0,0,0,0,0,0,0,0,0,0,0,0,0,0,0,0,"Fr","6-2",33,-0.333983,-6.46964,0,2025,126775,"Aviston, IL",null,"0.50000000",null,null,null,null,null,null,null,null,null,null,115.218,124.769,0.0243254,0.0911384,-4.84156,-4.0782,-0.763363,-10.5918,"1.4500",-6.9689,-3.62291,"0.0000","0.0000","0.0000","0.5000","0.5000","0.0000","0.0000","PF/C",0,"2005-10-15"],"games":1,"notes":"PF/C","projection":0,"advanced_stats":{"tov_pg":0,"usage_pct":0.1135,"plus_minus_pg":1,"mins_pct":0.002,"is_qualified":false}}]}