{"bart_player_id":126805,"seasons":[{"year":2026,"team_name":"Gonzaga","team_conference":"WCC","class":"Fr","raw_row":["Cade Orness","Gonzaga","WCC",8,1.5,43.5,19,50,34.29,0,5.1,6.4,43.1,1,5,0.2,1,2,0.5,0,0,0,0,2.7,250,"Fr","6-3",0,-0.458096,41.5926,3.8,2026,126805,"Poulsbo, WA",null,0.33333333,1,2,0,0,"0.5000",null,0,0,null,null,98.2812,100.848,0.302419,3.53975,-9.64052,-11.2996,1.65907,-12.0915,"2.6000",-11.4941,-0.597346,"0.0000","0.1250","0.1250","0.1250","0.1250","0.0000","0.3750","Combo G",0,"2005-10-15"],"games":8,"notes":"Combo G","projection":0,"advanced_stats":{"tov_pg":0.375,"usage_pct":0.15200000000000002,"plus_minus_pg":0.25,"mins_pct":0.015,"is_qualified":false}}]}