{"bart_player_id":126888,"seasons":[{"year":2025,"team_name":"Southeastern Louisiana","team_conference":"Slnd","class":"Sr","raw_row":["Ryan Elzy","Southeastern Louisiana","Slnd",15,4,89.4,9.1,33.3,35.97,9.7,7.2,0,13.6,1,2,0.5,2,5,0.4,0,1,0,0,2.5,33.3,"Sr","6-2",21,-0.173861,74.1542,6.7,2025,126888,"Hammond, LA",null,"1.00000000",2,3,0,2,0.6667,"0.0000",0,0,null,null,106.015,108.014,0.264441,7.91565,-6.61211,-3.98938,-2.62273,-7.73161,3.6941,-7.60868,-0.122936,0.2353,0.3529,0.5882,0.0588,0.2353,0.0588,0.4118,"Wing G",1.2265,"2002-10-15"],"games":15,"notes":"Wing G","projection":1.2265,"advanced_stats":{"tov_pg":0.058823529411764705,"usage_pct":0.042176470588235294,"plus_minus_pg":2.176470588235294,"mins_pct":0.049,"is_qualified":false}}]}