{"bart_player_id":126861,"seasons":[{"year":2025,"team_name":"Cleveland St.","team_conference":"Horz","class":"Fr","raw_row":["Chaz Watson","Cleveland St.","Horz",9,2.3,135.6,14.5,68.8,68.75,3.9,8.3,13.1,13.8,0,0,0,1,1,1,3,7,0.429,0,2,0,"Fr","6-2",11,0.378293,122.829,9.3,2025,126861,"Kansas City, MO",null,3.49910003,1,1,0,0,"1.0000",null,0,0,null,null,106.369,108.521,0.266214,4.50785,0.949251,3.1964,-2.24715,0.138746,6.1083,-0.0501031,0.188849,0.0833,0.6667,"0.7500",0.5833,"0.5000",0.1667,"2.7500","Combo G",13.8894,"2005-10-15"],"games":9,"notes":"Combo G","projection":13.8894,"advanced_stats":{"tov_pg":0.16666666666666666,"usage_pct":0.13058333333333336,"plus_minus_pg":7.666666666666667,"mins_pct":0.051,"is_qualified":false}}]}