{"bart_player_id":126839,"seasons":[{"year":2025,"team_name":"Queens","team_conference":"ASun","class":"So","raw_row":["Aneek Patil","Queens","ASun",1,0.1,300,20,150,150,0,0,0,0,0,0,0,0,0,0,1,1,1,0,0,0,"So","5-10",85,0.800263,267.182,0,2025,126839,"Foster City, CA",null,"0.00000000",0,0,0,0,null,null,0,0,null,null,120.075,129.491,0.0103238,0.115155,19.896,27.8886,-7.99261,78.653,"1.3000",67.7808,10.8722,"0.0000","0.0000","0.0000","0.0000","0.0000","0.0000","3.0000","Combo G",43.1502,"2004-10-15"],"games":1,"notes":"Combo G","projection":43.1502,"advanced_stats":{"tov_pg":0,"usage_pct":0.356,"plus_minus_pg":-1,"mins_pct":0.001,"is_qualified":false}}]}