{"bart_player_id":126886,"seasons":[{"year":2026,"team_name":"San Diego St.","team_conference":"MWC","class":"Fr","raw_row":["Thokbor Majak","San Diego St.","MWC",7,1.6,71.3,9.7,0,0,23.1,20.9,0,27.8,0,0,0,0,2,0,0,0,0,12.6,0,0,"Fr","7-1",33,-0.335169,60.92,11.2,2026,126886,"Bor, South Sudan",null,"0.00000000",0,1,0,1,"0.0000","0.0000",0,0,null,null,98.6203,98.5851,0.38137,4.54836,-4.7212,-8.05327,3.33207,-8.90979,"3.9000",-9.34896,0.439175,"0.8750","0.7500","1.6250","0.0000","0.0000","0.2500","0.2500","C",0,"2005-10-15"],"games":7,"notes":"C","projection":0,"advanced_stats":{"tov_pg":0.375,"usage_pct":0.067125,"plus_minus_pg":0.5,"mins_pct":0.024,"is_qualified":false}}]}