{"bart_player_id":126812,"seasons":[{"year":2025,"team_name":"Pepperdine","team_conference":"WCC","class":"Fr","raw_row":["Taj Au-Duke","Pepperdine","WCC",30,17.9,76.7,13.4,24.4,37.77,0.9,8.9,12.1,24.8,18,21,0.857,5,28,0.179,3,11,0.273,0.4,0.9,53.8,"Fr","6-3",9,-0.555499,70.0722,4.1,2025,126812,"Scarborough, Canada",null,1.78587255,2,13,3,15,0.1538,"0.2000",0,0,null,null,115.984,115.884,0.44805,33.831,-8.37859,-6.14072,-2.23787,-7.97118,8.3903,-6.44832,-1.52287,0.0968,0.6774,0.7742,0.8065,"0.1290",0.0323,1.4516,"Scoring PG",2.61744,"2005-01-24"],"games":30,"notes":"Scoring PG","projection":2.6174,"advanced_stats":{"tov_pg":0.45161290322580644,"usage_pct":0.13416129032258065,"plus_minus_pg":-1.967741935483871,"mins_pct":0.186,"is_qualified":false}}]}