{"bart_player_id":126858,"seasons":[{"year":2025,"team_name":"Valparaiso","team_conference":"MVC","class":"Fr","raw_row":["Ramzi Salem","Valparaiso","MVC",2,0.5,83.2,26.6,0,51.28,0,40,26.4,35.6,2,2,1,0,0,0,0,1,0,0,0,200,"Fr","6-3",5,-0.00958684,88.8879,6.5,2025,126858,"Saint Louis, MO",null,"2.00000000",0,0,0,0,null,null,0,0,null,null,105.836,113.252,0.199295,1.22749,-7.47023,-5.80259,-1.66764,-10.7171,"4.0750",-10.2082,-0.508897,"0.0000","1.0000","1.0000","0.5000","0.0000","0.0000","1.5000","Wing G",9.09461,"2005-10-15"],"games":2,"notes":"Wing G","projection":9.0946,"advanced_stats":{"tov_pg":0.25,"usage_pct":0.16875,"plus_minus_pg":-0.75,"mins_pct":0.012,"is_qualified":false}}]}