{"bart_player_id":126843,"seasons":[{"year":2026,"team_name":"Appalachian St.","team_conference":"SB","class":"Fr","raw_row":["Andrin Njock","Appalachian St.","SB",21,17.3,121.7,12,51.7,57.07,9.8,12.5,4.6,12.4,13,18,0.722,11,14,0.786,3,16,0.188,0.6,1.5,60,"Fr","6-6",21,0.436198,105.074,2.3,2026,126843,"Winterthur, Switzerland",null,"1.00000000",11,14,0,0,0.7857,null,3,3,"1.0000",null,106.453,108.31,0.894586,33.1512,-0.894376,-0.731878,-0.162499,-0.120118,10.9957,-0.205479,0.0853618,1.3043,1.6087,"2.9130",0.3913,0.2609,"0.0870",3.1304,"Wing F",4.76112,"2006-03-17"],"games":21,"notes":"Wing F","projection":4.7611,"advanced_stats":{"tov_pg":0.391304347826087,"usage_pct":0.10830434782608694,"plus_minus_pg":1.4782608695652173,"mins_pct":0.197,"is_qualified":false}}]}