{"bart_player_id":126880,"seasons":[{"year":2026,"team_name":"Oral Roberts","team_conference":"Sum","class":"So","raw_row":["Baron Smith Jr.","Oral Roberts","Sum",21,13,80.2,17.4,25.7,35.58,8.8,16.1,5.8,16.8,14,21,0.667,9,35,0.257,0,0,0,4.1,2.2,60,"So","6-9",21,-0.421123,75.994,5.6,2026,126880,"Haltom City, TX",null,0.38453017,7,26,2,9,0.2692,0.2222,0,0,null,null,111.112,111.286,0.593796,30.2026,-7.30292,-7.47899,0.176072,-6.61224,7.6708,-6.42861,-0.183629,0.6667,1.0833,"1.7500",0.2083,0.2917,"0.2500",1.7083,"C",0,"2005-10-15"],"games":21,"notes":"C","projection":0,"advanced_stats":{"tov_pg":0.5416666666666666,"usage_pct":0.17641666666666664,"plus_minus_pg":-2.625,"mins_pct":0.14,"is_qualified":false}}]}