{"bart_player_id":126810,"seasons":[{"year":2025,"team_name":"Bradley","team_conference":"MVC","class":"Sr","raw_row":["Connor Dillon","Bradley","MVC",26,19.6,123.1,15.1,69.5,70.32,4.2,10.9,7.1,18.3,15,21,0.714,14,20,0.7,18,39,0.462,0,3,35.6,"Sr","6-2",2,0.915309,114.071,3.1,2025,126810,"Peoria, IL",null,0.78572813,12,16,2,4,"0.7500","0.5000",0,0,null,null,103.822,102.902,1.08807,50.2055,2.79488,2.5532,0.241684,2.95833,10.9889,1.49511,1.46323,0.3704,1.0741,1.4444,0.4074,0.5926,"0.0000",3.8148,"Wing G",8.25201,"2002-10-15"],"games":26,"notes":"Wing G","projection":8.252,"advanced_stats":{"tov_pg":0.5185185185185185,"usage_pct":0.1282222222222222,"plus_minus_pg":0.7407407407407407,"mins_pct":0.198,"is_qualified":true}}]}