{"bart_player_id":126867,"seasons":[{"year":2025,"team_name":"The Citadel","team_conference":"SC","class":"Fr","raw_row":["Braylen Smith","The Citadel","SC",6,2.4,72.5,20.9,50,50.72,0,4.8,8.5,34.4,2,4,0.5,1,2,0.5,1,3,0.333,4.9,2.4,80,"Fr","5-11",0,-0.259597,71.5957,4.8,2025,126867,"Augusta, GA",null,"0.20000000",1,2,0,0,"0.5000",null,0,0,null,null,115.934,114.029,0.253418,3.97397,-10.435,-8.75903,-1.67594,-8.04077,"3.9250",-6.71329,-1.32749,"0.1250","0.1250","0.2500","0.1250","0.1250","0.1250","0.8750","Combo G",7.16343,"2005-10-15"],"games":6,"notes":"Combo G","projection":7.1634,"advanced_stats":{"tov_pg":0.625,"usage_pct":0.179875,"plus_minus_pg":-2.875,"mins_pct":0.026,"is_qualified":false}}]}