{"bart_player_id":126949,"seasons":[{"year":2026,"team_name":"UC San Diego","team_conference":"BW","class":"Fr","raw_row":["Dimitrije Vukicevic","UC San Diego","BW",23,13.3,107.4,21.3,62.8,60.8,11.4,14.4,13.8,22,11,22,0.5,27,42,0.643,0,1,0,2.1,1.7,51.2,"Fr","7-0",33,0.417327,108.601,6.3,2026,126949,"Belgrade, Serbia",null,0.87500002,20,29,7,13,0.6897,0.5385,3,3,"1.0000",null,101.792,104.411,0.77015,31.8049,-0.243268,-1.69923,1.45596,-1.24386,"7.1680",-2.54224,1.29838,"0.6800","1.0000","1.6800","0.5600","0.2000","0.1200","2.6000","C",0.335474,"2005-10-15"],"games":23,"notes":"C","projection":0.3355,"advanced_stats":{"tov_pg":0.64,"usage_pct":0.18408000000000002,"plus_minus_pg":-0.68,"mins_pct":0.132,"is_qualified":false}}]}