{"bart_player_id":126952,"seasons":[{"year":2025,"team_name":"Wisconsin","team_conference":"B10","class":"Fr","raw_row":["Aidan Konop","Wisconsin","B10",4,0.2,0,0,0,0,0,0,0,0,0,0,0,0,0,0,0,0,0,0,0,0,"Fr","6-2",14,-0.258378,-6.29902,0,2025,126952,"Sussex, WI",null,"0.00000000",null,null,null,null,null,null,null,null,null,null,113.805,119.425,0.0332229,0.316803,0.852247,-0.662419,1.51467,-6.96906,"0.7750",-4.67712,-2.29194,"0.0000","0.0000","0.0000","0.0000","0.0000","0.0000","0.0000","PF/C",0,"2005-10-15"],"games":4,"notes":"PF/C","projection":0,"advanced_stats":{"tov_pg":0,"usage_pct":0,"plus_minus_pg":-2,"mins_pct":0.002,"is_qualified":false}}]}