{"bart_player_id":126959,"seasons":[{"year":2026,"team_name":"SMU","team_conference":"ACC","class":"Fr","raw_row":["Niccolo Kalischer-Stork","SMU","ACC",2,0.1,0,20,0,0,0,0,0,51.3,0,2,0,0,0,0,0,0,0,0,0,0,"Fr","6-3",33,-0.288466,0,0,2026,126959,"Los Angeles, CA",null,"0.00000000",0,0,0,0,null,null,0,0,null,null,121.851,125.22,0.0285688,0.160079,-22.3195,-18.3756,-3.94389,-57.1646,"0.9000",-36.4699,-20.6947,"0.0000","0.0000","0.0000","0.0000","0.0000","0.0000","0.0000","PF/C",0,"2005-10-15"],"games":2,"notes":"PF/C","projection":0,"advanced_stats":{"tov_pg":0.5,"usage_pct":0.45,"plus_minus_pg":-1.5,"mins_pct":0.001,"is_qualified":false}}]}