{"bart_player_id":126989,"seasons":[{"year":2026,"team_name":"Santa Clara","team_conference":"WCC","class":"Fr","raw_row":["Allen Graves","Santa Clara","WCC",34,57,135.4,22.4,58.2,61.51,13.9,20,13.8,8.2,84,112,0.75,105,185,0.568,37,91,0.407,5,4.9,40.6,"Fr","6-9",22,4.12345,144.531,5.3,2026,126989,"Ponchatoula, LA",null,2.51994962,76,120,29,65,0.6333,0.4462,21,23,"0.9130",null,97.0286,94.6341,3.14097,192.36,14.2222,8.76936,5.45288,12.6726,22.5914,8.47524,4.19734,"2.8000",3.7143,6.5143,"1.8000",1.9143,0.9429,11.7714,"Stretch 4",6.71212,"2005-10-15"],"games":34,"notes":"Stretch 4","projection":6.7121,"advanced_stats":{"tov_pg":0.7142857142857143,"usage_pct":0.22302857142857146,"plus_minus_pg":5.4,"mins_pct":0.564,"is_qualified":true}}]}