{"bart_player_id":126912,"seasons":[{"year":2026,"team_name":"Villanova","team_conference":"BE","class":"So","raw_row":["Matt Hodge","Villanova","BE",29,60,118.2,15,57.2,58.3,4.8,10.6,4.5,10.5,30,46,0.652,44,72,0.611,50,136,0.368,2.4,0.9,22.1,"So","6-8",33,2.20808,115.71,3.1,2026,126912,"Limburg, Belgium",86.6,0.95249277,38,54,6,18,0.7037,0.3333,6,7,0.8571,null,109.782,103.718,2.89937,115.397,3.91141,2.23386,1.67755,2.88461,27.6138,1.9191,0.965506,1.1724,2.4138,3.5862,0.6897,0.4138,0.5862,9.2414,"Stretch 4",10.1741,"2005-10-15"],"games":29,"notes":"Stretch 4","projection":10.1741,"advanced_stats":{"tov_pg":0.7241379310344828,"usage_pct":0.15965517241379312,"plus_minus_pg":6.206896551724138,"mins_pct":0.6,"is_qualified":true}}]}