{"bart_player_id":126970,"seasons":[{"year":2026,"team_name":"Southern Illinois","team_conference":"MVC","class":"So","raw_row":["Jaheem Webber","Southern Illinois","MVC",18,9.9,117.1,11.3,58.8,52.88,14.3,11.6,6.7,12.2,2,8,0.25,10,17,0.588,0,0,0,11.4,0.9,47.1,"So","6-10",33,0.274146,103.87,5.8,2026,126970,"Normal, IL",null,1.25035635,9,14,1,3,0.6429,0.3333,3,3,"1.0000",null,99.0152,101.086,0.793285,24.6261,5.57225,-1.54422,7.11647,1.40593,7.0211,-2.77645,4.18238,0.8421,0.8947,1.7368,0.2632,0.1053,0.7895,1.3684,"C",0,"2005-10-15"],"games":18,"notes":"C","projection":0,"advanced_stats":{"tov_pg":0.21052631578947367,"usage_pct":0.108,"plus_minus_pg":1.736842105263158,"mins_pct":0.103,"is_qualified":false}}]}