{"bart_player_id":126920,"seasons":[{"year":2025,"team_name":"Florida A&M","team_conference":"SWAC","class":"Jr","raw_row":["Jamine Charles","Florida A&M","SWAC",29,37.2,113.2,13.7,63.2,63.22,7.8,16.8,9.2,20.8,24,40,0.6,43,67,0.642,0,1,0,4.5,0.7,58.8,"Jr","6-11",20,0.655717,102.47,3.4,2025,126920,"St John's, Antigua and Barbuda",null,1.09521706,36,55,7,12,0.6545,0.5833,3,4,"0.7500",null,110.353,115.432,0.844451,75.5956,-1.58099,-1.49991,-0.0810731,-1.36703,"15.2290",-0.778354,-0.588679,1.0323,2.2581,3.2903,0.7419,0.1935,0.6129,3.7742,"C",0.135609,"2003-10-15"],"games":29,"notes":"C","projection":0.1356,"advanced_stats":{"tov_pg":0.6774193548387096,"usage_pct":0.12522580645161288,"plus_minus_pg":-0.6774193548387096,"mins_pct":0.38,"is_qualified":true}}]}