{"bart_player_id":126966,"seasons":[{"year":2025,"team_name":"Stonehill","team_conference":"NEC","class":"Fr","raw_row":["Kesean Shillingford","Stonehill","NEC",6,1.1,24.1,32.7,25,25,0,9.1,0,57.2,0,0,0,1,4,0.25,0,0,0,0,0,0,"Fr","7-0",35,-0.51426,21.9005,0,2025,126966,"Newtown, Dominica",null,"0.20000000",1,2,0,2,"0.5000","0.0000",1,1,"1.0000",null,115.089,117.597,0.107445,1.4881,-36.3402,-28.9546,-7.3856,-30.1075,"2.7750",-23.128,-6.97954,"0.1250","0.2500","0.3750","0.1250","0.0000","0.0000","0.5000","C",0,"2005-10-15"],"games":6,"notes":"C","projection":0,"advanced_stats":{"tov_pg":0.625,"usage_pct":0.310625,"plus_minus_pg":-1.5,"mins_pct":0.018,"is_qualified":false}}]}