{"bart_player_id":126979,"seasons":[{"year":2026,"team_name":"St. Thomas","team_conference":"Sum","class":"Fr","raw_row":["Tim Franks","St. Thomas","Sum",13,3.1,110.7,19.1,50,51.95,0,18.3,17.7,7.9,1,1,1,2,6,0.333,3,7,0.429,0,1.5,7.7,"Fr","6-5",5,0.141435,106.312,3.2,2026,126979,"Mequon, WI",null,"3.00000000",2,6,0,0,0.3333,null,0,0,null,null,106.286,107.964,0.267818,6.61478,-3.65754,-1.71634,-1.9412,-3.59786,4.0438,-2.19029,-1.40757,0.0625,0.6875,"0.7500","0.3750","0.1250",0.0625,2.0625,"Combo G",10.447,"2005-10-15"],"games":13,"notes":"Combo G","projection":10.447,"advanced_stats":{"tov_pg":0.125,"usage_pct":0.24062500000000006,"plus_minus_pg":0.625,"mins_pct":0.048,"is_qualified":false}}]}