{"bart_player_id":126978,"seasons":[{"year":2025,"team_name":"Sam Houston St.","team_conference":"CUSA","class":"Fr","raw_row":["Wade Neyland","Sam Houston St.","CUSA",4,0.4,85.9,17.2,150,150,0,24.5,0,71.4,0,0,0,0,0,0,1,1,1,0,0,0,"Fr","6-2",11,-0.0120747,86.8794,8.3,2025,126978,"Centerville, TX",null,"0.00000000",0,0,0,0,null,null,0,0,null,null,111.593,113.699,0.0752864,0.827363,-12.5369,-8.41932,-4.11758,1.76108,2.0143,2.39639,-0.635308,0.4286,0.4286,0.8571,"0.0000","0.0000","0.0000",0.7143,"Wing G",12.524,"2005-10-15"],"games":4,"notes":"Wing G","projection":12.524,"advanced_stats":{"tov_pg":0.2857142857142857,"usage_pct":0.10928571428571429,"plus_minus_pg":-0.14285714285714285,"mins_pct":0.011,"is_qualified":false}}]}