{"bart_player_id":127007,"seasons":[{"year":2025,"team_name":"Cal Poly","team_conference":"BW","class":"Sr","raw_row":["Isaac Jessup","Cal Poly","BW",31,68.8,124.5,15.7,63.1,63.76,3.1,9.5,14.7,14.3,19,25,0.76,29,50,0.58,95,222,0.428,0.3,2.7,9.2,"Sr","6-2",40,2.94292,117.807,3,2025,127007,"Spokane, WA",null,"2.00000000",25,38,4,12,0.6579,0.3333,0,0,null,null,110.831,112.285,2.04693,173.032,3.70892,4.36367,-0.654748,3.15056,30.6258,3.02721,0.12335,0.8387,2.6129,3.4516,2.5806,1.5484,0.0968,11.6774,"Combo G",12.4973,"2002-03-14"],"games":31,"notes":"Combo G","projection":12.4973,"advanced_stats":{"tov_pg":1.2903225806451613,"usage_pct":0.16496774193548383,"plus_minus_pg":1.6774193548387097,"mins_pct":0.668,"is_qualified":true}}]}