{"bart_player_id":127025,"seasons":[{"year":2026,"team_name":"Southern","team_conference":"SWAC","class":"So","raw_row":["Lionel Bell","Southern","SWAC",15,5.5,69.9,14.7,36.4,37.16,9.5,14,0,27.5,3,8,0.375,4,11,0.364,0,0,0,3.3,2.4,72.7,"So","6-9",13,-0.4364,64.9885,7.5,2026,127025,"New Orleans, LA",null,0.37511251,3,6,1,5,"0.5000","0.2000",0,0,null,null,110.117,109.987,0.388611,12.7953,-11.4574,-8.65859,-2.79878,-10.4321,5.7556,-8.77814,-1.65394,0.6667,"1.0000",1.6667,0.1667,0.2222,0.1111,1.4444,"C",0,"2005-10-15"],"games":15,"notes":"C","projection":0,"advanced_stats":{"tov_pg":0.4444444444444444,"usage_pct":0.1445,"plus_minus_pg":1.7777777777777777,"mins_pct":0.076,"is_qualified":false}}]}