{"bart_player_id":127068,"seasons":[{"year":2025,"team_name":"South Carolina","team_conference":"SEC","class":"Fr","raw_row":["Cam Scott","South Carolina","SEC",26,20.5,75.7,19.1,32.9,37.49,2.3,13.7,7.7,18.9,14,19,0.737,14,34,0.412,8,45,0.178,0.4,0.2,24.1,"Fr","6-6",23,-0.413909,78.002,3.3,2025,127068,"Lexington, SC",92.6,0.62495938,10,15,4,19,0.6667,0.2105,5,6,0.8333,null,110.955,104.752,0.949879,36.0736,-6.53331,-4.93471,-1.59859,-7.45967,10.1769,-5.97657,-1.48309,0.1923,1.1538,1.3462,0.3846,0.0385,0.0385,2.5385,"Stretch 4",10.1398,"2005-09-24"],"games":26,"notes":"Stretch 4","projection":10.1398,"advanced_stats":{"tov_pg":0.6153846153846154,"usage_pct":0.1922692307692308,"plus_minus_pg":0.6538461538461539,"mins_pct":0.205,"is_qualified":false}}]}