{"bart_player_id":127065,"seasons":[{"year":2025,"team_name":"Southern Indiana","team_conference":"OVC","class":"Fr","raw_row":["Luke Davis","Southern Indiana","OVC",3,0.3,0,0,0,0,0,0,0,0,0,0,0,0,0,0,0,0,0,0,0,0,"Fr","6-8",35,-0.400545,-6.41331,0,2025,127065,"Newburgh, IN",null,"0.00000000",null,null,null,null,null,null,null,null,null,null,119.88,124.824,0.0289612,0.312548,-7.28956,-4.61695,-2.67261,-8.45126,"2.8000",-4.11243,-4.33883,"0.2000","1.2000","1.4000","0.0000","0.2000","0.4000","0.4000","C",0,"2005-10-15"],"games":3,"notes":"C","projection":0,"advanced_stats":{"tov_pg":0.4,"usage_pct":0.0454,"plus_minus_pg":1.6,"mins_pct":0.011,"is_qualified":false}}]}