{"bart_player_id":127097,"seasons":[{"year":2025,"team_name":"Liberty","team_conference":"CUSA","class":"Fr","raw_row":["Will Gibson","Liberty","CUSA",4,0.8,55.7,33.5,25,20.2,24.5,21.4,0,16.9,0,2,0,1,4,0.25,0,0,0,0,0,50,"Fr","6-6",15,-0.252664,62.3022,11.3,2025,127097,"Louisville, KY",null,"0.00000000",1,3,0,1,0.3333,"0.0000",0,0,null,null,99.4528,99.5093,0.296737,1.81567,-29.9337,-19.594,-10.3397,-28.3469,"2.6500",-19.5549,-8.79204,"0.5000","0.5000","1.0000","0.0000","0.0000","0.0000","0.5000","PF/C",0,"2005-10-15"],"games":4,"notes":"PF/C","projection":0,"advanced_stats":{"tov_pg":0.25,"usage_pct":0.336,"plus_minus_pg":-1.5,"mins_pct":0.007,"is_qualified":false}}]}