{"bart_player_id":127031,"seasons":[{"year":2025,"team_name":"North Carolina Central","team_conference":"MEAC","class":"Jr","raw_row":["Jaqai Murray","North Carolina Central","MEAC",28,38.3,97.4,20.4,47.9,49.9,10.5,21.4,9.2,19.5,37,68,0.544,55,116,0.474,1,2,0.5,1.2,1.9,57.6,"Jr","6-7",55,0.242212,94.1813,3.9,2025,127031,"Brooklyn, NY",null,0.76470588,50,86,5,30,0.5814,0.1667,4,6,0.6667,null,109.655,114.453,0.953317,84.7232,-5.63818,-3.71019,-1.92799,-4.97883,16.6469,-2.76294,-2.21589,1.6875,2.7812,4.4688,0.8125,0.6875,0.1875,6.0312,"Wing F",0.256488,"2003-10-15"],"games":28,"notes":"Wing F","projection":0.2565,"advanced_stats":{"tov_pg":1.0625,"usage_pct":0.19059374999999998,"plus_minus_pg":1.9375,"mins_pct":0.398,"is_qualified":true}}]}