{"bart_player_id":127061,"seasons":[{"year":2025,"team_name":"Texas A&M Corpus Chris","team_conference":"Slnd","class":"Jr","raw_row":["Aaron Potter","Texas A&M Corpus Chris","Slnd",12,10.4,110.2,16.6,61.3,62.04,1.9,8.3,12.9,22.6,4,6,0.667,4,7,0.571,10,24,0.417,1.8,4.3,19.4,"Jr","6-3",24,0.603874,106.513,4.2,2025,127061,"Tulsa, OK",null,"1.00000000",3,5,1,2,"0.6000","0.5000",0,1,"0.0000",null,101.42,101.347,1.09824,24.4753,3.04263,1.32565,1.71698,3.59196,12.2625,1.26992,2.32204,"0.2500",1.0625,1.3125,0.9375,"1.1250","0.2500",4.6875,"Scoring PG",11.2736,"2003-10-15"],"games":12,"notes":"Scoring PG","projection":11.2736,"advanced_stats":{"tov_pg":0.9375,"usage_pct":0.1760625,"plus_minus_pg":3.375,"mins_pct":0.145,"is_qualified":false}}]}