{"bart_player_id":127005,"seasons":[{"year":2025,"team_name":"South Florida","team_conference":"Amer","class":"Fr","raw_row":["Kameren Wright","South Florida","Amer",6,5.8,95.4,16.7,32.5,35.8,12.1,13.7,12.3,9.4,2,2,1,5,11,0.455,1,9,0.111,0,3.1,10,"Fr","6-6",7,-0.11152,87.1304,1.1,2025,127005,"Gainesville, FL",58.6,"3.00000010",4,7,1,4,0.5714,"0.2500",2,4,"0.5000",null,106.185,110.166,0.90996,13.6176,-1.82205,-1.65886,-0.163193,-1.79404,11.5857,-1.10174,-0.692298,1.2857,1.5714,2.8571,0.8571,0.5714,"0.0000",2.7143,"Wing G",7.12377,"2005-10-15"],"games":6,"notes":"Wing G","projection":7.1238,"advanced_stats":{"tov_pg":0.2857142857142857,"usage_pct":0.1472857142857143,"plus_minus_pg":8.142857142857142,"mins_pct":0.063,"is_qualified":false}}]}