{"bart_player_id":127003,"seasons":[{"year":2026,"team_name":"Sacramento St.","team_conference":"BSky","class":"Fr","raw_row":["Taj Glover","Sacramento St.","BSky",26,32.6,108.4,17,41.9,51.09,2,10.4,16.9,9.7,45,60,0.75,24,53,0.453,8,33,0.242,0.6,1.5,69.8,"Fr","6-3",2,0.555752,103.778,3.5,2026,127003,"Atlanta, GA",null,"3.00000000",20,33,4,20,0.6061,"0.2000",0,0,null,null,118.378,117.683,0.812666,55.0045,-4.16628,-1.30836,-2.85792,-2.72851,13.5862,-1.50561,-1.2229,0.2414,1.3793,1.6207,1.2414,0.3448,"0.0690",4.5172,"Combo G",4.98011,"2005-10-15"],"games":26,"notes":"Combo G","projection":4.9801,"advanced_stats":{"tov_pg":0.41379310344827586,"usage_pct":0.18048275862068963,"plus_minus_pg":-0.8620689655172413,"mins_pct":0.316,"is_qualified":true}}]}