{"bart_player_id":127011,"seasons":[{"year":2026,"team_name":"Bellarmine","team_conference":"ASun","class":"So","raw_row":["Grant Neal","Bellarmine","ASun",9,1.9,98.4,34.3,45.5,48.87,6.2,5.4,9,7.5,4,7,0.571,5,8,0.625,0,3,0,0,5.2,63.6,"So","6-3",4,0.171969,111.429,3.4,2026,127011,"Prospect, KY",null,"1.00000000",4,5,1,3,"0.8000",0.3333,0,0,null,null,120.968,118.584,0.142403,4.23249,-9.50486,-2.42836,-7.0765,-1.43277,3.9909,0.851436,-2.28421,0.0909,0.4545,0.5455,0.0909,0.2727,"0.0000","3.0000","Combo G",7.8637,"2005-10-15"],"games":9,"notes":"Combo G","projection":7.8637,"advanced_stats":{"tov_pg":0.09090909090909091,"usage_pct":0.37345454545454543,"plus_minus_pg":1,"mins_pct":0.034,"is_qualified":false}}]}