{"bart_player_id":127067,"seasons":[{"year":2026,"team_name":"Green Bay","team_conference":"Horz","class":"Fr","raw_row":["Caden Wilkins","Green Bay","Horz",31,53.4,111.5,15.8,56.4,58.35,3.9,13.3,4.6,12.2,28,39,0.718,25,53,0.472,45,111,0.405,2.3,0.8,23.8,"Fr","6-6",23,0.771678,102.77,5.1,2026,127067,"Bettendorf, IA",null,0.86365681,19,35,6,18,0.5429,0.3333,0,0,null,null,117.817,117.018,1.28648,97.6721,-1.16015,0.452183,-1.61233,-2.24554,21.5364,-0.902586,-1.34295,0.5758,2.3333,2.9091,0.5758,0.2727,0.3939,6.9091,"Stretch 4",10.2392,"2005-10-15"],"games":31,"notes":"Stretch 4","projection":10.2392,"advanced_stats":{"tov_pg":0.6666666666666666,"usage_pct":0.16345454545454546,"plus_minus_pg":1.121212121212121,"mins_pct":0.531,"is_qualified":true}}]}