{"bart_player_id":127038,"seasons":[{"year":2025,"team_name":"Long Beach St.","team_conference":"BW","class":"Fr","raw_row":["Andrew Nagy","Long Beach St.","BW",25,36.9,106.1,10.9,60.8,63.17,5.9,9.5,4.6,26.1,13,17,0.765,23,39,0.59,9,21,0.429,1.3,1,28.3,"Fr","6-9",44,0.169168,92.5257,3.3,2025,127038,"Anaheim, CA",null,0.54537934,16,26,7,13,0.6154,0.5385,1,1,"1.0000",null,117.406,118.663,0.807874,60.404,-3.59726,-1.92456,-1.6727,-3.69682,17.8038,-2.12773,-1.56909,0.9615,1.3846,2.3462,0.4615,0.3462,0.2308,3.4615,"Wing F",2.84424,"2005-10-15"],"games":25,"notes":"Wing F","projection":2.8442,"advanced_stats":{"tov_pg":0.8461538461538461,"usage_pct":0.10426923076923077,"plus_minus_pg":-3.1538461538461537,"mins_pct":0.358,"is_qualified":true}}]}