{"bart_player_id":127040,"seasons":[{"year":2025,"team_name":"Long Beach St.","team_conference":"BW","class":"Jr","raw_row":["Cory Curtis Jr.","Long Beach St.","BW",5,3.3,67.8,14.3,22.7,25.1,3.2,15.2,5,0,1,2,0.5,1,4,0.25,1,7,0.143,0,1.5,18.2,"Jr","6-5",55,-0.696076,64.6415,1,2025,127040,"Los Angeles, CA",null,0.33340001,1,2,0,2,"0.5000","0.0000",0,0,null,null,114.472,109.633,0.613235,6.23627,-9.69954,-5.4403,-4.25924,-6.37125,8.3667,-3.95504,-2.41622,0.1667,1.1667,1.3333,0.1667,0.1667,"0.0000",1.6667,"Wing F",10.6013,"2003-10-15"],"games":5,"notes":"Wing F","projection":10.6013,"advanced_stats":{"tov_pg":0.5,"usage_pct":0.16949999999999998,"plus_minus_pg":-1.5,"mins_pct":0.039,"is_qualified":false}}]}