{"bart_player_id":127130,"seasons":[{"year":2025,"team_name":"Grand Canyon","team_conference":"WAC","class":"Sr","raw_row":["Jason Amador","Grand Canyon","WAC",11,1.4,88.5,8.5,37.5,37.5,0,0,0,0,0,0,0,0,2,0,1,2,0.5,0,0,0,"Sr","6-0",12,-0.0974431,72.6182,0,2025,127130,"Parker, AZ",null,"0.00000000",0,2,0,0,"0.0000",null,0,0,null,null,109.653,114.92,0.0957272,1.6798,-7.41865,-3.95809,-3.46056,-8.49138,1.7833,-4.20406,-4.28732,"0.0000","0.0000","0.0000","0.0000","0.0000","0.0000",0.4167,"Combo G",5.95859,"2002-10-15"],"games":11,"notes":"Combo G","projection":5.9586,"advanced_stats":{"tov_pg":0,"usage_pct":0.1708333333333333,"plus_minus_pg":-0.8333333333333334,"mins_pct":0.016,"is_qualified":false}}]}