{"bart_player_id":127124,"seasons":[{"year":2025,"team_name":"Washington St.","team_conference":"WCC","class":"So","raw_row":["Tayon Sessoms","Washington St.","WCC",5,0.5,64.8,7.5,0,0,0,0,20.4,0,0,0,0,0,1,0,0,0,0,0,0,0,"So","6-2",21,-0.168087,54.6776,0,2025,127124,"Denver, CO",null,1.00000001,0,1,0,0,"0.0000",null,0,0,null,null,120.967,115.605,0.0774495,0.606232,-16.6303,-7.85623,-8.77404,-10.4668,"1.3800",-4.52209,-5.94472,"0.0000","0.0000","0.0000","0.2000","0.0000","0.0000","0.0000","Pure PG",0,"2004-10-15"],"games":5,"notes":"Pure PG","projection":0,"advanced_stats":{"tov_pg":0,"usage_pct":0.0722,"plus_minus_pg":-0.6,"mins_pct":0.005,"is_qualified":false}}]}