{"bart_player_id":127106,"seasons":[{"year":2026,"team_name":"Central Connecticut","team_conference":"NEC","class":"Fr","raw_row":["Roddy Jones","Central Connecticut","NEC",21,19.5,110.4,16.6,54.1,54.11,2.9,2.1,2.7,6.7,0,0,0,2,6,0.333,25,67,0.373,0.5,1.4,0,"Fr","6-1",3,0.301069,100.669,0.5,2026,127106,"North Babylon, NY",null,0.74985628,0,0,2,6,null,0.3333,0,0,null,null,117.194,127.374,0.253718,24.9545,-4.57283,0.542787,-5.11561,-2.43719,10.7913,1.22359,-3.66078,0.2609,0.2174,0.4783,0.1304,0.2609,0.0435,4.3478,"Combo G",18.7541,"2005-10-15"],"games":21,"notes":"Combo G","projection":18.7541,"advanced_stats":{"tov_pg":0.17391304347826086,"usage_pct":0.19778260869565212,"plus_minus_pg":2.260869565217391,"mins_pct":0.206,"is_qualified":false}}]}