{"bart_player_id":127100,"seasons":[{"year":2025,"team_name":"Mercer","team_conference":"SC","class":"Sr","raw_row":["Tyler Johnson","Mercer","SC",31,84.4,108.2,20.8,53.8,56.58,1.8,10.1,8.2,14.4,57,65,0.877,88,173,0.509,86,230,0.374,0.2,1.8,16.1,"Sr","6-2",3,1.89815,105.969,2.1,2025,127100,"Athens, GA",null,0.81352424,50,85,38,88,0.5882,0.4318,1,2,"0.5000",null,109.998,111.94,2.32534,171.953,-1.90067,-0.208396,-1.69227,-0.672815,33.2152,0.427148,-1.09996,0.5455,3.1515,"3.6970",1.4545,1.0909,0.0606,"15.6970","Wing G",12.1075,"2002-10-15"],"games":31,"notes":"Wing G","projection":12.1075,"advanced_stats":{"tov_pg":1.7878787878787878,"usage_pct":0.2257272727272727,"plus_minus_pg":0.48484848484848486,"mins_pct":0.82,"is_qualified":true}}]}