{"bart_player_id":127195,"seasons":[{"year":2025,"team_name":"Drake","team_conference":"MVC","class":"Sr","raw_row":["Mitch Mascari","Drake","MVC",33,96.9,117.5,11.9,56.3,59.18,0.5,7.9,6.2,14.6,45,55,0.818,12,37,0.324,82,203,0.404,0.1,2.4,22.9,"Sr","6-5",22,1.97463,104.459,2,2025,127195,"Geneva, IL",null,1.24330704,5,11,7,26,0.4545,0.2692,0,0,null,null,103.513,101.742,4.04051,173.473,2.9335,1.50557,1.42793,1.11816,38.5457,-0.317668,1.43583,0.1429,2.0857,2.2286,1.3143,"1.4000",0.0286,9.4286,"Combo G",10.3732,"2000-08-21"],"games":33,"notes":"Combo G","projection":10.3732,"advanced_stats":{"tov_pg":1.0571428571428572,"usage_pct":0.13457142857142854,"plus_minus_pg":10.028571428571428,"mins_pct":0.947,"is_qualified":true}}]}