{"bart_player_id":127104,"seasons":[{"year":2025,"team_name":"Detroit Mercy","team_conference":"Horz","class":"Jr","raw_row":["Peter Fuchs, Jr.","Detroit Mercy","Horz",17,5.8,95.4,19.6,44.4,53.77,1.5,7.6,2.8,20.7,10,13,0.769,8,13,0.615,0,5,0,0,1.6,72.2,"Jr","6-3",14,0.0419369,92.5988,2.7,2025,127104,"Wausau, WI",null,0.20014399,3,3,5,10,"1.0000","0.5000",0,0,null,null,115.302,115.471,0.242545,10.4987,-9.75368,-5.44319,-4.31049,-5.14952,4.2222,-3.57437,-1.57515,0.1111,0.2778,0.3889,0.0556,0.1111,"0.0000",1.5556,"Wing G",4.0736,"2003-10-15"],"games":17,"notes":"Wing G","projection":4.0736,"advanced_stats":{"tov_pg":0.2777777777777778,"usage_pct":0.16283333333333333,"plus_minus_pg":-1.4444444444444444,"mins_pct":0.058,"is_qualified":false}}]}