{"bart_player_id":127145,"seasons":[{"year":2025,"team_name":"Georgia St.","team_conference":"SB","class":"Fr","raw_row":["Kwame Tanic","Georgia St.","SB",1,0.1,0,0,0,0,0,0,0,0,0,0,0,0,0,0,0,0,0,0,0,0,"Fr","6-6",32,-0.33224,-5.96726,0,2025,127145,"Paris, France",null,"0.00000000",null,null,null,null,null,null,null,null,null,null,123.647,136.14,-0.0151313,0.0886153,-5.77785,-3.14065,-2.6372,-7.74843,"1.0000",-4.03606,-3.71237,"0.0000","0.0000","0.0000","0.0000","0.0000","0.0000","0.0000","PF/C",0,"2005-10-15"],"games":1,"notes":"PF/C","projection":0,"advanced_stats":{"tov_pg":0,"usage_pct":0,"plus_minus_pg":-5,"mins_pct":0.001,"is_qualified":false}}]}