{"bart_player_id":127146,"seasons":[{"year":2026,"team_name":"Georgia St.","team_conference":"SB","class":"So","raw_row":["Trey Scott III","Georgia St.","SB",25,43,101.1,14.2,47.4,48.13,3.9,13.4,7,9.6,6,9,0.667,38,74,0.514,18,63,0.286,1.9,1.1,6.6,"So","6-10",4,-0.112043,90.8035,4.3,2026,127146,"Atlanta, GA",41.2,1.58353194,12,21,26,53,0.5714,0.4906,1,1,"1.0000",null,111.178,113.793,1.47338,82.3665,-4.00682,-3.30026,-0.706557,-4.50864,20.7269,-3.88247,-0.626169,0.8462,2.5769,3.4231,0.7308,0.4231,0.3462,5.3077,"Stretch 4",7.10596,"2005-10-15"],"games":25,"notes":"Stretch 4","projection":7.106,"advanced_stats":{"tov_pg":0.46153846153846156,"usage_pct":0.1466923076923077,"plus_minus_pg":-1.6153846153846154,"mins_pct":0.419,"is_qualified":true}}]}