{"bart_player_id":127115,"seasons":[{"year":2025,"team_name":"Chattanooga","team_conference":"SC","class":"Sr","raw_row":["Frank Champion","Chattanooga","SC",22,36.3,113.6,28.1,58.5,60.83,8.2,16.3,32.4,20.6,56,83,0.675,91,158,0.576,6,13,0.462,6,2.9,48.5,"Sr","6-7",5,2.68546,121.935,4.2,2025,127115,"Lithonia, GA",null,1.67305051,83,135,8,23,0.6148,0.3478,4,4,"1.0000",null,102.926,106.206,2.13571,111.999,5.95509,2.55928,3.39582,4.44942,23.8174,2.88848,1.56094,1.5217,3.2174,4.7391,3.7826,1.1739,1.1739,11.3913,"PF/C",1.44696,"2002-10-15"],"games":22,"notes":"PF/C","projection":1.447,"advanced_stats":{"tov_pg":2.260869565217391,"usage_pct":0.26169565217391305,"plus_minus_pg":7.521739130434782,"mins_pct":0.352,"is_qualified":true}}]}