{"bart_player_id":127169,"seasons":[{"year":2026,"team_name":"Tennessee Tech","team_conference":"OVC","class":"Fr","raw_row":["Colin Ayers","Tennessee Tech","OVC",1,0.2,0,0,0,0,0,0,0,0,0,0,0,0,0,0,0,0,0,0,0,0,"Fr","6-0",23,-0.642981,-5.15672,0,2026,127169,"Cookeville, TN",null,"1.00000000",null,null,null,null,null,null,null,null,null,null,121.311,142.323,-0.0524499,0.171435,-6.73051,-4.18696,-2.54354,-16.1557,"3.1000",-8.32152,-7.83415,0.3333,"0.0000",0.3333,0.3333,"0.0000","0.0000","1.0000","PF/C",0,"2005-10-15"],"games":1,"notes":"PF/C","projection":0,"advanced_stats":{"tov_pg":0.3333333333333333,"usage_pct":0.16366666666666665,"plus_minus_pg":-1,"mins_pct":0.008,"is_qualified":false}}]}