{"bart_player_id":127132,"seasons":[{"year":2025,"team_name":"Sacramento St.","team_conference":"BSky","class":"Jr","raw_row":["Deonte Williams","Sacramento St.","BSky",11,10.7,78.7,26.6,34.8,38.94,8.4,17.5,11.4,18.5,9,14,0.643,16,43,0.372,0,3,0,1.1,1,30.4,"Jr","6-6",6,-0.32653,81.4045,5.2,2025,127132,"Sydney, Australia",null,1.27263061,15,34,1,9,0.4412,0.1111,3,3,"1.0000",null,112.962,114.426,0.676604,19.4389,-12.2977,-8.45764,-3.84003,-10.739,11.0231,-6.88527,-3.85375,0.6923,1.4615,2.1538,1.0769,0.2308,0.1538,3.3846,"PF/C",1.4644,"2003-10-15"],"games":11,"notes":"PF/C","projection":1.4644,"advanced_stats":{"tov_pg":0.8461538461538461,"usage_pct":0.21930769230769226,"plus_minus_pg":0.15384615384615385,"mins_pct":0.112,"is_qualified":false}}]}