{"bart_player_id":127257,"seasons":[{"year":2026,"team_name":"Marist","team_conference":"MAAC","class":"Fr","raw_row":["Ricky McKenzie","Marist","MAAC",10,5,57.2,12.8,19.2,25.09,2,9.4,2.8,15.8,2,2,1,1,6,0.167,1,7,0.143,0,0,15.4,"Fr","6-5",8,-0.904144,49.0137,1.3,2026,127257,"Marietta, GA",null,0.33333331,1,5,0,1,"0.2000","0.0000",0,0,null,null,103.613,110.358,0.500724,7.57221,-11.9687,-9.59483,-2.37384,-12.3728,"6.2000",-9.64467,-2.72812,0.1818,0.4545,0.6364,0.0909,"0.0000","0.0000",1.4545,"Wing G",7.04567,"2005-10-15"],"games":10,"notes":"Wing G","projection":7.0457,"advanced_stats":{"tov_pg":0.2727272727272727,"usage_pct":0.14172727272727273,"plus_minus_pg":-1.9090909090909092,"mins_pct":0.055,"is_qualified":false}}]}