{"bart_player_id":127247,"seasons":[{"year":2026,"team_name":"Oklahoma","team_conference":"SEC","class":"Sr","raw_row":["Jeff Nwankwo","Oklahoma","SEC",24,18.2,90.5,17.1,37.7,39.45,3,20,10,12.5,11,22,0.5,11,26,0.423,12,51,0.235,0,2.3,28.6,"Sr","6-6",3,-0.1158,89.4255,5.7,2026,127247,"Oklahoma City, OK",null,1.69978398,10,23,1,3,0.4348,0.3333,2,2,"1.0000",null,108.764,104.633,1.17015,52.9273,-0.877644,-0.907514,0.0298701,-3.61081,"11.4000",-4.10883,0.498014,0.2917,2.0417,2.3333,0.7083,0.4583,"0.0000","2.8750","Wing F",10.8826,"2003-10-15"],"games":24,"notes":"Wing F","projection":10.8826,"advanced_stats":{"tov_pg":0.4166666666666667,"usage_pct":0.16745833333333338,"plus_minus_pg":2,"mins_pct":0.182,"is_qualified":false}}]}