{"bart_player_id":127258,"seasons":[{"year":2026,"team_name":"Colorado St.","team_conference":"MWC","class":"So","raw_row":["Jon Mekonnen","Colorado St.","MWC",10,2.9,75.8,24,8.3,31.65,10.8,12.7,0,13.5,8,8,1,1,6,0.167,0,6,0,0,6.5,66.7,"So","6-8",5,-0.17477,79.1833,6.3,2026,127258,"Eagan, MN",null,"1.00000000",1,5,0,1,"0.2000","0.0000",0,0,null,null,101.137,102.808,0.418346,8.93229,-9.61681,-6.98062,-2.63618,-11.1336,4.9545,-10.8805,-0.25308,0.3636,0.9091,1.2727,0.3636,0.4545,"0.0000",2.0909,"Wing F",9.72673,"2005-10-15"],"games":10,"notes":"Wing F","projection":9.7267,"advanced_stats":{"tov_pg":0.36363636363636365,"usage_pct":0.23154545454545455,"plus_minus_pg":0.09090909090909091,"mins_pct":0.04,"is_qualified":false}}]}