{"bart_player_id":127285,"seasons":[{"year":2025,"team_name":"BYU","team_conference":"B12","class":"Fr","raw_row":["Brody Kozlowski","BYU","B12",9,2,131.6,8.8,75,80.81,0,15.2,0,22.1,2,2,1,0,0,0,2,4,0.5,0,2,50,"Fr","6-8",4,0.240568,110.647,1.3,2025,127285,"Draper, UT",81.2,"0.00000000",0,0,0,0,null,null,0,0,null,null,106.492,107.255,0.282721,5.14753,1.38469,2.0477,-0.663008,2.19647,3.3222,0.785738,1.41073,"0.0000",0.4444,0.4444,"0.0000",0.1111,"0.0000",0.8889,"Wing F",7.98573,"2005-10-15"],"games":9,"notes":"Wing F","projection":7.9857,"advanced_stats":{"tov_pg":0.1111111111111111,"usage_pct":0.034777777777777776,"plus_minus_pg":0.7777777777777778,"mins_pct":0.02,"is_qualified":false}}]}