{"bart_player_id":127238,"seasons":[{"year":2026,"team_name":"California","team_conference":"ACC","class":"So","raw_row":["Stephon Marbury II","California","ACC",3,0.3,0,39.2,0,0,0,0,0,73.5,0,0,0,0,1,0,0,0,0,0,0,0,"So","6-1",30,-0.49994,-15.6881,10,2026,127238,"Purchase, NY",null,"0.00000000",0,1,0,0,"0.0000",null,0,0,null,null,114.587,122.687,0.0540423,0.42126,-39.7775,-37.4761,-2.30142,-52.9403,"1.1750",-36.925,-16.0153,"0.0000","0.0000","0.0000","0.0000","0.0000","0.0000","0.0000","PF/C",0,"2005-10-15"],"games":3,"notes":"PF/C","projection":0,"advanced_stats":{"tov_pg":0.5,"usage_pct":0.30000000000000004,"plus_minus_pg":-1.25,"mins_pct":0.004,"is_qualified":false}}]}