{"bart_player_id":127217,"seasons":[{"year":2026,"team_name":"Akron","team_conference":"MAC","class":"So","raw_row":["Rich Brisco","Akron","MAC",8,1.2,0,14.6,0,0,0,21.6,0,50.9,0,0,0,0,3,0,0,0,0,0,0,0,"So","6-8",2,-0.61109,-0.319686,5.3,2026,127217,"Brooklyn, NY",null,"0.00000000",0,2,0,1,"0.0000","0.0000",0,1,"0.0000",null,107.823,107.125,0.179612,2.61835,-21.3902,-17.6424,-3.74779,-24.7196,"2.5800",-18.9697,-5.74992,"0.3000","0.4000","0.7000","0.0000","0.2000","0.2000","1.0000","C",0,"2005-10-15"],"games":8,"notes":"C","projection":0,"advanced_stats":{"tov_pg":0.3,"usage_pct":0.1719,"plus_minus_pg":0.4,"mins_pct":0.019,"is_qualified":false}}]}