{"bart_player_id":127248,"seasons":[{"year":2026,"team_name":"Oklahoma","team_conference":"SEC","class":"Fr","raw_row":["Kuol Atak","Oklahoma","SEC",24,19.8,125.8,20.1,63.4,63.99,2.8,8.7,2.7,8.8,7,9,0.778,16,23,0.696,43,104,0.413,3.8,0.8,7.1,"Fr","6-9",22,1.58718,129.69,2.8,2026,127248,"Haltom City, TX",77.8,0.44453335,12,13,4,10,0.9231,"0.4000",5,5,"1.0000",null,115.876,112.45,0.93212,41.3481,3.18128,4.7404,-1.55912,5.50697,12.3833,6.89514,-1.38816,0.2917,0.9583,"1.2500",0.1667,0.1667,0.4167,"7.0000","Stretch 4",20.3987,"2005-10-15"],"games":24,"notes":"Stretch 4","projection":20.3987,"advanced_stats":{"tov_pg":0.375,"usage_pct":0.23287499999999997,"plus_minus_pg":3.9583333333333335,"mins_pct":0.198,"is_qualified":false}}]}