{"bart_player_id":127206,"seasons":[{"year":2026,"team_name":"Presbyterian","team_conference":"BSth","class":"Fr","raw_row":["Chidi Chiakwelu","Presbyterian","BSth",30,26.6,112.7,15.4,68.3,61.19,11.2,13.5,1.9,14.5,17,44,0.386,41,60,0.683,0,0,0,12.4,1.3,73.3,"Fr","6-8",6,0.386637,102.833,6.3,2026,127206,"Houston, TX",null,0.26666668,39,53,2,7,0.7358,0.2857,14,15,0.9333,null,104.628,107.263,1.00139,64.8453,1.54839,-2.17955,3.72794,0.776478,11.1424,-1.71846,2.49494,0.9394,1.4242,2.3636,0.1212,0.2424,1.2424,3.3636,"C",0,"2005-10-15"],"games":30,"notes":"C","projection":0,"advanced_stats":{"tov_pg":0.45454545454545453,"usage_pct":0.13827272727272727,"plus_minus_pg":1.4242424242424243,"mins_pct":0.276,"is_qualified":true}}]}