{"bart_player_id":127290,"seasons":[{"year":2025,"team_name":"Tennessee St.","team_conference":"OVC","class":"Fr","raw_row":["Blake Fleming","Tennessee St.","OVC",7,0.8,106.8,25.7,50,50,0,10.5,0,0,0,0,0,2,3,0.667,1,4,0.25,0,0,0,"Fr","6-2",10,0.108202,111.179,0,2025,127290,"Indianapolis, IN",null,"1.00000000",2,2,0,1,"1.0000","0.0000",0,0,null,null,110.623,116.775,0.0758631,1.30519,-11.5693,-1.77663,-9.79267,-0.237529,"3.4100",3.46377,-3.7013,"0.1000","0.2000","0.3000","0.2000","0.1000","0.0000","2.2000","Wing G",22.6586,"2005-10-15"],"games":7,"notes":"Wing G","projection":22.6586,"advanced_stats":{"tov_pg":0.2,"usage_pct":0.40259999999999996,"plus_minus_pg":2.6,"mins_pct":0.025,"is_qualified":false}}]}