{"bart_player_id":127209,"seasons":[{"year":2026,"team_name":"UNC Wilmington","team_conference":"CAA","class":"So","raw_row":["Makel Smith","UNC Wilmington","CAA",6,1.2,95.4,26.2,56.3,53.1,0,7.2,0,14.9,0,1,0,0,0,0,3,8,0.375,0,0,12.5,"So","6-0",12,0.0594125,99.0389,2.6,2026,127209,"Eden, NC",null,"0.00000000",0,0,0,0,null,null,0,0,null,null,110.848,115.055,0.17201,1.85617,-9.79852,-2.47524,-7.32328,-3.42632,3.5875,0.868781,-4.2951,"0.0000","0.2500","0.2500","0.0000","0.1250","0.0000","2.0000","Combo G",31.2639,"2005-10-15"],"games":6,"notes":"Combo G","projection":31.2639,"advanced_stats":{"tov_pg":0.25,"usage_pct":0.44487499999999996,"plus_minus_pg":-0.125,"mins_pct":0.021,"is_qualified":false}}]}