{"bart_player_id":127306,"seasons":[{"year":2026,"team_name":"Utah Valley","team_conference":"WAC","class":"Fr","raw_row":["Tyler Medaris","Utah Valley","WAC",13,4.5,119,18.7,54.5,53.89,19.7,27.1,11.9,10.8,6,12,0.5,6,10,0.6,0,1,0,3.8,0,109.1,"Fr","6-7",12,0.376225,117.66,5.6,2026,127306,"Middleton, ID",null,"2.00000000",5,8,1,2,"0.6250","0.5000",0,0,null,null,100.91,102.81,0.469436,10.6147,0.238516,0.93748,-0.698965,-0.235283,5.0812,0.257877,-0.49316,0.6875,"1.2500",1.9375,"0.3750","0.1250","0.1250","1.6250","PF/C",1.01274,"2005-10-15"],"games":13,"notes":"PF/C","projection":1.0127,"advanced_stats":{"tov_pg":0.1875,"usage_pct":0.1399375,"plus_minus_pg":2.3125,"mins_pct":0.06,"is_qualified":false}}]}