{"bart_player_id":127385,"seasons":[{"year":2026,"team_name":"Penn","team_conference":"Ivy","class":"So","raw_row":["Alex Massung","Penn","Ivy",9,4,85,20.8,30.8,37.85,4.7,9.7,18.8,17.8,4,6,0.667,4,13,0.308,0,0,0,0,1.2,46.2,"So","6-4",11,-0.0753329,88.2285,1.7,2026,127385,"West Orange, NJ",null,1.39999998,3,9,1,4,0.3333,"0.2500",0,0,null,null,111.566,107.33,0.492039,6.80067,-8.48752,-6.63064,-1.85688,-5.28953,"5.5700",-3.40161,-1.88792,"0.2000","0.4000","0.6000","0.7000","0.1000","0.0000","1.7000","Combo G",0,"2005-10-15"],"games":9,"notes":"Combo G","projection":0,"advanced_stats":{"tov_pg":0.5,"usage_pct":0.21800000000000003,"plus_minus_pg":-0.4,"mins_pct":0.046,"is_qualified":false}}]}