{"bart_player_id":127382,"seasons":[{"year":2026,"team_name":"Southern Utah","team_conference":"WAC","class":"Sr","raw_row":["Langston Binns","Southern Utah","WAC",5,1,85.4,30.1,50,50,0,0,0,16.8,0,0,0,2,3,0.667,1,4,0.25,0,0,0,"Sr","6-2",10,0.0678147,101.171,3.6,2026,127382,"Saint Paul, MN",null,"1.00000000",0,0,2,3,null,0.6667,0,0,null,null,123.884,122.015,0.0951572,0.99679,-15.0313,-5.16962,-9.86171,-4.29494,3.8571,1.81305,-6.10799,"0.0000",0.2857,0.2857,0.1429,"0.0000","0.0000",1.4286,"Scoring PG",19.2911,"2003-10-15"],"games":5,"notes":"Scoring PG","projection":19.2911,"advanced_stats":{"tov_pg":0.14285714285714285,"usage_pct":0.15,"plus_minus_pg":-0.7142857142857143,"mins_pct":0.021,"is_qualified":false}}]}