{"bart_player_id":127322,"seasons":[{"year":2025,"team_name":"Connecticut","team_conference":"BE","class":"Fr","raw_row":["Liam McNeeley","Connecticut","BE",27,61.1,109.5,24.2,45.5,52.93,3.7,18.7,13.1,14.8,110,127,0.866,72,165,0.436,46,145,0.317,0.8,1.1,41,"Fr","6-7",30,3.25703,119.409,2.5,2025,127322,"Richardson, TX",96.6,1.21999029,51,105,21,60,0.4857,"0.3500",4,4,"1.0000",29,105.625,100.947,3.38926,136.621,0.927904,1.6481,-0.720199,2.04874,32.1185,2.00663,0.0421116,0.9259,"5.0370","5.9630",2.2593,0.5556,0.2222,14.5185,"Wing F",10.3643,"2005-10-10"],"games":27,"notes":"Wing F","projection":10.3643,"advanced_stats":{"tov_pg":1.8518518518518519,"usage_pct":0.2508518518518517,"plus_minus_pg":8.703703703703704,"mins_pct":0.611,"is_qualified":true}}]}