{"bart_player_id":127305,"seasons":[{"year":2025,"team_name":"Southern Utah","team_conference":"WAC","class":"Jr","raw_row":["Xavier Sykes","Southern Utah","WAC",22,14.3,77.5,23.9,41.5,43.14,0.7,8.2,15,25.3,6,10,0.6,11,27,0.407,9,32,0.281,0,1.8,16.9,"Jr","5-10",0,-0.203283,81.7441,3.5,2025,127305,"Columbia, MO",null,0.94117644,6,10,5,17,"0.6000",0.2941,0,0,null,null,110.034,111.926,0.502271,24.6655,-9.38879,-6.07543,-3.31336,-7.36885,"8.0040",-4.9269,-2.44195,"0.0400","0.8000","0.8400","0.6400","0.3600","0.0000","3.0800","Combo G",11.4228,"2003-10-15"],"games":22,"notes":"Combo G","projection":11.4228,"advanced_stats":{"tov_pg":0.68,"usage_pct":0.22335999999999998,"plus_minus_pg":-1.92,"mins_pct":0.161,"is_qualified":false}}]}