{"bart_player_id":127351,"seasons":[{"year":2026,"team_name":"Purdue","team_conference":"B10","class":"Fr","raw_row":["Aaron Fine","Purdue","B10",9,1.5,97.8,28,50,50.23,0,0,24.6,19.1,1,2,0.5,5,10,0.5,0,0,0,0,0,20,"Fr","6-2",6,0.151005,109.323,6.9,2026,127351,"Noblesville, IN",null,1.49999993,3,6,2,4,"0.5000","0.5000",0,0,null,null,118.006,114.386,0.177963,2.25837,-12.7505,-4.85057,-7.89998,-8.83266,2.5667,-5.63232,-3.20034,"0.0000","0.0000","0.0000",0.3333,"0.0000","0.0000",1.2222,"Pure PG",0,"2005-10-15"],"games":9,"notes":"Pure PG","projection":0,"advanced_stats":{"tov_pg":0.2222222222222222,"usage_pct":0.3333333333333333,"plus_minus_pg":-1.4444444444444444,"mins_pct":0.015,"is_qualified":false}}]}