{"bart_player_id":127360,"seasons":[{"year":2026,"team_name":"Belmont","team_conference":"MVC","class":"Fr","raw_row":["Eoin Dillon","Belmont","MVC",31,40.1,128.4,20.4,65.2,68.02,6.8,10.8,15.8,16.1,31,34,0.912,30,54,0.556,50,107,0.467,2.1,1.4,21.1,"Fr","6-9",5,2.06607,129.477,3.6,2026,127360,"Peoria, IL",null,1.65526375,16,23,14,31,0.6957,0.4516,1,1,"1.0000",null,108.006,109.602,1.37907,84.9969,4.50281,5.53595,-1.03314,5.6598,16.2938,5.89885,-0.239054,0.8438,1.6562,"2.5000","1.5000",0.4062,"0.2500",7.5938,"Stretch 4",12.1425,"2005-10-15"],"games":31,"notes":"Stretch 4","projection":12.1425,"advanced_stats":{"tov_pg":0.90625,"usage_pct":0.19553125,"plus_minus_pg":5.09375,"mins_pct":0.404,"is_qualified":true}}]}