{"bart_player_id":127352,"seasons":[{"year":2025,"team_name":"Purdue","team_conference":"B10","class":"Fr","raw_row":["Raleigh Burgess","Purdue","B10",31,13.7,109.8,16.8,60.5,57.76,11.2,14.2,6.3,18.2,7,17,0.412,17,28,0.607,6,15,0.4,2.5,2.5,39.5,"Fr","6-11",34,0.486301,111.832,4.9,2025,127352,"Cincinnati, OH",74.4,0.69993797,15,24,2,4,"0.6250","0.5000",6,6,"1.0000",null,104.634,96.7932,0.771485,36.5409,5.36587,2.79896,2.56692,3.04063,6.3548,1.03956,2.00107,0.5484,0.7419,1.2903,0.2258,0.2581,"0.1290",1.9032,"Stretch 4",4.59797,"2005-09-17"],"games":31,"notes":"Stretch 4","projection":4.598,"advanced_stats":{"tov_pg":0.3225806451612903,"usage_pct":0.11970967741935483,"plus_minus_pg":0.5161290322580645,"mins_pct":0.136,"is_qualified":false}}]}