{"bart_player_id":127378,"seasons":[{"year":2025,"team_name":"UT Rio Grande Valley","team_conference":"Slnd","class":"Fr","raw_row":["Tommy Gankhuyag","UT Rio Grande Valley","Slnd",15,17.7,100.9,15.5,62.8,62.16,4,12.2,10.1,28.6,3,6,0.5,12,18,0.667,10,25,0.4,1,2.4,14,"Fr","6-8",33,0.219491,94.7312,6.3,2025,127378,"Ulaanbaatar, Mongolia",null,0.88885375,11,14,1,4,0.7857,"0.2500",0,0,null,null,108.736,109.717,0.97785,34.1589,-1.95418,-1.86088,-0.093307,-1.61152,11.9368,-2.73988,1.12836,0.5789,1.4211,"2.0000",0.8421,0.4737,0.1579,3.8421,"Wing F",7.38647,"2005-10-15"],"games":15,"notes":"Wing F","projection":7.3865,"advanced_stats":{"tov_pg":0.9473684210526315,"usage_pct":0.1451052631578947,"plus_minus_pg":2.736842105263158,"mins_pct":0.183,"is_qualified":false}}]}