{"bart_player_id":127346,"seasons":[{"year":2025,"team_name":"Baylor","team_conference":"B12","class":"Fr","raw_row":["V.J. Edgecombe","Baylor","B12",32,76.2,115.8,24.4,50.7,55.43,7.1,13.6,19,15,109,140,0.779,113,222,0.509,50,149,0.336,2.3,3.8,37.7,"Fr","6-5",7,4.8182,132.694,3.1,2025,127346,"Nassau, Bahamas",99.4,1.65623394,76,126,37,96,0.6032,0.3854,33,36,0.9167,3,102.745,96.0205,4.01476,205.449,9.88066,6.08753,3.79313,9.97227,32.7273,6.3978,3.57447,2.0303,3.5758,5.6061,3.2121,2.0606,0.6061,"15.0000","Wing G",8.65034,"2005-07-30"],"games":32,"notes":"Wing G","projection":8.6503,"advanced_stats":{"tov_pg":1.9393939393939394,"usage_pct":0.24357575757575758,"plus_minus_pg":4.393939393939394,"mins_pct":0.757,"is_qualified":true}}]}