{"bart_player_id":127376,"seasons":[{"year":2026,"team_name":"Western Kentucky","team_conference":"CUSA","class":"Jr","raw_row":["Cade Stinnett","Western Kentucky","CUSA",14,8.1,123.1,8.3,29.2,47.76,6.2,11.2,1.7,0,9,10,0.9,2,6,0.333,1,6,0.167,1.2,0,83.3,"Jr","6-3",10,0.230501,101.903,3.3,2026,127376,"Bowling Green, KY",null,0.87500001,2,3,0,3,0.6667,"0.0000",0,0,null,null,113.639,114.812,0.472737,13.2111,-3.806,-2.05839,-1.74761,-4.63046,"6.4750",-2.60028,-2.03018,"0.3750","0.7500","1.1250",0.0625,"0.0000",0.0625,"1.3750","Wing G",3.43774,"2003-10-15"],"games":14,"notes":"Wing G","projection":3.4377,"advanced_stats":{"tov_pg":0,"usage_pct":0.18218749999999997,"plus_minus_pg":0.5,"mins_pct":0.08,"is_qualified":false}}]}