{"bart_player_id":127315,"seasons":[{"year":2025,"team_name":"Central Arkansas","team_conference":"ASun","class":"Fr","raw_row":["Connor Mancell","Central Arkansas","ASun",8,2.6,47.9,13.4,37.5,37.5,0,11.1,11.1,54.4,0,0,0,0,2,0,1,2,0.5,0,0,0,"Fr","6-2",11,-0.667553,42.4245,2.5,2025,127315,"Memphis, TN",null,"0.50000000",0,2,0,0,"0.0000",null,0,0,null,null,122.291,121.377,0.146636,3.9181,-17.2141,-12.3962,-4.8179,-18.437,4.0111,-10.706,-7.73104,"0.0000",0.3333,0.3333,0.2222,"0.0000","0.0000",0.3333,"Combo G",3.59104,"2005-10-15"],"games":8,"notes":"Combo G","projection":3.591,"advanced_stats":{"tov_pg":0.4444444444444444,"usage_pct":0.18911111111111112,"plus_minus_pg":-1,"mins_pct":0.027,"is_qualified":false}}]}