{"bart_player_id":127369,"seasons":[{"year":2026,"team_name":"Davidson","team_conference":"A10","class":"So","raw_row":["Phillip Kavu","Davidson","A10",3,0.2,0,0,0,0,0,0,0,0,0,0,0,0,0,0,0,0,0,0,0,0,"So","6-2",14,-0.260697,-5.62584,34.8,2026,127369,"Manchester, United Kingdom",null,0.60000001,null,null,null,null,null,null,null,null,null,null,111.713,114.328,0.053313,0.277076,-4.005,-3.67672,-0.328281,-26.8264,"2.7600",-28.0954,1.26901,"0.0000","0.2000","0.2000","0.2000","0.0000","0.0000","0.4000","PF/C",0,"2005-10-15"],"games":3,"notes":"PF/C","projection":0,"advanced_stats":{"tov_pg":0,"usage_pct":0.11259999999999999,"plus_minus_pg":-0.2,"mins_pct":0.01,"is_qualified":false}}]}