{"bart_player_id":127374,"seasons":[{"year":2025,"team_name":"UC Santa Barbara","team_conference":"BW","class":"Sr","raw_row":["Chris Mitchell","UC Santa Barbara","BW",8,4.6,80.9,21.4,38.2,43.27,4.2,11.8,3.2,19.1,5,8,0.625,5,12,0.417,1,5,0.2,1.9,2,47.1,"Sr","6-4",3,-0.264617,79.4215,3.4,2025,127374,"Oceanside, CA",null,0.11111112,5,9,0,3,0.5556,"0.0000",2,2,"1.0000",null,104.979,110.058,0.554932,10.0745,-9.33373,-7.08256,-2.25117,-9.24944,"8.5000",-7.16146,-2.08799,"0.4000","1.3000","1.7000","0.1000","0.3000","0.1000","2.4000","Wing G",5.11402,"2002-10-15"],"games":8,"notes":"Wing G","projection":5.114,"advanced_stats":{"tov_pg":0.9,"usage_pct":0.1819,"plus_minus_pg":4.4,"mins_pct":0.063,"is_qualified":false}}]}