{"bart_player_id":127350,"seasons":[{"year":2025,"team_name":"Wichita St.","team_conference":"Amer","class":"Sr","raw_row":["Matej Bosnjak","Wichita St.","Amer",33,34.8,99.9,14.6,46.6,50.16,8.9,15.5,6.8,20.5,22,33,0.667,37,77,0.481,3,12,0.25,1.8,1.2,37.1,"Sr","6-9",17,0.181281,93.5277,3.5,2025,127350,"Zagreb, Croatia",null,0.73074406,22,34,15,43,0.6471,0.3488,3,4,"0.7500",null,106.067,105.26,1.28248,79.9072,-0.749433,-1.65917,0.909736,-1.46233,14.0441,-1.91582,0.453486,1.1471,2.1176,3.2647,0.5588,0.2941,0.2353,3.1471,"Wing F",1.49421,"2002-01-08"],"games":33,"notes":"Wing F","projection":1.4942,"advanced_stats":{"tov_pg":0.7647058823529411,"usage_pct":0.13173529411764703,"plus_minus_pg":-3.3529411764705883,"mins_pct":0.348,"is_qualified":true}}]}