{"bart_player_id":127355,"seasons":[{"year":2026,"team_name":"Western Kentucky","team_conference":"CUSA","class":"Fr","raw_row":["Kade Unseld","Western Kentucky","CUSA",20,18.7,85.5,16,37.8,37.84,4.1,12.7,6.6,12.5,0,0,0,4,9,0.444,16,65,0.246,1.1,1.2,0,"Fr","6-5",6,-0.470656,80.2738,4.8,2026,127355,"Bowling Green, KY",null,"1.00000000",1,2,3,7,"0.5000",0.4286,0,0,null,null,110.111,109.201,0.979376,36.6816,-4.18214,-2.86543,-1.31671,-4.1419,11.6955,-3.49483,-0.647073,0.4545,1.2727,1.7273,0.3636,0.3182,0.1364,3.3636,"Stretch 4",16.1317,"2005-10-15"],"games":20,"notes":"Stretch 4","projection":16.1317,"advanced_stats":{"tov_pg":0.36363636363636365,"usage_pct":0.15640909090909094,"plus_minus_pg":-0.3181818181818182,"mins_pct":0.2,"is_qualified":false}}]}