{"bart_player_id":127348,"seasons":[{"year":2025,"team_name":"UC San Diego","team_conference":"BW","class":"Sr","raw_row":["Maximo Milovich","UC San Diego","BW",31,30.4,126.3,9.7,62.5,61.01,7.7,14.4,7.2,13.7,9,18,0.5,27,40,0.675,2,8,0.25,2,0.6,37.5,"Sr","6-8",33,0.784939,107.236,4.4,2025,127348,"Buenos Aires, Argentina",null,2.27302737,26,36,1,4,0.7222,"0.2500",0,0,null,null,99.1346,100.843,1.39102,64.2813,0.458364,-1.22238,1.68074,-1.13213,13.3061,-2.1684,1.03627,"1.0000",1.7879,2.7879,0.7576,0.1818,0.1818,"2.3030","Wing F",1.19012,"2002-10-15"],"games":31,"notes":"Wing F","projection":1.1901,"advanced_stats":{"tov_pg":0.3333333333333333,"usage_pct":0.08669696969696969,"plus_minus_pg":5.575757575757576,"mins_pct":0.315,"is_qualified":true}}]}