{"bart_player_id":127437,"seasons":[{"year":2025,"team_name":"Cal St. Northridge","team_conference":"BW","class":"Fr","raw_row":["Sabien Cain","Cal St. Northridge","BW",8,1.7,72.8,18.7,0,25.32,0,10.8,20,13.9,4,4,1,0,1,0,0,5,0,0,0,66.7,"Fr","6-3",13,-0.18753,69.2888,5.7,2025,127437,"Indianapolis, IN",null,"2.00000000",0,0,0,1,null,"0.0000",0,0,null,null,109.461,114.399,0.15897,3.04835,-11.1338,-5.83843,-5.2954,-14.6815,"3.5500",-9.9923,-4.68918,"0.1000","0.5000","0.6000","0.6000","0.1000","0.0000","1.4000","Pure PG",12.964,"2005-10-15"],"games":8,"notes":"Pure PG","projection":12.964,"advanced_stats":{"tov_pg":0.3,"usage_pct":0.2056,"plus_minus_pg":1.3,"mins_pct":0.027,"is_qualified":false}}]}