{"bart_player_id":127441,"seasons":[{"year":2026,"team_name":"Boise St.","team_conference":"MWC","class":"Fr","raw_row":["Ethan Lathan","Boise St.","MWC",4,0.7,150.5,27.1,66.7,71.43,14.3,27.9,0,0,3,4,0.75,2,3,0.667,0,0,0,0,0,133.3,"Fr","6-10",30,0.562143,164.368,26.7,2026,127441,"Rockford, IL",58.2,"0.00000000",1,1,1,2,"1.0000","0.5000",1,1,"1.0000",null,105.352,106.521,0.217413,1.66636,-4.24184,4.39081,-8.63265,-6.02332,"2.1600",-8.20418,2.18086,"0.4000","0.6000","1.0000","0.0000","0.0000","0.2000","1.8000","C",0,"2005-10-15"],"games":4,"notes":"C","projection":0,"advanced_stats":{"tov_pg":0,"usage_pct":0.29900000000000004,"plus_minus_pg":1.4,"mins_pct":0.008,"is_qualified":false}}]}