{"bart_player_id":127478,"seasons":[{"year":2025,"team_name":"North Carolina A&T","team_conference":"CAA","class":"Fr","raw_row":["Efstratios Kalliontzis","North Carolina A&T","CAA",28,45.6,118.2,11.1,55.9,60.41,9.8,7.9,3.9,16.5,36,52,0.692,38,68,0.559,0,0,0,2.4,1.3,76.5,"Fr","6-11",31,0.860447,102.057,4.4,2025,127478,"Mytilene, Greece",null,0.72224908,30,49,8,19,0.6122,0.4211,0,0,null,null,114.418,116.65,1.0603,84.1822,-2.63963,-2.07291,-0.566722,-3.77829,19.7828,-2.93189,-0.846396,1.8966,1.4483,3.3448,0.4483,0.4483,0.4483,"3.9310","C",0,"2005-09-19"],"games":28,"notes":"C","projection":0,"advanced_stats":{"tov_pg":0.6206896551724138,"usage_pct":0.0865862068965517,"plus_minus_pg":-4.9655172413793105,"mins_pct":0.448,"is_qualified":true}}]}