{"bart_player_id":127495,"seasons":[{"year":2025,"team_name":"Tennessee Tech","team_conference":"OVC","class":"Jr","raw_row":["Ray Glasgow","Tennessee Tech","OVC",27,31.6,92,29.4,44,48.06,6.5,18.2,16.2,17.6,35,47,0.745,40,96,0.417,22,70,0.314,0.8,1.4,28.3,"Jr","6-3",4,0.454391,99.1057,4.8,2025,127495,"Bronx, NY",null,"1.00000000",33,63,7,33,0.5238,0.2121,0,0,null,null,106.577,112.471,0.940683,69.2458,-6.21624,-3.2415,-2.97473,-4.91708,14.2966,-2.35442,-2.56266,0.7586,2.4828,3.2414,1.1724,0.3448,0.1034,"6.9310","Wing G",10.671,"2003-10-15"],"games":27,"notes":"Wing G","projection":10.671,"advanced_stats":{"tov_pg":1.1724137931034482,"usage_pct":0.2740689655172414,"plus_minus_pg":2.6206896551724137,"mins_pct":0.322,"is_qualified":true}}]}