{"bart_player_id":127414,"seasons":[{"year":2025,"team_name":"Colgate","team_conference":"Pat","class":"Fr","raw_row":["Stevie Clark","Colgate","Pat",10,2.2,42.6,25.1,22.7,22.73,4.4,12.8,0,25.5,0,0,0,1,6,0.167,1,5,0.2,0,0,0,"Fr","6-6",7,-0.457185,43.2231,1.4,2025,127414,"Omro, WI",null,"0.00000000",1,5,0,1,"0.2000","0.0000",0,1,"0.0000",null,114.417,118.347,0.13191,3.61746,-25.8075,-16.5525,-9.25501,-22.1607,3.0182,-13.2197,-8.94102,0.0909,0.2727,0.3636,"0.0000","0.0000","0.0000",0.7273,"Wing G",10.6278,"2005-10-15"],"games":10,"notes":"Wing G","projection":10.6278,"advanced_stats":{"tov_pg":0.2727272727272727,"usage_pct":0.45036363636363635,"plus_minus_pg":0.18181818181818182,"mins_pct":0.025,"is_qualified":false}}]}