{"bart_player_id":127483,"seasons":[{"year":2025,"team_name":"Charleston Southern","team_conference":"BSth","class":"Fr","raw_row":["Anthony Gause","Charleston Southern","BSth",15,13.6,72.5,21.4,32.8,35.48,0.7,5,7.6,16.3,8,14,0.571,11,28,0.393,6,33,0.182,0.6,1.8,23,"Fr","6-3",6,-0.701977,70.9742,4.6,2025,127483,"Atlanta, GA",null,0.90897852,10,23,1,5,0.4348,"0.2000",0,0,null,null,115.279,116.128,0.584229,23.774,-10.7879,-6.94506,-3.84282,-10.3507,11.6706,-7.9756,-2.37513,0.0588,0.5882,0.6471,0.5882,0.2941,0.1176,4.5882,"Combo G",11.5192,"2005-10-15"],"games":15,"notes":"Combo G","projection":11.5192,"advanced_stats":{"tov_pg":0.6470588235294118,"usage_pct":0.23629411764705885,"plus_minus_pg":0.4117647058823529,"mins_pct":0.153,"is_qualified":false}}]}