{"bart_player_id":127453,"seasons":[{"year":2025,"team_name":"Longwood","team_conference":"BSth","class":"So","raw_row":["Kris Mickens","Longwood","BSth",2,0.1,0,0,0,0,0,0,0,0,0,0,0,0,0,0,0,0,0,0,0,0,"So","6-5",23,-0.132784,-5.88625,0,2025,127453,"Clemmons, NC",null,"0.00000000",null,null,null,null,null,null,null,null,null,null,118.596,126.696,0.00705567,0.0775131,-5.55255,-3.53725,-2.01531,-8.65871,"2.4250",-5.52722,-3.13149,"1.0000","0.2500","1.2500","0.0000","0.0000","0.0000","1.0000","PF/C",0,"2004-10-15"],"games":2,"notes":"PF/C","projection":0,"advanced_stats":{"tov_pg":0.25,"usage_pct":0.1125,"plus_minus_pg":2.25,"mins_pct":0.008,"is_qualified":false}}]}