{"bart_player_id":127477,"seasons":[{"year":2026,"team_name":"Loyola Chicago","team_conference":"A10","class":"So","raw_row":["Brayden Young","Loyola Chicago","A10",12,4,63.7,10,66.7,45.2,8.9,15.5,3.5,45.6,0,3,0,2,3,0.667,0,0,0,2.3,1.1,100,"So","6-9",30,-0.561675,56.0617,10.5,2026,127477,"Houston, TX",null,"0.24992500",2,3,0,0,0.6667,null,1,1,"1.0000",null,114.457,111.692,0.350816,8.87156,-7.15424,-7.24777,0.0935283,-11.9072,4.4583,-11.3498,-0.557429,0.3333,0.5833,0.9167,0.0833,0.0833,0.0833,0.3333,"C",0,"2005-10-15"],"games":12,"notes":"C","projection":0,"advanced_stats":{"tov_pg":0.3333333333333333,"usage_pct":0.06341666666666666,"plus_minus_pg":-2.75,"mins_pct":0.041,"is_qualified":false}}]}