{"bart_player_id":127491,"seasons":[{"year":2026,"team_name":"Loyola MD","team_conference":"Pat","class":"So","raw_row":["Ben Menker","Loyola MD","Pat",11,0.8,0,20.2,0,0,0,24.7,0,58.7,0,0,0,0,0,0,0,2,0,0,0,0,"So","6-5",13,-0.288652,-0.0597427,0,2026,127491,"Mason, OH",null,"0.50000000",0,0,0,0,null,null,0,0,null,null,115.723,120.813,0.0423328,1.45909,-30.3445,-22.842,-7.50248,-29.0125,1.4769,-19.2655,-9.74702,"0.0000",0.2308,0.2308,0.0769,"0.0000","0.0000",0.6154,"Wing G",12.0137,"2005-10-15"],"games":11,"notes":"Wing G","projection":12.0137,"advanced_stats":{"tov_pg":0.15384615384615385,"usage_pct":0.3392307692307692,"plus_minus_pg":0.6153846153846154,"mins_pct":0.015,"is_qualified":false}}]}