{"bart_player_id":127459,"seasons":[{"year":2025,"team_name":"Longwood","team_conference":"BSth","class":"Fr","raw_row":["Dom Payne","Longwood","BSth",2,0.2,0,0,0,0,0,0,0,0,0,0,0,0,0,0,0,0,0,0,0,0,"Fr","6-2",2,-0.299648,-6.16958,0,2025,127459,"Trinity, NC",null,"0.00000000",null,null,null,null,null,null,null,null,null,null,118.596,126.232,0.0173239,0.174404,-5.53199,-3.5265,-2.00548,-8.4082,"2.2500",-5.58838,-2.81982,"0.0000","0.7500","0.7500","0.0000","0.0000","0.0000","0.5000","PF/C",0,"2005-10-15"],"games":2,"notes":"PF/C","projection":0,"advanced_stats":{"tov_pg":0,"usage_pct":0.063,"plus_minus_pg":1.25,"mins_pct":0.007,"is_qualified":false}}]}