{"bart_player_id":127447,"seasons":[{"year":2026,"team_name":"Green Bay","team_conference":"Horz","class":"Fr","raw_row":["Brady Fitzgerald","Green Bay","Horz",3,0.1,103.2,32.5,0,52.63,0,144.7,0,0,1,2,0.5,0,0,0,0,0,0,0,0,0,"Fr","6-4",21,0.0415478,113.498,0,2026,127447,"Fortville, IN",null,"0.00000000",0,0,0,0,null,null,0,0,null,null,71.6913,73.8375,0.119023,0.809407,-37.555,-20.5523,-17.0027,3.05198,"1.2600",-5.82499,8.87697,"0.0000","0.4000","0.4000","0.0000","0.0000","0.0000","0.2000","PF/C",0,"2005-10-15"],"games":3,"notes":"PF/C","projection":0,"advanced_stats":{"tov_pg":0,"usage_pct":0.0958,"plus_minus_pg":0.2,"mins_pct":0.005,"is_qualified":false}}]}