{"bart_player_id":127425,"seasons":[{"year":2025,"team_name":"Arizona","team_conference":"B12","class":"Fr","raw_row":["Carter Bryant","Arizona","B12",37,48,113.9,16,57.1,59.31,5.3,17.8,8.3,18.5,41,59,0.695,42,71,0.592,39,105,0.371,5.8,2.8,33.5,"Fr","6-8",9,1.72268,115.658,4.8,2025,127425,"Riverside, CA",95.8,0.97299999,33,43,9,28,0.7674,0.3214,17,17,"1.0000",14,98.8041,91.0601,2.71059,161.524,9.174,3.7411,5.4329,7.52292,19.3135,3.21358,4.30934,0.8649,3.2432,4.1081,"0.9730",0.9459,"1.0000",6.5405,"Stretch 4",8.36272,"2005-11-26"],"games":37,"notes":"Stretch 4","projection":8.3627,"advanced_stats":{"tov_pg":1,"usage_pct":0.16643243243243244,"plus_minus_pg":5.702702702702703,"mins_pct":0.48,"is_qualified":true}}]}