{"bart_player_id":127449,"seasons":[{"year":2025,"team_name":"Harvard","team_conference":"Ivy","class":"Fr","raw_row":["Leo Byrne","Harvard","Ivy",10,2.9,41.3,14.2,11.1,11.11,7.9,11.7,0,0,0,0,0,1,2,0.5,0,7,0,7,0,0,"Fr","6-8",17,-0.558106,37.5592,6.5,2025,127449,"Stockholm, Sweden",null,"0.00000000",1,2,0,0,"0.5000",null,0,0,null,null,110.528,113.155,0.199044,4.63375,-13.346,-9.73672,-3.60924,-15.4509,"3.0800",-11.5783,-3.87255,"0.2000","0.3000","0.5000","0.0000","0.0000","0.2000","0.2000","PF/C",13.8364,"2005-10-19"],"games":10,"notes":"PF/C","projection":13.8364,"advanced_stats":{"tov_pg":0,"usage_pct":0.15789999999999998,"plus_minus_pg":-1.3,"mins_pct":0.028,"is_qualified":false}}]}