{"bart_player_id":127434,"seasons":[{"year":2025,"team_name":"UNLV","team_conference":"MWC","class":"Fr","raw_row":["Luke Naser","UNLV","MWC",1,0.1,0,0,0,0,0,0,0,0,0,0,0,0,0,0,0,0,0,0,0,0,"Fr","6-0",3,-0.299845,-6.23256,0,2025,127434,"Las Vegas, NV",null,"0.00000000",null,null,null,null,null,null,null,null,null,null,115.422,124.765,0.0219062,0.079205,-3.54865,-3.58567,0.0370197,-7.57857,"0.9000",-5.03627,-2.5423,"0.0000","0.0000","0.0000","0.0000","0.0000","0.0000","0.0000","PF/C",0,"2005-10-15"],"games":1,"notes":"PF/C","projection":0,"advanced_stats":{"tov_pg":0,"usage_pct":0,"plus_minus_pg":0,"mins_pct":0.001,"is_qualified":false}}]}