{"bart_player_id":127431,"seasons":[{"year":2025,"team_name":"North Alabama","team_conference":"ASun","class":"Fr","raw_row":["Israel Jenrette","North Alabama","ASun",20,7.6,78.2,11.9,54.5,50.68,6.5,16.7,0,34.6,3,8,0.375,6,11,0.545,0,0,0,6,0.6,72.7,"Fr","7-1",21,-0.405641,66.4398,8.7,2025,127431,"Valdosta, GA",null,"0.00000000",6,9,0,2,0.6667,"0.0000",0,0,null,null,104.631,107.901,0.415005,18.2121,-8.22827,-7.73504,-0.493231,-8.58151,5.6182,-8.87677,0.295254,0.3636,1.1818,1.5455,"0.0000",0.0455,"0.5000",0.7727,"C",0,"2005-10-15"],"games":20,"notes":"C","projection":0,"advanced_stats":{"tov_pg":0.4090909090909091,"usage_pct":0.12131818181818183,"plus_minus_pg":-2.409090909090909,"mins_pct":0.088,"is_qualified":false}}]}