{"bart_player_id":127454,"seasons":[{"year":2025,"team_name":"Sam Houston St.","team_conference":"CUSA","class":"Fr","raw_row":["Jackson Rogers","Sam Houston St.","CUSA",4,0.4,148.1,16.4,75,75,0,49,0,0,0,0,0,0,0,0,1,2,0.5,0,0,0,"Fr","6-3",22,0.243115,148.164,0,2025,127454,"Murphy, TX",null,"0.00000000",0,0,0,0,null,null,0,0,null,null,102.598,104.534,0.11345,1.15446,-7.13663,1.76018,-8.89682,10.8434,2.1286,9.82153,1.02191,"0.0000",0.2857,0.2857,"0.0000","0.0000","0.0000",0.7143,"Stretch 4",25.0481,"2005-10-15"],"games":4,"notes":"Stretch 4","projection":25.0481,"advanced_stats":{"tov_pg":0,"usage_pct":0.16599999999999998,"plus_minus_pg":-0.2857142857142857,"mins_pct":0.012,"is_qualified":false}}]}