{"bart_player_id":127572,"seasons":[{"year":2025,"team_name":"Illinois","team_conference":"B10","class":"Fr","raw_row":["Will Riley","Illinois","B10",35,63.8,115.3,23,49.7,53.25,5.2,11.5,16,11.3,84,116,0.724,108,215,0.502,47,144,0.326,1,0.6,32.3,"Fr","6-8",7,3.33433,127.44,1.9,2025,127572,"Kitchener, Canada",96.4,1.85716661,67,103,41,112,0.6505,0.3661,8,8,"1.0000",21,106.583,99.0332,2.89798,143.476,4.63064,4.15766,0.472981,5.19324,25.6971,4.41425,0.778997,"1.2000",2.9429,4.1429,2.2286,0.2571,0.2857,"12.6000","Wing F",8.89647,"2006-02-10"],"games":35,"notes":"Wing F","projection":8.8965,"advanced_stats":{"tov_pg":1.2,"usage_pct":0.23894285714285718,"plus_minus_pg":7.4,"mins_pct":0.635,"is_qualified":true}}]}