{"bart_player_id":127532,"seasons":[{"year":2026,"team_name":"Seton Hall","team_conference":"BE","class":"So","raw_row":["Assane Mbaye","Seton Hall","BE",5,0.3,0,9.5,0,0,0,0,0,0,0,0,0,0,1,0,0,0,0,0,0,0,"So","7-2",35,-0.254154,-1.53356,20.5,2026,127532,"Mbour, Senegal",null,"0.00000000",0,1,0,0,"0.0000",null,0,0,null,null,110.436,114.215,0.0545469,0.371175,-12.8985,-10.118,-2.78053,-29.0998,"0.7800",-26.2509,-2.84887,"0.0000","0.0000","0.0000","0.0000","0.0000","0.0000","0.0000","C",0,"2005-10-15"],"games":5,"notes":"C","projection":0,"advanced_stats":{"tov_pg":0,"usage_pct":0.0646,"plus_minus_pg":-1,"mins_pct":0.003,"is_qualified":false}}]}