{"bart_player_id":127525,"seasons":[{"year":2025,"team_name":"UT Rio Grande Valley","team_conference":"Slnd","class":"Fr","raw_row":["RJ Nance","UT Rio Grande Valley","Slnd",18,8.1,57.8,18.3,25,26.98,2.5,6.4,7.5,21.2,3,8,0.375,6,14,0.429,0,10,0,1.1,0.6,33.3,"Fr","6-2",1,-0.565767,56.123,5.5,2025,127525,"Las Vegas, NV",null,1.33341478,4,9,2,5,0.4444,"0.4000",0,0,null,null,115.009,118.506,0.223129,11.1593,-13.0251,-9.37902,-3.64611,-14.5277,7.0591,-10.5074,-4.02037,0.1818,0.7273,0.9091,0.5455,0.1818,0.0909,1.7273,"Wing G",6.45632,"2005-10-15"],"games":18,"notes":"Wing G","projection":6.4563,"advanced_stats":{"tov_pg":0.4090909090909091,"usage_pct":0.2496363636363636,"plus_minus_pg":-0.5454545454545454,"mins_pct":0.125,"is_qualified":false}}]}