{"bart_player_id":127523,"seasons":[{"year":2026,"team_name":"Vermont","team_conference":"AE","class":"So","raw_row":["Drew Bessette","Vermont","AE",4,0.5,62.6,18.8,0,0,18.8,36.8,23.9,0,0,0,0,0,0,0,0,2,0,0,0,0,"So","6-8",15,-0.197244,57.918,0,2026,127523,"Milton, VT",null,0.80000001,0,0,0,0,null,null,0,0,null,null,103.428,117.213,0.098223,1.22661,-8.65411,-6.49041,-2.16369,-10.2576,"2.3000",-6.10234,-4.15528,"0.4000","1.0000","1.4000","0.2000","0.0000","0.2000","0.4000","PF/C",19.1846,"2005-10-15"],"games":4,"notes":"PF/C","projection":19.1846,"advanced_stats":{"tov_pg":0,"usage_pct":0.1232,"plus_minus_pg":-0.4,"mins_pct":0.008,"is_qualified":false}}]}