{"bart_player_id":127566,"seasons":[{"year":2025,"team_name":"UT Arlington","team_conference":"WAC","class":"Sr","raw_row":["Jaden Wells","UT Arlington","WAC",25,57.4,105.5,21.1,51.4,53.43,4.1,7.7,9.5,16,29,37,0.784,27,71,0.38,68,180,0.378,0.2,2.6,14.7,"Sr","6-2",1,1.63879,107.474,3.9,2025,127566,"Hurst, TX",null,0.85709691,14,33,13,38,0.4242,0.3421,0,0,null,null,110.516,114.482,1.60195,110.033,-0.356862,1.80229,-2.15916,-0.441195,26.7778,0.893756,-1.33495,"1.0000",1.8889,2.8889,1.3333,1.1852,0.0741,"12.0370","Combo G",15.5713,"2002-10-15"],"games":25,"notes":"Combo G","projection":15.5713,"advanced_stats":{"tov_pg":1.5555555555555556,"usage_pct":0.23785185185185184,"plus_minus_pg":1.2222222222222223,"mins_pct":0.577,"is_qualified":true}}]}