{"bart_player_id":127586,"seasons":[{"year":2025,"team_name":"Lipscomb","team_conference":"ASun","class":"Jr","raw_row":["Miles White","Lipscomb","ASun",33,33.1,108.4,12.6,50,52.13,4.7,13.1,6.6,11.9,12,17,0.706,9,18,0.5,22,66,0.333,1.7,2,20.2,"Jr","6-3",5,0.20199,94.1815,4.7,2025,127586,"Kansas City, MO",null,1.58326046,7,13,2,5,0.5385,"0.4000",2,3,0.6667,null,101.013,101.848,1.37333,79.5613,-0.0445169,-0.767977,0.72346,-1.4153,13.4143,-2.46865,1.05336,0.5143,"1.6000",2.1143,0.5429,0.4571,0.2571,"3.0000","Wing G",8.97527,"2003-10-15"],"games":33,"notes":"Wing G","projection":8.9753,"advanced_stats":{"tov_pg":0.34285714285714286,"usage_pct":0.12548571428571428,"plus_minus_pg":2.6285714285714286,"mins_pct":0.334,"is_qualified":true}}]}