{"bart_player_id":127515,"seasons":[{"year":2025,"team_name":"Winthrop","team_conference":"BSth","class":"Sr","raw_row":["Ryan Jolly","Winthrop","BSth",26,22.1,99.3,15.3,49.2,53.79,1.6,4.3,12,23.9,16,20,0.8,13,23,0.565,12,40,0.3,0.4,2.5,31.7,"Sr","6-3",2,0.0287878,90.5668,2.6,2025,127515,"Martinez, GA",null,1.14293607,13,20,0,3,"0.6500","0.0000",0,0,null,null,110.693,112.578,0.701755,44.3311,-2.64094,-1.33714,-1.3038,-2.40752,11.1483,-1.84168,-0.565842,0.2069,0.4828,0.6897,0.8276,0.5517,0.0345,3.5172,"Combo G",7.70894,"2002-10-15"],"games":26,"notes":"Combo G","projection":7.7089,"advanced_stats":{"tov_pg":0.7241379310344828,"usage_pct":0.1513448275862069,"plus_minus_pg":2.689655172413793,"mins_pct":0.235,"is_qualified":true}}]}