{"bart_player_id":127562,"seasons":[{"year":2025,"team_name":"Arkansas St.","team_conference":"SB","class":"Jr","raw_row":["Kameron Johnson","Arkansas St.","SB",11,3.6,112.4,14.3,57.1,64.81,10.2,16.4,0,23.6,6,8,0.75,4,7,0.571,0,0,0,0,1.1,114.3,"Jr","6-7",13,0.189123,101.834,4.8,2025,127562,"Miami, FL",null,0.33320001,3,4,1,3,"0.7500",0.3333,0,0,null,null,101.739,105.772,0.408025,8.74715,-7.25472,-3.6721,-3.58261,-1.72213,4.8417,-2.40154,0.67941,"0.5000",0.6667,1.1667,0.0833,0.1667,"0.0000",1.3333,"PF/C",0,"2003-10-15"],"games":11,"notes":"PF/C","projection":0,"advanced_stats":{"tov_pg":0.25,"usage_pct":0.09500000000000001,"plus_minus_pg":2,"mins_pct":0.04,"is_qualified":false}}]}