{"bart_player_id":127569,"seasons":[{"year":2026,"team_name":"West Virginia","team_conference":"B12","class":"Fr","raw_row":["Abraham Oyeadier","West Virginia","B12",1,0.2,0,24.5,0,0,0,99.6,0,0,0,2,0,0,0,0,0,0,0,0,0,0,"Fr","6-9",8,-0.784035,-1.77634,0,2026,127569,"Accra, Ghana",null,"0.00000000",0,0,0,0,null,null,0,0,null,null,71.3315,76.2203,0.484254,0.928333,-42.1236,-32.1209,-10.0028,-15.5485,"2.4000",-12.1405,-3.408,"0.0000","2.0000","2.0000","0.0000","0.0000","0.0000","0.0000","C",0,"2005-10-15"],"games":1,"notes":"C","projection":0,"advanced_stats":{"tov_pg":0,"usage_pct":0.203,"plus_minus_pg":0,"mins_pct":0.002,"is_qualified":false}}]}