{"bart_player_id":127559,"seasons":[{"year":2025,"team_name":"Little Rock","team_conference":"OVC","class":"Fr","raw_row":["Travonne Jackson","Little Rock","OVC",5,8.5,74.7,20.2,43.8,45.68,2.2,7.4,8.8,30.3,7,14,0.5,6,15,0.4,3,9,0.333,4.9,0.6,58.3,"Fr","6-7",7,-1.2527,72.2917,3.4,2025,127559,"Columbus, OH",null,0.54546446,3,7,3,8,0.4286,"0.3750",0,0,null,null,106.449,111.473,1.45462,14.0342,-10.3633,-8.54022,-1.82313,-8.32033,22.9167,-6.06395,-2.25638,0.3333,1.8333,2.1667,"1.0000",0.3333,0.6667,7.1667,"Wing G",4.97305,"2005-10-15"],"games":5,"notes":"Wing G","projection":4.9731,"advanced_stats":{"tov_pg":1.8333333333333333,"usage_pct":0.168,"plus_minus_pg":-1.8333333333333333,"mins_pct":0.103,"is_qualified":false}}]}