{"bart_player_id":127509,"seasons":[{"year":2025,"team_name":"South Alabama","team_conference":"SB","class":"Sr","raw_row":["Dylan Fasoyiro","South Alabama","SB",30,43.8,102.2,17.6,45.4,48.93,4.4,9,5.6,9.9,27,35,0.771,32,59,0.542,25,94,0.266,3.3,3.4,22.9,"Sr","6-3",2,0.47127,97.533,3.8,2025,127509,"Houston, TX",null,1.06239998,26,44,6,15,0.5909,"0.4000",0,0,null,null,100.667,102.711,1.7667,97.7155,0.0621543,-1.09506,1.15722,-0.881739,18.3406,-2.11908,1.23734,0.6875,"1.5000",2.1875,0.5312,1.1562,0.3438,6.2812,"Wing G",10.9136,"2002-10-15"],"games":30,"notes":"Wing G","projection":10.9136,"advanced_stats":{"tov_pg":0.5,"usage_pct":0.19137500000000005,"plus_minus_pg":3.96875,"mins_pct":0.448,"is_qualified":true}}]}