{"bart_player_id":127513,"seasons":[{"year":2025,"team_name":"Loyola MD","team_conference":"Pat","class":"Fr","raw_row":["Goap Kodi","Loyola MD","Pat",12,4,98.3,15.9,50,53.01,7.4,21,11.7,23.7,3,5,0.6,4,8,0.5,0,0,0,4.7,1.3,62.5,"Fr","6-10",8,0.0207389,91.2827,3.4,2025,127513,"Woodbridge, VA",null,1.33318893,3,4,1,4,"0.7500","0.2500",1,1,"1.0000",null,106.054,109.952,0.301062,8.75703,-5.69406,-5.78293,0.0888766,-2.31844,4.8308,-2.59853,0.280083,0.4615,1.0769,1.5385,0.3077,0.0769,0.2308,1.2308,"C",0,"2005-10-15"],"games":12,"notes":"C","projection":0,"advanced_stats":{"tov_pg":0.23076923076923078,"usage_pct":0.10038461538461538,"plus_minus_pg":-1.1538461538461537,"mins_pct":0.05,"is_qualified":false}}]}