{"bart_player_id":127528,"seasons":[{"year":2026,"team_name":"Oregon","team_conference":"B10","class":"Sr","raw_row":["Dezdrick Lindsay","Oregon","B10",32,51.1,102.2,16,46.4,48.36,4.8,11.1,14.7,15.4,28,48,0.583,43,96,0.448,19,58,0.328,1.1,2.5,31.2,"Sr","6-6",4,0.693242,102.146,3.4,2026,127528,"Louisville, KY",null,1.81464806,28,65,15,31,0.4308,0.4839,6,7,0.8571,null,111.721,104.223,2.13732,106.854,1.39678,-0.169682,1.56646,0.599762,20.5125,-1.308,1.90777,0.8438,1.9375,2.7812,1.5312,0.8438,0.1875,5.3438,"Wing G",5.30481,"2003-10-15"],"games":32,"notes":"Wing G","projection":5.3048,"advanced_stats":{"tov_pg":0.84375,"usage_pct":0.16165624999999997,"plus_minus_pg":0.625,"mins_pct":0.511,"is_qualified":true}}]}