{"bart_player_id":127691,"seasons":[{"year":2025,"team_name":"Delaware St.","team_conference":"MEAC","class":"Jr","raw_row":["Javarzia Belton","Delaware St.","MEAC",10,7.8,101.4,21.8,62.5,60.12,13.5,11.8,4.9,24.9,4,9,0.444,15,24,0.625,0,0,0,2.9,0,37.5,"Jr","6-1",32,0.230784,98.0524,6.3,2025,127691,"Calhoun Falls, SC",null,"0.25000000",15,24,0,0,"0.6250",null,0,0,null,null,114.231,121.96,0.27392,11.5552,-7.47675,-3.25318,-4.22357,-7.649,"8.2400",-4.09735,-3.55165,"1.0000","0.8000","1.8000","0.2000","0.0000","0.2000","3.4000","PF/C",0,"2003-10-15"],"games":10,"notes":"PF/C","projection":0,"advanced_stats":{"tov_pg":0.8,"usage_pct":0.16440000000000002,"plus_minus_pg":0.4,"mins_pct":0.068,"is_qualified":false}}]}