{"bart_player_id":127641,"seasons":[{"year":2025,"team_name":"East Texas A&M","team_conference":"Slnd","class":"Fr","raw_row":["Chris Adlam","East Texas A&M","Slnd",19,16.2,90,22.5,50.8,51.76,4.6,8.6,25.6,28.5,6,10,0.6,18,40,0.45,8,19,0.421,1.1,2,16.9,"Fr","6-4",4,0.112707,92.8312,4.7,2025,127641,"Cypress, TX",null,1.04542709,12,29,6,11,0.4138,0.5455,0,1,"0.0000",null,113.14,113.716,0.667046,29.2634,-5.28916,-3.29745,-1.99171,-5.48299,10.6421,-3.53146,-1.95153,0.4211,0.7368,1.1579,1.2105,0.3684,0.1053,3.4737,"Scoring PG",5.54253,"2005-10-15"],"games":19,"notes":"Scoring PG","projection":5.5425,"advanced_stats":{"tov_pg":1.1578947368421053,"usage_pct":0.19089473684210526,"plus_minus_pg":-1.2105263157894737,"mins_pct":0.162,"is_qualified":false}}]}