{"bart_player_id":127673,"seasons":[{"year":2025,"team_name":"Arkansas Pine Bluff","team_conference":"SWAC","class":"Jr","raw_row":["Matthew Spears","Arkansas Pine Bluff","SWAC",2,0.5,0,20.7,0,0,0,0,0,100,0,0,0,0,0,0,0,0,0,0,0,0,"Jr","6-8",23,-0.827371,-0.19645,0,2025,127673,"Indianapolis, IN",null,"0.00000000",null,null,null,null,null,null,null,null,null,null,128.695,117.747,0.129034,0.451263,-29.0582,-24.5816,-4.4766,-29.7167,"2.6500",-20.06,-9.6567,"0.0000","0.0000","0.0000","0.0000","0.0000","0.0000","0.0000","C",0,"2003-10-15"],"games":2,"notes":"C","projection":0,"advanced_stats":{"tov_pg":1,"usage_pct":0.189,"plus_minus_pg":-4.5,"mins_pct":0.004,"is_qualified":false}}]}