{"bart_player_id":127653,"seasons":[{"year":2025,"team_name":"Chicago St.","team_conference":"NEC","class":"Fr","raw_row":["Troy McKoy, Jr.","Chicago St.","NEC",24,36.5,89.8,22,42.1,46.93,3.2,11.8,6.9,14,36,45,0.8,33,71,0.465,24,93,0.258,3.4,2.5,27.4,"Fr","6-5",1,0.123434,91.6031,6,2025,127653,"Windsor, CT",null,0.55995007,25,47,8,24,0.5319,0.3333,4,4,"1.0000",null,112.398,113.268,1.25275,82.4405,-5.24151,-2.91465,-2.32687,-4.81527,19.6042,-3.41927,-1.396,0.5833,1.9167,"2.5000",0.5833,0.8333,0.5833,"7.2500","Wing G",11.4312,"2005-10-15"],"games":24,"notes":"Wing G","projection":11.4312,"advanced_stats":{"tov_pg":1.0416666666666667,"usage_pct":0.2257916666666667,"plus_minus_pg":-9,"mins_pct":0.365,"is_qualified":true}}]}