{"bart_player_id":127663,"seasons":[{"year":2025,"team_name":"Rhode Island","team_conference":"A10","class":"Fr","raw_row":["Jaymien Aponte","Rhode Island","A10",3,0.2,0,23.4,0,0,0,44.6,0,100,0,0,0,0,0,0,0,0,0,45,0,0,"Fr","6-3",13,-0.252351,-1.12548,16.7,2025,127663,"Cranston, RI",null,"0.00000000",null,null,null,null,null,null,null,null,null,null,72.1092,74.654,0.158579,1.0738,-8.78203,-31.9823,23.2002,-6.04722,"1.0750",-16.559,10.5118,"0.0000","0.5000","0.5000","0.0000","0.0000","0.2500","0.0000","PF/C",0,"2005-10-15"],"games":3,"notes":"PF/C","projection":0,"advanced_stats":{"tov_pg":0.25,"usage_pct":0.1715,"plus_minus_pg":1.25,"mins_pct":0.004,"is_qualified":false}}]}