{"bart_player_id":127666,"seasons":[{"year":2026,"team_name":"Rhode Island","team_conference":"A10","class":"Fr","raw_row":["Damone King","Rhode Island","A10",22,13.1,101.2,15.9,47.9,50.67,2.1,6.6,5,13.5,6,7,0.857,12,20,0.6,7,27,0.259,1.6,2.5,14.9,"Fr","6-2",21,0.0864393,95.6293,1.9,2026,127666,"Louisville, KY",null,0.66666661,6,9,6,11,0.6667,0.5455,0,0,null,null,106.409,106.88,0.728578,25.1914,-2.96444,-2.76553,-0.198902,-2.27659,7.6818,-2.49405,0.217462,0.1364,0.4091,0.5455,0.1818,0.3182,0.0909,2.3182,"Wing G",9.60031,"2005-10-15"],"games":22,"notes":"Wing G","projection":9.6003,"advanced_stats":{"tov_pg":0.2727272727272727,"usage_pct":0.15836363636363637,"plus_minus_pg":-2.1363636363636362,"mins_pct":0.131,"is_qualified":false}}]}