{"bart_player_id":127600,"seasons":[{"year":2026,"team_name":"Wagner","team_conference":"NEC","class":"So","raw_row":["Makhai Anderson","Wagner","NEC",19,13.7,107,17.7,46.9,51.25,11.9,15.9,7.5,15.4,14,23,0.609,12,27,0.444,2,5,0.4,1.4,1.2,71.9,"So","6-6",15,0.220509,100.175,6.4,2026,127600,"Hamden, CT",null,0.88878022,10,20,2,7,"0.5000",0.2857,3,3,"1.0000",null,109.41,116.655,0.500327,25.6843,-4.29666,-2.33235,-1.96431,-4.39846,9.4864,-3.00021,-1.39824,0.9545,1.2273,2.1818,0.3636,0.1818,0.1818,3.3636,"Wing F",1.9615,"2005-10-15"],"games":19,"notes":"Wing F","projection":1.9615,"advanced_stats":{"tov_pg":0.4090909090909091,"usage_pct":0.17627272727272728,"plus_minus_pg":1.3181818181818181,"mins_pct":0.166,"is_qualified":false}}]}