{"bart_player_id":127604,"seasons":[{"year":2025,"team_name":"Wagner","team_conference":"NEC","class":"Sr","raw_row":["Ja'Kair Sanchez","Wagner","NEC",26,45.2,105,24.4,51.6,57.53,3.4,9.9,9.7,18.2,52,61,0.852,54,105,0.514,18,52,0.346,1.2,1.4,38.9,"Sr","6-4",3,1.04657,106.446,4.5,2025,127604,"Syracuse, NY",null,"0.59456070",24,48,30,57,"0.5000",0.5263,0,0,null,null,105.769,112.926,1.18391,68.2549,-4.14152,-2.01876,-2.12275,-1.49226,18.9931,-0.553578,-0.938683,0.6207,1.3793,"2.0000",0.7586,0.5517,0.1379,8.7586,"Wing G",7.23209,"1999-12-15"],"games":26,"notes":"Wing G","projection":7.2321,"advanced_stats":{"tov_pg":1.2758620689655173,"usage_pct":0.23606896551724132,"plus_minus_pg":-0.27586206896551724,"mins_pct":0.454,"is_qualified":true}}]}