{"bart_player_id":127687,"seasons":[{"year":2025,"team_name":"Alabama St.","team_conference":"SWAC","class":"Jr","raw_row":["Jalen Keago","Alabama St.","SWAC",18,14.9,100.9,17.6,45.8,53.43,5.7,8.7,4.4,18.9,21,27,0.778,10,19,0.526,8,29,0.276,0.6,1.1,56.3,"Jr","6-2",10,0.221484,95.3092,5,2025,127687,"Oshkosh, WI",null,0.38468287,6,14,4,5,0.4286,"0.8000",0,0,null,null,109.885,114.199,0.704085,29.6999,-5.70142,-2.88443,-2.81699,-6.44692,"11.8000",-3.73585,-2.71107,0.7368,1.1053,1.8421,0.2632,0.2105,0.1053,4.1579,"Wing G",8.0049,"2003-10-15"],"games":18,"notes":"Wing G","projection":8.0049,"advanced_stats":{"tov_pg":0.6842105263157895,"usage_pct":0.19494736842105262,"plus_minus_pg":-0.3684210526315789,"mins_pct":0.154,"is_qualified":false}}]}