{"bart_player_id":127697,"seasons":[{"year":2025,"team_name":"Eastern Illinois","team_conference":"OVC","class":"So","raw_row":["Kam O'Connor","Eastern Illinois","OVC",6,0.9,0,8.3,0,0,0,12.2,0,0,0,0,0,0,1,0,0,1,0,0,0,0,"So","6-0",6,-0.522292,-2.37382,0,2025,127697,"Lebanon, OH",null,"1.00000000",0,1,0,0,"0.0000",null,0,0,null,null,111.431,113.569,0.103207,1.22184,-16.5078,-11.6354,-4.87241,-18.1008,"2.5000",-11.9266,-6.1742,"0.0000",0.2222,0.2222,0.1111,"0.0000","0.0000",0.1111,"Wing G",5.86675,"2004-10-15"],"games":6,"notes":"Wing G","projection":5.8668,"advanced_stats":{"tov_pg":0.1111111111111111,"usage_pct":0.09466666666666668,"plus_minus_pg":-0.5555555555555556,"mins_pct":0.018,"is_qualified":false}}]}