{"bart_player_id":127679,"seasons":[{"year":2026,"team_name":"California","team_conference":"ACC","class":"So","raw_row":["BJ Fisher","California","ACC",6,0.6,50.1,23.5,33.3,33.33,0,0,0,30.7,0,0,0,1,2,0.5,0,1,0,0,0,0,"So","6-1",26,-0.19192,50.8868,15,2026,127679,"Ross, CA",null,"0.00000000",1,2,0,0,"0.5000",null,0,0,null,null,113.723,114.356,0.0925907,0.897187,-17.1499,-12.9338,-4.2161,-29.2014,1.3286,-22.4014,-6.80001,"0.0000","0.0000","0.0000","0.0000","0.0000","0.0000",0.2857,"Wing G",7.22221,"2005-10-15"],"games":6,"notes":"Wing G","projection":7.2222,"advanced_stats":{"tov_pg":0.14285714285714285,"usage_pct":0.193,"plus_minus_pg":-1.1428571428571428,"mins_pct":0.007,"is_qualified":false}}]}