{"bart_player_id":127689,"seasons":[{"year":2025,"team_name":"North Alabama","team_conference":"ASun","class":"Sr","raw_row":["Taye Fields","North Alabama","ASun",33,73.7,123.7,21.2,54.8,58.12,11.2,21.4,21.4,14.6,73,99,0.737,136,247,0.551,9,26,0.346,4.7,2.8,36.3,"Sr","6-4",9,3.21758,121.224,3.5,2025,127689,"Opelika, AL",null,"2.34616670",115,181,21,66,0.6354,0.3182,13,14,0.9286,null,98.9763,101.031,3.14634,218.638,8.39927,3.70151,4.69776,6.98289,29.1714,4.31731,2.66558,3.0857,5.4857,8.5714,3.4857,1.4571,1.0857,11.1714,"Wing G",1.57338,"2002-10-15"],"games":33,"notes":"Wing G","projection":1.5734,"advanced_stats":{"tov_pg":1.4857142857142858,"usage_pct":0.18934285714285712,"plus_minus_pg":6,"mins_pct":0.723,"is_qualified":true}}]}