{"bart_player_id":127609,"seasons":[{"year":2025,"team_name":"Houston Christian","team_conference":"Slnd","class":"Sr","raw_row":["Peyton Rogers","Houston Christian","Slnd",30,74.5,110,9.8,48.6,50.98,7.2,16.6,8.4,16.2,22,35,0.629,27,50,0.54,16,55,0.291,3.2,2.4,33.3,"Sr","6-6",15,0.460712,94.2355,4,2025,127609,"Chippewa Falls, WI",null,1.73900944,27,47,0,3,0.5745,"0.0000",8,8,"1.0000",null,105.807,107.222,2.53875,158.557,1.81993,-0.852641,2.67257,-1.3875,29.4375,-2.69442,1.30692,1.9062,"3.8750",5.7812,"1.2500",1.2188,"0.8750",4.4062,"Wing F",3.7797,"2002-10-15"],"games":30,"notes":"Wing F","projection":3.7797,"advanced_stats":{"tov_pg":0.71875,"usage_pct":0.09187500000000003,"plus_minus_pg":-1.9375,"mins_pct":0.736,"is_qualified":true}}]}