{"bart_player_id":127772,"seasons":[{"year":2026,"team_name":"Northern Illinois","team_conference":"MAC","class":"Fr","raw_row":["Isaiah Washington","Northern Illinois","MAC",12,7.8,76.9,19.1,30.4,36.59,7.7,10.2,4.8,17.3,7,12,0.583,7,15,0.467,0,8,0,0,0,52.2,"Fr","6-5",11,-0.435748,75.0074,2.8,2026,127772,"Fayetteville, NC",null,1.19994793,6,12,1,3,"0.5000",0.3333,0,0,null,null,120.384,123.597,0.270361,10.3393,-12.4308,-7.71786,-4.71292,-10.2159,7.6769,-5.67695,-4.53896,0.4615,0.6154,1.0769,0.4615,"0.0000","0.0000",2.3077,"Wing F",5.26499,"2005-10-15"],"games":12,"notes":"Wing F","projection":5.265,"advanced_stats":{"tov_pg":0.38461538461538464,"usage_pct":0.1753076923076923,"plus_minus_pg":-1.5384615384615385,"mins_pct":0.084,"is_qualified":false}}]}