{"bart_player_id":127757,"seasons":[{"year":2025,"team_name":"Sacred Heart","team_conference":"MAAC","class":"Jr","raw_row":["Keyishon Miller","Sacred Heart","MAAC",9,4.6,72.5,17.8,23.3,33.61,3.7,9.5,8.3,21.8,5,6,0.833,2,12,0.167,1,3,0.333,2,2.9,40,"Jr","6-5",0,-0.4706,69.0211,3.4,2025,127757,"Philadelphia, PA",null,0.75000002,2,10,0,2,"0.2000","0.0000",0,1,"0.0000",null,107.404,109.602,0.502761,10.8673,-8.84147,-7.74907,-1.09241,-8.38686,"6.4000",-6.48295,-1.90391,"0.2000","0.7000","0.9000","0.3000","0.3000","0.1000","1.6000","Wing G",2.9001,"2003-10-15"],"games":9,"notes":"Wing G","projection":2.9001,"advanced_stats":{"tov_pg":0.4,"usage_pct":0.20189999999999997,"plus_minus_pg":-3.2,"mins_pct":0.048,"is_qualified":false}}]}