{"bart_player_id":127701,"seasons":[{"year":2026,"team_name":"Texas Tech","team_conference":"B12","class":"Fr","raw_row":["Jazz Henderson","Texas Tech","B12",13,3.6,85.8,17.7,41.7,42.47,4.7,8.9,12.9,26.9,1,2,0.5,2,8,0.25,2,4,0.5,0,2.4,16.7,"Fr","5-11",2,-0.0769091,86.5472,4,2026,127701,"Dallas, TX",null,"1.00000000",1,1,1,7,"1.0000",0.1429,0,0,null,null,109.14,102.238,0.424528,7.85649,-2.10024,-3.00465,0.904404,-2.83546,3.8077,-3.66345,0.827995,0.1538,0.3077,0.4615,0.3077,0.1538,"0.0000",0.8462,"Wing G",4.80226,"2005-10-15"],"games":13,"notes":"Wing G","projection":4.8023,"advanced_stats":{"tov_pg":0.3076923076923077,"usage_pct":0.20915384615384613,"plus_minus_pg":2.4615384615384617,"mins_pct":0.036,"is_qualified":false}}]}