{"bart_player_id":127784,"seasons":[{"year":2026,"team_name":"Cal St. Northridge","team_conference":"BW","class":"Fr","raw_row":["James Evans Jr.","Cal St. Northridge","BW",32,37.3,97.4,20.3,44.6,46.61,4.4,7.7,12.6,14.1,27,45,0.6,38,95,0.4,27,81,0.333,1.6,2.1,25.6,"Fr","6-6",5,0.315455,98.4651,3.9,2026,127784,"Wichita, KS",71.4,1.51857445,22,52,16,43,0.4231,0.3721,2,4,"0.5000",null,109.981,112.161,1.14879,86.3835,-2.46566,-1.1827,-1.28296,-1.88716,15.2382,-1.4904,-0.396762,0.6765,1.2353,1.9118,1.2059,0.6176,0.1765,5.9706,"Wing G",8.91358,"2005-10-15"],"games":32,"notes":"Wing G","projection":8.9136,"advanced_stats":{"tov_pg":0.7941176470588235,"usage_pct":0.23241176470588243,"plus_minus_pg":1.1176470588235294,"mins_pct":0.379,"is_qualified":true}}]}