{"bart_player_id":127771,"seasons":[{"year":2025,"team_name":"Niagara","team_conference":"MAAC","class":"So","raw_row":["Damondre McKnight","Niagara","MAAC",27,18.9,99.4,17,55.4,55.72,1.7,7.2,15.2,22.1,2,3,0.667,7,12,0.583,16,44,0.364,1.6,2.4,5.4,"So","6-2",6,0.112381,93.6179,4.9,2025,127771,"Mckinney, TX",null,1.28579998,6,8,1,4,"0.7500","0.2500",1,1,"1.0000",null,110.723,117.101,0.429703,35.9762,-4.43685,-1.70478,-2.73207,-4.4596,8.7143,-2.95554,-1.50406,0.1071,0.5357,0.6429,0.6429,0.3214,0.1071,2.2857,"Combo G",11.811,"2004-10-15"],"games":27,"notes":"Combo G","projection":11.811,"advanced_stats":{"tov_pg":0.5,"usage_pct":0.17282142857142854,"plus_minus_pg":-2.107142857142857,"mins_pct":0.194,"is_qualified":false}}]}