{"bart_player_id":127744,"seasons":[{"year":2026,"team_name":"Nebraska","team_conference":"B10","class":"So","raw_row":["Justin Bolis","Nebraska","B10",17,1.8,66.3,11.8,0,25.64,0,21.7,5.7,0,3,6,0.5,0,2,0,0,1,0,5.4,2.3,200,"So","6-8",7,-0.175586,59.2828,4.6,2026,127744,"Lincoln, NE",null,0.99960002,0,2,0,0,"0.0000",null,0,0,null,null,93.2908,91.5912,0.227019,5.92132,-1.26461,-6.84654,5.58193,-3.13884,1.5294,-7.13325,3.99441,"0.0000",0.2941,0.2941,0.0588,0.0588,0.0588,0.1765,"C",2.37364,"2004-10-15"],"games":17,"notes":"C","projection":2.3736,"advanced_stats":{"tov_pg":0,"usage_pct":0.13699999999999998,"plus_minus_pg":-0.8235294117647058,"mins_pct":0.019,"is_qualified":false}}]}