{"bart_player_id":127739,"seasons":[{"year":2026,"team_name":"Bryant","team_conference":"AE","class":"So","raw_row":["Khalil Williams","Bryant","AE",21,21.1,69.4,23.6,32.1,35.25,3.3,12.9,20.5,27.5,8,9,0.889,10,33,0.303,10,45,0.222,0.4,1.3,11.5,"So","6-5",2,-0.938209,69.21,3.2,2026,127739,"Washington, DC",null,0.88891723,8,24,2,9,0.3333,0.2222,0,0,null,null,115.345,122.588,0.477239,33.9024,-13.2307,-8.36699,-4.86367,-13.7003,11.0826,-8.55103,-5.14926,0.3043,1.2174,1.5217,1.0435,0.2174,0.0435,2.6957,"Combo G",11.2532,"2005-10-15"],"games":21,"notes":"Combo G","projection":11.2532,"advanced_stats":{"tov_pg":1.173913043478261,"usage_pct":0.20695652173913043,"plus_minus_pg":-3.6956521739130435,"mins_pct":0.203,"is_qualified":false}}]}