{"bart_player_id":127776,"seasons":[{"year":2025,"team_name":"Toledo","team_conference":"MAC","class":"Sr","raw_row":["Colin O'Rourke","Toledo","MAC",1,0.1,105.2,20,100,100,0,0,0,47.4,0,0,0,1,1,1,0,0,0,0,0,0,"Sr","6-8",20,0.0332002,103.447,0,2025,127776,"Plainfield, IL",null,"0.00000000",1,1,0,0,"1.0000",null,0,0,null,null,125.893,125.714,0.0147322,0.0647368,-11.1014,-4.8626,-6.2388,-24.6269,"0.7000",-15.5795,-9.04737,"0.0000","0.0000","0.0000","0.0000","0.0000","0.0000","2.0000","Wing F",0,"2002-10-15"],"games":1,"notes":"Wing F","projection":0,"advanced_stats":{"tov_pg":1,"usage_pct":1.535,"plus_minus_pg":0,"mins_pct":0.001,"is_qualified":false}}]}