{"bart_player_id":127743,"seasons":[{"year":2026,"team_name":"St. Thomas","team_conference":"Sum","class":"Fr","raw_row":["Nick Janowski","St. Thomas","Sum",31,80.6,115.7,23.7,58,59.06,3.7,14.5,12.5,9.4,68,106,0.642,137,220,0.623,59,169,0.349,0.8,1.4,27.2,"Fr","6-4",23,2.792,117.331,1.2,2026,127743,"Pewaukee, WI",73.8,"1.63634950",127,182,10,38,0.6978,0.2632,0,0,null,null,107.631,110.044,2.72061,163.465,0.474572,1.57998,-1.10541,1.74646,"31.5500",2.97452,-1.22806,"1.0000",4.1471,5.1471,2.1176,0.7353,0.2059,16.1471,"Wing G",9.70079,"2005-10-15"],"games":31,"notes":"Wing G","projection":9.7008,"advanced_stats":{"tov_pg":1.2941176470588236,"usage_pct":0.24844117647058828,"plus_minus_pg":7.147058823529412,"mins_pct":0.789,"is_qualified":true}}]}