{"bart_player_id":127798,"seasons":[{"year":2025,"team_name":"Chattanooga","team_conference":"SC","class":"Sr","raw_row":["Garrison Keeslar","Chattanooga","SC",36,71.1,129.6,12.5,54.6,57.7,4.7,15.1,17.5,9.6,43,59,0.729,48,86,0.558,31,87,0.356,1.5,2.6,34.1,"Sr","6-7",24,2.53096,115.438,3.1,2025,127798,"Green, OH",null,5.61943504,35,58,13,28,0.6034,0.4643,0,0,null,null,106.563,108.409,2.30514,190.537,3.88855,2.92697,0.961582,2.70642,28.7579,1.65857,1.04785,1.0263,3.7105,4.7368,3.1053,1.2368,0.3421,6.3421,"Wing G",4.94389,"2002-10-15"],"games":36,"notes":"Wing G","projection":4.9439,"advanced_stats":{"tov_pg":0.5526315789473685,"usage_pct":0.11165789473684211,"plus_minus_pg":5.842105263157895,"mins_pct":0.703,"is_qualified":true}}]}