{"bart_player_id":127703,"seasons":[{"year":2026,"team_name":"Detroit Mercy","team_conference":"Horz","class":"Fr","raw_row":["Tyler Spratt","Detroit Mercy","Horz",30,62.2,118.3,18.5,52.8,56.58,4.3,11.6,11.4,11.6,53,65,0.815,45,99,0.455,53,137,0.387,1.6,1.7,27.5,"Fr","6-5",1,1.80747,113.304,3.5,2026,127703,"Farmingtn Hls, MI",null,1.63328005,19,37,26,62,0.5135,0.4194,1,1,"1.0000",null,114.341,113.803,1.77542,119.831,2.11024,2.47523,-0.364986,1.43764,"24.7000",1.79119,-0.353547,1.0625,2.5625,"3.6250",1.5312,0.6875,0.3125,"9.8750","Wing G",10.5447,"2005-10-15"],"games":30,"notes":"Wing G","projection":10.5447,"advanced_stats":{"tov_pg":0.9375,"usage_pct":0.19546875000000002,"plus_minus_pg":1.46875,"mins_pct":0.617,"is_qualified":true}}]}