{"bart_player_id":127768,"seasons":[{"year":2025,"team_name":"Drake","team_conference":"MVC","class":"Sr","raw_row":["Isaiah Jackson","Drake","MVC",32,47.4,98.2,16.1,44.3,48.17,5.8,18.8,17.2,23.9,31,50,0.62,38,75,0.507,6,31,0.194,0.4,2.8,47.2,"Sr","6-3",4,0.214767,92.9471,2.9,2025,127768,"Independence, MO",null,"1.58537200",28,48,10,27,0.5833,0.3704,0,0,null,null,99.1739,97.3875,2.33155,103.604,0.293232,-1.96298,2.25621,0.51619,20.1588,-1.77801,2.2942,0.8235,2.5588,3.3824,1.9118,0.9118,0.0588,3.8235,"Wing G",3.23835,"2002-10-15"],"games":32,"notes":"Wing G","projection":3.2384,"advanced_stats":{"tov_pg":1.2058823529411764,"usage_pct":0.14500000000000002,"plus_minus_pg":5.529411764705882,"mins_pct":0.48,"is_qualified":true}}]}