{"bart_player_id":127763,"seasons":[{"year":2025,"team_name":"Eastern Illinois","team_conference":"OVC","class":"Sr","raw_row":["Blake Goodman","Eastern Illinois","OVC",5,7.1,77.9,14.4,41.7,44.85,0,3,5.1,25.8,2,2,1,3,3,1,3,15,0.2,0,2.2,11.1,"Sr","6-7",8,-1.09058,70.2096,4.5,2025,127763,"Detroit, MI",null,"0.39997200",1,1,2,2,"1.0000","1.0000",0,0,null,null,109.671,109.259,1.255,11.0626,-8.10964,-5.80724,-2.3024,-8.06819,14.7143,-7.07075,-0.997439,"0.0000",0.7143,0.7143,0.2857,0.5714,0.1429,3.7143,"Stretch 4",11.1551,"2002-10-15"],"games":5,"notes":"Stretch 4","projection":11.1551,"advanced_stats":{"tov_pg":0.7142857142857143,"usage_pct":0.16271428571428573,"plus_minus_pg":-2.2857142857142856,"mins_pct":0.082,"is_qualified":false}}]}