{"bart_player_id":127822,"seasons":[{"year":2026,"team_name":"Delaware","team_conference":"CUSA","class":"Sr","raw_row":["Bouna Kebe","Delaware","CUSA",14,6.6,84.8,15.2,42.5,41.51,0,20.5,10.6,10.3,0,1,0,7,12,0.583,1,8,0.125,7.7,0.8,5,"Sr","6-9",35,-0.28258,77.9526,2.5,2026,127822,"Dakar, Senegal",null,1.99930009,4,4,3,8,"1.0000","0.3750",1,1,"1.0000",null,110.368,113.859,0.402026,14.7129,-5.78242,-6.60635,0.82393,-3.75946,"5.7500",-4.50865,0.749193,"0.0000","1.0000","1.0000",0.2857,0.0714,0.3571,1.2143,"PF/C",6.21548,"2003-10-15"],"games":14,"notes":"PF/C","projection":6.2155,"advanced_stats":{"tov_pg":0.14285714285714285,"usage_pct":0.1822142857142857,"plus_minus_pg":-0.42857142857142855,"mins_pct":0.063,"is_qualified":false}}]}