{"bart_player_id":127854,"seasons":[{"year":2026,"team_name":"Nebraska Omaha","team_conference":"Sum","class":"So","raw_row":["Aidan Skradis","Nebraska Omaha","Sum",9,1.7,152,4.4,75,75,0,11.8,0,0,0,0,0,0,1,0,1,1,1,0,0,0,"So","6-2",12,0.216414,121.301,4.1,2026,127854,"Elkhorn, NE",null,"1.00000000",0,0,0,1,null,"0.0000",0,0,null,null,118.543,119.621,0.110301,2.45617,-7.02755,-3.38344,-3.64411,-7.11286,7.0231,-5.36708,-1.74578,"0.0000",0.6923,0.6923,0.3077,"0.0000","0.0000",1.0769,"Wing G",2.94389,"2005-10-15"],"games":9,"notes":"Wing G","projection":2.9439,"advanced_stats":{"tov_pg":0.3076923076923077,"usage_pct":0.08030769230769232,"plus_minus_pg":1.1538461538461537,"mins_pct":0.069,"is_qualified":false}}]}