{"bart_player_id":127866,"seasons":[{"year":2026,"team_name":"Florida","team_conference":"SEC","class":"Fr","raw_row":["Olivier Rioux","Florida","SEC",11,1.2,112.4,23.2,50,50.36,20.2,19,10.5,14.7,1,2,0.5,3,6,0.5,0,0,0,0,0,33.3,"Fr","7-9",32,0.1219,116.222,4.9,2026,127866,"Terrebonne, Canada","40.0","1.00000000",3,6,0,0,"0.5000",null,2,2,"1.0000",null,103.399,99.8944,0.176173,2.65377,1.43234,1.63564,-0.203295,-2.1969,1.4727,-2.06137,-0.135529,0.2727,0.2727,0.5455,0.0909,"0.0000","0.0000",0.6364,"C",0,"2005-10-15"],"games":11,"notes":"C","projection":0,"advanced_stats":{"tov_pg":0.09090909090909091,"usage_pct":0.19572727272727272,"plus_minus_pg":-1.5454545454545454,"mins_pct":0.012,"is_qualified":false}}]}