{"bart_player_id":127843,"seasons":[{"year":2025,"team_name":"Appalachian St.","team_conference":"SB","class":"Fr","raw_row":["Anthony Alston","Appalachian St.","SB",10,7.1,72.3,13.4,46.7,46.67,1.4,6.5,4.7,33.7,0,0,0,1,6,0.167,4,9,0.444,2.7,1.5,0,"Fr","6-3",8,-0.693948,65.6264,4.8,2025,127843,"Fayetteville, NC",null,0.54543471,0,1,1,5,"0.0000","0.2000",0,0,null,null,104.576,101.468,0.870885,12.2967,-5.52244,-7.05665,1.5342,-5.12601,10.2083,-5.58581,0.459793,0.1667,"1.2500",1.4167,"0.5000",0.4167,0.1667,"2.0000","Scoring PG",6.77434,"2005-10-15"],"games":10,"notes":"Scoring PG","projection":6.7743,"advanced_stats":{"tov_pg":0.9166666666666666,"usage_pct":0.19933333333333333,"plus_minus_pg":3.0833333333333335,"mins_pct":0.098,"is_qualified":false}}]}