{"bart_player_id":127834,"seasons":[{"year":2026,"team_name":"Saint Mary's","team_conference":"WCC","class":"So","raw_row":["Liam Campbell","Saint Mary's","WCC",32,36.8,129.7,13.5,65,68.07,2.1,11.7,5.5,14.4,32,40,0.8,26,51,0.51,26,49,0.531,0,1.2,40,"So","6-4",33,1.51331,121.998,2.1,2026,127834,"Meridian, ID",null,"1.00000000",14,25,12,26,"0.5600",0.4615,0,0,null,null,102.423,99.4959,1.78107,73.2073,2.85585,1.66522,1.19063,4.41667,"14.7000",2.13617,2.28049,0.2424,1.5758,1.8182,0.4545,0.3333,"0.0000",4.9091,"Wing G",6.35053,"2005-10-15"],"games":32,"notes":"Wing G","projection":6.3505,"advanced_stats":{"tov_pg":0.45454545454545453,"usage_pct":0.13051515151515153,"plus_minus_pg":4.575757575757576,"mins_pct":0.368,"is_qualified":true}}]}