{"bart_player_id":127853,"seasons":[{"year":2025,"team_name":"Houston Christian","team_conference":"Slnd","class":"Jr","raw_row":["Mason McBride","Houston Christian","Slnd",22,11.1,98,12.8,50,50.98,1.8,13.3,4.6,14.5,2,3,0.667,5,14,0.357,6,14,0.429,0,3.3,10.7,"Jr","6-3",11,-0.0255687,88.5576,3.3,2025,127853,"Manvel, TX",null,0.74985001,3,9,2,5,0.3333,"0.4000",0,0,null,null,107.044,107.625,0.505553,22.3099,-4.24941,-3.37708,-0.872336,-4.28462,5.8083,-4.80265,0.518031,0.0833,0.5833,0.6667,"0.1250",0.2917,"0.0000",1.3333,"Combo G",6.45737,"2003-10-15"],"games":22,"notes":"Combo G","projection":6.4574,"advanced_stats":{"tov_pg":0.16666666666666666,"usage_pct":0.11441666666666667,"plus_minus_pg":-0.375,"mins_pct":0.109,"is_qualified":false}}]}