{"bart_player_id":127827,"seasons":[{"year":2025,"team_name":"South Carolina St.","team_conference":"MEAC","class":"Fr","raw_row":["Roko Maric","South Carolina St.","MEAC",5,1.7,100.1,19.3,42.9,42.86,17.5,12.2,10.1,14.6,0,0,0,3,7,0.429,0,0,0,0,2.8,0,"Fr","6-10",15,0.12753,98.9672,6,2025,127827,null,null,"1.00000000",2,4,1,3,"0.5000",0.3333,0,0,null,null,101.107,101.769,0.416537,3.64829,-3.14805,-2.12007,-1.02798,-0.702817,4.2167,-0.278067,-0.424751,"0.5000",0.6667,1.1667,0.1667,0.3333,"0.0000",1.3333,"C",0,"2005-10-15"],"games":5,"notes":"C","projection":0,"advanced_stats":{"tov_pg":0.16666666666666666,"usage_pct":0.12533333333333332,"plus_minus_pg":-0.16666666666666666,"mins_pct":0.019,"is_qualified":false}}]}