{"bart_player_id":127825,"seasons":[{"year":2026,"team_name":"Dayton","team_conference":"A10","class":"Fr","raw_row":["Malcolm Thomas","Dayton","A10",26,15.3,97.2,25.1,54.8,55.91,6.5,13.6,8.1,19.6,25,44,0.568,31,55,0.564,6,18,0.333,9.3,1.3,60.3,"Fr","6-8",1,0.376859,104.899,6.5,2026,127825,"Mitchellville, MD",59.6,0.42104546,24,36,7,19,0.6667,0.3684,17,19,0.8947,null,100.532,97.8204,1.09919,43.861,-0.400761,-3.74473,3.34397,-0.570558,8.7923,-2.62922,2.05866,0.4615,"1.0000",1.4615,0.3077,0.1923,0.6538,4.0385,"PF/C",4.64246,"2005-10-15"],"games":26,"notes":"PF/C","projection":4.6425,"advanced_stats":{"tov_pg":0.7307692307692307,"usage_pct":0.24138461538461542,"plus_minus_pg":0.5,"mins_pct":0.154,"is_qualified":false}}]}