{"bart_player_id":127835,"seasons":[{"year":2026,"team_name":"Saint Mary's","team_conference":"WCC","class":"So","raw_row":["Oliver Faubert","Saint Mary's","WCC",10,1.4,0,7.3,0,0,0,0,0,45.5,0,0,0,0,2,0,0,0,0,0,3.3,0,"So","6-9",14,-0.604691,-2.33974,4.3,2026,127835,"Fort Erie, Canada",71.2,"0.00000000",0,2,0,0,"0.0000",null,0,0,null,null,101.904,102.111,0.205952,2.93107,-3.76638,-6.92805,3.16168,-10.2744,1.9636,-11.2484,0.974033,"0.0000","0.0000","0.0000","0.0000",0.0909,"0.0000",0.1818,"Combo G",0,"2005-10-15"],"games":10,"notes":"Combo G","projection":0,"advanced_stats":{"tov_pg":0.09090909090909091,"usage_pct":0.11890909090909091,"plus_minus_pg":0.18181818181818182,"mins_pct":0.016,"is_qualified":false}}]}