{"bart_player_id":127851,"seasons":[{"year":2026,"team_name":"Oregon St.","team_conference":"WCC","class":"So","raw_row":["Kaan Yarkut","Oregon St.","WCC",1,0.1,0,43.2,0,0,0,0,0,0,0,0,0,0,1,0,0,0,0,0,0,0,"So","6-6",6,-0.405585,-24.5153,0,2026,127851,"Ankara, Turkey",null,"0.00000000",0,1,0,0,"0.0000",null,0,0,null,null,121.862,117.548,0.0583652,0.0824239,-49.5538,-35.7516,-13.8022,-77.951,"1.0000",-48.9512,-28.9999,"0.0000","0.0000","0.0000","0.0000","0.0000","0.0000","0.0000","Combo G",0,"2005-10-15"],"games":1,"notes":"Combo G","projection":0,"advanced_stats":{"tov_pg":0,"usage_pct":0.599,"plus_minus_pg":0,"mins_pct":0.001,"is_qualified":false}}]}