{"bart_player_id":127859,"seasons":[{"year":2025,"team_name":"Utah Tech","team_conference":"WAC","class":"Sr","raw_row":["Hakim Byrd","Utah Tech","WAC",31,80.4,97.5,18.2,45.8,51.21,1.5,5.2,16.7,19.8,60,65,0.923,56,145,0.386,43,118,0.364,0.1,1.7,24.7,"Sr","5-10",8,0.739926,96.4115,1.4,2025,127859,"Philadelphia, PA",null,1.33329951,28,54,28,91,0.5185,0.3077,0,0,null,null,116.227,118.771,1.45128,129.449,-4.78656,-1.3276,-3.45896,-3.68807,31.8187,-1.13112,-2.55695,0.4062,"1.3750",1.7812,"2.6250",0.9375,0.0312,"9.6250","Combo G",6.88244,"2002-10-15"],"games":31,"notes":"Combo G","projection":6.8824,"advanced_stats":{"tov_pg":1.96875,"usage_pct":0.1820625,"plus_minus_pg":-5.71875,"mins_pct":0.768,"is_qualified":true}}]}