{"bart_player_id":127905,"seasons":[{"year":2025,"team_name":"Washington","team_conference":"B10","class":"Fr","raw_row":["Dylan Mansour","Washington","B10",4,0.5,0,23.4,0,0,0,20.9,0,41.5,0,0,0,0,0,0,0,2,0,0,0,0,"Fr","6-3",20,-0.4733,-1.15266,6.7,2025,127905,"Lafayette, CA",null,"0.00000000",0,0,0,0,null,null,0,0,null,null,113.211,117.504,0.0743021,0.875902,-26.0842,-19.9426,-6.14159,-39.3793,"1.4400",-27.7685,-11.6108,"0.0000","0.4000","0.4000","0.0000","0.0000","0.2000","0.0000","PF/C",19.2604,"2005-10-15"],"games":4,"notes":"PF/C","projection":19.2604,"advanced_stats":{"tov_pg":0.2,"usage_pct":0.2656,"plus_minus_pg":-0.2,"mins_pct":0.006,"is_qualified":false}}]}