{"bart_player_id":127920,"seasons":[{"year":2025,"team_name":"Arkansas Pine Bluff","team_conference":"SWAC","class":"Sr","raw_row":["Landon Johnson","Arkansas Pine Bluff","SWAC",8,3.3,87.9,17.4,45,48.48,0,0,4.9,16.7,3,5,0.6,3,4,0.75,1,6,0.167,0,2.9,50,"Sr","6-0",10,-0.102611,83.5208,5.3,2025,127920,null,null,0.66666665,3,4,0,0,"0.7500",null,0,0,null,null,121.394,124.945,0.111975,5.45653,-11.6377,-4.72636,-6.91137,-10.4716,"4.3700",-6.752,-3.71961,"0.0000","0.1000","0.1000","0.2000","0.2000","0.0000","1.4000","Combo G",8.59343,"2002-10-15"],"games":8,"notes":"Combo G","projection":8.5934,"advanced_stats":{"tov_pg":0.3,"usage_pct":0.1695,"plus_minus_pg":-0.5,"mins_pct":0.035,"is_qualified":false}}]}