{"bart_player_id":127944,"seasons":[{"year":2026,"team_name":"Maryland","team_conference":"B10","class":"So","raw_row":["George Turkson Jr.","Maryland","B10",23,19.9,94.1,9.5,33.3,39.06,9.3,11.6,2.8,14.4,12,24,0.5,9,21,0.429,0,6,0,2.4,0,88.9,"So","6-7",11,-0.283607,85.2476,6.5,2026,127944,"Lowell, MA",77.2,"0.66653890",7,17,2,4,0.4118,"0.5000",1,1,"1.0000",null,118.382,109.496,0.990851,35.5452,-2.08689,-2.35127,0.264384,-5.16662,11.4783,-4.86805,-0.298565,0.9565,"1.0870",2.0435,0.1739,"0.0000",0.2174,1.3043,"PF/C",1.36465,"2005-10-15"],"games":23,"notes":"PF/C","projection":1.3647,"advanced_stats":{"tov_pg":0.2608695652173913,"usage_pct":0.08643478260869564,"plus_minus_pg":-3.8260869565217392,"mins_pct":0.2,"is_qualified":false}}]}