{"bart_player_id":127917,"seasons":[{"year":2025,"team_name":"Arkansas Pine Bluff","team_conference":"SWAC","class":"Jr","raw_row":["Dante Sawyer","Arkansas Pine Bluff","SWAC",29,53.6,100.3,20.2,51.1,55,4.2,8.1,9.7,18.3,52,71,0.732,86,158,0.544,7,31,0.226,0.6,1.2,37.6,"Jr","6-4",4,0.598277,97.8229,3.6,2025,127917,null,null,0.82219625,73,126,13,32,0.5794,0.4063,0,1,"0.0000",null,122.186,129.208,0.191201,85.7361,-8.08295,-3.03852,-5.04443,-6.99708,21.2839,-2.42773,-4.56935,0.8065,1.6774,2.4839,1.1935,0.5161,0.0968,8.3226,"Wing G",2.73355,"2003-10-15"],"games":29,"notes":"Wing G","projection":2.7336,"advanced_stats":{"tov_pg":1.4516129032258065,"usage_pct":0.19196774193548388,"plus_minus_pg":-6.741935483870968,"mins_pct":0.531,"is_qualified":true}}]}