{"bart_player_id":127914,"seasons":[{"year":2026,"team_name":"Stonehill","team_conference":"NEC","class":"Jr","raw_row":["Eino Montin","Stonehill","NEC",2,0.7,48.5,18,100,51.28,0,12.8,0,38.8,0,2,0,1,1,1,0,0,0,0,0,200,"Jr","6-1",12,-0.691107,46.0503,0,2026,127914,"Tuira, Finland",null,"0.00000000",1,1,0,0,"1.0000",null,0,0,null,null,108.659,110.289,0.359283,1.12828,-18.7912,-14.3523,-4.43887,-17.6612,"4.3000",-11.9382,-5.72299,"0.0000","0.5000","0.5000","0.0000","0.0000","0.0000","1.0000","Wing G",0,"2004-10-15"],"games":2,"notes":"Wing G","projection":0,"advanced_stats":{"tov_pg":0.5,"usage_pct":0.142,"plus_minus_pg":-3,"mins_pct":0.006,"is_qualified":false}}]}