{"bart_player_id":127994,"seasons":[{"year":2026,"team_name":"UC Riverside","team_conference":"BW","class":"So","raw_row":["Tyler Jones","UC Riverside","BW",28,31.7,105,11.6,44.4,48.4,2.4,8.2,11.7,12.7,14,18,0.778,6,16,0.375,17,55,0.309,0,1.6,25.4,"So","6-2",0,0.0576397,93.5898,5.7,2026,127994,"Morgan Hill, CA",null,"2.70027000",4,10,2,6,"0.4000",0.3333,0,0,null,null,114.062,115.203,0.90422,56.777,-3.15916,-1.24919,-1.90997,-4.54367,"13.3100",-4.28187,-0.261802,0.3333,"1.0000",1.3333,"0.9000",0.4333,"0.0000",2.8667,"Combo G",8.12515,"2005-10-15"],"games":28,"notes":"Combo G","projection":8.1252,"advanced_stats":{"tov_pg":0.3333333333333333,"usage_pct":0.12509999999999996,"plus_minus_pg":-2.033333333333333,"mins_pct":0.311,"is_qualified":true}}]}