{"bart_player_id":127964,"seasons":[{"year":2026,"team_name":"UC San Diego","team_conference":"BW","class":"So","raw_row":["Christopher Cox","UC San Diego","BW",4,0.3,135.5,20.9,75,75,0,29.6,0,0,0,0,0,0,1,0,1,1,1,0,0,0,"So","6-8",2,0.133523,135.123,0,2026,127964,"Salt Lake City, UT",null,"0.00000000",0,1,0,0,"0.0000",null,0,0,null,null,101.014,104.393,0.0936108,0.6936,-6.13591,0.9933,-7.12921,13.3967,1.3167,12.677,0.719694,0.1667,0.1667,0.3333,"0.0000","0.0000","0.0000","0.5000","Wing F",14.8727,"2005-10-15"],"games":4,"notes":"Wing F","projection":14.8727,"advanced_stats":{"tov_pg":0,"usage_pct":0.1885,"plus_minus_pg":-1,"mins_pct":0.006,"is_qualified":false}}]}