{"bart_player_id":127938,"seasons":[{"year":2026,"team_name":"Illinois Chicago","team_conference":"MVC","class":"Fr","raw_row":["Carlos Harris III","Illinois Chicago","MVC",1,0.2,223.2,5.9,0,0,0,0,67.4,0,0,0,0,0,0,0,0,0,0,0,0,0,"Fr","6-1",3,0.653865,174.296,0,2026,127938,"Chicago, IL",40.2,4.00030008,null,null,null,null,null,null,null,null,null,null,117.604,125.344,0.0720198,0.197403,-26.3806,-8.45747,-17.9231,3.98961,6.8333,3.41483,0.574776,"0.0000",0.3333,0.3333,1.3333,"0.0000","0.0000",1.3333,"Pure PG",0,"2005-10-15"],"games":1,"notes":"Pure PG","projection":0,"advanced_stats":{"tov_pg":0.3333333333333333,"usage_pct":0.08533333333333333,"plus_minus_pg":2.3333333333333335,"mins_pct":0.014,"is_qualified":false}}]}