{"bart_player_id":127930,"seasons":[{"year":2025,"team_name":"Mount St. Mary's","team_conference":"MAAC","class":"Jr","raw_row":["Javon Ervin","Mount St. Mary's","MAAC",33,36,84.4,23.7,39.5,43.98,5.1,11.2,14.1,22.6,38,55,0.691,46,115,0.4,13,51,0.255,1,1.2,33.1,"Jr","6-3",23,-0.175546,86.4633,3.4,2025,127930,"Tacoma, WA",null,0.69998639,25,60,21,55,0.4167,0.3818,0,0,null,null,106.645,110.974,1.10145,81.5868,-7.96037,-5.81464,-2.14573,-6.97868,15.4559,-5.08087,-1.89781,0.6176,1.5882,2.2059,1.0294,0.3235,0.1176,5.0588,"Wing G",5.92146,"2003-10-15"],"games":33,"notes":"Wing G","projection":5.9215,"advanced_stats":{"tov_pg":1.4705882352941178,"usage_pct":0.23605882352941177,"plus_minus_pg":-1.6470588235294117,"mins_pct":0.36,"is_qualified":true}}]}