{"bart_player_id":127971,"seasons":[{"year":2025,"team_name":"Hawaii","team_conference":"BW","class":"Fr","raw_row":["Jacopo Van der Knaap","Hawaii","BW",1,0.1,0,0,0,0,0,0,0,0,0,0,0,0,0,0,0,0,0,0,0,0,"Fr","6-5",11,-0.234708,-6.84831,0,2025,127971,"Verona, Italy",null,"0.00000000",null,null,null,null,null,null,null,null,null,null,115.612,103.373,0.0689994,0.0725282,-4.05822,-3.33109,-0.727131,-8.73151,"1.0000",-5.48394,-3.24757,"0.0000","0.0000","0.0000","0.0000","0.0000","0.0000","1.5000","PF/C",0,"2003-03-11"],"games":1,"notes":"PF/C","projection":0,"advanced_stats":{"tov_pg":0,"usage_pct":0.4135,"plus_minus_pg":1,"mins_pct":0.002,"is_qualified":false}}]}