{"bart_player_id":128073,"seasons":[{"year":2025,"team_name":"Saint Louis","team_conference":"A10","class":"Fr","raw_row":["Dylan Warlick","Saint Louis","A10",24,17.5,111.3,13.4,51.5,56.85,7.9,9.8,6.8,17.6,15,21,0.714,10,21,0.476,5,13,0.385,1.9,0.8,61.8,"Fr","6-5",33,0.450293,103.74,4.4,2025,128073,"Edmond, OK",null,0.90909093,9,17,1,4,0.5294,"0.2500",0,0,null,null,109.424,107.008,0.798961,34.2346,-1.95362,-1.27247,-0.681141,-1.86344,"10.0280",-1.79073,-0.0727108,"0.6400","1.0000","1.6400","0.4000","0.1200","0.1600","2.3600","Wing F",3.38679,"2005-10-15"],"games":24,"notes":"Wing F","projection":3.3868,"advanced_stats":{"tov_pg":0.44,"usage_pct":0.11164000000000002,"plus_minus_pg":-0.64,"mins_pct":0.183,"is_qualified":false}}]}