{"bart_player_id":128041,"seasons":[{"year":2026,"team_name":"Bethune Cookman","team_conference":"SWAC","class":"Fr","raw_row":["William Gonzalez","Bethune Cookman","SWAC",4,0.3,0,14.8,0,0,0,0,0,100,0,0,0,0,0,0,0,0,0,0,0,0,"Fr","6-6",22,-0.305467,-0.295809,0,2026,128041,"Chicago, IL",null,"1.00000000",null,null,null,null,null,null,null,null,null,null,119.643,114.128,0.066721,0.316205,-19.7988,-17.9713,-1.8275,-26.7046,"2.6400",-16.3753,-10.3293,"0.0000","0.0000","0.0000","0.2000","0.0000","0.0000","1.8000","PF/C",0,"2005-10-15"],"games":4,"notes":"PF/C","projection":0,"advanced_stats":{"tov_pg":0.2,"usage_pct":0.0988,"plus_minus_pg":1.6,"mins_pct":0.01,"is_qualified":false}}]}