{"bart_player_id":128000,"seasons":[{"year":2026,"team_name":"Niagara","team_conference":"MAAC","class":"Fr","raw_row":["Landon Williams","Niagara","MAAC",26,45.6,93.9,13.9,54.1,54.88,0.5,13.7,8.2,21.4,6,8,0.75,21,41,0.512,26,70,0.371,2.1,1.8,7.2,"Fr","6-4",10,-0.571238,84.2764,2.2,2026,128000,"Farmington Hills, MI",null,0.96147454,11,19,10,22,0.5789,0.4545,1,1,"1.0000",null,113.476,117.951,1.159,82.2978,-4.39314,-3.63505,-0.758089,-4.0472,"20.8000",-2.83935,-1.20785,0.1111,2.3333,2.4444,0.9259,0.5556,0.4815,"5.0370","Wing G",8.34256,"2005-10-15"],"games":26,"notes":"Wing G","projection":8.3426,"advanced_stats":{"tov_pg":0.9629629629629629,"usage_pct":0.15914814814814818,"plus_minus_pg":-2.6666666666666665,"mins_pct":0.466,"is_qualified":true}}]}