{"bart_player_id":128039,"seasons":[{"year":2026,"team_name":"Tennessee Martin","team_conference":"OVC","class":"Fr","raw_row":["Pedro Santos","Tennessee Martin","OVC",28,43.8,100.4,20.3,47.8,49.28,7.5,15,8.9,16.9,18,27,0.667,56,115,0.487,21,68,0.309,0.5,4.9,14.8,"Fr","6-7",9,0.361533,97.9189,4.1,2026,128039,"Porto, Portugal",null,0.59463759,31,55,25,60,0.5636,0.4167,4,5,"0.8000",null,92.2451,98.2932,2.3496,118.394,-1.17202,-2.68772,1.5157,-0.0708649,18.3839,-2.5788,2.50794,1.2903,2.7742,4.0645,0.7097,1.6452,0.0645,6.9355,"Wing G",7.78482,"2005-10-15"],"games":28,"notes":"Wing G","projection":7.7848,"advanced_stats":{"tov_pg":1.1935483870967742,"usage_pct":0.24000000000000002,"plus_minus_pg":2.161290322580645,"mins_pct":0.43,"is_qualified":true}}]}