{"bart_player_id":128095,"seasons":[{"year":2025,"team_name":"NJIT","team_conference":"AE","class":"Fr","raw_row":["Stefan Jimenez-Vojnic","NJIT","AE",14,5.5,89.9,15.3,54.5,52.31,13.3,5.2,3.2,29.7,1,3,0.333,6,11,0.545,0,0,0,1.6,0,27.3,"Fr","6-11",13,-0.139801,81.1174,10.4,2025,128095,"Toronto, Canada",null,0.16674999,6,11,0,0,0.5455,null,0,0,null,null,116.056,121.621,0.164011,7.78414,-9.01753,-5.66205,-3.35548,-13.0404,4.8067,-10.3085,-2.73189,0.6667,0.2667,0.9333,0.0667,"0.0000",0.0667,1.1333,"C",0,"2005-11-23"],"games":14,"notes":"C","projection":0,"advanced_stats":{"tov_pg":0.4,"usage_pct":0.12646666666666664,"plus_minus_pg":-0.06666666666666667,"mins_pct":0.058,"is_qualified":false}}]}