{"bart_player_id":128007,"seasons":[{"year":2025,"team_name":"East Carolina","team_conference":"Amer","class":"Jr","raw_row":["Trevion LaBeaux","East Carolina","Amer",29,48.9,112.8,9.1,52.3,52.65,8.6,13.4,7.7,19.1,13,25,0.52,21,40,0.525,9,26,0.346,5.1,1.9,37.9,"Jr","6-3",24,0.334398,94.3531,2.6,2025,128007,"Waterloo, IA",null,1.47623267,19,34,2,6,0.5588,0.3333,2,2,"1.0000",null,107.707,107.037,1.80887,107.702,1.80313,-0.802594,2.60573,-0.130147,21.1355,-1.2996,1.16945,1.6129,2.4194,4.0323,"1.0000",0.6774,"1.0000","3.0000","Wing G",2.49365,"2003-10-15"],"games":29,"notes":"Wing G","projection":2.4937,"advanced_stats":{"tov_pg":0.6774193548387096,"usage_pct":0.08077419354838711,"plus_minus_pg":-1.2903225806451613,"mins_pct":0.487,"is_qualified":true}}]}