{"bart_player_id":128025,"seasons":[{"year":2025,"team_name":"UC Irvine","team_conference":"BW","class":"Fr","raw_row":["Berk Can Akin","UC Irvine","BW",28,17.9,75.6,15.3,31.7,34.99,1.8,10.8,8.2,15,9,13,0.692,12,31,0.387,7,40,0.175,0.8,1.7,18.3,"Fr","6-4",7,-0.676205,69.7448,3.6,2025,128025,"Istanbul, Turkey",null,"1.00000000",7,17,5,14,0.4118,0.3571,0,0,null,null,98.1447,98.879,1.11045,49.3339,-4.26869,-5.1072,0.838507,-5.94768,9.7207,-6.59902,0.651338,0.1379,1.1034,1.2414,0.4483,0.2759,"0.0690","1.9310","Wing G",8.32608,"2005-09-19"],"games":28,"notes":"Wing G","projection":8.3261,"advanced_stats":{"tov_pg":0.4482758620689655,"usage_pct":0.15955172413793103,"plus_minus_pg":1.6551724137931034,"mins_pct":0.177,"is_qualified":false}}]}