{"bart_player_id":128036,"seasons":[{"year":2025,"team_name":"Tennessee Martin","team_conference":"OVC","class":"Fr","raw_row":["Lucas Williams","Tennessee Martin","OVC",5,0.7,55.8,5.7,0,0,12.2,13.3,0,0,0,0,0,0,0,0,0,1,0,0,0,0,"Fr","6-4",22,-0.285519,43.028,0,2025,128036,"Altamonte Springs, FL",null,0.71450002,0,0,0,0,null,null,0,0,null,null,113.693,117.93,0.0845789,1.12569,-12.1421,-5.89131,-6.25082,-11.613,4.2714,-5.24244,-6.37058,0.2857,0.2857,0.5714,0.1429,0.2857,"0.0000",1.1429,"Wing G",6.91463,"2005-10-15"],"games":5,"notes":"Wing G","projection":6.9146,"advanced_stats":{"tov_pg":0,"usage_pct":0.11271428571428573,"plus_minus_pg":1.8571428571428572,"mins_pct":0.022,"is_qualified":false}}]}