{"bart_player_id":128083,"seasons":[{"year":2025,"team_name":"New Orleans","team_conference":"Slnd","class":"Fr","raw_row":["Jackson Sowards","New Orleans","Slnd",11,1.1,95.3,16.8,33.3,40.82,7.4,7.8,0,0,2,4,0.5,1,3,0.333,0,0,0,0,4.1,133.3,"Fr","6-7",32,0.0164801,93.4582,0,2025,128083,"Tulsa, OK",null,"0.00000000",1,1,0,2,"1.0000","0.0000",0,0,null,null,116.415,112.811,0.0849659,2.50055,-9.19923,-3.82403,-5.3752,-3.42411,1.2909,-0.584874,-2.83924,0.0909,0.0909,0.1818,"0.0000",0.0909,"0.0000",0.3636,"Wing G",0,"2005-10-15"],"games":11,"notes":"Wing G","projection":0,"advanced_stats":{"tov_pg":0,"usage_pct":0.17372727272727273,"plus_minus_pg":0.36363636363636365,"mins_pct":0.011,"is_qualified":false}}]}