{"bart_player_id":128030,"seasons":[{"year":2025,"team_name":"Georgetown","team_conference":"BE","class":"Fr","raw_row":["Thomas Sorber","Georgetown","BE",24,55.3,111.8,24.2,54.4,58.02,9.5,21.9,15.6,17.4,76,105,0.724,127,213,0.596,6,37,0.162,7.6,2.7,42,"Fr","6-10",35,3.3123,120.227,2.8,2025,128030,"Trenton, NJ",91.4,1.07408884,103,150,24,63,0.6867,"0.3810",21,22,0.9545,15,95.5895,94.3977,4.06652,175.737,7.52948,1.49932,6.03016,7.28073,"31.3500",3.28357,3.99715,2.6667,5.7917,8.4583,2.4167,1.4583,2.0417,"14.5000","PF/C",2.88669,"2005-12-25"],"games":24,"notes":"PF/C","projection":2.8867,"advanced_stats":{"tov_pg":2.25,"usage_pct":0.23541666666666672,"plus_minus_pg":8.166666666666666,"mins_pct":0.552,"is_qualified":true}}]}