{"bart_player_id":128054,"seasons":[{"year":2026,"team_name":"Fresno St.","team_conference":"MWC","class":"So","raw_row":["Makhan Diouf","Fresno St.","MWC",17,5.5,70.9,26.1,29.5,37.51,10.3,24.9,8.1,29.2,6,7,0.857,5,11,0.455,1,11,0.091,8.8,1.7,31.8,"So","6-11",5,-0.226321,76.0865,6.5,2026,128054,"Dakar, Senegal",null,"0.25003750",5,6,0,5,0.8333,"0.0000",2,2,"1.0000",null,98.5046,97.0915,0.51816,16.3821,-4.9141,-9.26035,4.34625,-6.63373,4.7389,-8.89189,2.25816,0.3333,"1.0000",1.3333,0.1667,0.1111,0.3333,1.0556,"PF/C",9.30171,"2005-10-15"],"games":17,"notes":"PF/C","projection":9.3017,"advanced_stats":{"tov_pg":0.6666666666666666,"usage_pct":0.2455294117647059,"plus_minus_pg":-0.9444444444444444,"mins_pct":0.067,"is_qualified":false}}]}