{"bart_player_id":128163,"seasons":[{"year":2025,"team_name":"The Citadel","team_conference":"SC","class":"Sr","raw_row":["Brody Fox","The Citadel","SC",26,81.9,91.5,29.5,47.9,49.21,3.1,15.6,18,16.8,100,195,0.513,144,279,0.516,8,47,0.17,0,2.2,59.8,"Sr","6-6",10,0.996162,98.5376,2.7,2025,128163,"Mahtomedi, MN",null,0.92105167,114,196,30,83,0.5816,0.3614,18,18,"1.0000",null,114.811,116.896,1.69272,143.4,-6.03907,-3.18262,-2.85646,-4.10979,"32.1000",-1.84521,-2.26459,0.8667,4.2667,5.1333,2.3333,1.2667,"0.0000",16.6667,"Wing G",3.2887,"2002-10-15"],"games":26,"notes":"Wing G","projection":3.2887,"advanced_stats":{"tov_pg":2.533333333333333,"usage_pct":0.3038,"plus_minus_pg":-7.533333333333333,"mins_pct":0.792,"is_qualified":true}}]}