{"bart_player_id":128108,"seasons":[{"year":2025,"team_name":"Utah Valley","team_conference":"WAC","class":"Jr","raw_row":["Majer Sullivan","Utah Valley","WAC",6,0.9,99.6,14.1,100,76.92,0,9.6,15.8,35.7,1,2,0.5,1,1,1,0,0,0,0,0,200,"Jr","6-8",32,0.00276726,90.1989,21.1,2025,128108,"Sacramento, CA",null,"1.00000000",1,1,0,0,"1.0000",null,0,0,null,null,105.004,105.148,0.175577,1.63815,-6.06428,-3.60954,-2.45474,-11.7266,"3.2750",-14.9528,3.22619,"0.0000","0.3750","0.3750","0.1250","0.0000","0.0000","0.8750","C",0,"2003-10-15"],"games":6,"notes":"C","projection":0,"advanced_stats":{"tov_pg":0.1111111111111111,"usage_pct":0.21237499999999998,"plus_minus_pg":1.6666666666666667,"mins_pct":0.019,"is_qualified":false}}]}