{"bart_player_id":128106,"seasons":[{"year":2025,"team_name":"Georgia St.","team_conference":"SB","class":"Fr","raw_row":["Jason Jackson","Georgia St.","SB",10,3.6,87.1,16,27.8,44.62,0,2.2,10.3,23,6,7,0.857,1,3,0.333,1,6,0.167,0,2.5,77.8,"Fr","6-4",0,-0.129114,81.8455,4.3,2025,128106,"Sarasota, FL",59.4,"1.00000000",1,3,0,0,0.3333,null,0,0,null,null,116.648,116.141,0.254497,6.69397,-7.77845,-3.72921,-4.04924,-6.39638,"4.6900",-4.92044,-1.47594,"0.0000","0.1000","0.1000","0.3000","0.2000","0.0000","1.1000","Scoring PG",7.46531,"2004-02-03"],"games":10,"notes":"Scoring PG","projection":7.4653,"advanced_stats":{"tov_pg":0.3,"usage_pct":0.1391,"plus_minus_pg":-1.6,"mins_pct":0.035,"is_qualified":false}}]}