{"bart_player_id":128167,"seasons":[{"year":2025,"team_name":"Minnesota","team_conference":"B10","class":"So","raw_row":["Max Sheridan","Minnesota","B10",1,0.1,0,0,0,0,0,0,0,0,0,0,0,0,0,0,0,0,0,0,0,0,"So","5-11",7,-0.333364,-6.29117,0,2025,128167,"Los Angeles, CA",null,"0.00000000",null,null,null,null,null,null,null,null,null,null,119.029,130.004,0.00616069,0.0784199,-3.99023,-3.22952,-0.760709,-13.0511,"1.0000",-7.78493,-5.26615,"0.0000","0.0000","0.0000","0.0000","0.0000","0.0000","0.0000","PF/C",0,"2004-10-15"],"games":1,"notes":"PF/C","projection":0,"advanced_stats":{"tov_pg":0,"usage_pct":0,"plus_minus_pg":-2,"mins_pct":0.001,"is_qualified":false}}]}