{"bart_player_id":128129,"seasons":[{"year":2025,"team_name":"Austin Peay","team_conference":"ASun","class":"Fr","raw_row":["Bowen Hammer","Austin Peay","ASun",9,1.6,113,14,50,50,0,12.2,9.7,0,0,0,0,0,0,0,2,6,0.333,5.5,0,0,"Fr","6-8",22,0.0875355,101.075,6,2025,128129,"Santa Clara, UT",null,0.81809997,0,0,0,0,null,null,0,0,null,null,114.821,116.321,0.119798,2.89198,-2.79055,-0.785379,-2.00518,-0.488812,2.2909,-0.224443,-0.264369,"0.0000",0.1818,0.1818,0.0909,"0.0000",0.0909,0.5455,"Stretch 4",17.7753,"2005-10-15"],"games":9,"notes":"Stretch 4","projection":17.7753,"advanced_stats":{"tov_pg":0,"usage_pct":0.07336363636363635,"plus_minus_pg":-1.0909090909090908,"mins_pct":0.019,"is_qualified":false}}]}