{"bart_player_id":128172,"seasons":[{"year":2025,"team_name":"Chattanooga","team_conference":"SC","class":"Fr","raw_row":["Liam Vitters","Chattanooga","SC",7,0.4,139.2,16.4,100,76.92,0,22.9,0,0,1,2,0.5,1,1,1,0,0,0,0,0,200,"Fr","6-5",20,0.0985023,127.992,0,2025,128172,"Arlington, VA",null,"1.00000000",1,1,0,0,"1.0000",null,0,0,null,null,110.556,115.173,0.0428072,0.788968,-8.73497,-0.938361,-7.79661,1.155,1.3778,2.74102,-1.58601,0.1111,0.2222,0.3333,0.1111,"0.0000","0.0000",0.5556,"Wing G",0,"2005-10-15"],"games":7,"notes":"Wing G","projection":0,"advanced_stats":{"tov_pg":0.1111111111111111,"usage_pct":0.17622222222222222,"plus_minus_pg":-0.8888888888888888,"mins_pct":0.008,"is_qualified":false}}]}