{"bart_player_id":128180,"seasons":[{"year":2025,"team_name":"Northwestern St.","team_conference":"Slnd","class":"Jr","raw_row":["Dontae Walker","Northwestern St.","Slnd",3,1.4,21.5,17.4,0,0,14.3,14,0,0,0,2,0,0,3,0,0,2,0,0,0,40,"Jr","6-6",6,-1.32975,20.5236,4.8,2025,128180,"Bronx, NY",null,"0.75000000",0,3,0,0,"0.0000",null,0,0,null,null,112.009,115.443,0.31367,2.16337,-21.6788,-12.5201,-9.15871,-19.8873,"7.3750",-12.969,-6.91827,"0.5000","0.7500","1.2500","0.2500","0.5000","0.0000","0.0000","PF/C",7.35408,"2003-10-15"],"games":3,"notes":"PF/C","projection":7.3541,"advanced_stats":{"tov_pg":0,"usage_pct":0.126,"plus_minus_pg":-0.25,"mins_pct":0.023,"is_qualified":false}}]}