{"bart_player_id":128112,"seasons":[{"year":2025,"team_name":"South Carolina","team_conference":"SEC","class":"Fr","raw_row":["Weston Coggeshall","South Carolina","SEC",2,0.2,0,0,0,0,0,37.7,0,0,0,0,0,0,0,0,0,0,0,0,0,0,"Fr","6-2",4,-0.534476,-6.4882,0,2025,128112,"Charleston, SC",null,"0.00000000",null,null,null,null,null,null,null,null,null,null,103.933,94.012,0.209683,0.606722,-8.11992,-6.6949,-1.42502,-4.38172,"1.6000",-5.93976,1.55805,"0.0000","0.5000","0.5000","0.0000","0.0000","0.0000","0.0000","PF/C",0,"2005-10-15"],"games":2,"notes":"PF/C","projection":0,"advanced_stats":{"tov_pg":0,"usage_pct":0,"plus_minus_pg":0.5,"mins_pct":0.002,"is_qualified":false}}]}