{"bart_player_id":128161,"seasons":[{"year":2025,"team_name":"Furman","team_conference":"SC","class":"Sr","raw_row":["Nick Anderson","Furman","SC",32,79.6,122.4,19.8,57.7,61.38,1.3,5.7,13.5,10.1,80,93,0.86,69,124,0.556,87,222,0.392,0,1.8,26.9,"Sr","6-3",7,3.36249,120.22,1.9,2025,128161,"Schererville, IN",null,"2.24995150",26,40,43,84,"0.6500",0.5119,0,0,null,null,111.088,112.463,2.13371,141.204,0.725238,3.31998,-2.59474,1.61211,31.3171,2.74688,-1.13477,0.3429,1.8286,2.1714,2.3143,0.9429,0.0571,14.6286,"Combo G",13.0019,"2002-10-15"],"games":32,"notes":"Combo G","projection":13.0019,"advanced_stats":{"tov_pg":1.0285714285714285,"usage_pct":0.2090571428571428,"plus_minus_pg":6.685714285714286,"mins_pct":0.775,"is_qualified":true}}]}