{"bart_player_id":128166,"seasons":[{"year":2026,"team_name":"Minnesota","team_conference":"B10","class":"So","raw_row":["Grayson Grove","Minnesota","B10",32,49.3,117.5,11.8,62,56.59,5.5,14,15.9,12.3,9,36,0.25,52,77,0.675,5,19,0.263,3.8,3.2,37.5,"So","6-9",2,1.12281,108.274,4.5,2026,128166,"Alexandria, MN",42.2,3.53284988,47,68,5,9,0.6912,0.5556,11,13,0.8462,null,104.135,97.0463,2.63453,124.564,5.71457,0.695029,5.01954,4.26539,20.5813,-0.527775,4.79317,"0.8750",2.2812,3.1562,1.6562,1.0312,"0.6250","4.0000","Wing F",1.83559,"2005-10-15"],"games":32,"notes":"Wing F","projection":1.8356,"advanced_stats":{"tov_pg":0.46875,"usage_pct":0.10737500000000001,"plus_minus_pg":0.6875,"mins_pct":0.493,"is_qualified":true}}]}