{"bart_player_id":128291,"seasons":[{"year":2025,"team_name":"Drake","team_conference":"MVC","class":"Sr","raw_row":["Daniel Abreu","Drake","MVC",33,83.2,120.3,15.2,52.6,58.15,6.1,8.3,6,12.5,83,105,0.79,52,98,0.531,45,129,0.349,2.8,2,46.3,"Sr","6-6",54,2.62037,112.473,3.2,2025,128291,"Springfield, MO",null,1.09373288,39,55,13,43,0.7091,0.3023,2,5,"0.4000",null,102.685,100.928,3.56226,155.196,3.98316,2.04258,1.94058,2.2981,33.2486,1.0878,1.21031,1.4286,1.8857,3.3143,"1.0000",0.9714,0.6571,10.3714,"Wing G",7.67727,"2002-10-15"],"games":33,"notes":"Wing G","projection":7.6773,"advanced_stats":{"tov_pg":0.9142857142857143,"usage_pct":0.1669142857142857,"plus_minus_pg":9.142857142857142,"mins_pct":0.816,"is_qualified":true}}]}