{"bart_player_id":128209,"seasons":[{"year":2025,"team_name":"Tarleton St.","team_conference":"WAC","class":"Fr","raw_row":["Matt Krass","Tarleton St.","WAC",8,9,80.1,23,46.1,47.62,1.2,3.7,5,24.7,3,4,0.75,7,21,0.333,7,17,0.412,0,2.8,10.5,"Fr","6-2",1,-0.210171,85.1512,1.9,2025,128209,"Gulfport, MS",null,0.16665139,1,4,6,17,"0.2500",0.3529,0,0,null,null,109.211,103.95,1.26381,14.8935,-9.00513,-6.06884,-2.93629,-4.94961,10.8273,-2.96506,-1.98455,0.3636,0.5455,0.9091,0.1818,0.5455,"0.0000",3.7273,"Combo G",9.66951,"2005-10-15"],"games":8,"notes":"Combo G","projection":9.6695,"advanced_stats":{"tov_pg":1.0909090909090908,"usage_pct":0.2695454545454545,"plus_minus_pg":-7,"mins_pct":0.093,"is_qualified":false}}]}