{"bart_player_id":128266,"seasons":[{"year":2026,"team_name":"Purdue","team_conference":"B10","class":"Fr","raw_row":["Jack Benter","Purdue","B10",38,35.6,128.2,13.7,62.8,62.91,6.7,14.9,8.7,13.7,14,23,0.609,22,33,0.667,36,88,0.409,0.4,1.7,19,"Fr","6-6",14,1.64106,124.721,4.1,2026,128266,"Brownstown, IN",40.6,1.82342424,16,21,6,12,0.7619,"0.5000",2,3,0.6667,null,109,99.6236,1.76236,90.5628,7.24338,5.53768,1.7057,4.92984,14.6658,3.00281,1.92702,0.7632,1.7895,2.5526,0.8158,0.3947,0.0526,4.3684,"Stretch 4",9.72607,"2005-10-20"],"games":38,"notes":"Stretch 4","projection":9.7261,"advanced_stats":{"tov_pg":0.4473684210526316,"usage_pct":0.13621052631578948,"plus_minus_pg":3.3421052631578947,"mins_pct":0.355,"is_qualified":true}}]}