{"bart_player_id":128275,"seasons":[{"year":2026,"team_name":"Eastern Michigan","team_conference":"MAC","class":"So","raw_row":["Mbaye N'Diaye","Eastern Michigan","MAC",15,2,71.4,11.1,100,100,0,23,7.3,64.9,0,0,0,2,2,1,0,0,0,0,0,0,"So","6-5",8,-0.171574,61.7163,1.6,2026,128275,"Thies, Senegal",null,"1.00000000",1,1,1,1,"1.0000","1.0000",0,0,null,null,109.725,109.49,0.139253,3.93129,-9.37958,-9.15498,-0.224599,-9.02945,2.8875,-7.1725,-1.85696,"0.0000","0.6250","0.6250",0.1875,"0.0000","0.0000","0.7500","Wing F",0,"2005-10-15"],"games":15,"notes":"Wing F","projection":0,"advanced_stats":{"tov_pg":0.1875,"usage_pct":0.1033125,"plus_minus_pg":-0.1875,"mins_pct":0.037,"is_qualified":false}}]}