{"bart_player_id":128239,"seasons":[{"year":2025,"team_name":"Western Carolina","team_conference":"SC","class":"Jr","raw_row":["Brandon Morgan","Western Carolina","SC",25,52.7,84,16.6,39,40.98,0.5,11.5,21.1,20,15,24,0.625,24,62,0.387,22,84,0.262,0.6,1.2,16.4,"Jr","6-4",5,-0.866121,78.8658,1.8,2025,128239,"Greensboro, NC",null,1.63415962,18,43,6,19,0.4186,0.3158,0,0,null,null,114.672,114.667,1.35807,90.8746,-6.11837,-4.00359,-2.11479,-6.05389,22.8429,-4.43002,-1.62387,0.1786,2.6071,2.7857,2.3929,0.6071,0.1071,5.6071,"Combo G",8.22242,"2003-10-15"],"games":25,"notes":"Combo G","projection":8.2224,"advanced_stats":{"tov_pg":1.4642857142857142,"usage_pct":0.17064285714285712,"plus_minus_pg":-4.464285714285714,"mins_pct":0.526,"is_qualified":true}}]}