{"bart_player_id":128244,"seasons":[{"year":2025,"team_name":"Eastern Kentucky","team_conference":"ASun","class":"Fr","raw_row":["Reece Holbrook","Eastern Kentucky","ASun",2,0.2,0,0,0,0,0,0,0,0,0,0,0,0,0,0,0,0,0,0,0,0,"Fr","5-11",15,-0.382957,-6.18795,0,2025,128244,"Louisville, KY",null,"0.00000000",null,null,null,null,null,null,null,null,null,null,122.173,136.728,-0.0197471,0.17734,-7.28087,-4.32431,-2.95657,-12.707,"1.3000",-7.01563,-5.69139,"0.0000","0.0000","0.0000","0.0000","0.0000","0.0000",0.3333,"PF/C",0,"2005-10-15"],"games":2,"notes":"PF/C","projection":0,"advanced_stats":{"tov_pg":0,"usage_pct":0.07333333333333333,"plus_minus_pg":-3,"mins_pct":0.003,"is_qualified":false}}]}