{"bart_player_id":128211,"seasons":[{"year":2026,"team_name":"Cincinnati","team_conference":"B12","class":"So","raw_row":["Tyler McKinley","Cincinnati","B12",25,23.1,104.5,10.5,51.2,48.59,9.8,9.8,9,19.9,2,9,0.222,21,39,0.538,0,2,0,2.2,1.5,22,"So","6-9",24,0.136658,95.5996,5,2026,128211,"Cincinnati, OH",86.8,1.45454543,16,24,5,15,0.6667,0.3333,3,5,"0.6000",null,100.36,95.641,1.63773,52.3764,3.34622,-1.07427,4.42049,0.3506,"12.2480",-2.98266,3.33326,"1.0800","1.0800","2.1600","0.6400","0.3200","0.2400","1.7600","C",0.378304,"2005-10-15"],"games":25,"notes":"C","projection":0.3783,"advanced_stats":{"tov_pg":0.44,"usage_pct":0.13112000000000001,"plus_minus_pg":0.08,"mins_pct":0.232,"is_qualified":false}}]}