{"bart_player_id":128256,"seasons":[{"year":2025,"team_name":"Southern Indiana","team_conference":"OVC","class":"Jr","raw_row":["Jared Washington","Southern Indiana","OVC",13,14.5,102.8,25.6,44.1,47.29,9.5,7.5,6.7,7,16,26,0.615,18,36,0.5,8,32,0.25,1.3,4.3,38.2,"Jr","6-3",15,0.684613,105.324,5.6,2025,128256,"Mansfield, TX",null,1.60011193,14,23,4,13,0.6087,0.3077,0,0,null,null,105.84,110.105,0.954587,32.1996,-1.04044,1.36023,-2.40068,-0.362216,12.8714,-0.11802,-0.244196,1.0714,"1.0000",2.0714,0.5714,"1.0000",0.1429,"6.5000","Wing G",11.4119,"2003-10-15"],"games":13,"notes":"Wing G","projection":11.4119,"advanced_stats":{"tov_pg":0.35714285714285715,"usage_pct":0.22957142857142857,"plus_minus_pg":0.5,"mins_pct":0.149,"is_qualified":false}}]}