{"bart_player_id":128269,"seasons":[{"year":2025,"team_name":"Marist","team_conference":"MAAC","class":"Jr","raw_row":["Caleb Mackrey","Marist","MAAC",22,17,79.6,13.8,52.9,54.32,0,9.1,8.7,37.5,3,4,0.75,3,12,0.25,10,22,0.455,0.6,0.6,11.8,"Jr","6-3",2,-0.637216,69.9543,1.9,2025,128269,"Lake Worth, FL",null,0.58819721,3,9,0,3,0.3333,"0.0000",0,0,null,null,105.324,111.472,0.652717,27.4035,-9.68088,-7.6387,-2.04218,-8.07819,9.3682,-6.11336,-1.96483,"0.0000",0.7273,0.7273,0.4545,0.0909,0.0455,1.7727,"Combo G",6.67685,"2003-10-15"],"games":22,"notes":"Combo G","projection":6.6769,"advanced_stats":{"tov_pg":0.7727272727272727,"usage_pct":0.14459090909090913,"plus_minus_pg":-0.36363636363636365,"mins_pct":0.17,"is_qualified":false}}]}