{"bart_player_id":128279,"seasons":[{"year":2026,"team_name":"Virginia","team_conference":"ACC","class":"Fr","raw_row":["Martin Carrere","Virginia","ACC",16,4.5,79,17.5,42.3,43.01,7.1,6.6,12.5,37,1,2,0.5,4,7,0.571,1,6,0.167,3.4,0.9,15.4,"Fr","6-9",7,-0.22559,76.2146,3.7,2026,128279,"Pontonx-sur-l'Adour, France",null,0.71428571,4,7,0,0,0.5714,null,1,1,"1.0000",null,107.956,105.354,0.405199,8.83427,-2.98433,-4.50722,1.52289,-5.62414,4.0875,-4.87731,-0.746834,"0.2500","0.2500","0.5000",0.3125,0.0625,"0.1250","0.7500","Wing F",5.48912,"2005-10-15"],"games":16,"notes":"Wing F","projection":5.4891,"advanced_stats":{"tov_pg":0.4375,"usage_pct":0.2013125,"plus_minus_pg":-0.1875,"mins_pct":0.045,"is_qualified":false}}]}