{"bart_player_id":128222,"seasons":[{"year":2026,"team_name":"Fairleigh Dickinson","team_conference":"NEC","class":"So","raw_row":["Raysean Johnson","Fairleigh Dickinson","NEC",28,40.6,92.2,17,42.6,48.31,3.8,8.5,8.4,20.9,35,51,0.686,25,55,0.455,12,46,0.261,0,2.8,50.5,"So","6-1",3,-0.372878,85.9772,4.7,2026,128222,"Montgomery, NY",null,0.77772675,20,38,5,17,0.5263,0.2941,0,0,null,null,112.435,119.478,0.868611,76.452,-5.827,-3.69094,-2.13605,-6.98975,17.5355,-6.174,-0.815747,0.5484,1.2903,1.8387,0.6774,0.8387,"0.0000",4.5806,"Combo G",6.055,"2005-10-15"],"games":28,"notes":"Combo G","projection":6.055,"advanced_stats":{"tov_pg":0.8709677419354839,"usage_pct":0.15929032258064518,"plus_minus_pg":-0.2903225806451613,"mins_pct":0.422,"is_qualified":true}}]}