{"bart_player_id":128204,"seasons":[{"year":2025,"team_name":"Tarleton St.","team_conference":"WAC","class":"Fr","raw_row":["Caleb Evans","Tarleton St.","WAC",4,3.1,90.3,16.2,62.5,61.45,3.5,21.4,0,30.1,1,2,0.5,2,6,0.333,2,2,1,3.8,1.6,25,"Fr","6-4",15,-0.0791028,87.2809,2.2,2025,128204,"Houston, TX",null,0.80007201,2,3,0,3,0.6667,"0.0000",0,0,null,null,103.529,97.7697,1.07687,6.76148,-9.85019,-7.69955,-2.15065,-1.02603,"12.5500",-0.872855,-0.153179,0.3333,"2.0000",2.3333,0.6667,0.3333,0.1667,"4.0000","Wing G",3.30268,"2005-10-15"],"games":4,"notes":"Wing G","projection":3.3027,"advanced_stats":{"tov_pg":0.8333333333333334,"usage_pct":0.17683333333333331,"plus_minus_pg":1,"mins_pct":0.059,"is_qualified":false}}]}