{"bart_player_id":128282,"seasons":[{"year":2026,"team_name":"Fordham","team_conference":"A10","class":"So","raw_row":["Kingston Price","Fordham","A10",19,10.8,101,11.8,52.1,52.08,1.8,4.6,10.3,20.9,0,0,0,8,12,0.667,3,12,0.25,0,2,0,"So","6-2",10,-0.0745775,89.1375,5.7,2026,128282,"Bowie, MD",null,1.28566941,6,9,2,3,0.6667,0.6667,0,0,null,null,107.145,106.923,0.633549,17.8308,-4.37372,-3.91928,-0.454435,-5.35549,7.0727,-6.8255,1.47001,0.0909,0.3182,0.4091,0.4091,0.1818,"0.0000",1.7273,"Combo G",5.92326,"2005-10-15"],"games":19,"notes":"Combo G","projection":5.9233,"advanced_stats":{"tov_pg":0.3181818181818182,"usage_pct":0.12872727272727277,"plus_minus_pg":1.9090909090909092,"mins_pct":0.121,"is_qualified":false}}]}