{"bart_player_id":128265,"seasons":[{"year":2025,"team_name":"Sam Houston St.","team_conference":"CUSA","class":"Fr","raw_row":["Cheikh Ndiaye","Sam Houston St.","CUSA",15,12.9,85,12.4,34.6,37.4,7.8,13.2,3.6,15.7,5,10,0.5,9,25,0.36,0,1,0,3.1,1.2,38.5,"Fr","6-10",23,-0.404018,77.924,6.1,2025,128265,"Louga, Senegal",null,0.60006002,5,14,4,11,0.3571,0.3636,2,3,0.6667,null,112.316,112.614,0.653146,25.2004,-3.99502,-3.62448,-0.370542,-5.53062,10.0667,-5.17975,-0.350864,0.6667,1.1333,"1.8000","0.2000","0.2000",0.2667,1.5333,"C",0.388343,"2005-10-15"],"games":15,"notes":"C","projection":0.3883,"advanced_stats":{"tov_pg":0.3333333333333333,"usage_pct":0.10493333333333332,"plus_minus_pg":-4.6,"mins_pct":0.116,"is_qualified":false}}]}