{"bart_player_id":128296,"seasons":[{"year":2025,"team_name":"Evansville","team_conference":"MVC","class":"Fr","raw_row":["Gabriel Pozzato","Evansville","MVC",23,65.9,98.8,22.4,51.7,54.7,2.6,11.9,7.8,15.7,62,88,0.705,76,135,0.563,42,134,0.313,1.4,2.1,32.7,"Fr","6-7",0,1.46869,101.7,2.8,2025,128296,null,null,"0.66665000",66,98,10,37,0.6735,0.2703,25,26,0.9615,null,108.191,106.776,3.08039,136.144,-2.00126,-1.02836,-0.972902,-1.9613,34.9125,-0.868843,-1.09246,"0.7500","3.6250","4.3750",1.3333,1.2917,"0.3750",14.9167,"Wing G",9.81671,"2005-05-09"],"games":23,"notes":"Wing G","projection":9.8167,"advanced_stats":{"tov_pg":2,"usage_pct":0.2356666666666667,"plus_minus_pg":-2.4166666666666665,"mins_pct":0.655,"is_qualified":true}}]}