{"bart_player_id":128365,"seasons":[{"year":2025,"team_name":"Manhattan","team_conference":"MAAC","class":"Fr","raw_row":["Will Sydnor","Manhattan","MAAC",29,69.8,104.6,23.9,51.6,53.27,5.7,19.5,11,15.3,52,81,0.642,103,199,0.518,47,137,0.343,4,1.3,24.1,"Fr","6-8",9,1.69298,106.68,3.1,2025,128365,"Bronx, NY",null,0.83636069,82,125,21,74,"0.6560",0.2838,19,21,0.9048,null,107.054,112.892,1.89191,161.962,-1.96069,-0.769919,-1.19077,-1.10716,29.4867,0.670734,-1.77789,1.5333,5.2333,6.7667,1.5333,0.6667,"1.1000",13.8667,"Stretch 4",9.46478,"2005-10-15"],"games":29,"notes":"Stretch 4","projection":9.4648,"advanced_stats":{"tov_pg":1.8333333333333333,"usage_pct":0.25333333333333335,"plus_minus_pg":-0.03333333333333333,"mins_pct":0.699,"is_qualified":true}}]}