{"bart_player_id":128357,"seasons":[{"year":2026,"team_name":"Idaho St.","team_conference":"BSky","class":"Sr","raw_row":["Cheikh Sow","Idaho St.","BSky",28,39.4,95.3,11.8,33.3,45.63,7.1,16.7,3.6,20.4,35,45,0.778,18,38,0.474,2,25,0.08,2.4,2.9,71.4,"Sr","6-7",5,-0.480044,84.1803,5.1,2026,128357,"Thiès, Senegal",null,0.57888722,14,29,4,9,0.4828,0.4444,1,2,"0.5000",null,111.995,112.59,1.2766,87.9106,-2.73047,-2.98005,0.249583,-3.8599,17.0484,-4.35959,0.499696,0.9677,"2.1290",3.0968,0.3548,0.8065,0.3548,2.8387,"Wing F",3.1779,"2003-10-15"],"games":28,"notes":"Wing F","projection":3.1779,"advanced_stats":{"tov_pg":0.6129032258064516,"usage_pct":0.18096774193548387,"plus_minus_pg":0.6451612903225806,"mins_pct":0.399,"is_qualified":true}}]}