{"bart_player_id":128390,"seasons":[{"year":2026,"team_name":"Northern Colorado","team_conference":"BSky","class":"So","raw_row":["Hunter Caldwell","Northern Colorado","BSky",11,3.7,116.7,19.3,70,70,2.9,10.5,8.5,20.6,0,0,0,3,4,0.75,5,11,0.455,2.4,0,0,"So","6-10",4,0.285849,113.821,3.7,2026,128390,"Parker, CO",null,1.24991256,3,3,0,1,"1.0000","0.0000",0,0,null,null,113.348,112.686,0.288907,6.24117,-1.88226,0.404668,-2.28692,2.12069,5.4357,2.46083,-0.340144,0.2857,"0.5000",0.7857,0.3571,"0.0000",0.0714,"2.5000","Stretch 4",14.4555,"2005-10-15"],"games":11,"notes":"Stretch 4","projection":14.4555,"advanced_stats":{"tov_pg":0.2857142857142857,"usage_pct":0.188,"plus_minus_pg":-0.35714285714285715,"mins_pct":0.058,"is_qualified":false}}]}