{"bart_player_id":128303,"seasons":[{"year":2026,"team_name":"Ohio","team_conference":"MAC","class":"Fr","raw_row":["Jesse Burris","Ohio","MAC",22,16.7,87.2,18.8,42.3,44.01,3.4,9.3,2.7,14.8,5,6,0.833,12,26,0.462,12,45,0.267,1,1.1,8.5,"Fr","6-5",21,-0.24046,84.7968,4,2026,128303,"Delaware, OH",null,0.41659999,1,5,11,21,"0.2000",0.5238,0,0,null,null,116.309,117.667,0.530413,28.871,-8.12595,-4.29918,-3.82677,-7.98522,9.9792,-4.52382,-3.46139,"0.3750",0.8333,1.2083,0.2083,0.2083,0.1667,"3.3750","Wing G",12.5878,"2005-10-15"],"games":22,"notes":"Wing G","projection":12.5878,"advanced_stats":{"tov_pg":0.5,"usage_pct":0.1874166666666667,"plus_minus_pg":0.20833333333333334,"mins_pct":0.185,"is_qualified":false}}]}