{"bart_player_id":128371,"seasons":[{"year":2026,"team_name":"Quinnipiac","team_conference":"MAAC","class":"Fr","raw_row":["Samson Reilly","Quinnipiac","MAAC",27,17.6,122.2,16.4,59.2,59.33,1,7.3,8,9.5,3,5,0.6,3,14,0.214,28,62,0.452,0,1,6.6,"Fr","6-2",11,0.638425,115.022,1.8,2026,128371,"Manchester, CT",null,"2.00000000",1,6,2,8,0.1667,"0.2500",0,0,null,null,110.965,116.015,0.517223,27.8426,-3.1058,0.348068,-3.45386,-0.195285,8.8714,1.6854,-1.88069,0.0714,0.5357,0.6071,0.4286,0.1786,"0.0000",4.3571,"Combo G",16.2167,"2005-10-15"],"games":27,"notes":"Combo G","projection":16.2167,"advanced_stats":{"tov_pg":0.21428571428571427,"usage_pct":0.20292857142857143,"plus_minus_pg":0.07142857142857142,"mins_pct":0.193,"is_qualified":false}}]}