{"bart_player_id":128343,"seasons":[{"year":2025,"team_name":"Tarleton St.","team_conference":"WAC","class":"Sr","raw_row":["Marty Silvera","Tarleton St.","WAC",10,11.7,73,20.2,40.7,45.45,1.9,12.5,28.3,38.9,6,8,0.75,8,18,0.444,2,9,0.222,1,6.6,29.6,"Sr","6-0",6,-0.823075,72.3253,2.9,2025,128343,"Worcester, MA",null,0.86957771,6,14,2,4,0.4286,"0.5000",0,0,null,null,97.0168,100.643,1.46831,31.8717,-2.72951,-5.71984,2.99033,-2.97888,14.7364,-6.09574,3.11686,0.1818,1.5455,1.7273,1.8182,1.5455,0.0909,3.1818,"Pure PG",3.93781,"2000-07-27"],"games":10,"notes":"Pure PG","projection":3.9378,"advanced_stats":{"tov_pg":2.090909090909091,"usage_pct":0.2647272727272727,"plus_minus_pg":-0.36363636363636365,"mins_pct":0.127,"is_qualified":false}}]}