{"bart_player_id":128381,"seasons":[{"year":2026,"team_name":"Northern Colorado","team_conference":"BSky","class":"So","raw_row":["Walker Asp","Northern Colorado","BSky",2,0.4,68.2,14.1,0,0,29.4,0,0,0,0,0,0,0,0,0,0,1,0,0,0,0,"So","6-8",0,-0.211578,61.5184,0,2026,128381,"Colorado Springs, CO",null,"1.00000000",0,0,0,0,null,null,0,0,null,null,118.48,122.385,0.0821844,0.434158,-12.871,-4.41749,-8.45353,-12.0465,5.5333,-4.04236,-8.00416,0.3333,0.6667,"1.0000",0.3333,"0.0000",0.6667,"1.0000","C",12.1558,"2005-10-15"],"games":2,"notes":"C","projection":12.1558,"advanced_stats":{"tov_pg":0.3333333333333333,"usage_pct":0.09266666666666667,"plus_minus_pg":1,"mins_pct":0.012,"is_qualified":false}}]}