{"bart_player_id":128354,"seasons":[{"year":2025,"team_name":"Manhattan","team_conference":"MAAC","class":"Fr","raw_row":["Alijah Curry","Manhattan","MAAC",16,8.8,99.4,11.5,56.3,56.05,6.3,13.5,8.2,28.6,1,2,0.5,6,11,0.545,2,5,0.4,1.1,1.7,12.5,"Fr","6-8",6,-0.106126,85.1205,4.1,2025,128354,"Memphis, TN",47.6,0.71418161,3,6,3,5,"0.5000","0.6000",0,0,null,null,110.256,114.809,0.386575,17.7762,-5.07023,-3.30409,-1.76614,-3.6923,7.0824,-3.07266,-0.619641,0.3529,0.7647,1.1176,0.2941,0.1765,0.0588,1.1176,"Wing F",2.73989,"2005-10-15"],"games":16,"notes":"Wing F","projection":2.7399,"advanced_stats":{"tov_pg":0.4117647058823529,"usage_pct":0.09411764705882353,"plus_minus_pg":-0.058823529411764705,"mins_pct":0.095,"is_qualified":false}}]}