{"bart_player_id":128319,"seasons":[{"year":2025,"team_name":"Pacific","team_conference":"WCC","class":"Fr","raw_row":["Solomon Ominu","Pacific","WCC",13,7.6,109.5,10.9,66.7,62.61,10.9,15.4,2.1,22.8,2,5,0.4,8,12,0.667,0,0,0,11.1,0.6,41.7,"Fr","6-8",9,0.139612,95.3554,5.1,2025,128319,"Kaduna, Nigeria",null,0.33325001,8,12,0,0,0.6667,null,0,0,null,null,110.07,107.545,0.606743,17.9731,-0.135473,-3.59486,3.45939,-1.47733,7.3933,-2.6533,1.17597,0.9333,1.1333,2.0667,0.1333,0.0667,0.6667,1.4667,"C",0,"2004-08-11"],"games":13,"notes":"C","projection":0,"advanced_stats":{"tov_pg":0.4,"usage_pct":0.09539999999999998,"plus_minus_pg":-0.4,"mins_pct":0.083,"is_qualified":false}}]}