{"bart_player_id":128366,"seasons":[{"year":2026,"team_name":"West Georgia","team_conference":"ASun","class":"So","raw_row":["Eric Baldassarre","West Georgia","ASun",10,2.7,131.7,10.8,56.3,56.25,6.6,7.2,0,0,0,0,0,0,0,0,3,8,0.375,0,0,0,"So","6-4",12,0.222463,111.914,3.7,2026,128366,"Lancaster, PA",null,"0.00000000",0,0,0,0,null,null,0,0,null,null,121.348,121.091,0.151112,3.46807,-7.01067,-0.568527,-6.44214,-3.86145,"4.1000",-0.199477,-3.66197,0.1667,"0.2500",0.4167,"0.0000",0.0833,0.0833,"2.0000","Wing G",13.9013,"2005-10-15"],"games":10,"notes":"Wing G","projection":13.9013,"advanced_stats":{"tov_pg":0,"usage_pct":0.11225,"plus_minus_pg":0.75,"mins_pct":0.038,"is_qualified":false}}]}