{"bart_player_id":128376,"seasons":[{"year":2026,"team_name":"Sacred Heart","team_conference":"MAAC","class":"So","raw_row":["Alex Woodring","Sacred Heart","MAAC",2,0.2,0,0,0,0,0,0,0,0,0,0,0,0,0,0,0,0,0,0,0,0,"So","6-9",33,-0.425063,-5.62922,0,2026,128376,"Wyckoff, NJ",null,"0.00000000",null,null,null,null,null,null,null,null,null,null,123.843,133.216,0.00499517,0.22191,-7.80675,-4.54432,-3.26243,-9.15488,1.6333,-4.79447,-4.36041,"0.0000","0.0000","0.0000","0.0000","0.0000","0.0000","0.0000","C",0,"2005-10-15"],"games":2,"notes":"C","projection":0,"advanced_stats":{"tov_pg":0,"usage_pct":0,"plus_minus_pg":-0.6666666666666666,"mins_pct":0.004,"is_qualified":false}}]}