{"bart_player_id":128384,"seasons":[{"year":2026,"team_name":"Florida Atlantic","team_conference":"Amer","class":"Fr","raw_row":["Amar Amkou","Florida Atlantic","Amer",24,23.2,112.9,21.5,52.7,58.02,7.7,9,6.4,15.4,34,44,0.773,29,54,0.537,13,38,0.342,3.2,1.4,47.8,"Fr","6-7",3,0.979708,116.042,4,2026,128384,"Thiès, Senegal",null,0.55553951,29,45,0,9,0.6444,"0.0000",3,5,"0.6000",null,108.545,107.826,1.09843,46.9753,0.355819,0.832168,-0.47635,2.1458,12.4769,2.26473,-0.118924,0.9615,1.2308,2.1923,0.3846,0.3846,0.3846,5.5385,"Wing F",7.40228,"2005-10-15"],"games":24,"notes":"Wing F","projection":7.4023,"advanced_stats":{"tov_pg":0.6923076923076923,"usage_pct":0.230576923076923,"plus_minus_pg":1.9230769230769231,"mins_pct":0.244,"is_qualified":false}}]}