{"bart_player_id":128346,"seasons":[{"year":2025,"team_name":"Mercyhurst","team_conference":"NEC","class":"Sr","raw_row":["Aidan Reichert","Mercyhurst","NEC",28,74.9,109.4,25.5,51,55.31,9,13.9,12.1,10.9,83,108,0.769,122,246,0.496,22,58,0.379,1.4,2,35.5,"Sr","6-4",32,2.40432,112.904,3.7,2025,128346,null,null,0.97724391,84,145,38,101,0.5793,0.3762,0,0,null,null,110.161,117.318,1.50354,135.968,-1.0578,1.08564,-2.14343,-1.40398,29.5645,1.19766,-2.60164,"2.1290",3.0968,5.2258,1.3871,1.0323,0.3548,13.7419,"Wing G",4.24953,"2002-10-15"],"games":28,"notes":"Wing G","projection":4.2495,"advanced_stats":{"tov_pg":1.4193548387096775,"usage_pct":0.2568064516129033,"plus_minus_pg":-0.16129032258064516,"mins_pct":0.73,"is_qualified":true}}]}