{"bart_player_id":128402,"seasons":[{"year":2025,"team_name":"Grambling St.","team_conference":"SWAC","class":"Fr","raw_row":["Dupree Fletcher","Grambling St.","SWAC",13,7.1,85.2,15.4,28.6,40,8.2,4,10.8,22.1,7,10,0.7,1,10,0.1,2,4,0.5,1.2,3.4,71.4,"Fr","5-10",1,-0.314894,76.3663,7.7,2025,128402,"Milwaukee, WI",null,"1.00000000",1,5,0,5,"0.2000","0.0000",0,0,null,null,105.432,116.491,0.35893,14.7101,-4.68467,-4.29978,-0.384899,-6.51689,6.8308,-6.90849,0.391596,0.4615,0.2308,0.6923,0.3846,0.3846,0.0769,1.1538,"Scoring PG",2.73168,"2005-10-15"],"games":13,"notes":"Scoring PG","projection":2.7317,"advanced_stats":{"tov_pg":0.38461538461538464,"usage_pct":0.23323076923076919,"plus_minus_pg":2.3076923076923075,"mins_pct":0.065,"is_qualified":false}}]}