{"bart_player_id":128442,"seasons":[{"year":2026,"team_name":"The Citadel","team_conference":"SC","class":"Fr","raw_row":["Aidan Alexander","The Citadel","SC",2,0.1,59.6,39.6,0,0,75.3,0,0,0,0,0,0,0,0,0,0,1,0,0,0,0,"Fr","6-4",12,-0.0884906,58.3659,0,2026,128442,"Charleston, SC",null,"0.00000000",0,0,0,0,null,null,0,0,null,null,129.262,137.542,-0.00826102,0.120671,-30.8432,-7.3419,-23.5013,-22.8922,"1.9000",-4.23153,-18.6606,"0.5000","0.0000","0.5000","0.0000","0.0000","0.0000","0.0000","PF/C",50.232,"2005-10-15"],"games":2,"notes":"PF/C","projection":50.232,"advanced_stats":{"tov_pg":0,"usage_pct":0.31525000000000003,"plus_minus_pg":-2.5,"mins_pct":0.006,"is_qualified":false}}]}