{"bart_player_id":128428,"seasons":[{"year":2025,"team_name":"Charleston","team_conference":"CAA","class":"Fr","raw_row":["Justas Stonkus","Charleston","CAA",32,39.5,93.1,16,48.5,51.96,2.3,9.4,5.2,20,22,26,0.846,25,63,0.397,26,69,0.377,0,1.6,19.7,"Fr","6-6",8,-0.193317,86.2525,2.5,2025,128428,"Plungė, Lithuania",null,0.58625402,18,36,7,27,"0.5000",0.2593,3,3,"1.0000",null,107.476,108.526,1.27461,81.2975,-4.49036,-3.56715,-0.923216,-4.03701,16.0576,-3.21604,-0.820969,0.3333,1.3939,1.7273,0.5152,0.4242,"0.0000",5.0303,"Wing G",7.64813,"2005-12-31"],"games":32,"notes":"Wing G","projection":7.6481,"advanced_stats":{"tov_pg":0.8787878787878788,"usage_pct":0.1775757575757576,"plus_minus_pg":0.15151515151515152,"mins_pct":0.396,"is_qualified":true}}]}