{"bart_player_id":128431,"seasons":[{"year":2025,"team_name":"Tennessee Martin","team_conference":"OVC","class":"Jr","raw_row":["Josué Grullon","Tennessee Martin","OVC",29,46.5,109.8,26.7,48.3,51.64,3.8,16.6,7.3,8.2,51,64,0.797,57,124,0.46,56,168,0.333,0.5,2.4,21.9,"Jr","6-5",10,1.73414,115.79,1.9,2025,128431,"Santo Domingo, Dominican Republic",null,0.87493332,30,65,27,59,0.4615,0.4576,0,0,null,null,106.337,111.825,1.33036,103.855,-2.60558,1.28002,-3.8856,3.45817,19.6969,4.9019,-1.44373,0.6875,2.9688,3.6562,0.6562,"0.7500","0.1250",12.1875,"Wing G",17.4873,"2001-12-27"],"games":29,"notes":"Wing G","projection":17.4873,"advanced_stats":{"tov_pg":0.75,"usage_pct":0.3038437499999999,"plus_minus_pg":-1.21875,"mins_pct":0.467,"is_qualified":true}}]}