{"bart_player_id":128443,"seasons":[{"year":2025,"team_name":"Western Illinois","team_conference":"OVC","class":"So","raw_row":["Caleb Thompson","Western Illinois","OVC",12,9.7,87.5,11.2,33.3,51.02,5.5,12.9,3.2,30.3,9,12,0.75,3,7,0.429,0,2,0,1.9,4.5,133.3,"So","6-5",10,-0.478769,74.3013,2.9,2025,128443,"Saint Charles, MO",null,0.25008752,2,5,1,2,"0.4000","0.5000",0,1,"0.0000",null,105.879,111.898,0.614977,22.1837,-3.53203,-4.28926,0.75723,-4.95362,"10.0500",-5.62698,0.673355,"0.5000",1.1429,1.6429,0.1429,0.5714,0.3571,1.2143,"Wing G",1.1237,"2004-10-15"],"games":12,"notes":"Wing G","projection":1.1237,"advanced_stats":{"tov_pg":0.5714285714285714,"usage_pct":0.07271428571428572,"plus_minus_pg":1.2142857142857142,"mins_pct":0.112,"is_qualified":false}}]}