{"bart_player_id":128439,"seasons":[{"year":2025,"team_name":"San Diego","team_conference":"WCC","class":"Fr","raw_row":["Jackson Gaffney","San Diego","WCC",14,5.8,39.7,10.5,16.7,14.9,4.2,6.5,2.3,21.5,0,3,0,2,9,0.222,0,3,0,4.6,0.8,25,"Fr","6-8",25,-1.0145,34.6161,7,2025,128439,"Villanova, PA",null,0.33317779,1,5,1,4,"0.2000","0.2500",0,1,"0.0000",null,116.107,111.842,0.366669,10.6093,-8.82833,-8.38658,-0.441752,-13.0915,"5.3000",-10.0841,-3.00744,0.2143,0.2857,"0.5000",0.0714,0.0714,0.2143,0.2857,"PF/C",2.25147,"2005-10-15"],"games":14,"notes":"PF/C","projection":2.2515,"advanced_stats":{"tov_pg":0.21428571428571427,"usage_pct":0.15642857142857142,"plus_minus_pg":-1.7142857142857142,"mins_pct":0.057,"is_qualified":false}}]}