{"bart_player_id":133693,"seasons":[{"year":2026,"team_name":"UMass Lowell","team_conference":"AE","class":"Fr","raw_row":["JJ Massaquoi","UMass Lowell","AE",27,38,100.9,25.6,48.3,51.11,9.8,9.3,5.2,14.9,43,68,0.632,87,170,0.512,0,10,0,0.4,0.9,37.8,"Fr","6-6",55,0.686554,104.093,3.7,2026,133693,"Washington, DC",null,0.32356835,81,157,6,13,0.5159,0.4615,5,5,"1.0000",null,116.433,121.733,0.739827,62.4004,-8.28864,-3.18508,-5.10357,-5.12504,16.7533,-1.45226,-3.67278,"1.5000",1.3333,2.8333,0.3667,0.2667,0.0667,8.5333,"Wing F",1.26538,"2006-10-15"],"games":27,"notes":"Wing F","projection":1.2654,"advanced_stats":{"tov_pg":1.1333333333333333,"usage_pct":0.26643333333333336,"plus_minus_pg":-3.533333333333333,"mins_pct":0.381,"is_qualified":true}}]}