{"bart_player_id":133600,"seasons":[{"year":2025,"team_name":"Niagara","team_conference":"MAAC","class":"Fr","raw_row":["Samuel Cole","Niagara","MAAC",1,0,0,0,0,0,0,0,0,0,0,0,0,0,0,0,0,0,0,0,0,0,"Fr","5-10",2,-0.134155,-6.87436,0,2025,133600,"Sugar Land, TX",null,"0.50000000",null,null,null,null,null,null,null,null,null,null,119.821,120.977,0.0149929,0.0364939,-7.78517,-4.51557,-3.2696,-10.85,"1.5000",-6.52211,-4.32787,"0.0000","0.0000","0.0000","0.5000","0.0000","0.0000","0.5000","PF/C",0,"2005-10-15"],"games":1,"notes":"PF/C","projection":0,"advanced_stats":{"tov_pg":0,"usage_pct":0.077,"plus_minus_pg":1.5,"mins_pct":0.002,"is_qualified":false}}]}