{"bart_player_id":133684,"seasons":[{"year":2026,"team_name":"Oakland","team_conference":"Horz","class":"Jr","raw_row":["Khoi Thurmon","Oakland","Horz",31,28.8,84.1,17.4,37.5,41,2.5,5.3,17.4,24.3,16,26,0.615,27,69,0.391,3,15,0.2,0.6,2.8,31,"Jr","6-1",21,-0.459483,80.873,3.5,2026,133684,"Chicago, IL",null,1.53577137,20,49,7,20,0.4082,"0.3500",0,0,null,null,118.972,116.582,0.710959,54.0179,-7.55563,-4.9494,-2.60623,-6.8639,11.8969,-5.47461,-1.38929,"0.2500",0.5625,0.8125,1.3438,0.6875,0.0625,2.5312,"Scoring PG",2.34993,"2004-10-15"],"games":31,"notes":"Scoring PG","projection":2.3499,"advanced_stats":{"tov_pg":0.875,"usage_pct":0.17300000000000001,"plus_minus_pg":0.40625,"mins_pct":0.296,"is_qualified":true}}]}