{"bart_player_id":133685,"seasons":[{"year":2026,"team_name":"Cal Poly","team_conference":"BW","class":"Fr","raw_row":["Troy Plumtree","Cal Poly","BW",28,28.4,103.9,19.3,57.3,58.89,7.2,12.9,11.3,23.8,14,19,0.737,52,79,0.658,7,30,0.233,1.5,1.8,17.4,"Fr","6-6",13,0.519194,104.262,4.9,2026,133685,"Wellington, New Zealand",null,0.58828204,51,72,1,7,0.7083,0.1429,10,10,"1.0000",null,111.921,113.481,0.911728,66.4771,-1.90973,-1.24945,-0.660287,-2.35708,12.2233,-1.61202,-0.745067,"0.8000",1.5667,2.3667,0.6667,"0.4000","0.2000",4.8333,"Wing G",4.45632,"2007-01-17"],"games":28,"notes":"Wing G","projection":4.4563,"advanced_stats":{"tov_pg":1.1333333333333333,"usage_pct":0.18299999999999997,"plus_minus_pg":-0.9,"mins_pct":0.276,"is_qualified":true}}]}