{"bart_player_id":133624,"seasons":[{"year":2026,"team_name":"Princeton","team_conference":"Ivy","class":"Jr","raw_row":["Cooper Mueller","Princeton","Ivy",1,0,300,20,150,150,0,0,0,0,0,0,0,0,0,0,1,1,1,0,0,0,"Jr","6-3",66,0.138233,291.552,0,2026,133624,"Villanova, PA",null,"0.00000000",0,0,0,0,null,null,0,0,null,null,121.049,127.759,0.00458692,0.0179249,20.3115,27.2613,-6.94974,743.312,"1.5500",607.348,135.964,"0.5000","0.0000","0.5000","0.0000","0.5000","0.0000","1.5000","Combo G",0,"2004-10-15"],"games":1,"notes":"Combo G","projection":0,"advanced_stats":{"tov_pg":1,"usage_pct":1.4100000000000001,"plus_minus_pg":1.5,"mins_pct":0.003,"is_qualified":false}}]}