{"bart_player_id":133699,"seasons":[{"year":2026,"team_name":"Prairie View A&M","team_conference":"SWAC","class":"Sr","raw_row":["Lance Williams","Prairie View A&M","SWAC",33,90,110.1,14.6,49.6,56.64,1.8,8.1,16.1,17.2,99,123,0.805,76,169,0.45,26,63,0.413,0.8,1.4,53,"Sr","6-1",12,0.901765,99.5832,2.1,2026,133699,"Baton Rouge, LA",null,2.07023683,30,70,46,99,0.4286,0.4646,0,0,null,null,112.953,117.929,2.05463,173.134,-2.22072,-1.16522,-1.0555,-3.01587,35.5189,-1.95625,-1.05962,0.7568,2.4595,3.2162,3.1892,1.0811,0.2432,10.0811,"Scoring PG",2.91689,"2003-10-15"],"games":33,"notes":"Scoring PG","projection":2.9169,"advanced_stats":{"tov_pg":1.5405405405405406,"usage_pct":0.13910810810810811,"plus_minus_pg":0.7297297297297297,"mins_pct":0.886,"is_qualified":true}}]}