{"bart_player_id":133638,"seasons":[{"year":2026,"team_name":"BYU","team_conference":"B12","class":"So","raw_row":["Khadim Mboup","BYU","B12",34,37.8,96.1,11.3,50.7,46.71,11.2,24.5,3.4,24.6,6,26,0.231,32,57,0.561,2,12,0.167,3.6,2,37.7,"So","6-9",7,-0.105188,90.4214,5.4,2026,133638,"Dakar, Senegal",null,0.46148817,29,48,3,9,0.6042,0.3333,15,19,0.7895,null,102.021,95.5197,2.09919,117.791,1.68145,-0.975553,2.65701,-0.191838,15.6294,-2.11412,1.92228,1.5588,"3.5000",5.0588,0.3529,0.5588,0.5294,2.2353,"PF/C",1.27722,"2005-10-15"],"games":34,"notes":"PF/C","projection":1.2772,"advanced_stats":{"tov_pg":0.7647058823529411,"usage_pct":0.09999999999999999,"plus_minus_pg":4.647058823529412,"mins_pct":0.379,"is_qualified":true}}]}