{"bart_player_id":133698,"seasons":[{"year":2026,"team_name":"Tennessee Tech","team_conference":"OVC","class":"Jr","raw_row":["Ty Owens","Tennessee Tech","OVC",28,70.3,96.3,17.9,45.8,50.68,0.9,10.3,24.3,25.8,42,51,0.824,52,114,0.456,20,65,0.308,0.5,1.6,28.5,"Jr","6-0",8,-0.101256,91.3307,2.4,2026,133698,"Port Saint Lucie, FL",null,1.68114831,31,61,21,53,0.5082,0.3962,1,1,"1.0000",null,113.016,120.123,1.39038,121.203,-4.78552,-2.70125,-2.08428,-5.03066,"27.3000",-3.30882,-1.72184,0.1935,2.4839,2.6774,3.7419,"0.8710","0.1290",6.8387,"Scoring PG",4.84977,"2004-10-15"],"games":28,"notes":"Scoring PG","projection":4.8498,"advanced_stats":{"tov_pg":2.225806451612903,"usage_pct":0.1677741935483871,"plus_minus_pg":0.3870967741935484,"mins_pct":0.682,"is_qualified":true}}]}