{"bart_player_id":133697,"seasons":[{"year":2026,"team_name":"Prairie View A&M","team_conference":"SWAC","class":"Sr","raw_row":["Corey Dunning","Prairie View A&M","SWAC",32,43.8,118.6,5.5,54.3,52.19,8.1,12.2,5.8,18.9,2,7,0.286,19,32,0.594,0,3,0,6.4,2.2,20,"Sr","6-9",4,0.0516478,93.1919,6.5,2026,133697,"Lafayette, LA",null,1.66676105,15,22,4,10,0.6818,"0.4000",5,6,0.8333,null,106.504,111.194,1.45282,115.322,1.95036,-2.3489,4.29925,-1.40613,17.9382,-4.19533,2.78921,1.2941,1.9412,3.2353,0.5882,0.7059,1.1176,1.2353,"C",0.28541,"2003-10-15"],"games":32,"notes":"C","projection":0.2854,"advanced_stats":{"tov_pg":0.35294117647058826,"usage_pct":0.04576470588235294,"plus_minus_pg":1.8529411764705883,"mins_pct":0.411,"is_qualified":true}}]}