{"bart_player_id":133648,"seasons":[{"year":2026,"team_name":"Western Michigan","team_conference":"MAC","class":"Fr","raw_row":["Nicholas Errica","Western Michigan","MAC",4,1.5,85.2,15.6,50,50,0,0,0,21.8,0,0,0,1,1,1,1,4,0.25,0,0,0,"Fr","6-3",9,-0.150747,82.1462,2.4,2026,133648,"Cremona, Italy",null,0.33340001,1,1,0,0,"1.0000",null,0,0,null,null,124.764,122.4,0.176503,1.637,-10.0527,-4.31504,-5.73767,-8.68,4.9167,-3.54133,-5.13867,0.1667,0.1667,0.3333,0.1667,"0.0000","0.0000",1.1667,"Wing G",13.2242,"2005-10-15"],"games":4,"notes":"Wing G","projection":13.2242,"advanced_stats":{"tov_pg":0.5,"usage_pct":0.10683333333333334,"plus_minus_pg":3.1666666666666665,"mins_pct":0.024,"is_qualified":false}}]}