{"bart_player_id":133665,"seasons":[{"year":2026,"team_name":"Bellarmine","team_conference":"ASun","class":"Sr","raw_row":["Darrius Bolden","Bellarmine","ASun",26,22.3,96.6,12.7,29.3,38.25,2.7,7.5,22.3,24.5,11,16,0.688,4,18,0.222,3,11,0.273,0,3.6,55.2,"Sr","6-1",22,-0.295287,84.1009,4.3,2026,133665,"Milwaukee, WI",null,3.28579998,3,9,1,9,0.3333,0.1111,0,0,null,null,123.746,124.123,0.365948,43.532,-7.0907,-3.04252,-4.04819,-5.62423,10.9571,-4.15131,-1.47292,"0.2500",0.6071,0.8571,1.6429,0.7143,"0.0000",1.2143,"Pure PG",2.45667,"2003-10-15"],"games":26,"notes":"Pure PG","projection":2.4567,"advanced_stats":{"tov_pg":0.5,"usage_pct":0.107,"plus_minus_pg":-0.5,"mins_pct":0.238,"is_qualified":false}}]}