{"bart_player_id":133681,"seasons":[{"year":2026,"team_name":"IU Indy","team_conference":"Horz","class":"Fr","raw_row":["Garrett Sever","IU Indy","Horz",1,0.1,0,0,0,0,0,0,0,0,0,0,0,0,0,0,0,0,0,0,0,0,"Fr","6-3",11,-0.307339,-6.04337,0,2026,133681,"Hilliard, OH",null,0.66670001,null,null,null,null,null,null,null,null,null,null,128.834,119.715,0.0457616,0.0760744,-8.13754,-4.90125,-3.23629,-13.7954,3.3667,-6.76403,-7.03137,"0.0000",0.3333,0.3333,0.6667,"0.0000","0.0000","1.0000","PF/C",0,"2006-10-15"],"games":1,"notes":"PF/C","projection":0,"advanced_stats":{"tov_pg":0,"usage_pct":0.08233333333333333,"plus_minus_pg":5,"mins_pct":0.008,"is_qualified":false}}]}