{"bart_player_id":133637,"seasons":[{"year":2026,"team_name":"Bowling Green","team_conference":"MAC","class":"Sr","raw_row":["Mohamed Maxamud","Bowling Green","MAC",2,0.3,119.9,31.9,50,50,38.5,0,0,0,0,0,0,1,2,0.5,0,0,0,0,0,0,"Sr","6-10",12,0.183181,127.561,13.3,2026,133637,"Westerville, OH",null,"0.00000000",1,2,0,0,"0.5000",null,0,0,null,null,113.98,122.001,0.0643699,0.309786,-10.893,2.09632,-12.9893,-6.34226,"2.8000",-1.97051,-4.37175,"0.4000","0.6000","1.0000","0.0000","0.2000","0.0000","1.4000","C",0,"2003-10-15"],"games":2,"notes":"C","projection":0,"advanced_stats":{"tov_pg":0.2,"usage_pct":0.35019999999999996,"plus_minus_pg":1.6,"mins_pct":0.011,"is_qualified":false}}]}