{"bart_player_id":133766,"seasons":[{"year":2026,"team_name":"Nevada","team_conference":"MWC","class":"Fr","raw_row":["Myles Walker","Nevada","MWC",32,16.4,108.5,13.5,46.3,48.95,1.4,8.2,33,23.4,4,4,1,10,23,0.435,6,18,0.333,0,3.4,9.8,"Fr","5-10",2,0.229254,100.996,4.1,2026,133766,"Riverside, CA",null,3.46184165,2,5,8,18,"0.4000",0.4444,0,0,null,null,106.156,102.167,0.855636,42.3986,-0.961426,-0.591358,-0.370068,0.86147,7.6875,-1.71337,2.57484,0.0938,0.5312,"0.6250",1.4062,0.4375,"0.0000",1.3125,"Pure PG",4.3642,"2006-10-15"],"games":32,"notes":"Pure PG","projection":4.3642,"advanced_stats":{"tov_pg":0.40625,"usage_pct":0.11290625000000003,"plus_minus_pg":-0.5,"mins_pct":0.164,"is_qualified":false}}]}