{"bart_player_id":133793,"seasons":[{"year":2026,"team_name":"Montana","team_conference":"BSky","class":"Jr","raw_row":["Tyler Isaak","Montana","BSky",30,55.1,108.4,14.6,49.6,56.27,1.4,11.8,15.8,17.5,45,53,0.849,26,53,0.491,24,72,0.333,0.5,1.6,42.4,"Jr","6-3",8,0.538138,99.4077,3.6,2026,133793,"Alamo, CA",null,2.43742032,25,45,1,8,0.5556,"0.1250",1,1,"1.0000",null,110.643,109.934,1.86781,110.854,-0.37142,-0.617373,0.245953,-1.37748,22.3559,-2.18118,0.803699,0.2059,2.5588,2.7647,2.2941,0.6765,0.1176,6.0588,"Combo G",6.11994,"2004-10-15"],"games":30,"notes":"Combo G","projection":6.1199,"advanced_stats":{"tov_pg":0.9411764705882353,"usage_pct":0.14391176470588238,"plus_minus_pg":0.4411764705882353,"mins_pct":0.559,"is_qualified":true}}]}