{"bart_player_id":133719,"seasons":[{"year":2026,"team_name":"Loyola MD","team_conference":"Pat","class":"Fr","raw_row":["Everett Barnes","Loyola MD","Pat",23,15.2,85.2,10.6,45.8,40.4,5.4,14.6,5.6,17.9,2,12,0.167,8,20,0.4,2,4,0.5,4.3,1,50,"Fr","6-9",17,-0.566875,71.749,7.1,2026,133719,"Burlington, NJ",null,"1.00000000",4,13,4,7,0.3077,0.5714,0,1,"0.0000",null,113.796,119.741,0.402146,30.0476,-7.25318,-6.1935,-1.05968,-8.6585,"8.5720",-7.32281,-1.33569,"0.4800","1.1200","1.6000","0.2800","0.1200","0.4800","1.5200","PF/C",1.2646,"2006-10-15"],"games":23,"notes":"PF/C","projection":1.2646,"advanced_stats":{"tov_pg":0.28,"usage_pct":0.10399999999999998,"plus_minus_pg":-1.52,"mins_pct":0.165,"is_qualified":false}}]}