{"bart_player_id":133778,"seasons":[{"year":2026,"team_name":"Arizona","team_conference":"B12","class":"Fr","raw_row":["Ivan Kharchenkov","Arizona","B12",39,70.6,116.3,17.4,54.6,57.51,4.7,11.1,13,16.6,73,101,0.723,117,201,0.582,33,104,0.317,1,2.7,33.1,"Fr","6-7",8,2.60892,118.975,2.2,2026,133778,"Munich, Germany",88.6,1.56147786,86,129,31,72,0.6667,0.4306,7,7,"1.0000",null,97.9496,90.5826,4.29342,213.709,8.89592,4.22193,4.67399,7.95799,28.3487,3.28189,4.6761,1.1282,3.1795,4.3077,2.2821,"1.3590",0.2821,10.4103,"Wing G",5.26123,"2006-09-20"],"games":39,"notes":"Wing G","projection":5.2612,"advanced_stats":{"tov_pg":1.4615384615384615,"usage_pct":0.1772051282051282,"plus_minus_pg":11.948717948717949,"mins_pct":0.707,"is_qualified":true}}]}