{"bart_player_id":133737,"seasons":[{"year":2026,"team_name":"Idaho St.","team_conference":"BSky","class":"Fr","raw_row":["Louis Bond","Idaho St.","BSky",23,27.4,108.2,18.8,51.8,58.69,3.8,14,7.7,20.5,33,39,0.846,26,51,0.51,11,31,0.355,2.1,1.4,47.6,"Fr","6-5",13,0.675202,106.008,3.4,2026,133737,"Los Angeles, CA",null,0.61908572,18,29,8,22,0.6207,0.3636,2,2,"1.0000",null,116.301,117.482,0.835743,50.265,-4.37254,-2.19355,-2.179,-2.28427,14.0333,-0.808301,-1.47597,0.4167,"1.5000",1.9167,0.5417,0.3333,0.2917,4.9167,"Wing G",5.6664,"2006-10-15"],"games":23,"notes":"Wing G","projection":5.6664,"advanced_stats":{"tov_pg":0.875,"usage_pct":0.20633333333333337,"plus_minus_pg":0.25,"mins_pct":0.253,"is_qualified":true}}]}