{"bart_player_id":133775,"seasons":[{"year":2026,"team_name":"Arizona","team_conference":"B12","class":"Fr","raw_row":["Koa Peat","Arizona","B12",36,63.9,116.2,24.4,53.7,55.71,9.1,12.5,16.7,13.3,101,162,0.623,193,359,0.538,7,20,0.35,2.5,1.3,42.7,"Fr","6-8",10,3.55224,129.364,3.2,2026,133775,"Chandler, AZ",98.6,1.60343876,140,201,53,158,0.6965,0.3354,53,55,0.9636,null,99.4741,92.3733,4.03221,181.018,7.99692,4.11329,3.88364,7.36302,27.7667,4.26036,3.10266,2.1389,"3.5000",5.6389,2.5833,0.6389,0.6944,14.1111,"Wing F",1.11786,"2007-01-20"],"games":36,"notes":"Wing F","projection":1.1179,"advanced_stats":{"tov_pg":1.6111111111111112,"usage_pct":0.23938888888888898,"plus_minus_pg":14.333333333333334,"mins_pct":0.638,"is_qualified":true}}]}