{"bart_player_id":133799,"seasons":[{"year":2026,"team_name":"Florida A&M","team_conference":"SWAC","class":"Jr","raw_row":["Devere Palmer","Florida A&M","SWAC",4,5.8,111.1,22.9,45,52.54,5.2,19.5,12.7,7.4,13,20,0.65,9,20,0.45,0,0,0,1.6,2.5,100,"Jr","6-6",13,1.30956,115.5,4.2,2026,133799,"Corona, NY",null,"2.00000000",8,14,1,6,0.5714,0.1667,1,1,"1.0000",null,104.103,99.2599,1.9876,13.4265,-3.1223,-2.40659,-0.715715,2.00598,"16.8250",0.589509,1.41647,"0.7500","2.7500","3.5000","1.0000","0.7500","0.2500","7.7500","Wing F",0,"2004-10-15"],"games":4,"notes":"Wing F","projection":0,"advanced_stats":{"tov_pg":0.5,"usage_pct":0.20800000000000002,"plus_minus_pg":-11.5,"mins_pct":0.054,"is_qualified":false}}]}