{"bart_player_id":133731,"seasons":[{"year":2026,"team_name":"St. John's","team_conference":"BE","class":"Fr","raw_row":["Kelvin Odih","St. John's","BE",10,3.7,98.6,20.5,46.7,47.02,23.7,13.9,6.3,24.9,1,2,0.5,7,14,0.5,0,1,0,3.6,3.1,13.3,"Fr","6-4",5,0.146484,100.069,7.9,2026,133731,"Providence, RI",75.8,0.40000001,7,13,0,1,0.5385,"0.0000",0,1,"0.0000",null,95.7331,94.2121,0.763796,11.9278,3.80005,-0.133315,3.93336,-0.847766,"5.5500",-2.48279,1.63502,"1.2000","0.7000","1.9000","0.2000","0.3000","0.2000","1.5000","PF/C",1.02954,"2006-10-15"],"games":10,"notes":"PF/C","projection":1.0295,"advanced_stats":{"tov_pg":0.5,"usage_pct":0.1669,"plus_minus_pg":0.6,"mins_pct":0.037,"is_qualified":false}}]}