{"bart_player_id":133759,"seasons":[{"year":2026,"team_name":"Montana St.","team_conference":"BSky","class":"Fr","raw_row":["Howie Keene","Montana St.","BSky",22,20.8,92.1,9.6,34.3,37.06,5,13.4,6.6,15.3,3,3,1,3,5,0.6,6,30,0.2,1.3,2.4,8.6,"Fr","6-7",2,-0.565204,77.4416,4.1,2026,133759,"The Woodlands, TX",null,1.75000005,3,4,0,1,"0.7500","0.0000",0,0,null,null,108.21,108.702,0.971857,41.7605,-0.976104,-2.34119,1.36508,-3.68435,"12.2920",-4.68147,0.997126,"0.4000","1.3200","1.7200","0.5600","0.5200","0.1200","2.2000","Stretch 4",7.36075,"2006-10-15"],"games":22,"notes":"Stretch 4","projection":7.3608,"advanced_stats":{"tov_pg":0.32,"usage_pct":0.14792,"plus_minus_pg":4,"mins_pct":0.238,"is_qualified":false}}]}