{"bart_player_id":133744,"seasons":[{"year":2026,"team_name":"North Carolina","team_conference":"ACC","class":"Jr","raw_row":["Luka Bogavac","North Carolina","ACC",33,60.6,109.4,20.7,49.8,52.92,2.6,8.4,16.2,13.3,53,72,0.736,57,122,0.467,52,149,0.349,0,0.9,26.6,"Jr","6-6",44,1.96203,115.69,2.1,2026,133744,"Mojkovac, Montenegro",null,1.92105954,37,73,20,49,0.5068,0.4082,0,0,null,null,109.538,103.384,2.60662,112.816,1.96404,2.21362,-0.24958,1.82271,24.3364,1.50017,0.322549,0.5455,1.9394,2.4848,2.2121,0.3636,"0.0000",9.7879,"Combo G",10.7775,"2004-10-15"],"games":33,"notes":"Combo G","projection":10.7775,"advanced_stats":{"tov_pg":1.1515151515151516,"usage_pct":0.22012121212121222,"plus_minus_pg":6.03030303030303,"mins_pct":0.606,"is_qualified":true}}]}