{"bart_player_id":133728,"seasons":[{"year":2026,"team_name":"UTEP","team_conference":"CUSA","class":"Sr","raw_row":["Cassius Brooks","UTEP","CUSA",27,32,88.3,13.5,35.8,43.29,4.8,11,9.7,21.1,18,22,0.818,17,45,0.378,3,15,0.2,1,1.7,36.7,"Sr","6-0",23,-0.554451,80.3235,4.8,2026,133728,"Chicago, IL",null,1.15790299,15,38,2,7,0.3947,0.2857,0,0,null,null,111.564,111.493,1.05302,53.3768,-5.22352,-4.91497,-0.308549,-6.14848,13.6567,-5.83151,-0.316971,"0.6000","1.2000","1.8000",0.7333,"0.5000","0.1000",2.7667,"Wing G",2.51305,"2003-10-15"],"games":27,"notes":"Wing G","projection":2.5131,"advanced_stats":{"tov_pg":0.6333333333333333,"usage_pct":0.13093333333333332,"plus_minus_pg":-2.966666666666667,"mins_pct":0.325,"is_qualified":true}}]}