{"bart_player_id":133783,"seasons":[{"year":2026,"team_name":"Pacific","team_conference":"WCC","class":"Jr","raw_row":["Emmanuel Manyuon","Pacific","WCC",12,1.7,0,2.8,0,0,0,15.8,0,100,0,0,0,0,0,0,0,0,0,0,0,0,"Jr","6-2",11,-0.604219,-4.36889,3.7,2026,133783,"Austin Mn, MN",null,"1.00000000",null,null,null,null,null,null,null,null,null,null,109.814,106.786,0.172278,3.11591,-7.77274,-7.15583,-0.61691,-8.72791,"2.9000",-8.42036,-0.30755,"0.0000",0.3571,0.3571,0.1429,0.1429,"0.0000","0.5000","PF/C",0,"2004-10-15"],"games":12,"notes":"PF/C","projection":0,"advanced_stats":{"tov_pg":0.14285714285714285,"usage_pct":0.030714285714285715,"plus_minus_pg":1.2142857142857142,"mins_pct":0.031,"is_qualified":false}}]}