{"bart_player_id":133768,"seasons":[{"year":2026,"team_name":"UMass Lowell","team_conference":"AE","class":"Fr","raw_row":["Victor Okojie","UMass Lowell","AE",27,40.1,94.1,16.3,44.2,45.48,9.1,21,7,19.1,18,35,0.514,30,64,0.469,13,48,0.271,1.9,1.6,31.3,"Fr","6-8",23,-0.403289,85.8537,5.6,2026,133768,"Castlebar, Ireland",null,0.76923935,26,48,4,16,0.5417,"0.2500",5,5,"1.0000",null,109.861,115.953,1.14003,90.7565,-4.13679,-3.04976,-1.08704,-5.98541,18.0552,-4.83591,-1.1495,1.6207,3.2069,4.8276,0.6897,0.5172,0.3793,4.9655,"Stretch 4",5.75574,"2006-10-15"],"games":27,"notes":"Stretch 4","projection":5.7557,"advanced_stats":{"tov_pg":0.896551724137931,"usage_pct":0.16493103448275864,"plus_minus_pg":-1.0344827586206897,"mins_pct":0.396,"is_qualified":true}}]}