{"bart_player_id":133705,"seasons":[{"year":2026,"team_name":"UNLV","team_conference":"MWC","class":"So","raw_row":["Jalen Cunningham","UNLV","MWC",6,1,124,9.7,50,50,0,8.3,11.7,0,0,0,0,0,0,0,1,3,0.333,7.9,0,0,"So","6-2",13,0.120374,107.235,0,2026,133705,"Las Vegas, NV",null,1.71419997,0,0,0,0,null,null,0,0,null,null,115.818,118.429,0.12905,1.91323,0.485179,0.210466,0.274713,1.79464,2.7714,2.30271,-0.508071,"0.0000",0.1429,0.1429,0.2857,0.1429,0.2857,0.4286,"Scoring PG",12.2798,"2005-10-15"],"games":6,"notes":"Scoring PG","projection":12.2798,"advanced_stats":{"tov_pg":0,"usage_pct":0.148,"plus_minus_pg":1.4285714285714286,"mins_pct":0.014,"is_qualified":false}}]}