{"bart_player_id":133788,"seasons":[{"year":2026,"team_name":"Louisiana Monroe","team_conference":"SB","class":"Sr","raw_row":["Lavell Brodnex","Louisiana Monroe","SB",25,64.7,117.3,22.4,56.4,60.05,9.3,20,15.4,13.2,95,136,0.699,106,178,0.596,18,58,0.31,3.1,1.5,57.6,"Sr","6-5",4,2.89428,119.255,3,2026,133788,"Saginaw, MI",null,1.27270582,84,115,22,63,0.7304,0.3492,22,26,0.8462,null,116.998,120.249,1.51982,146.263,0.520919,1.94575,-1.42483,0.0105214,31.5308,2.38967,-2.37915,2.8077,5.6538,8.4615,2.1538,0.8462,0.9615,14.7308,"Wing F",4.18024,"2003-10-15"],"games":25,"notes":"Wing F","projection":4.1802,"advanced_stats":{"tov_pg":1.6923076923076923,"usage_pct":0.2214615384615385,"plus_minus_pg":-8.346153846153847,"mins_pct":0.636,"is_qualified":true}}]}