{"bart_player_id":133777,"seasons":[{"year":2026,"team_name":"Arizona","team_conference":"B12","class":"Fr","raw_row":["Brayden Burries","Arizona","B12",39,74.3,125.2,21.6,57.2,61.58,2.1,14.5,14.2,12.7,136,169,0.805,140,249,0.562,70,179,0.391,0.7,2.8,39.5,"Fr","6-4",5,4.42908,135.334,2.8,2026,133777,"San Bernardino, CA",98.2,1.66671221,91,140,49,109,"0.6500",0.4495,17,18,0.9444,null,96.1697,88.9366,4.68328,241.232,10.2047,6.02988,4.17483,10.3816,29.8026,5.51714,4.86446,0.5385,"4.3590",4.8974,2.4359,1.5128,0.2051,16.0513,"Wing G",8.60445,"2005-09-18"],"games":39,"notes":"Wing G","projection":8.6045,"advanced_stats":{"tov_pg":1.4615384615384615,"usage_pct":0.23151282051282052,"plus_minus_pg":14.205128205128204,"mins_pct":0.742,"is_qualified":true}}]}