{"bart_player_id":133752,"seasons":[{"year":2026,"team_name":"Charleston","team_conference":"CAA","class":"Fr","raw_row":["Chris Davis Jr","Charleston","CAA",30,43.5,111,19.7,51.7,54.62,5.6,10.1,7,10.9,39,55,0.709,32,82,0.39,40,96,0.417,0,1.4,30.9,"Fr","6-4",6,1.01712,108.676,2.6,2026,133752,"Madison, WI","36.0",0.94993801,25,53,7,29,0.4717,0.2414,2,3,0.6667,null,111.236,112.057,1.39153,81.4647,-1.74835,0.470154,-2.21851,-0.254235,18.2774,1.22993,-1.48417,0.9032,1.8065,2.7097,0.6129,0.4516,"0.0000",7.6452,"Wing G",10.2873,"2006-10-15"],"games":30,"notes":"Wing G","projection":10.2873,"advanced_stats":{"tov_pg":0.6451612903225806,"usage_pct":0.22538709677419352,"plus_minus_pg":2.3548387096774195,"mins_pct":0.439,"is_qualified":true}}]}