{"bart_player_id":133736,"seasons":[{"year":2026,"team_name":"Idaho St.","team_conference":"BSky","class":"Sr","raw_row":["Kasen Carpenter","Idaho St.","BSky",7,0.7,31.3,35,0,25.64,15.1,0,0,62.3,1,2,0.5,0,0,0,0,1,0,0,0,200,"Sr","6-5",14,-0.261382,28.8399,0,2026,133736,"Rupert, ID",null,"0.00000000",0,0,0,0,null,null,0,0,null,null,125.099,124.802,0.0393589,0.711109,-31.0077,-22.6122,-8.39554,-27.9235,1.3125,-15.0703,-12.8532,"0.1250","0.0000","0.1250","0.0000","0.0000","0.0000","0.1250","PF/C",7.15481,"2003-10-15"],"games":7,"notes":"PF/C","projection":7.1548,"advanced_stats":{"tov_pg":0.375,"usage_pct":0.455875,"plus_minus_pg":-1.125,"mins_pct":0.008,"is_qualified":false}}]}