{"bart_player_id":133767,"seasons":[{"year":2026,"team_name":"UMBC","team_conference":"AE","class":"Fr","raw_row":["Saahil Thakkar","UMBC","AE",4,0.6,88.5,21.1,75,75,0,16.1,0,40.7,0,0,0,0,0,0,1,2,0.5,0,0,0,"Fr","6-1",30,-0.044279,85.0764,17.1,2026,133767,"Boyds, MD",null,"0.00000000",0,0,0,0,null,null,0,0,null,null,103.792,117.864,0.100221,1.17149,-12.1767,-7.02912,-5.1476,-12.9174,"1.8000",-11.1932,-1.72416,"0.0000",0.1667,0.1667,"0.0000","0.0000","0.0000","0.5000","Wing G",16.0437,"2006-10-15"],"games":4,"notes":"Wing G","projection":16.0437,"advanced_stats":{"tov_pg":0.16666666666666666,"usage_pct":0.15583333333333335,"plus_minus_pg":-1,"mins_pct":0.008,"is_qualified":false}}]}