{"bart_player_id":133738,"seasons":[{"year":2026,"team_name":"Idaho St.","team_conference":"BSky","class":"Fr","raw_row":["Landen Birley","Idaho St.","BSky",9,2.6,128.3,6.5,50,50,0,8.3,11.2,0,0,0,0,2,2,1,0,2,0,3.6,0,0,"Fr","6-4",3,0.160209,105.435,1.3,2026,133738,"Yakima, WA",null,1.80000003,1,1,1,1,"1.0000","1.0000",0,0,null,null,120.494,120.835,0.165931,3.8343,-4.90912,-2.63834,-2.27078,-5.08552,"3.4000",-2.43846,-2.64707,"0.0000","0.2000","0.2000","0.2000","0.0000","0.1000","0.4000","Stretch 4",3.85259,"2006-10-15"],"games":9,"notes":"Stretch 4","projection":3.8526,"advanced_stats":{"tov_pg":0,"usage_pct":0.033100000000000004,"plus_minus_pg":-3.7,"mins_pct":0.026,"is_qualified":false}}]}