{"bart_player_id":133717,"seasons":[{"year":2026,"team_name":"Loyola MD","team_conference":"Pat","class":"Fr","raw_row":["Sebastien Emenalo","Loyola MD","Pat",30,35.9,94.1,14,45.2,45.85,6.4,19,4.5,16.3,10,20,0.5,18,39,0.462,16,54,0.296,2.1,2.1,21.5,"Fr","6-6",24,-0.451452,83.2982,2.2,2026,133717,"Walton-on-Thames, United Kingdom",null,0.70587167,14,26,4,13,0.5385,0.3077,3,3,"1.0000",null,111.451,117.31,0.849075,78.8952,-5.98473,-4.05414,-1.93059,-5.13308,14.6065,-3.31834,-1.81474,"0.8710",2.3871,3.2581,0.3871,0.5161,0.2903,3.1935,"Wing F",7.22828,"2006-03-13"],"games":30,"notes":"Wing F","projection":7.2283,"advanced_stats":{"tov_pg":0.5483870967741935,"usage_pct":0.14351612903225808,"plus_minus_pg":-0.3870967741935484,"mins_pct":0.348,"is_qualified":true}}]}