{"bart_player_id":133721,"seasons":[{"year":2026,"team_name":"Little Rock","team_conference":"OVC","class":"Jr","raw_row":["Cameron Wallace","Little Rock","OVC",30,71.2,104.4,25,47.9,49.7,13.4,13.7,12.7,13.3,64,112,0.571,148,294,0.503,1,18,0.056,0.9,1.9,35.9,"Jr","6-8",24,1.60693,108.619,3.4,2026,133721,"Little Rock, AR",null,1.05552596,120,210,28,84,0.5714,0.3333,38,44,0.8636,null,110.79,118.074,1.61145,139.553,-4.0512,-0.851532,-3.19966,-3.5707,28.5031,-0.530436,-3.04027,3.4688,3.4375,6.9062,1.7812,0.9375,"0.2500",12.6562,"PF/C",1.2454,"2004-10-15"],"games":30,"notes":"PF/C","projection":1.2454,"advanced_stats":{"tov_pg":1.6875,"usage_pct":0.25081250000000005,"plus_minus_pg":0.21875,"mins_pct":0.713,"is_qualified":true}}]}