{"bart_player_id":133794,"seasons":[{"year":2026,"team_name":"Missouri St.","team_conference":"CUSA","class":"Sr","raw_row":["Keith Palek III","Missouri St.","CUSA",31,81.7,102,30.1,44.7,50.66,5.1,17.7,23.2,16.4,152,213,0.714,136,276,0.493,34,142,0.239,1.1,1.8,51,"Sr","6-8",11,2.3958,113.483,3,2026,133794,"Woodbine, NJ",null,1.34441465,75,108,61,168,0.6944,0.3631,0,1,"0.0000",null,109.879,110.576,2.69951,172.831,-0.558228,0.309014,-0.867242,0.283726,32.7441,1.30336,-1.01964,1.4412,4.9412,6.3824,3.5588,0.9706,0.3235,17.2647,"Wing F",8.2777,"2003-10-15"],"games":31,"notes":"Wing F","projection":8.2777,"advanced_stats":{"tov_pg":2.6470588235294117,"usage_pct":0.3044117647058823,"plus_minus_pg":1,"mins_pct":0.807,"is_qualified":true}}]}