{"bart_player_id":133747,"seasons":[{"year":2026,"team_name":"Robert Morris","team_conference":"Horz","class":"Fr","raw_row":["Darius Livingston","Robert Morris","Horz",25,51.6,97.1,22,53,53.64,1.3,7.9,19.9,28.3,9,12,0.75,27,69,0.391,59,149,0.396,1.4,2,5.5,"Fr","6-2",12,0.325097,96.0295,1.9,2026,133747,"Winter Haven, FL",null,1.17389266,12,24,15,45,"0.5000",0.3333,1,1,"1.0000",null,110.698,110.301,2.13694,100.068,-3.03861,-2.52946,-0.509147,-1.32065,25.7407,-0.686491,-0.634161,0.2593,1.7037,"1.9630","3.0000",0.9259,0.3333,9.5556,"Scoring PG",13.8515,"2006-10-15"],"games":25,"notes":"Scoring PG","projection":13.8515,"advanced_stats":{"tov_pg":2.5555555555555554,"usage_pct":0.2293333333333333,"plus_minus_pg":3,"mins_pct":0.518,"is_qualified":true}}]}