{"bart_player_id":133709,"seasons":[{"year":2026,"team_name":"Marist","team_conference":"MAAC","class":"Sr","raw_row":["Rhyjon Blackwell","Marist","MAAC",30,75.6,105.1,21,48.2,52.82,3.5,10.6,11.3,13.6,63,69,0.913,75,169,0.444,49,139,0.353,0.1,1.5,22.4,"Sr","6-0",4,1.15445,103.365,2.5,2026,133709,"Baldwin, NY",null,1.32557139,32,68,43,101,0.4706,0.4257,1,3,0.3333,null,99.5415,104.419,3.14412,143.195,-1.89777,-1.54845,-0.349316,-1.23364,30.0774,-1.17759,-0.0560459,"0.8710",2.9355,3.8065,1.8387,0.7419,0.0323,12.0645,"Wing G",9.2531,"2003-10-15"],"games":30,"notes":"Wing G","projection":9.2531,"advanced_stats":{"tov_pg":1.3870967741935485,"usage_pct":0.22422580645161289,"plus_minus_pg":4.258064516129032,"mins_pct":0.749,"is_qualified":true}}]}