{"bart_player_id":133839,"seasons":[{"year":2026,"team_name":"Coastal Carolina","team_conference":"SB","class":"Sr","raw_row":["Nadjrick Peat","Coastal Carolina","SB",31,56.9,110,10.4,66.7,66.72,8.5,17.6,1,26.6,40,63,0.635,44,66,0.667,0,0,0,7.5,0.8,95.5,"Sr","6-10",4,0.0660161,93.2042,4.9,2026,133839,"Alexandria, Jamaica",null,0.11764706,42,64,2,2,0.6563,"1.0000",15,19,0.7895,null,101.441,103.883,2.40688,149.692,-0.141023,-4.3752,4.23418,-1.40931,23.0156,-4.1516,2.74228,1.8125,"3.8750",5.6875,"0.1250",0.3125,1.6875,"4.2500","C",0,"2003-10-15"],"games":31,"notes":"C","projection":0,"advanced_stats":{"tov_pg":1.0625,"usage_pct":0.09178125,"plus_minus_pg":0.5,"mins_pct":0.563,"is_qualified":true}}]}