{"bart_player_id":133865,"seasons":[{"year":2026,"team_name":"North Texas","team_conference":"Amer","class":"Sr","raw_row":["Josiah Shackleford","North Texas","Amer",23,21.4,96.3,24.2,52,51.5,6.6,15.9,5.6,15.6,19,41,0.463,51,98,0.52,0,0,0,3.7,2.5,41.8,"Sr","6-9",8,0.39011,102.095,5.2,2026,133865,"Greenville, NC",null,0.27272727,37,64,14,34,0.5781,0.4118,5,5,"1.0000",null,99.6211,98.1643,1.45193,50.8753,-3.91676,-4.84441,0.927642,-1.96805,"12.1240",-3.03322,1.06517,"0.8000","1.6800","2.4800","0.2400","0.5200","0.3200","5.9600","C",0,"2003-10-15"],"games":23,"notes":"C","projection":0,"advanced_stats":{"tov_pg":0.88,"usage_pct":0.25936,"plus_minus_pg":-0.32,"mins_pct":0.224,"is_qualified":false}}]}