{"bart_player_id":133835,"seasons":[{"year":2026,"team_name":"North Alabama","team_conference":"ASun","class":"Jr","raw_row":["Tank Washington","North Alabama","ASun",7,6.3,77.8,15.5,25,23.17,11.4,7,13.2,5.5,0,3,0,3,12,0.25,1,6,0.167,6.9,3.4,16.7,"Jr","6-7",0,-0.66864,73.0038,5.1,2026,133835,"Panama City, FL",null,5.00089984,3,12,0,0,"0.2500",null,0,0,null,null,115.063,115.223,0.661076,12.589,-2.49239,-4.07284,1.58045,-4.3804,9.9444,-4.7773,0.396901,0.8889,"1.0000",1.8889,0.5556,0.4444,0.4444,1.2222,"Wing G",5.10312,"2004-10-15"],"games":7,"notes":"Wing G","projection":5.1031,"advanced_stats":{"tov_pg":0.1111111111111111,"usage_pct":0.10633333333333334,"plus_minus_pg":1.3333333333333333,"mins_pct":0.074,"is_qualified":false}}]}