{"bart_player_id":133873,"seasons":[{"year":2026,"team_name":"Queens","team_conference":"ASun","class":"Jr","raw_row":["Kam Clark","Queens","ASun",26,12.6,89,15,35.4,42.18,3.4,14.1,6.2,17.4,10,11,0.909,10,18,0.556,3,23,0.13,3.1,1.3,26.8,"Jr","6-7",5,-0.282679,80.0803,4.8,2026,133873,"Cordova, TN",null,"0.88898890",8,13,2,5,0.6154,"0.4000",2,3,0.6667,null,117.783,116.388,0.413641,28.7302,-6.5431,-4.64703,-1.89607,-6.81264,"7.1000",-5.01752,-1.79512,0.1852,0.8148,"1.0000",0.2963,0.2593,0.1852,1.7778,"Stretch 4",7.55277,"2004-10-15"],"games":26,"notes":"Stretch 4","projection":7.5528,"advanced_stats":{"tov_pg":0.3333333333333333,"usage_pct":0.1948148148148148,"plus_minus_pg":-0.6666666666666666,"mins_pct":0.136,"is_qualified":false}}]}