{"bart_player_id":133830,"seasons":[{"year":2026,"team_name":"Howard","team_conference":"MEAC","class":"So","raw_row":["Travelle Bryson","Howard","MEAC",28,40.7,112.3,21.4,51.5,54.91,5.2,15.4,11.2,12.3,34,39,0.872,79,139,0.568,16,61,0.262,1.7,1.7,19.5,"So","6-5",32,1.08215,109.688,2.7,2026,133830,"Charlotte, NC",null,1.21741466,51,83,28,56,0.6145,"0.5000",24,26,0.9231,null,101.013,107.639,1.6718,89.7394,-2.17345,-1.09117,-1.08229,-0.44195,18.6355,0.366006,-0.807956,"0.8710",2.4839,3.3548,0.9032,0.5161,0.2903,8.8065,"Wing G",6.96194,"2005-10-15"],"games":28,"notes":"Wing G","projection":6.9619,"advanced_stats":{"tov_pg":0.7419354838709677,"usage_pct":0.2526451612903226,"plus_minus_pg":2.838709677419355,"mins_pct":0.412,"is_qualified":true}}]}