{"bart_player_id":133877,"seasons":[{"year":2026,"team_name":"Long Beach St.","team_conference":"BW","class":"Fr","raw_row":["Dallas Washington","Long Beach St.","BW",22,19.2,77.1,20.1,37.7,37.99,7.5,8.6,5.4,18.1,8,21,0.381,17,38,0.447,6,31,0.194,0.9,1,30.4,"Fr","6-10",3,-0.528197,77.9387,6.5,2026,133877,"Redwood City, CA",67.2,"0.68750900",14,26,3,12,0.5385,"0.2500",9,10,"0.9000",null,114.349,116.334,0.660164,33.1223,-8.43958,-5.27997,-3.15961,-9.33226,10.9696,-6.70667,-2.62559,0.7391,0.7391,1.4783,0.4783,0.2609,0.1304,2.7826,"Stretch 4",7.51153,"2006-10-15"],"games":22,"notes":"Stretch 4","projection":7.5115,"advanced_stats":{"tov_pg":0.6956521739130435,"usage_pct":0.2034782608695652,"plus_minus_pg":-5,"mins_pct":0.195,"is_qualified":false}}]}