{"bart_player_id":133850,"seasons":[{"year":2026,"team_name":"IU Indy","team_conference":"Horz","class":"Sr","raw_row":["Finley Woodward","IU Indy","Horz",30,78.5,111.1,18.3,49.6,51.74,5.7,14.3,32.5,20.7,35,51,0.686,113,227,0.498,0,1,0,1.2,1.5,22.4,"Sr","6-7",7,1.46342,105.795,3.6,2026,133850,"Bristol, United Kingdom",null,2.87140568,70,135,43,92,0.5185,0.4674,0,0,null,null,119.985,120.127,1.55216,151.352,-2.51948,-1.25461,-1.26487,-1.65869,"30.7250",-0.662432,-0.996256,"1.6250",3.6875,5.3125,6.2812,"0.8750",0.3438,8.8438,"Scoring PG",0.0566586,"2003-10-15"],"games":30,"notes":"Scoring PG","projection":0.0567,"advanced_stats":{"tov_pg":2.1875,"usage_pct":0.16078125,"plus_minus_pg":-2.90625,"mins_pct":0.764,"is_qualified":true}}]}