{"bart_player_id":133871,"seasons":[{"year":2026,"team_name":"Queens","team_conference":"ASun","class":"Fr","raw_row":["Isaiah Henry","Queens","ASun",25,14.4,106.7,19.3,54.2,56.77,7.2,16.4,8,19.3,10,13,0.769,26,43,0.605,4,16,0.25,0,0.3,22,"Fr","6-4",3,0.259809,101.831,2.6,2026,133871,"Charlotte, NC",54.2,0.71420614,23,31,3,12,0.7419,"0.2500",4,4,"1.0000",null,120.875,120.616,0.377568,27.9608,-7.38437,-2.76456,-4.6198,-4.97928,7.9769,-0.770302,-4.20898,0.4615,1.1923,1.6538,0.3846,0.0769,"0.0000",2.9615,"Wing G",4.59734,"2006-10-15"],"games":25,"notes":"Wing G","projection":4.5973,"advanced_stats":{"tov_pg":0.5384615384615384,"usage_pct":0.17523076923076925,"plus_minus_pg":-0.8076923076923077,"mins_pct":0.146,"is_qualified":false}}]}