{"bart_player_id":133888,"seasons":[{"year":2026,"team_name":"New Haven","team_conference":"NEC","class":"Fr","raw_row":["Teshaun Steele","New Haven","NEC",28,36.2,106.3,15.7,44.8,51.47,9.5,16.3,10.3,14.8,30,43,0.698,24,41,0.585,4,26,0.154,3.3,1.4,64.2,"Fr","6-7",14,0.258563,97.512,4,2026,133888,"Worcester, MA",null,1.93325068,23,34,1,7,0.6765,0.1429,3,3,"1.0000",null,105.783,111.736,1.13762,68.7966,-2.08781,-2.66991,0.582103,-3.35098,15.1645,-3.23227,-0.118711,1.2258,1.9677,3.1935,0.9355,0.4516,0.4516,3.9032,"Stretch 4",4.03281,"2006-10-15"],"games":28,"notes":"Stretch 4","projection":4.0328,"advanced_stats":{"tov_pg":0.4838709677419355,"usage_pct":0.17393548387096774,"plus_minus_pg":-1.1935483870967742,"mins_pct":0.38,"is_qualified":true}}]}