{"bart_player_id":133853,"seasons":[{"year":2026,"team_name":"Abilene Christian","team_conference":"WAC","class":"Fr","raw_row":["Isaiah Carrillo","Abilene Christian","WAC",8,1.5,81.3,12.3,30,30,0,8.2,10.9,0,0,0,0,0,2,0,1,3,0.333,0,6.6,0,"Fr","5-10",20,-0.133572,74.8711,0,2026,133853,"Abilene, TX",null,"2.00000000",0,1,0,1,"0.0000","0.0000",0,0,null,null,101.564,98.7811,0.271671,3.79549,-1.66056,-3.2664,1.60584,0.326659,"4.2000",-2.27257,2.59923,0.0909,0.3636,0.4545,0.3636,0.2727,"0.0000",0.9091,"Pure PG",9.60512,"2006-10-15"],"games":8,"notes":"Pure PG","projection":9.6051,"advanced_stats":{"tov_pg":0.18181818181818182,"usage_pct":0.1962727272727273,"plus_minus_pg":0.45454545454545453,"mins_pct":0.035,"is_qualified":false}}]}