{"bart_player_id":133843,"seasons":[{"year":2026,"team_name":"Dayton","team_conference":"A10","class":"Fr","raw_row":["Damon Friery","Dayton","A10",16,5.9,100.7,20.7,44.4,45.67,14,12.2,4.6,9.7,5,10,0.5,3,10,0.3,6,17,0.353,2.8,2.7,37,"Fr","6-9",22,0.193191,102.547,4.1,2026,133843,"Brunswick, OH",62.6,0.66666667,1,4,2,6,"0.2500",0.3333,0,0,null,null,101.395,101.098,0.631477,16.3481,-0.414388,-0.152748,-0.26164,0.439304,5.5125,0.461374,-0.0220696,"0.6250",0.5625,1.1875,"0.1250","0.2500","0.1250",1.8125,"Stretch 4",11.3701,"2006-10-15"],"games":16,"notes":"Stretch 4","projection":11.3701,"advanced_stats":{"tov_pg":0.1875,"usage_pct":0.23443750000000002,"plus_minus_pg":0.25,"mins_pct":0.059,"is_qualified":false}}]}