{"bart_player_id":133801,"seasons":[{"year":2026,"team_name":"Florida A&M","team_conference":"SWAC","class":"Jr","raw_row":["Miles Ndalama","Florida A&M","SWAC",23,46,95.3,18.5,55.8,54.48,10.4,12.5,6.6,23.5,38,79,0.481,63,112,0.563,0,1,0,4.4,1.1,69.9,"Jr","6-11",34,-0.111768,90.9771,5.6,2026,133801,"Ndola, Zambia",null,"0.47619050",59,104,4,8,0.5673,"0.5000",25,29,0.8621,null,108.373,113.657,1.66422,88.5758,-3.61617,-4.23864,0.622476,-5.33357,"22.9400",-5.13432,-0.199252,"2.0400","2.4400","4.4800","0.8000","0.4000","0.9200","7.4000","C",0.105929,"2004-10-15"],"games":23,"notes":"C","projection":0.1059,"advanced_stats":{"tov_pg":1.68,"usage_pct":0.17556000000000005,"plus_minus_pg":-0.48,"mins_pct":0.461,"is_qualified":true}}]}