{"bart_player_id":133845,"seasons":[{"year":2026,"team_name":"Florida Atlantic","team_conference":"Amer","class":"Jr","raw_row":["Xander Pintelon","Florida Atlantic","Amer",31,45,109.5,16.6,48.7,53.04,6.2,15.1,6.7,14.5,33,39,0.846,27,57,0.474,32,97,0.33,3.1,1.8,25.3,"Jr","6-11",17,0.832246,105.689,4.5,2026,133845,"Oostkamp, Belgium",null,0.92001058,25,51,2,6,0.4902,0.3333,3,3,"1.0000",null,105.211,104.546,1.86316,106.311,1.79702,0.5072,1.28982,1.22974,18.1394,-0.100592,1.33034,1.0909,2.6364,3.7273,"0.6970",0.5455,0.5455,6.2424,"Stretch 4",9.74157,"2004-10-15"],"games":31,"notes":"Stretch 4","projection":9.7416,"advanced_stats":{"tov_pg":0.7575757575757576,"usage_pct":0.16348484848484848,"plus_minus_pg":3.5757575757575757,"mins_pct":0.449,"is_qualified":true}}]}