{"bart_player_id":133897,"seasons":[{"year":2026,"team_name":"Valparaiso","team_conference":"MVC","class":"Jr","raw_row":["Mark Brown","Valparaiso","MVC",21,22.7,77.4,18.7,29.5,32.63,2.2,7.2,16.8,16.4,11,18,0.611,5,30,0.167,14,58,0.241,0.4,3.7,20.5,"Jr","6-0",10,-0.757599,76.6836,3.4,2026,133897,"Tempe, AZ",null,1.93341152,3,12,2,18,"0.2500",0.1111,0,0,null,null,106.045,107.122,1.31605,51.553,-3.81981,-3.59917,-0.220637,-4.27062,14.0318,-5.45355,1.18294,0.3182,0.8182,1.1364,1.3182,0.8182,0.0455,2.9545,"Scoring PG",11.8414,"2004-10-15"],"games":21,"notes":"Scoring PG","projection":11.8414,"advanced_stats":{"tov_pg":0.6818181818181818,"usage_pct":0.18549999999999997,"plus_minus_pg":-0.3181818181818182,"mins_pct":0.229,"is_qualified":false}}]}