{"bart_player_id":133849,"seasons":[{"year":2026,"team_name":"Howard","team_conference":"MEAC","class":"Sr","raw_row":["Ed Holland III","Howard","MEAC",22,15.8,108.4,10,39.1,49.23,6.7,18.3,6.1,14.6,14,20,0.7,9,21,0.429,0,2,0,1.7,1.5,87,"Sr","6-6",23,-0.0409129,91.0521,6.3,2026,133849,"Philadelphia, PA",null,"1.00000000",8,18,1,3,0.4444,0.3333,0,2,"0.0000",null,99.9241,106.452,0.869042,36.6429,-3.68597,-3.82764,0.14167,-4.6679,"9.1480",-4.9827,0.314801,"0.5600","1.3200","1.8800","0.3600","0.2000","0.2000","1.8400","Wing F",0.587987,"2003-10-15"],"games":22,"notes":"Wing F","projection":0.588,"advanced_stats":{"tov_pg":0.36,"usage_pct":0.08352,"plus_minus_pg":-1.04,"mins_pct":0.163,"is_qualified":false}}]}