{"bart_player_id":133837,"seasons":[{"year":2026,"team_name":"North Alabama","team_conference":"ASun","class":"Fr","raw_row":["Braylon Patton","North Alabama","ASun",25,37.1,83.6,25.1,51.3,53.15,3.6,9.4,18.6,34,24,39,0.615,46,86,0.535,9,30,0.3,0,2.6,33.6,"Fr","6-0",3,-0.458423,84.4068,3.2,2026,133837,"Birmingham, AL",null,0.59678613,43,73,3,13,"0.5890",0.2308,1,2,"0.5000",null,119.5,120.53,0.796796,60.9331,-9.2233,-6.22617,-2.99714,-8.86778,16.4778,-5.51518,-3.3526,0.4815,1.3333,1.8148,1.3704,0.7407,"0.0000",5.6296,"Combo G",4.33284,"2006-10-15"],"games":25,"notes":"Combo G","projection":4.3328,"advanced_stats":{"tov_pg":2.2962962962962963,"usage_pct":0.2790740740740741,"plus_minus_pg":-4.888888888888889,"mins_pct":0.368,"is_qualified":true}}]}