{"bart_player_id":133854,"seasons":[{"year":2026,"team_name":"Green Bay","team_conference":"Horz","class":"Jr","raw_row":["LeBron Thomas","Green Bay","Horz",30,30.1,100.9,21.5,48.6,56.55,4.4,15.7,14.1,22.1,54,79,0.684,34,65,0.523,1,8,0.125,0.3,1.6,108.2,"Jr","6-3",22,0.340619,100.255,3.3,2026,133854,"Bishopville, SC",null,0.90913494,30,48,4,17,"0.6250",0.2353,1,1,"1.0000",null,116.25,115.474,0.815593,59.2618,-4.54042,-2.88992,-1.6505,-3.28842,12.2031,-2.35416,-0.93426,"0.3750",1.5625,1.9375,0.9375,0.3438,0.0312,3.9688,"Wing G",1.30921,"2004-10-15"],"games":30,"notes":"Wing G","projection":1.3092,"advanced_stats":{"tov_pg":1.03125,"usage_pct":0.21515625,"plus_minus_pg":-1.625,"mins_pct":0.294,"is_qualified":true}}]}