{"bart_player_id":133818,"seasons":[{"year":2026,"team_name":"Texas A&M Corpus Chris","team_conference":"Slnd","class":"Jr","raw_row":["Daniel Michelini-Jackson","Texas A&M Corpus Chris","Slnd",26,38.1,94.9,16.7,43,49.45,3.7,18.3,13.2,23.3,27,30,0.9,22,51,0.431,14,49,0.286,1.1,1.9,30,"Jr","6-5",10,-0.100004,90.672,2.8,2026,133818,"Inglewood, CA",null,"1.41380000",9,15,13,36,"0.6000",0.3611,0,0,null,null,103.231,104.162,1.78095,78.5947,-1.02,-2.56226,1.54226,-0.869865,17.5207,-1.93035,1.06049,0.5517,2.7586,3.3103,1.4138,0.5862,0.2069,5.5172,"Wing G",6.58396,"2004-10-15"],"games":26,"notes":"Wing G","projection":6.584,"advanced_stats":{"tov_pg":1,"usage_pct":0.18551724137931033,"plus_minus_pg":2.5172413793103448,"mins_pct":0.385,"is_qualified":true}}]}