{"bart_player_id":133875,"seasons":[{"year":2026,"team_name":"Denver","team_conference":"Sum","class":"Fr","raw_row":["Corleone Dandridge","Denver","Sum",9,4.3,78.4,11.6,42.9,44.03,4.7,16.5,3.2,30,1,2,0.5,3,3,1,0,4,0,0,3.5,28.6,"Fr","6-5",4,-0.41287,70.6911,2.4,2026,133875,"Milwaukee, WI",null,0.19990401,2,2,1,1,"1.0000","1.0000",1,1,"1.0000",null,115.988,114.511,0.378215,9.68972,-5.13717,-3.85984,-1.27733,-4.29983,6.7583,-3.34823,-0.951601,0.4167,1.0833,"1.5000",0.0833,0.3333,"0.0000","1.2500","Wing F",4.61327,"2006-10-15"],"games":9,"notes":"Wing F","projection":4.6133,"advanced_stats":{"tov_pg":0.4166666666666667,"usage_pct":0.10166666666666667,"plus_minus_pg":0.75,"mins_pct":0.064,"is_qualified":false}}]}