{"bart_player_id":133866,"seasons":[{"year":2026,"team_name":"UC Riverside","team_conference":"BW","class":"So","raw_row":["De'Undrae Perteete","UC Riverside","BW",25,58.4,116.3,11.7,55.8,58.88,2.7,10.4,15.6,17.2,30,41,0.732,21,43,0.488,28,70,0.4,0.7,1.7,36.3,"So","6-5",1,1.13316,104.018,3.1,2026,133866,"Antioch, CA",null,2.60006474,17,29,4,14,0.5862,0.2857,0,0,null,null,113.125,113.36,2.04345,109.932,0.0798848,0.358647,-0.278762,-0.93316,"27.6370",-1.14157,0.208406,0.7037,2.5185,3.2222,2.4074,0.8889,0.1852,6.6667,"Combo G",5.61324,"2005-10-15"],"games":25,"notes":"Combo G","projection":5.6132,"advanced_stats":{"tov_pg":0.9259259259259259,"usage_pct":0.11722222222222221,"plus_minus_pg":-2.7777777777777777,"mins_pct":0.584,"is_qualified":true}}]}