{"bart_player_id":133806,"seasons":[{"year":2026,"team_name":"Massachusetts","team_conference":"MAC","class":"Fr","raw_row":["Dwayne Wimbley, Jr.","Massachusetts","MAC",32,34,72.5,13.6,33.3,35.35,5.4,12.3,5.6,26.7,9,16,0.563,21,54,0.389,6,36,0.167,3.4,1.9,17.8,"Fr","6-6",2,-1.29109,65.0467,3.7,2026,133806,"Fort Lauderdale, FL",null,0.53327468,19,42,2,12,0.4524,0.1667,1,1,"1.0000",null,108.735,109.931,1.15478,79.8204,-3.72452,-5.26139,1.53687,-5.78308,14.0152,-5.58951,-0.193573,0.7576,1.4545,2.2121,0.4848,0.4848,0.3636,"2.3030","Wing F",4.52602,"2006-10-15"],"games":32,"notes":"Wing F","projection":4.526,"advanced_stats":{"tov_pg":0.9090909090909091,"usage_pct":0.14409090909090908,"plus_minus_pg":-1.5757575757575757,"mins_pct":0.343,"is_qualified":true}}]}