{"bart_player_id":133846,"seasons":[{"year":2026,"team_name":"Florida Atlantic","team_conference":"Amer","class":"Fr","raw_row":["Lachlan Smith","Florida Atlantic","Amer",1,0.1,0,37.6,0,0,0,0,0,0,0,0,0,0,1,0,0,0,0,0,0,0,"Fr","6-3",30,-0.366764,-13.3276,0,2026,133846,"Palm Harbor, FL",null,"0.00000000",0,0,0,1,null,"0.0000",0,0,null,null,117.317,127.064,0.0253439,0.0915999,-42.0531,-30.555,-11.4981,-56.5496,"1.7000",-35.8573,-20.6923,"0.5000","0.0000","0.5000","0.0000","0.5000","0.0000","1.0000","PF/C",0,"2006-10-15"],"games":1,"notes":"PF/C","projection":0,"advanced_stats":{"tov_pg":0.5,"usage_pct":0.40349999999999997,"plus_minus_pg":1.5,"mins_pct":0.003,"is_qualified":false}}]}