{"bart_player_id":133880,"seasons":[{"year":2026,"team_name":"Fresno St.","team_conference":"MWC","class":"Fr","raw_row":["Matteo Porto","Fresno St.","MWC",13,3,50.3,16.5,16.7,23.17,0,9.1,0,9.4,2,2,1,2,3,0.667,0,9,0,3.2,0,16.7,"Fr","6-7",17,-0.435316,48.6452,2.1,2026,133880,"Roma, Italy",null,"0.00000000",2,2,0,1,"1.0000","0.0000",0,0,null,null,111.698,109.409,0.248502,5.15842,-12.3779,-9.47495,-2.90292,-12.5972,3.3571,-9.77748,-2.81975,"0.0000",0.2143,0.2143,"0.0000","0.0000",0.0714,0.5714,"PF/C",13.9526,"2006-10-15"],"games":13,"notes":"PF/C","projection":13.9526,"advanced_stats":{"tov_pg":0.21428571428571427,"usage_pct":0.25078571428571433,"plus_minus_pg":-0.5714285714285714,"mins_pct":0.036,"is_qualified":false}}]}