{"bart_player_id":133893,"seasons":[{"year":2026,"team_name":"Valparaiso","team_conference":"MVC","class":"Sr","raw_row":["Kyonte Thomas","Valparaiso","MVC",26,5.8,53.5,6.5,33.3,26.94,1.5,6.2,2.3,24.5,0,3,0,2,3,0.667,0,3,0,1.5,0,50,"Sr","6-0",22,-0.497156,42.3454,2.1,2026,133893,"Bolingbrook, IL",null,1.99865045,1,1,1,2,"1.0000","0.5000",0,0,null,null,114.081,114.051,0.201919,8.63193,-7.07924,-6.19934,-0.879901,-8.85972,"3.4630",-6.97513,-1.88459,"0.0370",0.1852,0.2222,0.1481,"0.0000","0.0370",0.2963,"Wing G",2.39715,"2003-10-15"],"games":26,"notes":"Wing G","projection":2.3972,"advanced_stats":{"tov_pg":0.07407407407407407,"usage_pct":0.04911111111111111,"plus_minus_pg":-0.4444444444444444,"mins_pct":0.069,"is_qualified":false}}]}