{"bart_player_id":133807,"seasons":[{"year":2026,"team_name":"Sacramento St.","team_conference":"BSky","class":"Fr","raw_row":["Romari Robinson","Sacramento St.","BSky",21,19.9,79.6,11.7,38.9,43.38,0.5,13.9,8.7,23.2,9,14,0.643,8,19,0.421,4,17,0.235,1,3.7,38.9,"Fr","6-4",3,-0.803035,70.5529,4.3,2026,133807,"Miami, FL",null,1.09098845,6,11,2,8,0.5455,"0.2500",0,0,null,null,111.828,110.069,0.894473,45.4327,-4.35146,-5.04895,0.697487,-5.84775,11.1083,-6.50196,0.654209,"0.1250","1.2500","1.3750","0.5000",0.7083,0.0833,"1.7500","Wing G",4.20279,"2006-10-15"],"games":21,"notes":"Wing G","projection":4.2028,"advanced_stats":{"tov_pg":0.4583333333333333,"usage_pct":0.09699999999999998,"plus_minus_pg":0.4166666666666667,"mins_pct":0.214,"is_qualified":false}}]}