{"bart_player_id":133811,"seasons":[{"year":2026,"team_name":"North Carolina","team_conference":"ACC","class":"Fr","raw_row":["Caleb Wilson","North Carolina","ACC",24,56.7,123.1,28.8,59,62.64,10.5,22.2,18.1,12.6,129,181,0.713,163,267,0.61,7,27,0.259,4.4,2.8,61.6,"Fr","6-10",8,5.30551,141.21,2.4,2026,133811,"Atlanta, GA",99.2,1.36174227,115,159,48,108,0.7233,0.4444,67,77,0.8701,null,96.6522,92.2106,4.57938,179.801,12.2009,6.20691,5.99398,12.7197,31.3042,8.15415,4.56558,2.8333,6.5833,9.4167,2.6667,"1.5000","1.3750",19.8333,"PF/C",2.08729,"2006-07-18"],"games":24,"notes":"PF/C","projection":2.0873,"advanced_stats":{"tov_pg":1.9583333333333333,"usage_pct":0.28554166666666664,"plus_minus_pg":8.791666666666666,"mins_pct":0.567,"is_qualified":true}}]}