{"bart_player_id":133814,"seasons":[{"year":2026,"team_name":"Florida St.","team_conference":"ACC","class":"Sr","raw_row":["Alex Steen","Florida St.","ACC",32,48,130.9,16.5,63.2,66.26,15,16.8,7.8,14.9,70,100,0.7,74,116,0.638,0,1,0,4.3,1.9,85.5,"Sr","6-8",25,2.55191,129.487,4.2,2026,133814,"Panama City Beach, FL",null,"1.00000000",68,100,6,16,"0.6800","0.3750",23,28,0.8214,null,107.025,102.361,2.20048,125.912,6.78071,3.65339,3.12732,4.05528,19.8125,2.83411,1.22117,2.7812,"3.0000",5.7812,"0.8750",0.6875,0.7188,6.8125,"C",0.0878881,"2003-10-15"],"games":32,"notes":"C","projection":0.0879,"advanced_stats":{"tov_pg":0.875,"usage_pct":0.14675000000000002,"plus_minus_pg":1.59375,"mins_pct":0.481,"is_qualified":true}}]}