{"bart_player_id":133808,"seasons":[{"year":2026,"team_name":"Saint Francis","team_conference":"NEC","class":"Sr","raw_row":["Ahmad Harrison","Saint Francis","NEC",29,64.1,90.1,20.5,44.1,45.38,2.2,8.5,17.2,17.9,25,43,0.581,55,147,0.374,35,97,0.361,0.6,2.7,17.6,"Sr","6-2",55,-0.314951,88.8264,3.3,2026,133808,"Baltimore, MD",null,"1.40002480",30,78,25,69,0.3846,0.3623,0,1,"0.0000",null,118.903,123.371,0.977744,118.357,-7.04791,-3.35618,-3.69173,-6.12187,25.3097,-3.55112,-2.57075,0.5161,1.6452,2.1613,2.2581,1.2581,0.1935,8.2258,"Scoring PG",7.42002,"2003-10-15"],"games":29,"notes":"Scoring PG","projection":7.42,"advanced_stats":{"tov_pg":1.6129032258064515,"usage_pct":0.2116774193548387,"plus_minus_pg":-6.225806451612903,"mins_pct":0.63,"is_qualified":true}}]}