{"bart_player_id":133826,"seasons":[{"year":2026,"team_name":"Georgia St.","team_conference":"SB","class":"So","raw_row":["Christian Beam","Georgia St.","SB",24,31.6,96.5,13.9,47.1,51.2,9.8,17.6,2.7,21,30,53,0.566,24,51,0.471,0,0,0,5.5,1.1,103.9,"So","6-6",32,-0.298556,86.9229,4.9,2026,133826,"Newell, AL",null,0.23808346,22,42,2,9,0.5238,0.2222,8,8,"1.0000",null,107.69,109.924,1.34025,70.8948,-4.88277,-6.018,1.13523,-5.20984,15.5654,-5.06604,-0.143793,1.4231,2.4615,3.8846,0.1923,0.2692,0.8462,3.1923,"PF/C",0,"2005-10-15"],"games":24,"notes":"PF/C","projection":0,"advanced_stats":{"tov_pg":0.8076923076923077,"usage_pct":0.12430769230769231,"plus_minus_pg":-2.5,"mins_pct":0.314,"is_qualified":true}}]}