{"bart_player_id":133898,"seasons":[{"year":2026,"team_name":"Valparaiso","team_conference":"MVC","class":"Fr","raw_row":["Camden Webster","Valparaiso","MVC",4,0.3,94.3,34.7,33.3,33.33,0,28.2,68.1,0,0,0,0,1,1,1,0,2,0,0,0,0,"Fr","6-3",5,0.038462,102.924,9.5,2026,133898,"Wheatfield, IN",null,0.80000001,0,0,1,1,null,"1.0000",0,0,null,null,105.357,106.045,0.103196,0.753762,8.09457,8.10686,-0.0122869,-5.39318,"1.1200",-5.201,-0.192183,"0.2000","0.2000","0.4000","0.2000","0.0000","0.0000","1.0000","Pure PG",30.8966,"2006-10-15"],"games":4,"notes":"Pure PG","projection":30.8966,"advanced_stats":{"tov_pg":0,"usage_pct":0.3426,"plus_minus_pg":-0.6,"mins_pct":0.004,"is_qualified":false}}]}