{"bart_player_id":133847,"seasons":[{"year":2026,"team_name":"Florida Atlantic","team_conference":"Amer","class":"Jr","raw_row":["Vincent Neugebauer","Florida Atlantic","Amer",13,7.5,124.6,14,70.6,68.97,9.6,12.8,3.8,17.2,6,10,0.6,12,17,0.706,0,0,0,1.1,1.8,58.8,"Jr","7-1",8,0.561776,115.164,3.4,2026,133847,"Oldenburg, Germany",null,0.40016802,9,14,3,3,0.6429,"1.0000",3,3,"1.0000",null,107.356,107.973,0.650466,16.0985,0.475315,0.534125,-0.0588095,1.09432,7.6714,0.181818,0.912501,0.6429,0.8571,"1.5000",0.1429,0.2857,0.1429,2.3571,"C",0,"2004-10-15"],"games":13,"notes":"C","projection":0,"advanced_stats":{"tov_pg":0.35714285714285715,"usage_pct":0.11664285714285713,"plus_minus_pg":2.642857142857143,"mins_pct":0.08,"is_qualified":false}}]}