{"bart_player_id":133802,"seasons":[{"year":2026,"team_name":"Hofstra","team_conference":"CAA","class":"Sr","raw_row":["Alex Tsynkevich","Hofstra","CAA",14,4,112.6,10.3,37.5,44.69,10.7,18,3.2,11.1,2,2,1,3,8,0.375,0,0,0,2.2,1.1,25,"Sr","6-10",17,0.0611776,96.9817,4.5,2026,133802,"Minsk, Belarus",null,"0.50000000",3,7,0,1,0.4286,"0.0000",0,0,null,null,102.245,104.228,0.399668,9.92712,-1.88809,-3.01503,1.12695,-1.12026,4.2437,-2.89167,1.77142,0.5625,0.8125,"1.3750",0.0625,0.0625,0.0625,"0.7500","C",0,"2003-10-15"],"games":14,"notes":"C","projection":0,"advanced_stats":{"tov_pg":0.125,"usage_pct":0.05825,"plus_minus_pg":-0.625,"mins_pct":0.048,"is_qualified":false}}]}