{"bart_player_id":133809,"seasons":[{"year":2026,"team_name":"Towson","team_conference":"CAA","class":"Sr","raw_row":["Ryan Conway","Towson","CAA",22,16.1,115.7,15.6,50,50.89,3.1,4.4,5.7,7.8,4,6,0.667,1,3,0.333,20,59,0.339,0,0.6,9.7,"Sr","6-1",0,0.513296,108.194,2.1,2026,133809,"Baltimore, MD",null,"2.00000000",1,3,0,0,0.3333,null,0,0,null,null,112.219,114.183,0.654665,22.6522,-2.15688,0.501011,-2.65789,-0.109123,"9.9870",0.974132,-1.08325,0.2609,0.4348,0.6957,0.3478,0.1304,"0.0000",3.5217,"Combo G",17.8383,"2003-10-15"],"games":22,"notes":"Combo G","projection":17.8383,"advanced_stats":{"tov_pg":0.17391304347826086,"usage_pct":0.15660869565217392,"plus_minus_pg":1.826086956521739,"mins_pct":0.168,"is_qualified":false}}]}