{"bart_player_id":133825,"seasons":[{"year":2026,"team_name":"South Alabama","team_conference":"SB","class":"Sr","raw_row":["Hantz Louis Jeune","South Alabama","SB",31,56.5,98.2,11.2,43,45.13,2.2,12,4.1,6.8,17,26,0.654,19,39,0.487,26,96,0.271,1.6,2.2,19.3,"Sr","6-6",4,-0.639761,84.2122,2.3,2026,133825,"Lake Worth, FL",null,2.00036655,18,31,1,8,0.5806,"0.1250",0,1,"0.0000",null,107.97,110.818,1.84729,124.293,-2.23411,-2.32129,0.0871791,-3.29465,23.5939,-3.47358,0.178933,0.4242,2.5152,2.9394,0.5455,0.9091,0.1818,5.0909,"Wing G",8.17703,"2003-10-15"],"games":31,"notes":"Wing G","projection":8.177,"advanced_stats":{"tov_pg":0.2727272727272727,"usage_pct":0.13524242424242428,"plus_minus_pg":1.7878787878787878,"mins_pct":0.578,"is_qualified":true}}]}