{"bart_player_id":133929,"seasons":[{"year":2026,"team_name":"Coppin St.","team_conference":"MEAC","class":"Fr","raw_row":["Daveyon Lydner","Coppin St.","MEAC",22,22.4,74.7,16.8,20.5,31.32,1.7,6.9,25.2,21.6,21,30,0.7,7,40,0.175,3,16,0.188,2.3,0.9,53.6,"Fr","6-4",23,-0.923618,70.68,3.1,2026,133929,"York, PA",null,"2.17656620",4,24,3,16,0.1667,0.1875,0,0,null,null,121.934,124.46,0.421947,34.5548,-11.782,-7.62962,-4.1524,-10.5237,12.6957,-6.55767,-3.966,0.2174,0.6957,"0.9130",1.6087,0.2174,0.2174,2.3043,"Scoring PG",3.4232,"2006-10-15"],"games":22,"notes":"Scoring PG","projection":3.4232,"advanced_stats":{"tov_pg":0.7391304347826086,"usage_pct":0.15039130434782605,"plus_minus_pg":-2.130434782608696,"mins_pct":0.235,"is_qualified":false}}]}