{"bart_player_id":133940,"seasons":[{"year":2026,"team_name":"Canisius","team_conference":"MAAC","class":"Fr","raw_row":["Javante Edwards","Canisius","MAAC",26,50.1,85.6,21.1,44.8,48.98,1.3,8.4,18.8,27.3,38,54,0.704,30,73,0.411,26,81,0.321,0.2,1.9,35.1,"Fr","6-1",1,-0.573176,85.2128,3.4,2026,133940,"Milwaukee, WI",null,0.89286918,18,47,12,26,"0.3830",0.4615,0,0,null,null,112.941,118.211,1.29424,87.7957,-7.48872,-5.06491,-2.42382,-6.87879,22.9556,-5.09852,-1.78027,0.2593,1.5926,1.8519,1.8519,0.7037,"0.0370",6.5185,"Scoring PG",8.35192,"2006-10-15"],"games":26,"notes":"Scoring PG","projection":8.3519,"advanced_stats":{"tov_pg":2.074074074074074,"usage_pct":0.20681481481481476,"plus_minus_pg":-4.555555555555555,"mins_pct":0.498,"is_qualified":true}}]}