{"bart_player_id":133938,"seasons":[{"year":2026,"team_name":"Tarleton St.","team_conference":"WAC","class":"Fr","raw_row":["Cam Thomas","Tarleton St.","WAC",11,5.3,70.4,18.8,31.8,31.82,3.9,12.8,6.6,15.1,0,0,0,7,17,0.412,0,5,0,0,3.8,0,"Fr","6-3",30,-0.39138,71.3851,2.7,2026,133938,"Chicago, IL",null,0.42860001,3,4,4,13,"0.7500",0.3077,0,0,null,null,105.425,106.349,0.522609,11.3797,-7.36092,-6.42619,-0.934726,-8.45239,6.9929,-7.09782,-1.35457,0.2143,0.6429,0.8571,0.2143,0.3571,"0.0000",2.8571,"Wing G",4.70272,"2006-10-15"],"games":11,"notes":"Wing G","projection":4.7027,"advanced_stats":{"tov_pg":0.5,"usage_pct":0.20392857142857143,"plus_minus_pg":0.35714285714285715,"mins_pct":0.075,"is_qualified":false}}]}