{"bart_player_id":133999,"seasons":[{"year":2026,"team_name":"Wyoming","team_conference":"MWC","class":"Fr","raw_row":["Gavin Gores","Wyoming","MWC",27,37.9,117.9,18.6,62,64.46,8.1,15,4.1,17.1,53,77,0.688,68,101,0.673,3,16,0.188,2.4,1.1,65.8,"Fr","6-10",11,1.52419,116.831,5.4,2026,133999,"Almena, WI",null,0.37032046,67,97,1,4,0.6907,"0.2500",42,48,"0.8750",null,109.216,107.089,1.69966,77.3038,0.00621822,0.0679081,-0.0616899,0.545966,17.9214,0.0800794,0.465887,1.2143,2.1786,3.3929,0.3571,0.3214,0.3571,7.3214,"C",1.94903,"2006-10-15"],"games":27,"notes":"C","projection":1.949,"advanced_stats":{"tov_pg":0.9642857142857143,"usage_pct":0.1887857142857143,"plus_minus_pg":1.6428571428571428,"mins_pct":0.38,"is_qualified":true}}]}