{"bart_player_id":133922,"seasons":[{"year":2026,"team_name":"Delaware","team_conference":"CUSA","class":"Fr","raw_row":["Alex Kazanecki","Delaware","CUSA",30,70.7,107.3,9,59.3,60.11,0.8,7.3,3.9,15.3,11,16,0.688,16,27,0.593,36,91,0.396,1.1,1.1,13.6,"Fr","6-6",20,-0.177639,90.5577,1.7,2026,133922,"Morrow, OH",null,0.89987602,7,13,9,14,0.5385,0.6429,0,0,null,null,118.772,120.293,1.38113,107.376,-3.40656,-1.7873,-1.61926,-3.74602,28.7387,-2.40291,-1.34311,0.1613,1.9355,2.0968,0.5806,0.4839,0.3226,"5.1290","Wing G",6.6001,"2006-10-15"],"games":30,"notes":"Wing G","projection":6.6001,"advanced_stats":{"tov_pg":0.6451612903225806,"usage_pct":0.0971290322580645,"plus_minus_pg":-3.6774193548387095,"mins_pct":0.704,"is_qualified":true}}]}