{"bart_player_id":133945,"seasons":[{"year":2026,"team_name":"Oakland","team_conference":"Horz","class":"Jr","raw_row":["Isaac Garrett","Oakland","Horz",27,63.4,117.1,22.9,54.3,59.14,9.4,18.1,14.8,15.2,85,106,0.802,135,242,0.558,6,23,0.261,3.6,2.1,40,"Jr","6-8",32,2.93886,121.446,4.3,2026,133945,"Pleasant Grove, UT",null,1.25001342,102,167,33,75,0.6108,"0.4400",25,25,"1.0000",null,113.751,110.914,2.37044,151.445,2.48093,1.7334,0.747531,2.26644,28.9536,2.10019,0.166251,2.3571,4.7857,7.1429,2.3214,1.1071,"1.0000",13.7143,"Wing F",1.63679,"2004-10-15"],"games":27,"notes":"Wing F","projection":1.6368,"advanced_stats":{"tov_pg":1.8571428571428572,"usage_pct":0.22267857142857145,"plus_minus_pg":-0.32142857142857145,"mins_pct":0.633,"is_qualified":true}}]}