{"bart_player_id":133997,"seasons":[{"year":2026,"team_name":"Tennessee St.","team_conference":"OVC","class":"Jr","raw_row":["Alex Garcia","Tennessee St.","OVC",7,1.5,42.7,18.5,25,25,0,6.5,0,33.4,0,0,0,0,0,0,1,6,0.167,0,0,0,"Jr","6-8",31,-0.469503,40.6126,4.4,2026,133997,"Cleveland, OH",null,"0.00000000",0,0,0,0,null,null,0,0,null,null,114.98,122.873,0.104275,1.96402,-18.635,-11.7156,-6.91941,-20.3626,"2.7900",-13.5436,-6.81904,"0.1000","0.1000","0.2000","0.0000","0.1000","0.0000","0.7000","Wing F",18.7454,"2004-10-15"],"games":7,"notes":"Wing F","projection":18.7454,"advanced_stats":{"tov_pg":0.3,"usage_pct":0.24300000000000002,"plus_minus_pg":-0.1,"mins_pct":0.021,"is_qualified":false}}]}