{"bart_player_id":133914,"seasons":[{"year":2026,"team_name":"Memphis","team_conference":"Amer","class":"Fr","raw_row":["Simon Majok","Memphis","Amer",25,24.1,105.2,12.9,48.9,56.67,9.1,12.3,2.2,22.3,28,39,0.718,19,38,0.5,2,7,0.286,5.4,2,86.7,"Fr","7-1",10,0.232045,97.7705,5,2026,133914,"Akak, South Sudan",null,"0.25000000",16,28,3,10,0.5714,"0.3000",1,2,"0.5000",null,107.15,103.652,1.31933,56.3751,0.444773,-2.01653,2.4613,-0.946593,"12.4400",-2.80375,1.85716,"1.0400","1.4000","2.4400","0.1600","0.4400","0.5600","2.8800","PF/C",1.26016,"2006-10-15"],"games":25,"notes":"PF/C","projection":1.2602,"advanced_stats":{"tov_pg":0.64,"usage_pct":0.1292,"plus_minus_pg":0.44,"mins_pct":0.242,"is_qualified":false}}]}