{"bart_player_id":133900,"seasons":[{"year":2026,"team_name":"Cal St. Fullerton","team_conference":"BW","class":"Sr","raw_row":["Josh Ward","Cal St. Fullerton","BW",32,78.3,107.5,23.2,49.4,54.84,2.3,14,21.3,14.6,123,164,0.75,107,207,0.517,43,140,0.307,2,2.9,47.3,"Sr","6-1",3,2.14099,112.081,3.2,2026,133900,"Memphis, TN",null,1.76118942,88,149,19,58,0.5906,0.3276,0,0,null,null,107.538,108.139,2.84879,207.733,1.64966,0.93444,0.715218,1.88762,30.8971,1.05842,0.829197,0.7059,3.8235,4.5294,3.4706,1.6471,0.4706,"14.5000","Combo G",7.41521,"2003-10-15"],"games":32,"notes":"Combo G","projection":7.4152,"advanced_stats":{"tov_pg":1.9705882352941178,"usage_pct":0.22620588235294117,"plus_minus_pg":0.8823529411764706,"mins_pct":0.772,"is_qualified":true}}]}