{"bart_player_id":133998,"seasons":[{"year":2026,"team_name":"North Dakota","team_conference":"Sum","class":"Fr","raw_row":["Karson Ouse","North Dakota","Sum",11,4.7,62.4,8.7,30,36.23,3.6,4.1,0,33.1,2,4,0.5,0,0,0,1,5,0.2,2.1,0,80,"Fr","6-7",4,-0.777477,51.0993,5.3,2026,133998,"Horace, ND",null,"0.00000000",0,0,0,0,null,null,0,0,null,null,122.114,125.798,0.161519,6.48489,-10.416,-6.66138,-3.75459,-10.9832,6.7462,-7.58237,-3.40086,0.3077,0.3846,0.6923,"0.0000",0.0769,0.0769,0.6923,"Wing G",4.76258,"2006-10-15"],"games":11,"notes":"Wing G","projection":4.7626,"advanced_stats":{"tov_pg":0.23076923076923078,"usage_pct":0.11269230769230772,"plus_minus_pg":-1.7692307692307692,"mins_pct":0.062,"is_qualified":false}}]}