{"bart_player_id":133959,"seasons":[{"year":2026,"team_name":"Yale","team_conference":"Ivy","class":"Fr","raw_row":["Jack Sullivan","Yale","Ivy",19,7.9,91,16.8,42.3,44.53,4.1,11.5,5.3,19.7,2,2,1,2,6,0.333,6,20,0.3,16.4,0.7,7.7,"Fr","6-11",7,-0.091159,86.9247,6.5,2026,133959,"St Augustine, FL",null,"0.80008400",2,5,0,1,"0.4000","0.0000",0,0,null,null,104.521,105.365,0.485715,18.3601,1.71715,-4.23733,5.95448,-1.09108,5.9238,-4.07582,2.98474,0.2857,0.6667,0.9524,0.1905,0.0476,0.7143,1.7619,"PF/C",13.1616,"2006-10-15"],"games":19,"notes":"PF/C","projection":13.1616,"advanced_stats":{"tov_pg":0.23809523809523808,"usage_pct":0.1561904761904762,"plus_minus_pg":0.9523809523809523,"mins_pct":0.099,"is_qualified":false}}]}