{"bart_player_id":133917,"seasons":[{"year":2026,"team_name":"Portland St.","team_conference":"BSky","class":"Sr","raw_row":["Isaiah Williams","Portland St.","BSky",23,29.9,102.8,12.8,47.1,52.89,2.1,10.6,3.1,14.7,21,26,0.808,17,27,0.63,10,41,0.244,2.5,3.1,38.2,"Sr","6-7",21,-0.107511,90.2381,5.7,2026,133917,"Oklahoma City, OK",null,0.54549422,14,21,3,5,0.6667,"0.6000",2,2,"1.0000",null,101.805,101.852,1.64127,64.1202,-0.42578,-2.84956,2.42378,-1.94682,14.4583,-4.85988,2.91306,"0.2500",1.2917,1.5417,"0.2500","0.7500",0.2917,"3.6250","Wing G",7.01992,"2003-10-15"],"games":23,"notes":"Wing G","projection":7.0199,"advanced_stats":{"tov_pg":0.4583333333333333,"usage_pct":0.12533333333333332,"plus_minus_pg":0.375,"mins_pct":0.278,"is_qualified":true}}]}