{"bart_player_id":133902,"seasons":[{"year":2026,"team_name":"Prairie View A&M","team_conference":"SWAC","class":"Jr","raw_row":["Jannoy Thomas","Prairie View A&M","SWAC",27,20.5,106.8,10.7,55.9,57.47,5.2,8.7,8.6,20.9,12,20,0.6,19,33,0.576,0,1,0,1.1,2.4,58.8,"Jr","5-11",10,-0.033118,91.419,3.4,2026,133902,"Scarborough, Canada",null,1.46137341,19,26,0,7,0.7308,"0.0000",1,1,"1.0000",null,110.193,113.825,0.71679,45.6254,-3.0508,-3.02745,-0.0233431,-3.74539,9.9419,-3.22921,-0.516182,0.4194,0.8387,1.2581,0.6129,0.5484,0.0968,2.1613,"Wing G",0.203268,"2004-10-15"],"games":27,"notes":"Wing G","projection":0.2033,"advanced_stats":{"tov_pg":0.41935483870967744,"usage_pct":0.1367741935483871,"plus_minus_pg":1.2903225806451613,"mins_pct":0.206,"is_qualified":false}}]}