{"bart_player_id":133987,"seasons":[{"year":2026,"team_name":"Little Rock","team_conference":"OVC","class":"Sr","raw_row":["Tracy Steele Jr.","Little Rock","OVC",22,20,79.2,12.6,47.1,46.2,2.8,9.5,8.4,31.2,6,15,0.4,4,16,0.25,8,18,0.444,1.4,1,44.1,"Sr","6-3",12,-0.853422,69.8515,3.7,2026,133987,"North Little Rock, AR",null,"0.69998800",3,11,1,5,0.2727,"0.2000",0,0,null,null,114.549,121.401,0.491586,32.3677,-9.74922,-6.36326,-3.38596,-9.05113,10.8875,-6.33625,-2.71488,0.2917,0.9583,"1.2500",0.5833,0.1667,"0.1250",1.6667,"Combo G",4.43364,"2003-10-15"],"games":22,"notes":"Combo G","projection":4.4336,"advanced_stats":{"tov_pg":0.8333333333333334,"usage_pct":0.10983333333333332,"plus_minus_pg":-1.625,"mins_pct":0.206,"is_qualified":false}}]}