{"bart_player_id":133989,"seasons":[{"year":2026,"team_name":"Georgia St.","team_conference":"SB","class":"Sr","raw_row":["Ayouba Berthe","Georgia St.","SB",30,41,85.3,16.3,36.4,41.37,2.2,9.3,8.5,15.2,25,30,0.833,6,24,0.25,28,108,0.259,0.2,1.3,22.7,"Sr","6-5",20,-0.718409,79.7351,3.7,2026,133989,"Minneapolis, MN",null,1.08681133,3,7,3,17,0.4286,0.1765,0,1,"0.0000",null,113.472,115.851,1.05304,69.6199,-6.82222,-4.30332,-2.51889,-7.3263,16.8563,-5.61158,-1.71472,0.3438,1.5312,"1.8750",0.7812,0.4062,0.0312,4.4062,"Wing G",12.7759,"2003-10-15"],"games":30,"notes":"Wing G","projection":12.7759,"advanced_stats":{"tov_pg":0.71875,"usage_pct":0.16859375000000001,"plus_minus_pg":-2.15625,"mins_pct":0.419,"is_qualified":true}}]}