{"bart_player_id":133910,"seasons":[{"year":2026,"team_name":"Buffalo","team_conference":"MAC","class":"Sr","raw_row":["Kyle Jones","Buffalo","MAC",18,14,124.3,12.3,45.8,52.22,13.8,10.2,5.1,8.5,11,16,0.688,11,21,0.524,0,3,0,1.4,4.2,66.7,"Sr","6-5",12,0.561282,109.624,8.5,2026,133910,"Frisco, TX",null,1.66687781,10,20,1,1,"0.5000","1.0000",2,2,"1.0000",null,109.67,112.474,0.712143,32.7701,0.57806,0.526968,0.0510929,-2.80708,10.0632,-3.47417,0.667082,1.0526,1.0526,2.1053,0.2632,0.6316,0.1053,2.1053,"Wing F",1.04565,"2003-10-15"],"games":18,"notes":"Wing F","projection":1.0457,"advanced_stats":{"tov_pg":0.15789473684210525,"usage_pct":0.11831578947368422,"plus_minus_pg":0,"mins_pct":0.148,"is_qualified":false}}]}