{"bart_player_id":133921,"seasons":[{"year":2026,"team_name":"The Citadel","team_conference":"SC","class":"Fr","raw_row":["Marcos Gonzales","The Citadel","SC",26,26.2,80.8,25.4,40.4,46.25,2.1,13.9,24.6,30.2,32,52,0.615,27,63,0.429,3,15,0.2,0.4,3.1,66.7,"Fr","6-3",3,-0.456093,81.5104,3.4,2026,133921,"Chicago, IL",null,1.09997825,21,46,6,17,0.4565,0.3529,1,1,"1.0000",null,116.8,119.13,0.640086,54.6357,-10.2811,-7.95265,-2.32848,-9.94383,12.6862,-7.42632,-2.51751,0.2069,1.4138,1.6207,1.5172,0.6207,0.0345,4.3793,"Scoring PG",2.87588,"2006-10-15"],"games":26,"notes":"Scoring PG","projection":2.8759,"advanced_stats":{"tov_pg":1.3793103448275863,"usage_pct":0.2093448275862069,"plus_minus_pg":-3.7241379310344827,"mins_pct":0.274,"is_qualified":true}}]}