{"bart_player_id":133904,"seasons":[{"year":2026,"team_name":"East Texas A&M","team_conference":"Slnd","class":"Jr","raw_row":["Noah Pagotto","East Texas A&M","Slnd",30,66.8,119.6,17.6,59.8,62.94,7.8,16.6,8.6,12.8,60,78,0.769,101,167,0.605,18,47,0.383,2.5,1.9,36.4,"Jr","6-7",13,2.17303,115.796,4.6,2026,133904,"Wollongong, Australia",null,"1.00000000",81,128,20,39,0.6328,0.5128,6,8,"0.7500",null,109.623,111.277,2.14176,146.091,1.21561,0.58788,0.627728,0.63926,26.0938,0.567232,0.0720278,"1.8750",3.7812,5.6562,"1.0000","0.8750",0.5625,"10.3750","Wing F",3.42179,"2004-10-15"],"games":30,"notes":"Wing F","projection":3.4218,"advanced_stats":{"tov_pg":1,"usage_pct":0.18293750000000003,"plus_minus_pg":-2.28125,"mins_pct":0.652,"is_qualified":true}}]}