{"bart_player_id":133913,"seasons":[{"year":2026,"team_name":"Robert Morris","team_conference":"Horz","class":"Sr","raw_row":["Albert Vargas","Robert Morris","Horz",26,50.2,109.6,20,47.4,53.94,2.5,9.2,27,24.4,49,56,0.875,26,73,0.356,32,83,0.386,0,1.6,35.9,"Sr","5-10",20,1.18412,106.685,4.7,2026,133913,"Bronx, NY",null,2.03634879,13,32,13,41,0.4063,0.3171,0,0,null,null,111.604,111.639,1.8798,93.0151,-2.43177,-0.995781,-1.43599,-2.46264,24.0929,-2.07327,-0.389377,0.4643,1.8214,2.2857,"4.0000",0.6786,"0.0000","7.5000","Pure PG",7.93111,"2003-10-15"],"games":26,"notes":"Pure PG","projection":7.9311,"advanced_stats":{"tov_pg":1.9642857142857142,"usage_pct":0.1741071428571428,"plus_minus_pg":3.607142857142857,"mins_pct":0.501,"is_qualified":true}}]}