{"bart_player_id":133926,"seasons":[{"year":2026,"team_name":"Marshall","team_conference":"SB","class":"Jr","raw_row":["Shamarrie Hugie","Marshall","SB",25,25.1,107.9,17.2,56.3,57.77,5.1,15.5,6.5,18,20,32,0.625,27,51,0.529,12,29,0.414,1.1,1.8,40,"Jr","6-6",9,0.413602,101.94,4.8,2026,133926,"Savannah, GA",null,0.68418174,26,43,1,8,0.6047,"0.1250",2,2,"1.0000",null,110.706,112.149,0.960048,56.7359,-4.13169,-1.72573,-2.40597,-2.79144,"12.4000",-1.1728,-1.61863,0.5769,1.8846,2.4615,"0.5000",0.4615,0.1154,4.3846,"Wing G",5.28912,"2004-10-15"],"games":25,"notes":"Wing G","projection":5.2891,"advanced_stats":{"tov_pg":0.7307692307692307,"usage_pct":0.16703846153846152,"plus_minus_pg":-2.076923076923077,"mins_pct":0.251,"is_qualified":false}}]}