{"bart_player_id":133950,"seasons":[{"year":2026,"team_name":"Chicago St.","team_conference":"NEC","class":"Sr","raw_row":["CJ Ray","Chicago St.","NEC",31,77.7,107.3,23.7,47.7,51.71,7.5,10.1,11.6,10.7,68,78,0.872,115,260,0.442,41,110,0.373,0.5,1.7,21.1,"Sr","6-6",23,1.94265,110.39,3.4,2026,133950,"Four Oaks, NC",null,1.14285714,58,99,57,161,0.5859,"0.3540",1,1,"1.0000",null,119.272,123.874,1.13123,133.8,-2.53593,0.794333,-3.33027,-2.36546,31.0844,1.21943,-3.58489,2.2812,2.4062,4.6875,"1.5000",0.8438,0.0938,13.5312,"Wing G",6.94588,"2003-10-15"],"games":31,"notes":"Wing G","projection":6.9459,"advanced_stats":{"tov_pg":1.3125,"usage_pct":0.24315624999999993,"plus_minus_pg":-6.375,"mins_pct":0.774,"is_qualified":true}}]}