{"bart_player_id":133932,"seasons":[{"year":2026,"team_name":"Bradley","team_conference":"MVC","class":"Fr","raw_row":["Montana Wheeler","Bradley","MVC",33,54.1,110.4,20.9,48.9,52.62,1.4,4.8,25,12.6,52,70,0.743,64,131,0.489,32,98,0.327,0,1.4,30.6,"Fr","5-10",7,1.52864,112.73,3.4,2026,133932,"Katy, TX",null,2.90902523,40,71,24,60,0.5634,"0.4000",0,0,null,null,112.404,112.931,1.60937,96.0695,-3.29017,0.508642,-3.79881,-1.74683,22.3147,-0.130222,-1.61661,0.2647,0.8824,1.1471,2.8235,0.5588,"0.0000","8.5000","Scoring PG",7.85983,"2006-10-15"],"games":33,"notes":"Scoring PG","projection":7.8598,"advanced_stats":{"tov_pg":0.9705882352941176,"usage_pct":0.20850000000000002,"plus_minus_pg":1.6176470588235294,"mins_pct":0.541,"is_qualified":true}}]}