{"bart_player_id":133937,"seasons":[{"year":2026,"team_name":"Lipscomb","team_conference":"ASun","class":"Sr","raw_row":["Cole Middleton","Lipscomb","ASun",28,27.2,90.3,23.1,46.1,51.63,5.6,14.3,7.2,23.4,30,38,0.789,40,86,0.465,5,17,0.294,2,1.2,36.9,"Sr","6-6",24,-0.131752,89.1044,5,2026,133937,"Atlanta, GA",null,0.41180485,34,59,6,27,0.5763,0.2222,2,3,0.6667,null,109.916,110.446,0.965702,56.1713,-8.70974,-7.35942,-1.35032,-8.0773,"11.9690",-6.57348,-1.50382,0.5862,1.5517,2.1379,0.4828,0.2759,0.2759,4.5862,"Wing F",2.95464,"2003-10-15"],"games":28,"notes":"Wing F","projection":2.9546,"advanced_stats":{"tov_pg":1.1724137931034482,"usage_pct":0.21741379310344833,"plus_minus_pg":-0.20689655172413793,"mins_pct":0.27,"is_qualified":true}}]}