{"bart_player_id":133956,"seasons":[{"year":2026,"team_name":"Southern Utah","team_conference":"WAC","class":"Jr","raw_row":["Tanner Hayhurst","Southern Utah","WAC",28,74.3,121.7,13.8,58.5,62.03,3.1,8.8,8.6,12.7,45,52,0.865,53,102,0.52,43,99,0.434,0,1.2,25.9,"Jr","6-6",3,2.26354,113.57,2.3,2026,133956,"Eagle, ID",null,1.62063069,32,54,21,48,0.5926,0.4375,0,0,null,null,117.981,119.788,1.55652,119.232,-0.311268,1.89182,-2.20309,-0.863766,29.3129,0.601263,-1.46503,0.8387,2.5484,3.3871,1.5161,0.6774,0.0323,10.2903,"Wing G",6.42605,"2004-10-15"],"games":28,"notes":"Wing G","projection":6.4261,"advanced_stats":{"tov_pg":0.9354838709677419,"usage_pct":0.151,"plus_minus_pg":0.22580645161290322,"mins_pct":0.707,"is_qualified":true}}]}