{"bart_player_id":133990,"seasons":[{"year":2026,"team_name":"Georgia St.","team_conference":"SB","class":"Fr","raw_row":["Christopher Jones","Georgia St.","SB",17,10.9,97.8,15.5,44.1,45.78,7.3,6.8,10.3,14.4,2,2,1,9,20,0.45,4,14,0.286,0.8,1.3,5.9,"Fr","6-6",55,-0.0559751,90.2747,4,2026,133990,"Atlanta, GA",null,0.85722043,8,15,1,5,0.5333,"0.2000",2,2,"1.0000",null,114.185,116.497,0.477853,17.7475,-5.66344,-3.5268,-2.13664,-5.92358,7.9842,-3.9142,-2.00939,0.5789,0.5263,1.1053,0.3158,0.1579,0.1053,2.6316,"Wing G",6.22949,"2006-10-15"],"games":17,"notes":"Wing G","projection":6.2295,"advanced_stats":{"tov_pg":0.3684210526315789,"usage_pct":0.15963157894736843,"plus_minus_pg":-1.2105263157894737,"mins_pct":0.118,"is_qualified":false}}]}