{"bart_player_id":133960,"seasons":[{"year":2026,"team_name":"Yale","team_conference":"Ivy","class":"Fr","raw_row":["Jacob Tsai","Yale","Ivy",3,0.5,0,22.3,0,0,0,0,0,44.1,0,0,0,0,1,0,0,1,0,0,0,0,"Fr","5-11",1,-0.667989,-0.779041,6.5,2026,133960,"La Jolla, CA",null,"0.00000000",0,1,0,0,"0.0000",null,0,0,null,null,118.847,116.829,0.125782,0.59687,-25.2957,-19.7746,-5.52118,-36.5041,2.0667,-25.1639,-11.3402,"0.0000","0.0000","0.0000","0.0000","0.0000","0.0000","0.0000","PF/C",10.3977,"2006-10-15"],"games":3,"notes":"PF/C","projection":10.3977,"advanced_stats":{"tov_pg":0.3333333333333333,"usage_pct":0.248,"plus_minus_pg":-0.3333333333333333,"mins_pct":0.005,"is_qualified":false}}]}