{"bart_player_id":133953,"seasons":[{"year":2026,"team_name":"Florida Gulf Coast","team_conference":"ASun","class":"Fr","raw_row":["Gabe Tanner","Florida Gulf Coast","ASun",13,8.4,118.8,15.1,62,61.34,4.1,13,16,17.6,2,4,0.5,8,10,0.8,5,15,0.333,1.2,2.1,16,"Fr","6-4",3,0.505574,110.047,4.8,2026,133953,"Scranton, PA",null,1.44449993,5,6,3,4,0.8333,"0.7500",1,1,"1.0000",null,112.938,111.101,0.665392,18.0364,-1.21813,-0.0990883,-1.11905,0.578157,9.9867,0.14909,0.429067,"0.4000",0.9333,1.3333,0.8667,"0.4000",0.0667,"2.8000","Wing G",7.99462,"2006-10-15"],"games":13,"notes":"Wing G","projection":7.9946,"advanced_stats":{"tov_pg":0.6,"usage_pct":0.1334,"plus_minus_pg":1.5333333333333334,"mins_pct":0.109,"is_qualified":false}}]}