{"bart_player_id":133971,"seasons":[{"year":2026,"team_name":"Northern Kentucky","team_conference":"Horz","class":"Fr","raw_row":["Ethan Elliott","Northern Kentucky","Horz",29,66.7,96.8,14.1,37.3,38.54,2.1,9.4,24.6,19,17,35,0.486,36,94,0.383,17,71,0.239,0.3,1.9,21.2,"Fr","6-3",6,-0.692655,85.369,2.5,2026,133971,"Perth, Australia",null,3.31818182,30,65,6,29,0.4615,0.2069,0,0,null,null,114.122,113.132,2.10157,122.059,-4.90718,-3.24301,-1.66417,-4.80538,28.5094,-4.17872,-0.626654,0.5312,2.2188,"2.7500",4.5625,0.9688,0.0625,5.0625,"Scoring PG",4.78469,"2006-10-15"],"games":29,"notes":"Scoring PG","projection":4.7847,"advanced_stats":{"tov_pg":1.375,"usage_pct":0.13396875,"plus_minus_pg":4.4375,"mins_pct":0.666,"is_qualified":true}}]}