{"bart_player_id":133961,"seasons":[{"year":2026,"team_name":"Yale","team_conference":"Ivy","class":"Fr","raw_row":["Courtney Wallace","Yale","Ivy",9,3,121.4,17.1,61.1,61.11,3.5,13.2,25.1,20,0,0,0,4,6,0.667,1,3,0.333,3.5,0,0,"Fr","6-2",0,0.333842,116.622,4.5,2026,133961,"Pittsburgh, PA",null,2.00022006,3,3,1,3,"1.0000",0.3333,0,0,null,null,111.811,109.264,0.345537,5.23643,-1.53936,-0.0920626,-1.4473,-0.488854,6.4909,0.246157,-0.735011,0.1818,0.7273,0.9091,0.9091,0.6364,0.2727,2.5455,"Wing G",5.19885,"2006-10-15"],"games":9,"notes":"Wing G","projection":5.1989,"advanced_stats":{"tov_pg":0.45454545454545453,"usage_pct":0.16872727272727273,"plus_minus_pg":2.6363636363636362,"mins_pct":0.057,"is_qualified":false}}]}