{"bart_player_id":133905,"seasons":[{"year":2026,"team_name":"Boise St.","team_conference":"MWC","class":"Fr","raw_row":["Aginaldo Neto","Boise St.","MWC",30,47.3,88.3,16.6,42.6,48.96,0.7,8,17.8,30.6,38,54,0.704,21,58,0.362,15,44,0.341,0.4,1.3,52.9,"Fr","6-3",1,-0.339447,87.1969,4.5,2026,133905,"Luanda, Angola",null,1.21564818,20,50,1,8,"0.4000","0.1250",1,1,"1.0000",null,110.34,105.494,1.89536,85.7925,-2.3351,-2.76055,0.425451,-3.88229,19.7031,-4.4395,0.557209,0.0938,1.2812,"1.3750",1.9375,0.4375,0.0625,4.3125,"Scoring PG",4.55752,"2006-04-29"],"games":30,"notes":"Scoring PG","projection":4.5575,"advanced_stats":{"tov_pg":1.59375,"usage_pct":0.15609375000000006,"plus_minus_pg":2.75,"mins_pct":0.481,"is_qualified":true}}]}