{"bart_player_id":133986,"seasons":[{"year":2026,"team_name":"Little Rock","team_conference":"OVC","class":"Jr","raw_row":["Truman Claytor IV","Little Rock","OVC",27,36.3,91.3,21.8,46.5,48.89,1.6,8.4,7.4,18.7,20,27,0.741,41,96,0.427,22,63,0.349,1.3,2.6,17,"Jr","6-6",22,-0.0366299,91.7139,5.2,2026,133986,"Cameron, NC",null,0.57579753,20,34,21,62,0.5882,0.3387,4,4,"1.0000",null,111.341,118.402,0.894209,69.2997,-8.80464,-4.90355,-3.90109,-7.60198,15.6414,-5.32375,-2.27823,0.2414,1.1724,1.4138,0.6552,0.6897,0.1724,"6.0690","Wing G",8.54971,"2004-10-15"],"games":27,"notes":"Wing G","projection":8.5497,"advanced_stats":{"tov_pg":1.1379310344827587,"usage_pct":0.2643448275862069,"plus_minus_pg":-2.310344827586207,"mins_pct":0.356,"is_qualified":true}}]}