{"bart_player_id":133951,"seasons":[{"year":2026,"team_name":"Western Illinois","team_conference":"OVC","class":"Fr","raw_row":["Marcus Pigram","Western Illinois","OVC",15,15.8,71.8,18.3,31,34.7,1.9,9.8,10.8,18.3,7,10,0.7,8,25,0.32,5,25,0.2,0,0.3,20,"Fr","6-3",2,-0.952255,69.1903,2.5,2026,133951,"Chicago, IL",null,0.90897852,5,13,3,12,0.3846,"0.2500",0,0,null,null,121.192,127.902,0.265649,21.1167,-13.2051,-7.56776,-5.6373,-13.3905,12.3765,-7.95654,-5.43392,0.2353,0.8235,1.0588,0.5882,0.0588,0.0588,3.2941,"Wing G",8.37022,"2006-10-15"],"games":15,"notes":"Wing G","projection":8.3702,"advanced_stats":{"tov_pg":0.6470588235294118,"usage_pct":0.19394117647058826,"plus_minus_pg":-4.352941176470588,"mins_pct":0.168,"is_qualified":false}}]}