{"bart_player_id":133964,"seasons":[{"year":2026,"team_name":"Quinnipiac","team_conference":"MAAC","class":"Fr","raw_row":["Samuel Nosakhare","Quinnipiac","MAAC",18,12.4,107.7,6.6,54.5,48.87,7.1,10.3,5.3,17,2,7,0.286,6,11,0.545,0,0,0,7.4,2.6,63.6,"Fr","6-9",32,-0.177675,86.369,3.9,2026,133964,"Tilton, NH",null,1.66646661,5,8,1,3,"0.6250",0.3333,0,0,null,null,102.316,109.095,0.748512,30.0489,1.83207,-3.35229,5.18436,-0.51855,8.5944,-3.63889,3.12034,0.5556,0.7778,1.3333,0.2778,0.3889,0.6111,0.7778,"C",0,"2006-10-15"],"games":18,"notes":"C","projection":0,"advanced_stats":{"tov_pg":0.16666666666666666,"usage_pct":0.051500000000000004,"plus_minus_pg":-0.8888888888888888,"mins_pct":0.12,"is_qualified":false}}]}