{"bart_player_id":133954,"seasons":[{"year":2026,"team_name":"North Carolina Central","team_conference":"MEAC","class":"Sr","raw_row":["Justin Edwards","North Carolina Central","MEAC",15,7.2,73.4,12.2,27.8,36.7,1.4,6,20.3,36.4,3,4,0.75,1,5,0.2,1,4,0.25,0,4.4,44.4,"Sr","5-9",12,-0.525117,64.5158,2.9,2026,133954,"Corona, CA",null,1.77770751,1,3,0,2,0.3333,"0.0000",0,0,null,null,114.272,117.731,0.31367,13.8257,-10.2463,-6.76318,-3.48313,-7.9953,5.6789,-6.45008,-1.54522,0.2632,0.5263,0.7895,0.8421,0.5263,"0.0000",0.6842,"Pure PG",2.97332,"2003-10-15"],"games":15,"notes":"Pure PG","projection":2.9733,"advanced_stats":{"tov_pg":0.47368421052631576,"usage_pct":0.1715263157894737,"plus_minus_pg":-1.1578947368421053,"mins_pct":0.084,"is_qualified":false}}]}