{"bart_player_id":133925,"seasons":[{"year":2026,"team_name":"Marshall","team_conference":"SB","class":"Sr","raw_row":["Caleb Hollenbeck","Marshall","SB",31,42.8,116.8,13.3,55.5,55.05,3,5.5,8.8,10.4,5,12,0.417,5,13,0.385,47,123,0.382,0,0.7,8.8,"Sr","6-4",15,0.712,104.342,3.5,2026,133925,"Rapid City, SD",null,2.35702869,0,1,5,12,"0.0000",0.4167,0,0,null,null,118.425,119.98,0.855103,64.1269,-3.55512,0.878174,-4.4333,-3.21834,17.3156,-0.516623,-2.70171,0.5625,"1.0000",1.5625,1.0312,0.2812,"0.0000",5.6562,"Scoring PG",13.1559,"2003-10-15"],"games":31,"notes":"Scoring PG","projection":13.1559,"advanced_stats":{"tov_pg":0.4375,"usage_pct":0.14790625,"plus_minus_pg":1.8125,"mins_pct":0.433,"is_qualified":true}}]}