{"bart_player_id":134022,"seasons":[{"year":2026,"team_name":"Northern Kentucky","team_conference":"Horz","class":"Sr","raw_row":["Kael Robinson","Northern Kentucky","Horz",28,59.9,112.2,23.4,53.3,56.78,5.6,14.3,9.3,14.1,64,79,0.81,68,138,0.493,63,167,0.377,2.2,1.4,25.9,"Sr","6-7",24,1.8342,112.225,3.8,2026,134022,"Hamilton, New Zealand",null,0.82982652,60,110,8,28,0.5455,0.2857,2,2,"1.0000",null,112.292,111.058,2.15321,120.499,-1.43451,0.276946,-1.71145,0.243221,26.1581,1.58136,-1.33814,1.3548,3.0968,4.4516,1.2581,0.6774,0.4839,14.3871,"Stretch 4",12.5317,"2003-10-15"],"games":28,"notes":"Stretch 4","projection":12.5317,"advanced_stats":{"tov_pg":1.5161290322580645,"usage_pct":0.24703225806451612,"plus_minus_pg":4.161290322580645,"mins_pct":0.592,"is_qualified":true}}]}