{"bart_player_id":134042,"seasons":[{"year":2026,"team_name":"Rutgers","team_conference":"B10","class":"Fr","raw_row":["Kaden Powers","Rutgers","B10",29,33.3,90.7,25.4,42.1,43.62,2.7,11,21.4,15.5,14,19,0.737,40,109,0.367,28,86,0.326,1,1.8,9.7,"Fr","6-4",3,0.489102,101.42,2.9,2026,134042,"Seattle, WA",52.4,1.46660221,12,22,28,87,0.5455,0.3218,1,1,"1.0000",null,113.648,105.99,1.53252,69.7947,-1.79882,-1.12857,-0.670252,-1.00499,15.7724,-0.344195,-0.660798,0.3793,1.4138,1.7931,1.5172,0.4828,0.1379,6.1379,"Combo G",11.2566,"2006-10-15"],"games":29,"notes":"Combo G","projection":11.2566,"advanced_stats":{"tov_pg":1.0344827586206897,"usage_pct":0.27927586206896554,"plus_minus_pg":-2.793103448275862,"mins_pct":0.333,"is_qualified":true}}]}