{"bart_player_id":134023,"seasons":[{"year":2026,"team_name":"Boise St.","team_conference":"MWC","class":"Jr","raw_row":["Rayzhon Bergersen","Boise St.","MWC",5,0.8,212.1,8.4,100,100,0,13.4,42,0,0,0,0,1,1,1,0,0,0,0,0,0,"Jr","6-2",11,0.569242,179.627,4.3,2026,134023,"Boise, ID",null,1.66649997,1,1,0,0,"1.0000",null,0,0,null,null,112.081,109.481,0.162352,1.26276,3.98504,6.40494,-2.4199,4.73813,1.8667,2.9582,1.77993,"0.0000",0.1667,0.1667,0.3333,"0.0000","0.0000",0.3333,"Pure PG",0,"2004-10-15"],"games":5,"notes":"Pure PG","projection":0,"advanced_stats":{"tov_pg":0,"usage_pct":0.06683333333333334,"plus_minus_pg":1.1666666666666667,"mins_pct":0.009,"is_qualified":false}}]}