{"bart_player_id":134037,"seasons":[{"year":2026,"team_name":"Fresno St.","team_conference":"MWC","class":"Fr","raw_row":["DeShawn Gory","Fresno St.","MWC",31,74.1,106.2,23.6,52,53.6,3.9,20.3,15.5,13,53,81,0.654,141,248,0.569,30,110,0.273,1.4,1.4,22.6,"Fr","6-6",35,2.08372,112.622,2.3,2026,134037,"Victorville, CA","53.0",1.26003197,71,109,70,139,0.6514,0.5036,15,20,"0.7500",null,104.784,101.782,3.35241,176.36,1.92462,0.298864,1.62576,3.32201,29.3125,1.9935,1.32852,0.9688,5.1875,6.1562,1.9688,0.7812,0.3438,13.7188,"Wing F",6.9041,"2006-10-15"],"games":31,"notes":"Wing F","projection":6.9041,"advanced_stats":{"tov_pg":1.5625,"usage_pct":0.24290624999999996,"plus_minus_pg":-1.78125,"mins_pct":0.733,"is_qualified":true}}]}