{"bart_player_id":134076,"seasons":[{"year":2026,"team_name":"Charlotte","team_conference":"Amer","class":"Fr","raw_row":["David Gomez","Charlotte","Amer",2,2.9,133,10,71.4,71.43,3.2,17.9,5,15.8,0,0,0,2,4,0.5,2,3,0.667,9,1.6,0,"Fr","6-9",11,1.73832,117.862,6.1,2026,134076,"Seville, Spain",null,"1.00000000",1,3,1,1,0.3333,"1.0000",0,0,null,null,107.615,106.618,1.89216,7.8321,3.94306,-0.300337,4.2434,5.09372,"19.6500",2.00221,3.0915,"0.5000","3.0000","3.5000","0.5000","0.5000","1.5000","5.0000","PF/C",4.79017,"2006-10-15"],"games":2,"notes":"PF/C","projection":4.7902,"advanced_stats":{"tov_pg":0.5,"usage_pct":0.1095,"plus_minus_pg":-4.5,"mins_pct":0.028,"is_qualified":false}}]}