{"bart_player_id":134096,"seasons":[{"year":2026,"team_name":"Detroit Mercy","team_conference":"Horz","class":"Fr","raw_row":["Zak Abdalla","Detroit Mercy","Horz",2,0.2,0,16.1,0,0,0,0,0,0,0,0,0,0,1,0,0,0,0,0,24.9,0,"Fr","6-2",25,-0.369076,-0.12059,0,2026,134096,"Las Vegas, NV",null,0.66659999,0,1,0,0,"0.0000",null,0,0,null,null,68.3123,66.3247,0.271527,1.19714,10.3544,-6.26016,16.6146,4.16415,"2.6000",-11.1082,15.2723,"0.0000",0.3333,0.3333,0.3333,0.3333,"0.0000",1.6667,"Pure PG",0,"2006-10-15"],"games":2,"notes":"Pure PG","projection":0,"advanced_stats":{"tov_pg":0,"usage_pct":0.17366666666666666,"plus_minus_pg":2.3333333333333335,"mins_pct":0.006,"is_qualified":false}}]}