{"bart_player_id":134068,"seasons":[{"year":2026,"team_name":"William & Mary","team_conference":"CAA","class":"Fr","raw_row":["Kaleb Spencer","William & Mary","CAA",4,0.6,109.2,20,33.3,33.33,94.4,28.1,61.8,12.3,0,0,0,2,5,0.4,0,1,0,0,0,0,"Fr","6-8",24,0.141022,113.48,0,2026,134068,"Manteo, NC",null,"1.74996250",2,5,0,0,"0.4000",null,0,0,null,null,107.647,103.057,0.209149,1.45602,27.066,23.7818,3.28423,8.17697,5.5667,15.7809,-7.60397,1.6667,"2.0000",3.6667,1.1667,0.6667,0.6667,"3.0000","C",7.5718,"2006-10-15"],"games":4,"notes":"C","projection":7.5718,"advanced_stats":{"tov_pg":0.6666666666666666,"usage_pct":0.3438333333333334,"plus_minus_pg":3.3333333333333335,"mins_pct":0.026,"is_qualified":false}}]}