{"bart_player_id":134030,"seasons":[{"year":2026,"team_name":"Canisius","team_conference":"MAAC","class":"Fr","raw_row":["Brendan Oliver","Canisius","MAAC",29,23.5,95.3,21.1,41.7,46.41,8.6,13.4,5.1,13.6,20,26,0.769,24,59,0.407,9,31,0.29,0,1.1,28.9,"Fr","6-6",22,0.052232,93.9078,4.4,2026,134030,"West Orange, NJ",null,0.42854084,17,37,7,22,0.4595,0.3182,3,3,"1.0000",null,112.663,117.748,0.563871,41.8361,-8.63161,-4.43384,-4.19777,-5.48421,"9.9500",-3.0561,-2.4281,0.7667,"1.1000",1.8667,"0.2000",0.1667,"0.0000",3.5333,"Wing F",6.81448,"2006-10-15"],"games":29,"notes":"Wing F","projection":6.8145,"advanced_stats":{"tov_pg":0.4666666666666667,"usage_pct":0.196,"plus_minus_pg":-3.6666666666666665,"mins_pct":0.239,"is_qualified":false}}]}