{"bart_player_id":134014,"seasons":[{"year":2026,"team_name":"West Virginia","team_conference":"B12","class":"Fr","raw_row":["Jayden Forsythe","West Virginia","B12",5,1.4,96,14.9,42.9,42.86,0,11.6,0,0,0,0,0,0,0,0,2,7,0.286,0,3,0,"Fr","6-5",4,-0.0825832,86.5916,3.9,2026,134014,"Brooklyn, NY",67.4,"0.00000000",0,0,0,0,null,null,0,0,null,null,100.815,106.172,0.403109,3.62425,-2.87008,-1.90535,-0.964732,-2.48609,"4.1200",-4.4788,1.99271,"0.0000","0.4000","0.4000","0.0000","0.2000","0.0000","1.2000","Combo G",21.7413,"2006-10-15"],"games":5,"notes":"Combo G","projection":21.7413,"advanced_stats":{"tov_pg":0,"usage_pct":0.1466,"plus_minus_pg":0.4,"mins_pct":0.014,"is_qualified":false}}]}