{"bart_player_id":134081,"seasons":[{"year":2026,"team_name":"Providence","team_conference":"BE","class":"Sr","raw_row":["Jack Williams","Providence","BE",7,0.9,127.3,11.2,50,50,0,0,13.3,0,0,0,0,0,0,0,1,3,0.333,0,0,0,"Sr","6-4",8,0.147059,117.298,0,2026,134081,"Ann Arbor, MI",null,1.00030004,0,0,0,0,null,null,0,0,null,null,124.029,123.814,0.0622609,1.07574,-5.74745,1.30572,-7.05317,-2.03097,"1.7000",2.00159,-4.03255,"0.0000","0.0000","0.0000",0.1429,"0.0000","0.0000",0.4286,"Pure PG",13.6354,"2003-10-15"],"games":7,"notes":"Pure PG","projection":13.6354,"advanced_stats":{"tov_pg":0,"usage_pct":0.11914285714285713,"plus_minus_pg":0.14285714285714285,"mins_pct":0.009,"is_qualified":false}}]}