{"bart_player_id":134043,"seasons":[{"year":2026,"team_name":"Rutgers","team_conference":"B10","class":"Fr","raw_row":["Harun Zrno","Rutgers","B10",34,47.3,98,18.2,49,51.87,2.1,8.1,6.2,17.2,30,38,0.789,17,40,0.425,52,154,0.338,0.2,1.6,19.6,"Fr","6-7",13,0.505246,100.061,1.5,2026,134043,"Sarajevo, Bosnia and Herzegovina","64.0",0.58819997,13,23,4,17,0.5652,0.2353,0,1,"0.0000",null,115.922,109.824,1.61122,88.274,-0.83351,0.022598,-0.856108,-0.696112,19.1353,0.197567,-0.89368,0.3529,1.2647,1.6176,0.5882,"0.5000",0.0294,6.4706,"Wing G",14.191,"2006-10-15"],"games":34,"notes":"Wing G","projection":14.191,"advanced_stats":{"tov_pg":1,"usage_pct":0.20811764705882355,"plus_minus_pg":-4.352941176470588,"mins_pct":0.473,"is_qualified":true}}]}