{"bart_player_id":134028,"seasons":[{"year":2026,"team_name":"North Florida","team_conference":"ASun","class":"Fr","raw_row":["BJ Plummer","North Florida","ASun",30,68.1,98.9,15,49,50.41,4.5,9,7.4,16.7,20,30,0.667,43,82,0.524,37,119,0.311,0.8,1.2,14.9,"Fr","6-6",1,-0.159553,90.6811,3.2,2026,134028,"Tallahassee, FL",null,"1.00000000",27,51,16,31,0.5294,0.5161,3,4,"0.7500",null,126.014,126.753,0.72022,116.118,-4.56889,-1.64314,-2.92575,-5.7185,26.9719,-2.62581,-3.0927,1.0938,2.2812,"3.3750",1.1562,0.6875,0.2188,7.6562,"Wing G",8.07227,"2006-10-15"],"games":30,"notes":"Wing G","projection":8.0723,"advanced_stats":{"tov_pg":1.15625,"usage_pct":0.15296874999999996,"plus_minus_pg":-4.5,"mins_pct":0.672,"is_qualified":true}}]}