{"bart_player_id":134026,"seasons":[{"year":2026,"team_name":"North Florida","team_conference":"ASun","class":"Fr","raw_row":["Gabe Jacobs","North Florida","ASun",8,1.9,97.7,18.4,100,100.56,5,9.5,8.1,51.8,1,1,1,1,1,1,2,3,0.667,0,2.4,25,"Fr","6-1",25,0.0511149,97.4042,6.8,2026,134026,"Warner Robins, GA",null,"0.50000000",1,1,0,0,"1.0000",null,0,0,null,null,123.214,117.516,0.17104,3.84216,-5.43273,-2.98219,-2.45054,-4.34624,"4.3200",-1.66325,-2.68299,"0.1000","0.4000","0.5000","0.2000","0.1000","0.0000","1.6000","Combo G",7.29396,"2006-10-15"],"games":8,"notes":"Combo G","projection":7.294,"advanced_stats":{"tov_pg":0.4,"usage_pct":0.1982,"plus_minus_pg":2.9,"mins_pct":0.034,"is_qualified":false}}]}