{"bart_player_id":134044,"seasons":[{"year":2026,"team_name":"Coastal Carolina","team_conference":"SB","class":"So","raw_row":["Derrick Green","Coastal Carolina","SB",30,25.2,113.1,12.6,64.5,56.07,16.8,10.7,2.9,19,15,38,0.395,20,31,0.645,0,0,0,1.9,0.6,122.6,"So","6-9",15,0.241727,99.0705,9.8,2026,134044,"Fayetteville, NC",null,0.38459705,20,29,0,2,0.6897,"0.0000",2,2,"1.0000",null,107.617,110.168,0.872789,50.9383,-2.33696,-2.24592,-0.0910396,-6.69271,10.6226,-6.18036,-0.512351,1.6774,1.1935,"2.8710",0.1613,0.0968,0.2581,2.0968,"C",0,"2005-10-15"],"games":30,"notes":"C","projection":0,"advanced_stats":{"tov_pg":0.41935483870967744,"usage_pct":0.1174193548387097,"plus_minus_pg":-0.5483870967741935,"mins_pct":0.251,"is_qualified":true}}]}