{"bart_player_id":134098,"seasons":[{"year":2026,"team_name":"DePaul","team_conference":"BE","class":"Fr","raw_row":["Fabian Flores","DePaul","BE",28,23.1,129,12.4,68.1,67.94,11.1,21.9,6,14.4,16,25,0.64,32,47,0.681,0,0,0,5.2,1.8,53.2,"Fr","7-2",15,1.05494,121.117,2.4,2026,134098,"Murcia, Spain",null,"1.00000000",27,40,5,7,"0.6750",0.7143,21,24,"0.8750",null,99.1723,94.3041,1.47016,61.4589,4.54093,-0.307936,4.84887,5.67917,"10.5750",2.21704,3.46213,"1.0000",1.9286,2.9286,0.3214,0.3214,"0.5000",2.8571,"C",0,"2006-10-15"],"games":28,"notes":"C","projection":0,"advanced_stats":{"tov_pg":0.32142857142857145,"usage_pct":0.11417857142857143,"plus_minus_pg":-0.21428571428571427,"mins_pct":0.231,"is_qualified":false}}]}