{"bart_player_id":134063,"seasons":[{"year":2026,"team_name":"Arkansas St.","team_conference":"SB","class":"So","raw_row":["Fredy-Salam Sylla","Arkansas St.","SB",16,12.6,97,18.8,50,48.94,8.4,12,6.1,19.1,5,13,0.385,14,26,0.538,7,23,0.304,0,1.4,26.5,"So","6-7",21,0.0594321,94.1615,3.1,2026,134063,"Paris, France",null,0.41667915,14,23,0,3,0.6087,"0.0000",2,2,"1.0000",null,109.726,111.446,0.759594,24.3916,-4.70034,-2.4744,-2.22594,-4.17874,10.7833,-2.17494,-2.0038,0.7222,1.1667,1.8889,0.2778,0.3333,"0.0000","4.0000","Wing F",8.2333,"2005-10-15"],"games":16,"notes":"Wing F","projection":8.2333,"advanced_stats":{"tov_pg":0.6666666666666666,"usage_pct":0.19677777777777777,"plus_minus_pg":2.111111111111111,"mins_pct":0.15,"is_qualified":false}}]}