{"bart_player_id":134025,"seasons":[{"year":2026,"team_name":"High Point","team_conference":"BSth","class":"Fr","raw_row":["Caden Miller","High Point","BSth",23,10.8,125.3,15.7,73.3,63.29,12.4,14.4,6.1,9.9,6,20,0.3,22,30,0.733,0,0,0,9,0,66.7,"Fr","6-9",7,0.460899,113.743,7.8,2026,134025,"Cincinnati, OH",null,1.49999994,21,28,1,2,"0.7500","0.5000",10,12,0.8333,null,104.202,110.095,0.523397,24.625,2.08545,0.0291754,2.05627,-0.705084,7.0846,-1.21976,0.514679,0.9231,1.1538,2.0769,0.3462,0.0385,0.5769,2.7692,"C",0,"2006-10-15"],"games":23,"notes":"C","projection":0,"advanced_stats":{"tov_pg":0.23076923076923078,"usage_pct":0.1338846153846154,"plus_minus_pg":4.153846153846154,"mins_pct":0.128,"is_qualified":false}}]}