{"bart_player_id":134020,"seasons":[{"year":2026,"team_name":"South Alabama","team_conference":"SB","class":"So","raw_row":["Brian Hawthorne","South Alabama","SB",18,13.2,66.8,19.9,21.4,31.46,3.6,10.3,14.1,25.6,13,20,0.65,6,27,0.222,1,8,0.125,0,3.3,57.1,"So","6-2",7,-0.877927,64.4966,2.6,2026,134020,"Shawnee, KS",null,1.33333333,4,13,2,14,0.3077,0.1429,0,0,null,null,106.793,110.357,0.756321,30.3268,-9.98281,-8.9815,-1.00132,-9.33471,"10.5150",-8.70439,-0.630315,"0.4000","1.1000","1.5000","1.0000","0.6500","0.0000","2.6500","Combo G",2.91668,"2005-10-15"],"games":18,"notes":"Combo G","projection":2.9167,"advanced_stats":{"tov_pg":0.75,"usage_pct":0.19194999999999998,"plus_minus_pg":1.15,"mins_pct":0.156,"is_qualified":false}}]}