{"bart_player_id":134074,"seasons":[{"year":2026,"team_name":"East Tennessee St.","team_conference":"SC","class":"Fr","raw_row":["Isaiah Sutherland","East Tennessee St.","SC",22,17.8,114.1,15.2,53.2,53.52,6.7,12.2,2.3,6.9,4,7,0.571,8,16,0.5,17,47,0.362,0.6,1.8,11.1,"Fr","6-7",24,0.322916,101.355,3.7,2026,134074,"Plano, TX",null,0.80028809,7,13,1,3,0.5385,0.3333,1,1,"1.0000",null,108.167,110.341,0.863327,35.0187,-4.27896,-0.857056,-3.4219,-2.87361,"11.1500",-0.95944,-1.91417,0.5833,"1.2500",1.8333,0.1667,"0.3750",0.0417,"3.5000","Wing F",12.3214,"2006-10-15"],"games":22,"notes":"Wing F","projection":12.3214,"advanced_stats":{"tov_pg":0.20833333333333334,"usage_pct":0.16383333333333333,"plus_minus_pg":0.8333333333333334,"mins_pct":0.195,"is_qualified":false}}]}