{"bart_player_id":134031,"seasons":[{"year":2026,"team_name":"Fresno St.","team_conference":"MWC","class":"Fr","raw_row":["Gasper Kocevar","Fresno St.","MWC",25,26.9,111.7,13.2,64.6,62.67,6.7,11.9,8.8,21,19,35,0.543,25,40,0.625,4,8,0.5,3.2,1.6,72.9,"Fr","6-10",9,0.535427,103.914,3.2,2026,134031,"Metlika, Slovenia",null,1.11777296,25,37,0,3,0.6757,"0.0000",6,7,0.8571,null,107.002,104.33,1.39294,58.3661,1.95681,-0.974279,2.93109,1.42092,13.4423,-0.755609,2.17653,0.7692,1.3846,2.1538,0.7308,0.3462,0.3462,3.3462,"Wing F",1.38315,"2004-01-25"],"games":25,"notes":"Wing F","projection":1.3832,"advanced_stats":{"tov_pg":0.6538461538461539,"usage_pct":0.12200000000000001,"plus_minus_pg":-0.2692307692307692,"mins_pct":0.273,"is_qualified":true}}]}