{"bart_player_id":134036,"seasons":[{"year":2026,"team_name":"Oklahoma","team_conference":"SEC","class":"Fr","raw_row":["Jake Hansen","Oklahoma","SEC",3,0.1,0,18.9,0,0,0,0,0,0,0,0,0,0,0,0,0,1,0,0,0,0,"Fr","6-0",0,-0.213614,0.0275768,20,2026,134036,"Wauwatosa, WI",36.2,"0.00000000",0,0,0,0,null,null,0,0,null,null,121.613,133.119,0.00289041,0.190605,-17.623,-10.6849,-6.93814,-49.3457,0.6667,-36.9173,-12.4283,"0.0000","0.0000","0.0000","0.0000","0.0000","0.0000","0.0000","PF/C",38.836,"2006-10-15"],"games":3,"notes":"PF/C","projection":38.836,"advanced_stats":{"tov_pg":0,"usage_pct":0.14866666666666667,"plus_minus_pg":-0.6666666666666666,"mins_pct":0.001,"is_qualified":false}}]}