{"bart_player_id":134005,"seasons":[{"year":2026,"team_name":"Miami FL","team_conference":"ACC","class":"Fr","raw_row":["John Laboy, II","Miami FL","ACC",6,2,76.4,20.7,37.5,39.11,0,4.3,16.2,30.3,1,2,0.5,0,2,0,2,6,0.333,0,4.2,25,"Fr","6-3",12,-0.326248,71.8547,4.4,2026,134005,"Houston, TX",39.4,"1.00000000",0,1,0,1,"0.0000","0.0000",0,0,null,null,103.682,111.206,0.368374,5.02931,-5.0888,-4.59469,-0.494111,-9.31605,4.5833,-8.47717,-0.838877,"0.0000",0.1667,0.1667,"0.5000",0.3333,"0.0000",1.1667,"Pure PG",12.3021,"2006-10-15"],"games":6,"notes":"Pure PG","projection":12.3021,"advanced_stats":{"tov_pg":0.5,"usage_pct":0.17666666666666667,"plus_minus_pg":1.6666666666666667,"mins_pct":0.02,"is_qualified":false}}]}