{"bart_player_id":134024,"seasons":[{"year":2026,"team_name":"Stephen F. Austin","team_conference":"Slnd","class":"So","raw_row":["Eltramon Smith Jr.","Stephen F. Austin","Slnd",15,7.3,76.4,19.4,40,38.19,1.2,19.9,9.6,20,0,3,0,9,12,0.75,2,18,0.111,3.5,0,10,"So","6-7",12,-0.38388,74.6581,7.3,2026,134024,"Atlanta, GA",null,1.33333333,9,11,0,1,0.8182,"0.0000",2,2,"1.0000",null,101.798,106.484,0.604409,15.8006,-7.296,-6.85643,-0.439569,-9.12368,6.9563,-9.34485,0.221162,"0.2500",1.0625,1.3125,"0.5000",0.0625,0.1875,1.9375,"PF/C",11.6012,"2005-10-15"],"games":15,"notes":"PF/C","projection":11.6012,"advanced_stats":{"tov_pg":0.375,"usage_pct":0.2100625,"plus_minus_pg":2.625,"mins_pct":0.082,"is_qualified":false}}]}