{"bart_player_id":134085,"seasons":[{"year":2026,"team_name":"Air Force","team_conference":"MWC","class":"Fr","raw_row":["Keaton Frisch","Air Force","MWC",2,0.1,0,0,0,0,0,0,0,0,0,0,0,0,0,0,0,0,0,0,0,0,"Fr","6-6",8,-0.170636,-5.98137,0,2026,134085,"Waunakee, WI",null,"0.00000000",null,null,null,null,null,null,null,null,null,null,128.324,120.675,0.0237581,0.0832783,-7.85824,-5.57083,-2.28742,-8.39596,"0.5000",-5.39981,-2.99615,"0.0000","0.0000","0.0000","0.0000","0.0000","0.0000","0.0000","PF/C",0,"2006-10-15"],"games":2,"notes":"PF/C","projection":0,"advanced_stats":{"tov_pg":0,"usage_pct":0,"plus_minus_pg":2,"mins_pct":0.001,"is_qualified":false}}]}