{"bart_player_id":134061,"seasons":[{"year":2026,"team_name":"Denver","team_conference":"Sum","class":"Jr","raw_row":["Didier Maleng","Denver","Sum",24,14.7,91.9,11.5,30.8,38.69,6.1,13.7,3.6,11.8,10,16,0.625,8,20,0.4,0,6,0,1.8,1,61.5,"Jr","6-9",21,-0.301505,80.1302,6.6,2026,134061,"Kinshasa, Congo, the Democratic Republic of the",null,0.66651665,6,13,2,7,0.4615,0.2857,2,2,"1.0000",null,120.96,121.311,0.321694,26.7437,-6.49394,-3.67874,-2.8152,-7.42067,7.6185,-5.27915,-2.14152,0.5556,1.0741,1.6296,0.1481,0.1481,0.1481,1.6667,"Wing F",2.02419,"2004-10-15"],"games":24,"notes":"Wing F","projection":2.0242,"advanced_stats":{"tov_pg":0.2222222222222222,"usage_pct":0.10003703703703705,"plus_minus_pg":0.9629629629629629,"mins_pct":0.161,"is_qualified":false}}]}