{"bart_player_id":134040,"seasons":[{"year":2026,"team_name":"UNC Greensboro","team_conference":"SC","class":"Fr","raw_row":["Lilian Marville","UNC Greensboro","SC",30,61,112.7,17.9,55.7,58.85,0.9,7.9,16.4,16.4,51,68,0.75,49,120,0.408,45,89,0.506,0,1.5,32.5,"Fr","6-1",45,1.10813,104.653,2.1,2026,134040,"Orleat, France",null,1.77501346,23,48,26,72,0.4792,0.3611,0,0,null,null,121.717,123.501,0.980212,109.7,-3.36716,0.00330372,-3.37047,-2.82204,26.2226,-0.337193,-2.48485,0.1935,1.7742,1.9677,2.2903,0.6774,"0.0000",9.5161,"Scoring PG",6.54424,"2005-01-28"],"games":30,"notes":"Scoring PG","projection":6.5442,"advanced_stats":{"tov_pg":1.2903225806451613,"usage_pct":0.17780645161290323,"plus_minus_pg":-3.5483870967741935,"mins_pct":0.591,"is_qualified":true}}]}