{"bart_player_id":134021,"seasons":[{"year":2026,"team_name":"Eastern Michigan","team_conference":"MAC","class":"Sr","raw_row":["Carlos Hart","Eastern Michigan","MAC",17,46.3,103.9,23.9,46.3,53.04,5.6,13.1,16,16.7,70,92,0.761,54,119,0.454,18,56,0.321,1.1,2.1,52.6,"Sr","6-6",2,1.78407,107.959,3,2026,134021,"Miami, FL",null,1.28946993,48,101,6,18,0.4752,0.3333,0,0,null,null,108.163,108.583,2.95053,96.4038,0.146804,-0.145277,0.292081,0.285313,32.1222,-0.0410575,0.326371,"1.5000",3.8333,5.3333,2.7222,1.2778,0.3333,13.0556,"Wing G",5.87547,"2003-10-15"],"games":17,"notes":"Wing G","projection":5.8755,"advanced_stats":{"tov_pg":2.111111111111111,"usage_pct":0.22433333333333336,"plus_minus_pg":2.2222222222222223,"mins_pct":0.463,"is_qualified":true}}]}