{"bart_player_id":134011,"seasons":[{"year":2026,"team_name":"Toledo","team_conference":"MAC","class":"Fr","raw_row":["Will James, Jr.","Toledo","MAC",32,22.5,112.8,16.3,53.6,57.05,5.8,14.8,11.9,17.1,13,15,0.867,30,55,0.545,5,15,0.333,0.8,2.6,21.4,"Fr","6-4",11,0.429744,106.11,4.4,2026,134011,"Holly Springs, NC",38.4,1.33338722,26,47,4,8,0.5532,"0.5000",2,2,"1.0000",null,110.321,109.968,0.763203,52.5974,-0.957372,-0.579237,-0.378135,-1.08874,9.4941,-1.15082,0.0620769,0.4706,1.2647,1.7353,0.8235,0.4118,0.0882,3.0588,"Wing G",2.99492,"2006-10-15"],"games":32,"notes":"Wing G","projection":2.9949,"advanced_stats":{"tov_pg":0.6176470588235294,"usage_pct":0.1466764705882353,"plus_minus_pg":2.176470588235294,"mins_pct":0.238,"is_qualified":false}}]}