{"bart_player_id":134033,"seasons":[{"year":2026,"team_name":"Fresno St.","team_conference":"MWC","class":"Fr","raw_row":["Bastien Rieber","Fresno St.","MWC",31,40.9,97.6,15.9,47.7,54.36,2.5,6,16.5,26.5,38,51,0.745,18,43,0.419,16,45,0.356,0.2,0.7,58,"Fr","6-2",21,0.0830435,93.8308,5.3,2026,134033,"Riedisheim, France",null,1.29735334,10,19,8,24,0.5263,0.3333,0,0,null,null,112.493,109.27,1.42489,67.017,-3.54983,-2.52266,-1.02717,-4.76863,16.3375,-4.33758,-0.431056,0.3438,"0.8750",1.2188,"1.5000","0.2500",0.0312,4.0312,"Scoring PG",5.11707,"2005-04-06"],"games":31,"notes":"Scoring PG","projection":5.1171,"advanced_stats":{"tov_pg":1.15625,"usage_pct":0.15112499999999998,"plus_minus_pg":-0.625,"mins_pct":0.409,"is_qualified":true}}]}