{"bart_player_id":134062,"seasons":[{"year":2026,"team_name":"Stonehill","team_conference":"NEC","class":"Jr","raw_row":["Davante Hackett","Stonehill","NEC",31,69.1,106.5,25.1,50.7,54.12,3.8,12.4,12.3,11.8,79,108,0.731,84,169,0.497,61,177,0.345,1.6,1.8,31.2,"Jr","6-3",4,1.54658,108.487,3.3,2026,134062,"Brampton, Canada",null,1.09090225,63,109,21,60,"0.5780","0.3500",8,10,"0.8000",null,103.424,109.85,2.35243,149.048,-0.856058,-0.0697287,-0.786329,0.705556,27.7121,0.718542,-0.0129861,0.9697,3.1212,4.0909,1.4545,0.9091,0.4545,13.6061,"Wing G",12.2256,"2004-10-15"],"games":31,"notes":"Wing G","projection":12.2256,"advanced_stats":{"tov_pg":1.3333333333333333,"usage_pct":0.25545454545454543,"plus_minus_pg":-1.2121212121212122,"mins_pct":0.683,"is_qualified":true}}]}