{"bart_player_id":134047,"seasons":[{"year":2026,"team_name":"Monmouth","team_conference":"CAA","class":"Fr","raw_row":["Stefanos Spartalis","Monmouth","CAA",31,55.2,103.1,24.6,45.8,52.48,7.8,16.3,8.7,16.2,83,96,0.865,117,250,0.468,3,15,0.2,2,1.5,36.2,"Fr","6-9",15,1.28011,108.084,5.3,2026,134047,"Chios, Greece",null,0.61226487,62,112,55,138,0.5536,0.3986,3,4,"0.7500",null,104.643,107.138,2.218,130.155,-3.69432,-2.93468,-0.759636,-3.17199,23.5437,-2.68359,-0.488399,1.6875,"3.3750",5.0625,0.9375,0.5938,0.4375,10.6875,"PF/C",1.21925,"2006-10-15"],"games":31,"notes":"PF/C","projection":1.2193,"advanced_stats":{"tov_pg":1.53125,"usage_pct":0.25590625,"plus_minus_pg":-0.8125,"mins_pct":0.548,"is_qualified":true}}]}