{"bart_player_id":134083,"seasons":[{"year":2026,"team_name":"Air Force","team_conference":"MWC","class":"Fr","raw_row":["Justin Hinds","Air Force","MWC",29,26.1,63.9,13,30,32.95,2.6,13,8.9,25.9,7,12,0.583,9,24,0.375,5,31,0.161,2.4,1.4,21.8,"Fr","6-5",15,-1.33485,59.0075,3.9,2026,134083,"Wilmington, DE",null,0.78937727,9,18,0,6,"0.5000","0.0000",3,3,"1.0000",null,119.025,115.37,0.760177,51.3898,-7.68724,-7.32149,-0.365748,-7.96671,"11.5310",-7.0401,-0.92661,0.2414,1.2069,1.4483,0.5172,0.2759,0.2414,1.3793,"Wing G",5.48383,"2006-10-15"],"games":29,"notes":"Wing G","projection":5.4838,"advanced_stats":{"tov_pg":0.6551724137931034,"usage_pct":0.1493103448275862,"plus_minus_pg":-5.586206896551724,"mins_pct":0.262,"is_qualified":true}}]}