{"bart_player_id":134114,"seasons":[{"year":2026,"team_name":"Dartmouth","team_conference":"Ivy","class":"Fr","raw_row":["Anton Strelnikov","Dartmouth","Ivy",16,8.7,110.2,25.9,65.3,63.07,10.8,7.7,10.4,15.3,5,11,0.455,22,35,0.629,1,1,1,6.2,2,30.6,"Fr","6-8",10,0.44718,116.199,6.9,2026,134114,"Lake Zurich, IL",null,0.50015004,21,31,1,4,0.6774,"0.2500",0,0,null,null,111.457,111.874,0.422104,15.7322,0.0631299,-0.184699,0.247829,0.283413,5.6556,-0.284987,0.5684,0.7778,0.3889,1.1667,0.1667,0.1667,0.4444,4.0556,"PF/C",0.659292,"2006-10-15"],"games":16,"notes":"PF/C","projection":0.6593,"advanced_stats":{"tov_pg":0.3333333333333333,"usage_pct":0.3274444444444444,"plus_minus_pg":1.1666666666666667,"mins_pct":0.095,"is_qualified":false}}]}