{"bart_player_id":134154,"seasons":[{"year":2026,"team_name":"Idaho St.","team_conference":"BSky","class":"Sr","raw_row":["Jamison Guerra","Idaho St.","BSky",30,63.2,115.1,20.5,48.8,54.76,2.6,9,28.4,17.4,65,78,0.833,53,126,0.421,31,78,0.397,0.3,1.4,38.2,"Sr","6-0",2,1.98733,115.01,3.4,2026,134154,"Sherwood, OR",null,2.59193162,33,74,20,52,0.4459,0.3846,0,0,null,null,118.868,119.49,1.30566,101.271,-2.94889,0.763668,-3.71255,-2.39576,25.6212,0.128543,-2.5243,0.5455,1.7273,2.2727,3.8485,0.6364,0.1212,8.8182,"Scoring PG",6.18121,"2003-10-15"],"games":30,"notes":"Scoring PG","projection":6.1812,"advanced_stats":{"tov_pg":1.4848484848484849,"usage_pct":0.19263636363636363,"plus_minus_pg":-0.6666666666666666,"mins_pct":0.638,"is_qualified":true}}]}