{"bart_player_id":134128,"seasons":[{"year":2026,"team_name":"Arkansas St.","team_conference":"SB","class":"Fr","raw_row":["Royal Blue Smith","Arkansas St.","SB",25,26.2,97.1,19.9,52.5,52.47,2.7,9.8,13.9,24.1,14,28,0.5,22,38,0.579,21,64,0.328,0.3,3.1,27.5,"Fr","6-3",3,0.159934,96.0175,4.9,2026,134128,"Parkland, FL",null,1.03444739,21,30,1,8,"0.7000","0.1250",0,1,"0.0000",null,106.43,108.333,1.14099,59.5446,-2.08209,-1.763,-0.319091,-2.1495,13.1926,-2.82658,0.677076,0.4444,1.2222,1.6667,1.1111,0.7407,"0.0370",5.3704,"Combo G",11.0178,"2006-10-15"],"games":25,"notes":"Combo G","projection":11.0178,"advanced_stats":{"tov_pg":1.0740740740740742,"usage_pct":0.21981481481481482,"plus_minus_pg":-0.037037037037037035,"mins_pct":0.276,"is_qualified":true}}]}