{"bart_player_id":134194,"seasons":[{"year":2026,"team_name":"Southern Miss","team_conference":"SB","class":"Sr","raw_row":["Israel Hart","Southern Miss","SB",32,52.9,96.3,19.7,43.1,48.25,1.2,8.8,11.7,17.7,52,63,0.825,37,95,0.389,40,130,0.308,1.4,2.9,28,"Sr","6-3",0,0.158832,94.4679,3.5,2026,134194,"Midwest City, OK",null,1.02221382,17,33,20,62,0.5152,0.3226,0,2,"0.0000",null,107.672,110.193,1.82861,120.975,-2.55107,-1.90118,-0.649894,-2.161,21.5912,-2.41248,0.251474,0.2059,1.7059,1.9118,1.3529,1.0588,0.2353,7.6765,"Combo G",10.5549,"2003-10-15"],"games":32,"notes":"Combo G","projection":10.5549,"advanced_stats":{"tov_pg":1.3235294117647058,"usage_pct":0.21723529411764697,"plus_minus_pg":-0.08823529411764706,"mins_pct":0.521,"is_qualified":true}}]}