{"bart_player_id":134197,"seasons":[{"year":2026,"team_name":"Brown","team_conference":"Ivy","class":"Fr","raw_row":["Isaiah Langham","Brown","Ivy",25,52.2,89.7,23,46.3,49,3.4,8.7,7.8,18.5,34,51,0.667,69,130,0.531,12,58,0.207,1,2.3,27.1,"Fr","6-5",1,-0.141626,90.4118,2.2,2026,134197,"Stoughton, MA",null,0.63159015,57,107,12,23,0.5327,0.5217,5,7,0.7143,null,109.781,111.726,1.63913,80.5985,-6.272,-4.60437,-1.66763,-4.81377,21.1407,-3.42064,-1.39313,0.7407,1.6296,2.3704,0.8889,0.8889,0.1852,8.4444,"Wing G",6.49382,"2006-10-15"],"games":25,"notes":"Wing G","projection":6.4938,"advanced_stats":{"tov_pg":1.4074074074074074,"usage_pct":0.2415925925925926,"plus_minus_pg":-1.6296296296296295,"mins_pct":0.52,"is_qualified":true}}]}