{"bart_player_id":134137,"seasons":[{"year":2026,"team_name":"Ball St.","team_conference":"MAC","class":"So","raw_row":["Davion Hill","Ball St.","MAC",29,67.8,106.9,27.7,51.2,54.7,3.8,16.6,22,13.3,75,100,0.75,115,224,0.513,36,106,0.34,1.4,2.7,30.3,"So","6-2",2,1.97455,113.352,2.4,2026,134137,"Williamsport, PA",null,1.44001479,97,168,18,56,0.5774,0.3214,0,0,null,null,107.105,108.597,2.42545,141.683,1.39661,0.852221,0.544387,3.4431,26.8645,2.905,0.538093,"0.8710",3.5484,4.4194,2.3226,1.1613,0.2903,"14.0000","Combo G",8.14832,"2005-10-15"],"games":29,"notes":"Combo G","projection":8.1483,"advanced_stats":{"tov_pg":1.6129032258064515,"usage_pct":0.27819354838709687,"plus_minus_pg":-0.6129032258064516,"mins_pct":0.667,"is_qualified":true}}]}