{"bart_player_id":134120,"seasons":[{"year":2026,"team_name":"Loyola Chicago","team_conference":"A10","class":"Fr","raw_row":["Nicolus Anderson","Loyola Chicago","A10",27,35.3,89.6,18.6,42.1,44.7,4.1,12.7,6.4,14.7,26,45,0.578,29,68,0.426,18,65,0.277,2.1,1.7,33.8,"Fr","6-4",8,-0.112086,90.4939,2.4,2026,134120,"Olathe, KS",null,0.66662375,28,60,1,8,0.4667,"0.1250",2,2,"1.0000",null,115.172,113.482,1.24908,75.1239,-4.89585,-3.7206,-1.17525,-3.89652,17.3148,-2.77956,-1.11695,0.5926,1.8519,2.4444,0.5185,0.4815,0.2963,5.1111,"Wing G",8.44068,"2006-10-15"],"games":27,"notes":"Wing G","projection":8.4407,"advanced_stats":{"tov_pg":0.7777777777777778,"usage_pct":0.19422222222222224,"plus_minus_pg":-4.222222222222222,"mins_pct":0.354,"is_qualified":true}}]}