{"bart_player_id":134118,"seasons":[{"year":2026,"team_name":"Iowa St.","team_conference":"B12","class":"Fr","raw_row":["Killyan Toure","Iowa St.","B12",37,63.3,107.7,19.2,51,53.86,6.1,10.4,14.7,20,52,72,0.722,94,178,0.528,26,83,0.313,0.9,3.4,27.6,"Fr","6-3",27,1.7589,112.388,3.7,2026,134118,"Pamiers, France",65.8,1.35483677,74,115,20,63,0.6435,0.3175,19,22,0.8636,null,96.5155,91.3774,3.77702,178.876,5.8072,1.62408,4.18312,3.7391,25.3189,-0.0811496,3.82025,1.2973,2.1622,3.4595,2.2703,1.4595,0.1892,8.5946,"Combo G",5.14398,"2006-07-15"],"games":37,"notes":"Combo G","projection":5.144,"advanced_stats":{"tov_pg":1.6756756756756757,"usage_pct":0.18651351351351347,"plus_minus_pg":10.756756756756756,"mins_pct":0.631,"is_qualified":true}}]}