{"bart_player_id":134150,"seasons":[{"year":2026,"team_name":"Delaware St.","team_conference":"MEAC","class":"Fr","raw_row":["Ademar Santos","Delaware St.","MEAC",18,32.6,85.8,20.8,39.9,42.99,2.6,12.3,5.5,13.1,17,23,0.739,27,69,0.391,15,55,0.273,2.3,2,18.5,"Fr","6-6",37,-0.550486,84.2661,3.2,2026,134150,"Stockholm, Sweden",null,0.41662848,21,36,6,33,0.5833,0.1818,1,1,"1.0000",null,108.008,113.635,1.40872,56.9341,-7.18943,-5.68893,-1.5005,-5.71265,20.0545,-4.51646,-1.1962,"0.5000",1.8636,2.3636,0.4545,0.6818,0.4545,7.1364,"Wing G",9.36193,"2006-10-15"],"games":18,"notes":"Wing G","projection":9.3619,"advanced_stats":{"tov_pg":1.0909090909090908,"usage_pct":0.21277272727272722,"plus_minus_pg":-8.952380952380953,"mins_pct":0.34,"is_qualified":true}}]}