{"bart_player_id":134142,"seasons":[{"year":2026,"team_name":"Southern","team_conference":"SWAC","class":"So","raw_row":["Fazl Oshodi","Southern","SWAC",31,49.6,116,16.9,53.1,55.7,0.7,6.6,5.1,6.4,27,29,0.931,31,65,0.477,59,160,0.369,0.9,2.8,12.9,"So","6-3",14,1.20052,109.792,2.1,2026,134142,"Swedesboro, NJ",null,"1.50000000",20,35,11,30,0.5714,0.3667,0,0,null,null,113.626,117.308,1.17565,98.1453,-1.03612,1.38108,-2.41721,0.74523,20.2294,1.32676,-0.581529,0.1765,1.1765,1.3529,0.7059,1.0588,0.1765,8.8824,"Combo G",14.3683,"2005-10-15"],"games":31,"notes":"Combo G","projection":14.3683,"advanced_stats":{"tov_pg":0.47058823529411764,"usage_pct":0.19579411764705884,"plus_minus_pg":-0.2647058823529412,"mins_pct":0.501,"is_qualified":true}}]}