{"bart_player_id":134171,"seasons":[{"year":2026,"team_name":"Florida Gulf Coast","team_conference":"ASun","class":"Fr","raw_row":["Matthew McCarthy","Florida Gulf Coast","ASun",12,2.1,90.4,9.3,50,50.63,0,13.4,5.8,23.5,1,2,0.5,0,1,0,1,2,0.5,0,0,66.7,"Fr","6-3",4,-0.137104,74.5435,9,2026,134171,"Aston, PA",null,3.00140058,0,0,0,1,null,"0.0000",0,0,null,null,117.755,117.321,0.131125,3.41896,-8.86144,-5.63216,-3.22928,-13.4246,2.6857,-10.1498,-3.27482,0.0714,0.3571,0.4286,0.2143,"0.0000",0.0714,"0.5000","Combo G",4.2638,"2006-10-15"],"games":12,"notes":"Combo G","projection":4.2638,"advanced_stats":{"tov_pg":0.07142857142857142,"usage_pct":0.07328571428571429,"plus_minus_pg":-0.8571428571428571,"mins_pct":0.027,"is_qualified":false}}]}