{"bart_player_id":134195,"seasons":[{"year":2026,"team_name":"Brown","team_conference":"Ivy","class":"Fr","raw_row":["Charlie OSullivan","Brown","Ivy",18,19.4,99.1,17,50,50.09,5.2,9.8,14,17.7,2,4,0.5,9,12,0.75,12,42,0.286,3.3,0.9,7.4,"Fr","6-10",33,-0.00866307,92.1363,4.2,2026,134195,"Purchase, NY",null,1.89999998,7,9,2,3,0.7778,0.6667,0,0,null,null,111.129,111.989,0.836343,28.0066,-3.02446,-1.99381,-1.03065,-2.7248,"11.5350",-2.1834,-0.541391,"0.8500","1.3000","2.1500","0.9500","0.2000","0.3000","4.6000","PF/C",12.6529,"2006-10-15"],"games":18,"notes":"PF/C","projection":12.6529,"advanced_stats":{"tov_pg":0.5,"usage_pct":0.1597,"plus_minus_pg":1.3,"mins_pct":0.21,"is_qualified":false}}]}