{"bart_player_id":134186,"seasons":[{"year":2026,"team_name":"Rider","team_conference":"MAAC","class":"Sr","raw_row":["Mohamad Diallo","Rider","MAAC",18,14,84.5,19.6,52.6,49.12,11.3,21.1,5.7,27.7,2,10,0.2,20,38,0.526,0,0,0,5.9,0.8,26.3,"Sr","7-0",6,-0.245645,84.2416,5.6,2026,134186,"Decatur, GA",null,0.35722043,16,28,4,10,0.5714,"0.4000",2,3,0.6667,null,114.14,117.295,0.516072,27.8144,-8.40183,-7.28496,-1.11687,-6.64008,9.1895,-5.32587,-1.31421,"1.0000",1.6316,2.6316,0.2632,0.1053,0.5263,2.8421,"C",0,"2003-10-15"],"games":18,"notes":"C","projection":0,"advanced_stats":{"tov_pg":0.7368421052631579,"usage_pct":0.18089473684210525,"plus_minus_pg":-2.5789473684210527,"mins_pct":0.15,"is_qualified":false}}]}