{"bart_player_id":134134,"seasons":[{"year":2026,"team_name":"Austin Peay","team_conference":"ASun","class":"Fr","raw_row":["Tyler Wagner","Austin Peay","ASun",21,10.9,101,11.1,51.6,50.83,0.9,19.2,0,8.1,0,1,0,1,1,1,10,30,0.333,0,1.3,3.2,"Fr","6-5",2,-0.173864,84.0765,4.4,2026,134134,"Brooklyn Park, MN",null,1.49885064,1,1,0,0,"1.0000",null,0,0,null,null,107.789,109.68,0.517686,21.7701,-8.40259,-4.40336,-3.99923,-6.39031,7.1043,-4.53105,-1.85926,0.0435,1.1304,1.1739,0.1304,0.2174,0.0435,2.6087,"Stretch 4",13.4749,"2006-10-15"],"games":21,"notes":"Stretch 4","projection":13.4749,"advanced_stats":{"tov_pg":0.08695652173913043,"usage_pct":0.10217391304347824,"plus_minus_pg":0.8695652173913043,"mins_pct":0.132,"is_qualified":false}}]}