{"bart_player_id":134158,"seasons":[{"year":2026,"team_name":"Arkansas","team_conference":"SEC","class":"Fr","raw_row":["Meleek Thomas","Arkansas","SEC",37,75.2,120.3,22.1,52.2,55.86,3.5,10.8,13.2,8.2,91,108,0.843,121,270,0.448,82,197,0.416,0.6,2.8,23.1,"Fr","6-5",1,3.89218,129.638,2.7,2026,134158,"Pittsburgh, PA","98.0",2.48650002,69,117,52,153,0.5897,0.3399,3,5,"0.6000",null,110.884,101.862,3.39469,196.008,5.85943,5.20653,0.652901,5.86701,30.5027,4.27157,1.59544,0.8919,2.9459,3.8378,2.4865,1.5405,0.1892,15.6486,"Combo G",9.63786,"2006-08-06"],"games":37,"notes":"Combo G","projection":9.6379,"advanced_stats":{"tov_pg":1,"usage_pct":0.23940540540540547,"plus_minus_pg":8.81081081081081,"mins_pct":0.752,"is_qualified":true}}]}