{"bart_player_id":134160,"seasons":[{"year":2026,"team_name":"Grambling St.","team_conference":"SWAC","class":"Sr","raw_row":["Devyn Franklin","Grambling St.","SWAC",31,46.7,94,16.4,41.7,47.64,9.1,16.7,7.4,20.6,41,59,0.695,49,104,0.471,1,17,0.059,1.7,1.5,48.8,"Sr","6-8",21,-0.338268,87.1524,4.9,2026,134160,"Terrell, TX",null,0.57503507,36,67,13,37,0.5373,0.3514,8,13,0.6154,null,103.119,108.466,1.68013,104.6,-4.68373,-5.17264,0.488909,-5.77788,19.1152,-5.65857,-0.119316,1.5455,"3.0000",4.5455,"0.6970",0.6061,0.3333,4.8182,"PF/C",1.69344,"2003-10-15"],"games":31,"notes":"PF/C","projection":1.6934,"advanced_stats":{"tov_pg":1.2121212121212122,"usage_pct":0.17333333333333337,"plus_minus_pg":0.3939393939393939,"mins_pct":0.477,"is_qualified":true}}]}