{"bart_player_id":134124,"seasons":[{"year":2026,"team_name":"Jacksonville","team_conference":"ASun","class":"Fr","raw_row":["Hayden Wood","Jacksonville","ASun",30,68.7,117.8,20.2,53.6,56.52,4.7,10,9.2,9.5,62,86,0.721,68,127,0.535,50,140,0.357,2.6,1,32.2,"Fr","6-4",8,2.05497,113.918,3,2026,134124,"Springdale, AR",null,1.48139368,43,73,25,54,"0.5890","0.4630",2,3,0.6667,null,117.526,118.258,1.53625,109.207,0.000193262,1.67004,-1.66984,0.820892,26.9156,2.52914,-1.70825,1.0938,2.0625,3.1562,"1.2500",0.4375,0.6562,11.8125,"Wing G",10.3558,"2006-10-15"],"games":30,"notes":"Wing G","projection":10.3558,"advanced_stats":{"tov_pg":0.84375,"usage_pct":0.21075,"plus_minus_pg":-0.21875,"mins_pct":0.667,"is_qualified":true}}]}