{"bart_player_id":134193,"seasons":[{"year":2026,"team_name":"Kansas","team_conference":"B12","class":"Fr","raw_row":["Darryn Peterson","Kansas","B12",24,49.4,114.1,30.9,52.7,57.8,2.9,11.8,12.5,10.4,109,132,0.826,93,191,0.487,63,165,0.382,2.3,2.9,37.1,"Fr","6-5",22,4.68757,139.395,2.1,2026,134193,"Canton, OH",99.8,"1.00000000",40,67,53,124,"0.5970",0.4274,9,12,"0.7500",null,99.4106,91.3182,4.29114,136.532,7.78055,5.5435,2.23705,12.3897,"29.0250",8.3726,4.01714,0.7083,"3.5000",4.2083,1.5833,1.4167,"0.6250",20.1667,"Wing G",13.8911,"2007-01-17"],"games":24,"notes":"Wing G","projection":13.8911,"advanced_stats":{"tov_pg":1.5833333333333333,"usage_pct":0.3357083333333333,"plus_minus_pg":3.625,"mins_pct":0.494,"is_qualified":true}}]}