{"bart_player_id":134111,"seasons":[{"year":2026,"team_name":"Gonzaga","team_conference":"WCC","class":"Fr","raw_row":["Davis Fogle","Gonzaga","WCC",30,35.7,122.7,22.9,55.5,58.37,8.4,12.4,13.3,9.9,47,65,0.723,85,151,0.563,14,40,0.35,3.4,2.4,34,"Fr","6-7",4,2.15678,129.704,2.4,2026,134111,"Anacortes, WA",92.8,1.99984998,57,84,28,67,0.6786,0.4179,19,20,"0.9500",null,94.5634,91.1983,2.49375,99.9234,7.03319,3.40635,3.62684,8.61129,16.7167,5.27841,3.33288,"1.2000",1.9333,3.1333,1.3333,"0.7000",0.4667,8.6333,"Wing G",4.53847,"2006-10-15"],"games":30,"notes":"Wing G","projection":4.5385,"advanced_stats":{"tov_pg":0.6666666666666666,"usage_pct":0.24666666666666667,"plus_minus_pg":8,"mins_pct":0.358,"is_qualified":true}}]}