{"bart_player_id":134185,"seasons":[{"year":2026,"team_name":"Jacksonville","team_conference":"ASun","class":"Sr","raw_row":["Jason Thirdkill, Jr.","Jacksonville","ASun",30,57.1,118.6,16.4,54.2,59.16,7.8,21.1,4.6,13,57,74,0.77,60,100,0.6,16,55,0.291,4,2,47.7,"Sr","6-7",31,1.29975,108.777,4.1,2026,134185,"Detroit, MI",null,0.67997952,52,72,8,28,0.7222,0.2857,14,16,"0.8750",null,111.115,111.807,1.78704,123.792,0.451942,-0.343024,0.794967,-0.128231,22.6437,-0.0908434,-0.0373871,1.5312,3.8438,"5.3750",0.5312,0.7812,0.8438,"8.0000","Stretch 4",4.89484,"2003-10-15"],"games":30,"notes":"Stretch 4","projection":4.8948,"advanced_stats":{"tov_pg":0.78125,"usage_pct":0.17634375,"plus_minus_pg":0.15625,"mins_pct":0.562,"is_qualified":true}}]}