{"bart_player_id":134181,"seasons":[{"year":2026,"team_name":"Fairfield","team_conference":"MAAC","class":"So","raw_row":["Eric Mejia","Fairfield","MAAC",33,47.1,96.6,17,39.8,46.35,2.4,10.5,14,19.2,49,69,0.71,40,108,0.37,11,34,0.324,0.3,3,48.6,"So","6-3",0,-0.132681,90.3367,4.9,2026,134181,"Bronx, NY",null,1.52939999,25,72,15,36,0.3472,0.4167,0,0,null,null,106.742,112.987,1.39671,108.666,-3.78464,-3.28666,-0.497978,-5.1731,18.7912,-5.69158,0.518473,0.4118,1.7647,2.1765,1.5294,0.9412,0.0588,4.9412,"Combo G",3.25449,"2005-10-15"],"games":33,"notes":"Combo G","projection":3.2545,"advanced_stats":{"tov_pg":1,"usage_pct":0.1597941176470588,"plus_minus_pg":0.5,"mins_pct":0.468,"is_qualified":true}}]}