{"bart_player_id":134106,"seasons":[{"year":2026,"team_name":"USC Upstate","team_conference":"BSth","class":"Jr","raw_row":["Mason Bendinger","USC Upstate","BSth",29,74.9,92,26.4,45.2,46.86,2.8,10.5,8.5,13.2,67,122,0.549,142,317,0.448,22,70,0.314,1.5,0.8,31.5,"Jr","6-4",9,0.417009,96.3798,2.6,2026,134106,"North Salt Lake, UT",null,0.67857143,89,169,53,148,0.5266,0.3581,1,1,"1.0000",null,111.961,115.53,1.95818,125.601,-7.0182,-4.27853,-2.73967,-5.2807,29.3531,-2.68733,-2.59338,0.8125,2.9062,3.7188,1.1875,0.4062,"0.3750",14.4062,"Wing G",4.52973,"2004-10-15"],"games":29,"notes":"Wing G","projection":4.5297,"advanced_stats":{"tov_pg":1.75,"usage_pct":0.27946875,"plus_minus_pg":-1.46875,"mins_pct":0.723,"is_qualified":true}}]}