{"bart_player_id":134113,"seasons":[{"year":2026,"team_name":"Columbia","team_conference":"Ivy","class":"Fr","raw_row":["Miles Franklin","Columbia","Ivy",24,55.7,105.5,20.1,47,49.52,5.5,14.4,7.4,11.6,35,53,0.66,73,140,0.521,15,63,0.238,2.2,2.2,26.1,"Fr","6-5",24,0.962907,103.867,4.6,2026,134113,"Potomac, MD",null,0.92309999,54,93,19,47,0.5806,0.4043,16,17,0.9412,null,107.208,108.638,2.15456,106.086,-1.77946,-1.5395,-0.239956,-2.36517,24.0346,-2.37681,0.011643,1.1154,3.0385,4.1538,0.9231,0.9231,"0.5000","9.5000","Wing G",6.39788,"2006-10-15"],"games":24,"notes":"Wing G","projection":6.3979,"advanced_stats":{"tov_pg":1,"usage_pct":0.22015384615384617,"plus_minus_pg":3.5384615384615383,"mins_pct":0.552,"is_qualified":true}}]}