{"bart_player_id":134135,"seasons":[{"year":2026,"team_name":"Austin Peay","team_conference":"ASun","class":"Fr","raw_row":["Ja'Corey Robinson","Austin Peay","ASun",28,41.2,105.6,20.9,52.2,56.08,4.3,13.6,20.5,21.1,36,48,0.75,66,126,0.524,3,9,0.333,2.4,3.1,35.6,"Fr","6-6",23,0.517255,101.098,3,2026,134135,"Topeka, KS",null,1.55261697,54,88,12,38,0.6136,0.3158,8,9,0.8889,null,104.835,106.169,1.67079,93.1605,-0.603048,-2.40692,1.80387,0.769088,17.1867,-0.870974,1.64006,0.6667,2.2333,"2.9000",1.9667,1.0333,"0.4000",6.6333,"Wing G",1.06949,"2006-10-15"],"games":28,"notes":"Wing G","projection":1.0695,"advanced_stats":{"tov_pg":1.2666666666666666,"usage_pct":0.19566666666666663,"plus_minus_pg":4.2,"mins_pct":0.416,"is_qualified":true}}]}