{"bart_player_id":134191,"seasons":[{"year":2026,"team_name":"Kansas","team_conference":"B12","class":"Fr","raw_row":["Bryson Tiller","Kansas","B12",35,64.2,96.2,18.9,48,51.8,7.1,17.1,7,21.6,59,85,0.694,88,175,0.503,14,52,0.269,5.4,0.8,37.4,"Fr","6-10",15,0.891514,102.371,3,2026,134191,"Lawrenceville, GA",null,0.55555557,62,95,26,80,0.6526,"0.3250",30,33,0.9091,null,99.531,92.3168,3.74791,176.626,3.20306,-1.56616,4.76922,2.01864,25.8686,-1.2216,3.24025,1.5714,4.5429,6.1143,"1.0000",0.3429,1.2857,7.9143,"PF/C",3.36858,"2005-11-07"],"games":35,"notes":"PF/C","projection":3.3686,"advanced_stats":{"tov_pg":1.8,"usage_pct":0.18905714285714287,"plus_minus_pg":4.4,"mins_pct":0.641,"is_qualified":true}}]}