{"bart_player_id":134173,"seasons":[{"year":2026,"team_name":"Holy Cross","team_conference":"Pat","class":"Fr","raw_row":["Aiden Disu","Holy Cross","Pat",28,62.4,101.2,22.4,50.6,55.08,4.4,18.6,6.8,16.1,62,77,0.805,93,176,0.528,20,67,0.299,3.4,1.5,31.7,"Fr","6-7",12,0.711839,99.7883,3.3,2026,134173,"Buda, TX",38.6,0.51064355,57,104,36,72,0.5481,"0.5000",14,14,"1.0000",null,111.808,115.421,1.8177,135.12,-4.15795,-3.2228,-0.935153,-3.29436,27.4069,-1.87293,-1.42143,"1.0000",4.1034,5.1034,0.8276,0.6897,0.7931,10.8276,"Wing F",5.25941,"2006-10-15"],"games":28,"notes":"Wing F","projection":5.2594,"advanced_stats":{"tov_pg":1.6206896551724137,"usage_pct":0.23262068965517244,"plus_minus_pg":-5.172413793103448,"mins_pct":0.602,"is_qualified":true}}]}