{"bart_player_id":134166,"seasons":[{"year":2026,"team_name":"Louisiana Tech","team_conference":"CUSA","class":"So","raw_row":["Avery Thomas II","Louisiana Tech","CUSA",30,60.7,108.7,18.6,43.3,47.9,11.6,19.3,4.7,10.8,50,63,0.794,59,125,0.472,27,105,0.257,2.7,2.7,27.4,"So","6-7",5,1.12622,105.302,4.4,2026,134166,"Jackson, MS",null,0.80002642,46,86,13,39,0.5349,0.3333,7,8,"0.8750",null,99.9483,100.751,2.92717,153.913,1.15426,-0.0105293,1.16478,-0.00376146,25.1879,-0.707023,0.703262,2.6061,4.6061,7.2121,0.6061,1.1818,0.4848,9.0909,"Stretch 4",8.44535,"2005-10-15"],"games":30,"notes":"Stretch 4","projection":8.4454,"advanced_stats":{"tov_pg":0.7575757575757576,"usage_pct":0.19948484848484851,"plus_minus_pg":3.6666666666666665,"mins_pct":0.605,"is_qualified":true}}]}