{"bart_player_id":134223,"seasons":[{"year":2026,"team_name":"Iona","team_conference":"MAAC","class":"Fr","raw_row":["Oscar Hourruitiner","Iona","MAAC",6,0.8,0,12.5,0,0,0,22.1,0,0,0,0,0,0,2,0,0,1,0,0,0,0,"Fr","6-0",12,-0.532902,-0.707098,4,2026,134223,"Gurabo, PR",null,"0.00000000",0,0,0,2,null,"0.0000",0,0,null,null,106.336,115.337,0.108964,1.67817,-21.485,-15.1953,-6.28972,-23.2261,"1.6500",-17.575,-5.65109,"0.0000",0.3333,0.3333,"0.0000","0.0000","0.0000","0.0000","PF/C",5.60561,"2006-10-15"],"games":6,"notes":"PF/C","projection":5.6056,"advanced_stats":{"tov_pg":0,"usage_pct":0.15316666666666667,"plus_minus_pg":-1.1666666666666667,"mins_pct":0.008,"is_qualified":false}}]}