{"bart_player_id":134255,"seasons":[{"year":2026,"team_name":"South Florida","team_conference":"Amer","class":"Fr","raw_row":["Tristan Beckford","South Florida","Amer",20,10.1,122.1,16,55.7,59.7,7.3,17.6,6.4,12.6,13,18,0.722,15,23,0.652,3,12,0.25,3.2,1.6,51.4,"Fr","6-5",10,0.552963,115.949,4.4,2026,134255,"Maple, Canada",51.8,1.19991594,15,22,0,1,0.6818,"0.0000",8,9,0.8889,null,102.398,100.82,0.786674,27.2001,1.78495,0.298476,1.48647,2.5164,7.3048,0.890617,1.62579,0.4762,1.2381,1.7143,0.2857,0.2381,0.1905,"2.6190","Wing F",4.81685,"2006-10-15"],"games":20,"notes":"Wing F","projection":4.8169,"advanced_stats":{"tov_pg":0.23809523809523808,"usage_pct":0.12100000000000004,"plus_minus_pg":1.2857142857142858,"mins_pct":0.11,"is_qualified":false}}]}