{"bart_player_id":134217,"seasons":[{"year":2026,"team_name":"Western Illinois","team_conference":"OVC","class":"Sr","raw_row":["Karyiek Dixon","Western Illinois","OVC",17,40.2,110.2,17.3,48.6,52.76,12.8,19.9,4.6,12.2,29,40,0.725,51,97,0.526,1,11,0.091,0.9,1.4,37,"Sr","6-5",5,1.07957,104.145,3.8,2026,134217,"Enfield, United Kingdom",null,0.76470583,34,62,17,35,0.5484,0.4857,0,0,null,null,114.288,119.358,1.376,77.8001,-4.99186,-1.9103,-3.08156,-4.27547,"25.3500",-1.37072,-2.90475,"3.0000","4.1500","7.1500","0.6500","0.6500","0.2000","8.3500","Wing F",1.44751,"2003-10-15"],"games":17,"notes":"Wing F","projection":1.4475,"advanced_stats":{"tov_pg":0.85,"usage_pct":0.16305000000000003,"plus_minus_pg":-4.15,"mins_pct":0.406,"is_qualified":true}}]}