{"bart_player_id":134274,"seasons":[{"year":2026,"team_name":"Penn St.","team_conference":"B10","class":"Fr","raw_row":["Melih Tunca","Penn St.","B10",31,55.2,106.5,20.1,50.3,55.19,2.3,9.2,19.1,17.9,57,74,0.77,63,121,0.521,20,64,0.313,1,1.8,40,"Fr","6-5",9,1.49451,111.258,1.9,2026,134274,"Ankara, Turkey","64.0",1.69764258,52,76,11,45,0.6842,0.2444,2,2,"1.0000",null,120.167,112.709,1.71355,102.312,-0.813181,0.354609,-1.16779,-0.234229,"22.8000",0.697505,-0.931734,0.4194,1.5806,"2.0000",2.3548,0.7097,0.1935,7.8387,"Combo G",5.37845,"2006-10-15"],"games":31,"notes":"Combo G","projection":5.3785,"advanced_stats":{"tov_pg":1.3870967741935485,"usage_pct":0.19387096774193552,"plus_minus_pg":-2.2903225806451615,"mins_pct":0.553,"is_qualified":true}}]}