{"bart_player_id":134294,"seasons":[{"year":2026,"team_name":"Oregon St.","team_conference":"WCC","class":"Fr","raw_row":["Matija Samar","Oregon St.","WCC",28,34.1,95.9,18.8,42.3,46.68,2.5,11.1,17.9,16.2,22,24,0.917,16,40,0.4,26,90,0.289,0.3,1.1,18.5,"Fr","6-6",26,0.297583,97.6917,3.1,2026,134294,"Jesenice, Slovenia",null,1.65217924,9,20,7,20,"0.4500","0.3500",0,0,null,null,114.102,112.408,1.22756,63.912,-3.41349,-1.2057,-2.20779,-2.92954,"16.3250",-1.47235,-1.4572,0.3214,1.5714,1.8929,1.3571,0.2857,0.0357,4.7143,"Wing G",11.9254,"2004-12-28"],"games":28,"notes":"Wing G","projection":11.9254,"advanced_stats":{"tov_pg":0.8214285714285714,"usage_pct":0.20842857142857144,"plus_minus_pg":-1.8571428571428572,"mins_pct":0.341,"is_qualified":true}}]}