{"bart_player_id":134268,"seasons":[{"year":2026,"team_name":"Duquesne","team_conference":"A10","class":"Fr","raw_row":["Dom Aekins","Duquesne","A10",12,6.9,89.8,24.7,43.2,45.17,4.1,6.9,12.2,16.1,4,6,0.667,13,26,0.5,2,11,0.182,0,2.7,16.2,"Fr","5-10",7,0.0182734,93.1046,6.5,2026,134268,"Columbus, OH",null,1.11105924,7,12,6,14,0.5833,0.4286,0,0,null,null,110.331,109.166,0.625315,13.8251,-6.38771,-4.02359,-2.36413,-6.79251,7.8143,-5.40042,-1.3921,0.2143,0.5714,0.7857,0.7143,0.3571,"0.0000","3.0000","Combo G",7.26123,"2006-10-15"],"games":12,"notes":"Combo G","projection":7.2612,"advanced_stats":{"tov_pg":0.6428571428571429,"usage_pct":0.22407142857142856,"plus_minus_pg":-2.0714285714285716,"mins_pct":0.081,"is_qualified":false}}]}