{"bart_player_id":134265,"seasons":[{"year":2026,"team_name":"Eastern Illinois","team_conference":"OVC","class":"Sr","raw_row":["Andre Washington","Eastern Illinois","OVC",12,24.9,91.1,21.8,39.7,43.02,3.1,6,8.4,9.2,18,26,0.692,25,67,0.373,13,45,0.289,0.4,1.8,23.2,"Sr","5-11",4,-0.0592989,91.6758,3.7,2026,134265,"Staten Island, NY",null,1.14289999,21,48,4,19,0.4375,0.2105,0,0,null,null,112.827,118.853,1.32905,40.1879,-7.43415,-3.52844,-3.90571,-6.29569,24.3643,-4.01896,-2.27673,0.6429,1.2857,1.9286,1.1429,"1.0000",0.0714,"10.5000","Combo G",9.00844,"2003-10-15"],"games":12,"notes":"Combo G","projection":9.0084,"advanced_stats":{"tov_pg":1,"usage_pct":0.25292857142857145,"plus_minus_pg":-0.21428571428571427,"mins_pct":0.255,"is_qualified":true}}]}