{"bart_player_id":134252,"seasons":[{"year":2026,"team_name":"Maryland","team_conference":"B10","class":"Fr","raw_row":["Darius Adams","Maryland","B10",33,63.9,94.4,26,40.6,46.65,3.7,12.3,14.3,17.7,100,140,0.714,78,181,0.431,33,133,0.248,0.7,1.2,44.6,"Fr","6-5",1,1.23443,106.294,3.1,2026,134252,"Manchester, NJ",95.4,0.83078642,52,97,26,84,0.5361,0.3095,1,1,"1.0000",null,116.63,108.567,2.28747,124.902,-1.74509,-0.981145,-0.763946,-2.16433,25.6424,-1.28112,-0.883218,0.8485,2.5758,3.4242,1.6364,0.5152,0.1515,10.7576,"Wing G",9.42048,"2006-06-07"],"games":33,"notes":"Wing G","projection":9.4205,"advanced_stats":{"tov_pg":1.9696969696969697,"usage_pct":0.27687878787878784,"plus_minus_pg":-5.242424242424242,"mins_pct":0.638,"is_qualified":true}}]}