{"bart_player_id":134205,"seasons":[{"year":2026,"team_name":"Siena","team_conference":"MAAC","class":"Fr","raw_row":["Danny Murray","Siena","MAAC",4,0.5,0,13.8,0,0,0,0,0,60.3,0,0,0,0,0,0,0,1,0,0,0,0,"Fr","6-4",15,-0.60379,-0.433393,0,2026,134205,"Deer Park, NY",null,"0.00000000",0,0,0,0,null,null,0,0,null,null,113.995,124.859,0.0618696,0.671685,-17.4449,-14.5157,-2.92921,-24.3206,"1.8750",-16.5956,-7.72501,"0.0000","0.0000","0.0000","0.0000","0.0000","0.0000","0.0000","Combo G",8.8842,"2006-10-15"],"games":4,"notes":"Combo G","projection":8.8842,"advanced_stats":{"tov_pg":0.25,"usage_pct":0.08349999999999999,"plus_minus_pg":-2.75,"mins_pct":0.005,"is_qualified":false}}]}