{"bart_player_id":134261,"seasons":[{"year":2026,"team_name":"Milwaukee","team_conference":"Horz","class":"Fr","raw_row":["Josh Dixon","Milwaukee","Horz",31,46.4,98.9,26.2,44.5,49.02,0.7,6,16.4,15.8,50,58,0.862,72,164,0.439,28,92,0.304,0.4,1.7,22.7,"Fr","6-1",2,0.722381,103.58,3.7,2026,134261,"Alpharetta, GA",null,1.19047619,29,59,43,105,0.4915,0.4095,0,0,null,null,119.749,118.123,1.04669,78.0064,-6.61734,-2.44787,-4.16947,-4.64761,18.4906,-2.20391,-2.4437,0.1562,0.9375,1.0938,1.5625,0.5312,0.0625,9.0312,"Combo G",9.27216,"2006-10-15"],"games":31,"notes":"Combo G","projection":9.2722,"advanced_stats":{"tov_pg":1.3125,"usage_pct":0.29137500000000005,"plus_minus_pg":-1.90625,"mins_pct":0.462,"is_qualified":true}}]}