{"bart_player_id":134204,"seasons":[{"year":2026,"team_name":"Michigan St.","team_conference":"B10","class":"Sr","raw_row":["Denham Wojcik","Michigan St.","B10",31,12.3,84.7,13.8,28.6,31.45,0.7,4.6,32.1,35.2,3,6,0.5,6,17,0.353,0,4,0,0,2.8,28.6,"Sr","6-3",10,-0.220567,80.8795,5.1,2026,134204,"Charleston, SC",null,2.57152343,4,9,2,8,0.4444,"0.2500",0,0,null,null,104.471,96.5716,0.725648,28.4105,-4.51979,-4.33761,-0.182175,-2.65503,5.5774,-5.24652,2.59149,0.0323,0.2258,0.2581,1.1613,0.2581,"0.0000",0.4839,"Pure PG",1.37829,"2003-10-15"],"games":31,"notes":"Pure PG","projection":1.3783,"advanced_stats":{"tov_pg":0.45161290322580644,"usage_pct":0.10845161290322579,"plus_minus_pg":0.1935483870967742,"mins_pct":0.123,"is_qualified":false}}]}