{"bart_player_id":134257,"seasons":[{"year":2026,"team_name":"Hampton","team_conference":"CAA","class":"Fr","raw_row":["Quintin Cooper","Hampton","CAA",25,15.6,75.7,26.8,34.1,35.16,4,5.9,9,13.2,6,12,0.5,25,66,0.379,4,25,0.16,1.8,1.3,13.2,"Fr","6-2",24,-0.33563,79.398,4.7,2026,134257,"Washington, DC",null,1.15389406,17,35,8,31,0.4857,0.2581,0,0,null,null,112.299,116.245,0.468966,25.0276,-11.9736,-7.96404,-4.00954,-10.998,8.5556,-7.25629,-3.74173,0.3333,0.7407,1.0741,0.5556,0.1852,0.1481,3.6296,"Wing G",8.00158,"2006-10-15"],"games":25,"notes":"Wing G","projection":8.0016,"advanced_stats":{"tov_pg":0.48148148148148145,"usage_pct":0.29203703703703704,"plus_minus_pg":1.3703703703703705,"mins_pct":0.178,"is_qualified":false}}]}