{"bart_player_id":134270,"seasons":[{"year":2026,"team_name":"LIU","team_conference":"NEC","class":"Jr","raw_row":["Jomo Goings","LIU","NEC",35,76.6,100.2,18.7,46.5,52.27,3.3,13.5,12.5,22.1,80,95,0.842,76,181,0.42,37,102,0.363,2.2,2.6,33.6,"Jr","6-5",1,0.348456,95.6459,3.8,2026,134270,"Washington, DC",null,1.01317122,51,103,25,78,0.4951,0.3205,6,10,"0.6000",null,104.283,108.656,2.73344,193.392,-2.30097,-2.70527,0.404303,-2.65475,30.7457,-2.96639,0.311647,0.8571,3.6286,4.4857,"2.2000",1.3429,0.6571,"9.8000","Wing G",5.53776,"2004-10-15"],"games":35,"notes":"Wing G","projection":5.5378,"advanced_stats":{"tov_pg":2.1714285714285713,"usage_pct":0.18777142857142856,"plus_minus_pg":1.8857142857142857,"mins_pct":0.766,"is_qualified":true}}]}