{"bart_player_id":134216,"seasons":[{"year":2026,"team_name":"Boston University","team_conference":"Pat","class":"Fr","raw_row":["Chance Gladden","Boston University","Pat",32,80.1,113,25.7,52.1,58.69,2.5,9.5,26.7,19.6,122,141,0.865,124,234,0.53,32,96,0.333,0.9,1.2,42.7,"Fr","6-3",2,2.75048,116.392,2.7,2026,134216,"Raleigh, NC",null,1.70454119,85,158,39,76,"0.5380",0.5132,7,7,"1.0000",null,117.62,123.14,1.28557,143.433,-3.39442,0.516457,-3.91088,-2.32855,33.3545,0.895126,-3.22367,0.6364,2.6061,3.2424,4.5455,0.6667,0.2424,14.3636,"Scoring PG",5.55361,"2006-10-15"],"games":32,"notes":"Scoring PG","projection":5.5536,"advanced_stats":{"tov_pg":2.6666666666666665,"usage_pct":0.2461818181818182,"plus_minus_pg":0.42424242424242425,"mins_pct":0.789,"is_qualified":true}}]}