{"bart_player_id":134236,"seasons":[{"year":2026,"team_name":"Grambling St.","team_conference":"SWAC","class":"Fr","raw_row":["Antonio Munoz","Grambling St.","SWAC",26,53.4,95.5,29.2,47.2,52.72,4.9,11.7,18.5,21.1,108,164,0.659,110,222,0.495,1,14,0.071,1.9,1.6,69.5,"Fr","6-6",15,0.895376,102.498,3.8,2026,134236,"Chicago, IL",null,0.77465787,85,136,25,86,"0.6250",0.2907,32,44,0.7273,null,105.009,110.197,2.13696,109.626,-5.17821,-4.83171,-0.346508,-3.35714,"24.8000",-2.44246,-0.914682,"1.0000","2.5000","3.5000",1.9643,0.6786,0.4643,12.4643,"Wing G",1.21962,"2006-10-15"],"games":26,"notes":"Wing G","projection":1.2196,"advanced_stats":{"tov_pg":2.5357142857142856,"usage_pct":0.28607142857142864,"plus_minus_pg":1.0357142857142858,"mins_pct":0.526,"is_qualified":true}}]}