{"bart_player_id":134209,"seasons":[{"year":2026,"team_name":"Mississippi","team_conference":"SEC","class":"Fr","raw_row":["Patton Pinkins","Mississippi","SEC",35,61.1,128.5,15.3,55.9,60.66,3,5.6,6.6,4.4,67,78,0.859,64,128,0.5,43,102,0.422,0.4,1.1,33.9,"Fr","6-5",23,2.74927,124.77,2.2,2026,134209,"Murfreesboro, TN",83.6,3.10010503,21,32,43,96,0.6563,0.4479,0,0,null,null,116.583,107.584,2.27261,104.345,2.99393,3.35583,-0.361904,3.33496,24.8886,2.94024,0.394717,0.6571,1.2286,1.8857,0.8857,0.4857,0.0857,9.2571,"Wing G",6.86548,"2006-10-15"],"games":35,"notes":"Wing G","projection":6.8655,"advanced_stats":{"tov_pg":0.2857142857142857,"usage_pct":0.16488571428571427,"plus_minus_pg":-0.22857142857142856,"mins_pct":0.611,"is_qualified":true}}]}