{"bart_player_id":134267,"seasons":[{"year":2026,"team_name":"South Carolina","team_conference":"SEC","class":"Jr","raw_row":["Eli Sparkman","South Carolina","SEC",13,3,116.8,9.4,42.9,42.86,3,9,13.4,0,0,0,0,0,0,0,2,7,0.286,0,1.5,0,"Jr","6-0",14,0.0948274,101.454,2,2026,134267,"Cleveland, TN",null,3.00040007,0,0,0,0,null,null,0,0,null,null,114.611,110.473,0.249385,5.4842,-0.166557,-0.0760459,-0.0905113,-0.433503,3.0077,-1.12502,0.691512,0.0769,0.2308,0.3077,0.2308,0.0769,"0.0000",0.4615,"Scoring PG",10.6478,"2004-10-15"],"games":13,"notes":"Scoring PG","projection":10.6478,"advanced_stats":{"tov_pg":0,"usage_pct":0.09246153846153846,"plus_minus_pg":0.23076923076923078,"mins_pct":0.03,"is_qualified":false}}]}