{"bart_player_id":134248,"seasons":[{"year":2026,"team_name":"Wisconsin","team_conference":"B10","class":"Fr","raw_row":["Will Garlock","Wisconsin","B10",30,14.3,113.7,11.3,72.2,63.68,6.3,11.9,15.8,28,6,15,0.4,13,18,0.722,0,0,0,2.8,0.6,83.3,"Fr","7-0",23,0.313906,105.944,8.3,2026,134248,"Middleton, WI","44.0",1.81810749,11,15,2,3,0.7333,0.6667,1,2,"0.5000",null,111.685,103.734,0.708324,31.3713,2.61791,0.128658,2.48926,-0.636076,6.7467,-3.4391,2.80303,0.3667,"0.7000",1.0667,0.6667,0.0667,0.1667,1.0667,"C",0,"2006-10-15"],"games":30,"notes":"C","projection":0,"advanced_stats":{"tov_pg":0.36666666666666664,"usage_pct":0.08450000000000002,"plus_minus_pg":0.1,"mins_pct":0.142,"is_qualified":false}}]}