{"bart_player_id":134293,"seasons":[{"year":2026,"team_name":"Oregon St.","team_conference":"WCC","class":"Fr","raw_row":["Olavi Suutela","Oregon St.","WCC",33,43.2,111.8,16.5,62.5,63.68,7.4,10.8,10.9,20.9,36,55,0.655,56,86,0.651,11,30,0.367,0.8,1.4,47.4,"Fr","6-10",37,1.01155,109.229,5.2,2026,134293,"Helsinki, Finland",null,0.84850001,48,68,8,18,0.7059,0.4444,3,5,"0.6000",null,113.102,111.532,1.37004,85.2663,-0.215545,0.275257,-0.490802,-1.65131,17.5515,-1.22407,-0.427239,1.0303,1.6364,2.6667,0.8485,0.3939,0.1212,5.4848,"Wing F",3.13778,"2006-02-05"],"games":33,"notes":"Wing F","projection":3.1378,"advanced_stats":{"tov_pg":1,"usage_pct":0.1538484848484849,"plus_minus_pg":0.09090909090909091,"mins_pct":0.432,"is_qualified":true}}]}