{"bart_player_id":134287,"seasons":[{"year":2026,"team_name":"Texas St.","team_conference":"SB","class":"Fr","raw_row":["Deke Thompson","Texas St.","SB",2,0.2,0,16.5,0,0,0,0,0,0,0,0,0,0,1,0,0,0,0,0,0,0,"Fr","6-4",21,-0.368913,-0.0796554,17.4,2026,134287,"Jenks, OK",null,"0.00000000",0,1,0,0,"0.0000",null,0,0,null,null,116.022,123.036,0.0452211,0.233019,-22.9393,-15.8449,-7.09434,-31.1325,3.7333,-24.1834,-6.94909,"0.0000",0.3333,0.3333,"0.0000","0.0000","0.0000",2.3333,"PF/C",0,"2006-10-15"],"games":2,"notes":"PF/C","projection":0,"advanced_stats":{"tov_pg":0,"usage_pct":0.255,"plus_minus_pg":-0.3333333333333333,"mins_pct":0.009,"is_qualified":false}}]}