{"bart_player_id":134292,"seasons":[{"year":2026,"team_name":"Binghamton","team_conference":"AE","class":"Jr","raw_row":["Ryan Richardson","Binghamton","AE",19,39.4,67.1,14.2,36,35.8,0.9,9.6,9.6,22.9,4,13,0.308,10,34,0.294,14,52,0.269,1.5,1,15.1,"Jr","6-5",4,-2.6561,59.2722,2.7,2026,134292,"Hollywood, FL",null,1.16669106,9,20,1,14,"0.4500",0.0714,0,0,null,null,118.604,126.74,0.612192,59.4671,-10.0396,-6.39804,-3.64151,-10.0557,25.3591,-6.59568,-3.46004,0.1364,1.9545,2.0909,1.5909,0.4545,0.3182,4.1818,"Wing G",7.01873,"2004-10-15"],"games":19,"notes":"Wing G","projection":7.0187,"advanced_stats":{"tov_pg":1.3636363636363635,"usage_pct":0.1538181818181818,"plus_minus_pg":-2.6363636363636362,"mins_pct":0.441,"is_qualified":true}}]}