{"bart_player_id":134230,"seasons":[{"year":2026,"team_name":"South Carolina St.","team_conference":"MEAC","class":"Fr","raw_row":["Teon Tindal","South Carolina St.","MEAC",25,19.8,87,17.4,52.1,51.41,8.7,12.4,4.5,26.2,14,30,0.467,25,48,0.521,0,0,0,4.5,1.7,62.5,"Fr","6-7",32,-0.35764,81.5372,5.5,2026,134230,"Sumter, SC",null,0.36836345,16,28,9,20,0.5714,"0.4500",1,2,"0.5000",null,115.107,119.062,0.505418,38.9849,-7.168,-6.27979,-0.88821,-7.97495,9.3538,-5.89687,-2.07808,0.6923,0.8846,1.5769,0.2692,0.2692,0.3462,2.4615,"PF/C",0,"2006-10-15"],"games":25,"notes":"PF/C","projection":0,"advanced_stats":{"tov_pg":0.7307692307692307,"usage_pct":0.14630769230769236,"plus_minus_pg":-3.0384615384615383,"mins_pct":0.189,"is_qualified":false}}]}