{"bart_player_id":134264,"seasons":[{"year":2026,"team_name":"Milwaukee","team_conference":"Horz","class":"Jr","raw_row":["Isaiah Dorceus","Milwaukee","Horz",30,53.2,96.3,18.2,42.6,44.77,2.3,5.6,27.9,23.2,21,33,0.636,35,90,0.389,23,73,0.315,0.2,1.8,20.2,"Jr","6-0",5,-0.0273228,92.0097,2.7,2026,134264,"Orlando, FL",null,2.21157751,30,65,5,25,0.4615,"0.2000",0,0,null,null,119.987,118.343,1.22189,88.1241,-5.83244,-2.49107,-3.34138,-5.10213,22.1613,-2.85537,-2.24676,0.4516,1.0323,1.4839,3.7097,0.6774,0.0645,5.5484,"Pure PG",6.41685,"2004-10-15"],"games":30,"notes":"Pure PG","projection":6.4169,"advanced_stats":{"tov_pg":1.6774193548387097,"usage_pct":0.16032258064516125,"plus_minus_pg":-1.903225806451613,"mins_pct":0.538,"is_qualified":true}}]}