{"bart_player_id":134234,"seasons":[{"year":2026,"team_name":"Charleston Southern","team_conference":"BSth","class":"Fr","raw_row":["Jacob Taylor","Charleston Southern","BSth",28,48.9,104.5,12.5,50,53.99,3.7,5.7,8.9,20.1,27,36,0.75,28,54,0.519,17,53,0.321,0.2,1.6,33.6,"Fr","6-3",5,-0.113677,90.7512,5.2,2026,134234,"Marietta, GA",null,1.09677722,28,51,0,3,"0.5490","0.0000",0,0,null,null,111.926,116.503,1.25601,86.0845,-3.22722,-2.0659,-1.16132,-5.19152,20.9533,-4.54893,-0.642584,0.7333,1.4667,"2.2000",1.1333,"0.6000",0.0333,5.2333,"Combo G",4.95208,"2006-10-15"],"games":28,"notes":"Combo G","projection":4.9521,"advanced_stats":{"tov_pg":1.0333333333333334,"usage_pct":0.12420000000000003,"plus_minus_pg":0.8666666666666667,"mins_pct":0.479,"is_qualified":true}}]}