{"bart_player_id":134256,"seasons":[{"year":2026,"team_name":"New Haven","team_conference":"NEC","class":"Fr","raw_row":["Vere Anthony","New Haven","NEC",11,12.1,80.8,18.2,38.9,43.71,0.9,8.5,17.1,22.9,8,13,0.615,9,18,0.5,1,9,0.111,0,3.3,48.1,"Fr","6-0",10,-0.559442,79.2799,1.2,2026,134256,"Whitestone, NY",null,"1.41675420",8,14,1,4,0.5714,"0.2500",0,0,null,null,106.437,110.403,1.02437,22.3553,-8.01187,-6.74697,-1.26491,-4.51883,"13.5500",-4.71237,0.193542,0.0714,0.7143,0.7857,1.2143,0.8571,0.0714,2.5714,"Combo G",4.17638,"2006-10-15"],"games":11,"notes":"Combo G","projection":4.1764,"advanced_stats":{"tov_pg":0.8571428571428571,"usage_pct":0.1504285714285714,"plus_minus_pg":-0.21428571428571427,"mins_pct":0.154,"is_qualified":false}}]}