{"bart_player_id":134299,"seasons":[{"year":2026,"team_name":"Holy Cross","team_conference":"Pat","class":"Jr","raw_row":["John St. Germain III","Holy Cross","Pat",30,37.5,105.1,16.7,50,55.88,2.1,7.3,12,16.4,35,44,0.795,36,77,0.468,9,22,0.409,0.2,1.7,44.4,"Jr","6-1",4,0.240444,96.8424,4.1,2026,134299,"Charlottesville, VA",null,1.30435365,28,59,8,18,0.4746,0.4444,0,0,null,null,116.648,120.376,0.751907,64.4753,-5.98095,-3.02017,-2.96078,-5.59272,15.6032,-3.95693,-1.63579,0.2581,0.9355,1.1935,0.9677,0.4839,0.0323,4.4516,"Combo G",2.87368,"2004-10-15"],"games":30,"notes":"Combo G","projection":2.8737,"advanced_stats":{"tov_pg":0.7419354838709677,"usage_pct":0.1690967741935484,"plus_minus_pg":-2.3225806451612905,"mins_pct":0.366,"is_qualified":true}}]}