{"bart_player_id":134289,"seasons":[{"year":2026,"team_name":"Tennessee Martin","team_conference":"OVC","class":"Fr","raw_row":["Matas Deniusas","Tennessee Martin","OVC",30,67.6,108.6,24.3,48.8,53.51,6.8,14.2,14.7,16.2,85,112,0.759,82,169,0.485,43,131,0.328,3.7,1.9,37.3,"Fr","6-9",44,1.7261,110.762,3.2,2026,134289,"Vilnius, Lithuania",null,0.85001653,53,103,29,66,0.5146,0.4394,9,11,0.8182,null,98.1853,104.604,2.79314,146.472,-0.148489,-0.997637,0.849148,1.72372,25.9697,1.03644,0.687278,1.7879,3.4242,5.2121,1.5455,0.7879,0.8485,12.4848,"Stretch 4",9.71713,"2007-04-08"],"games":30,"notes":"Stretch 4","projection":9.7171,"advanced_stats":{"tov_pg":1.8181818181818181,"usage_pct":0.258,"plus_minus_pg":4.575757575757576,"mins_pct":0.647,"is_qualified":true}}]}