{"bart_player_id":134219,"seasons":[{"year":2026,"team_name":"Niagara","team_conference":"MAAC","class":"Jr","raw_row":["Drew Larson","Niagara","MAAC",21,18.5,111.2,17.4,53.1,53.49,10.1,17.1,12.7,11.8,10,19,0.526,12,20,0.6,9,28,0.321,0.6,2.1,39.6,"Jr","6-7",22,0.484878,106.06,3.7,2026,134219,"Fort Collins, CO",null,1.62513759,12,20,0,0,"0.6000",null,2,2,"1.0000",null,112.023,117.099,0.611571,35.5751,-1.35647,0.627843,-1.98431,-1.29046,10.2591,0.221891,-1.51235,0.8182,1.4091,2.2273,0.5909,0.3182,0.0455,3.1364,"Wing F",8.22531,"2004-10-15"],"games":21,"notes":"Wing F","projection":8.2253,"advanced_stats":{"tov_pg":0.36363636363636365,"usage_pct":0.18068181818181817,"plus_minus_pg":-4.090909090909091,"mins_pct":0.187,"is_qualified":false}}]}