{"bart_player_id":134259,"seasons":[{"year":2026,"team_name":"San Diego St.","team_conference":"MWC","class":"Fr","raw_row":["Tae Simmons","San Diego St.","MWC",31,34.1,126.3,16.9,64.2,64.66,10.9,15.9,3,10,50,80,0.625,58,87,0.667,2,8,0.25,1.5,1.3,84.2,"Fr","6-6",8,1.61439,125.032,5.4,2026,134259,"Simi Valley, CA",65.6,0.64274284,48,68,11,20,0.7059,"0.5500",14,20,"0.7000",null,102.962,98.2401,1.78559,79.5227,2.56063,1.90239,0.658241,3.10844,14.2656,1.28871,1.81974,1.3125,2.0938,3.4062,0.2812,"0.3750",0.1562,5.8438,"Wing F",1.03896,"2006-10-15"],"games":31,"notes":"Wing F","projection":1.039,"advanced_stats":{"tov_pg":0.4375,"usage_pct":0.16890625,"plus_minus_pg":3.03125,"mins_pct":0.34,"is_qualified":true}}]}