{"bart_player_id":134243,"seasons":[{"year":2026,"team_name":"Villanova","team_conference":"BE","class":"Fr","raw_row":["Christian Jeffrey","Villanova","BE",22,13.5,129.3,18,54.3,59.29,2.5,12.8,22.4,9.3,16,20,0.8,18,33,0.545,5,14,0.357,0,4.3,42.6,"Fr","6-3",0,1.09961,131.341,5.1,2026,134243,"Brooklyn, NY",71.6,"4.39947200",11,20,7,13,"0.5500",0.5385,0,0,null,null,102.274,97.0612,1.05261,36.0874,6.25036,3.59803,2.65233,7.31419,8.1773,1.83551,5.47868,0.1818,0.8636,1.0455,"1.0000",0.5909,"0.0000",3.0455,"Scoring PG",4.65484,"2006-10-15"],"games":22,"notes":"Scoring PG","projection":4.6548,"advanced_stats":{"tov_pg":0.22727272727272727,"usage_pct":0.15545454545454548,"plus_minus_pg":1.5,"mins_pct":0.134,"is_qualified":false}}]}