{"bart_player_id":134296,"seasons":[{"year":2026,"team_name":"Auburn","team_conference":"SEC","class":"Fr","raw_row":["Simon Walker","Auburn","SEC",13,4.4,142.9,15.6,78.6,78.57,5.1,5.3,5.8,16.5,0,0,0,3,4,0.75,9,17,0.529,0,0.9,0,"Fr","6-4",10,0.849256,139.504,4.7,2026,134296,"Huntsville, AL",77.2,0.66637779,1,1,2,3,"1.0000",0.6667,0,0,null,null,120.554,112.707,0.390272,7.65794,3.14805,6.22753,-3.07948,3.41816,5.1923,4.92793,-1.50977,0.2308,0.2308,0.4615,0.1538,0.0769,"0.0000",2.5385,"Wing G",14.5769,"2006-10-15"],"games":13,"notes":"Wing G","projection":14.5769,"advanced_stats":{"tov_pg":0.23076923076923078,"usage_pct":0.13115384615384615,"plus_minus_pg":-1.5384615384615385,"mins_pct":0.044,"is_qualified":false}}]}