{"bart_player_id":134283,"seasons":[{"year":2026,"team_name":"South Dakota","team_conference":"Sum","class":"Fr","raw_row":["Jesse Mcintosh","South Dakota","Sum",18,26.1,103.3,21.3,45.2,50.75,3.3,19.4,15.6,14.5,27,32,0.844,28,57,0.491,13,48,0.271,0.9,2,30.5,"Fr","6-7",11,0.578878,102.256,3.1,2026,134283,"Melbourne, Australia",null,"1.47368420",26,47,2,10,0.5532,"0.2000",0,0,null,null,110.912,112.969,1.25277,56.8492,-2.21246,-1.43453,-0.77793,-0.981725,"17.6300",-0.371344,-0.610381,"0.5000","2.9500","3.4500","1.4000","0.6000","0.1500","7.4500","Wing G",8.68631,"2006-10-15"],"games":18,"notes":"Wing G","projection":8.6863,"advanced_stats":{"tov_pg":0.95,"usage_pct":0.21445000000000003,"plus_minus_pg":-1.9,"mins_pct":0.272,"is_qualified":true}}]}