{"bart_player_id":134380,"seasons":[{"year":2026,"team_name":"James Madison","team_conference":"SB","class":"Sr","raw_row":["Kose Egbule","James Madison","SB",22,27.9,88.9,17.9,41.5,47.3,1.6,12.2,19.3,28.6,23,33,0.697,13,36,0.361,11,35,0.314,1.6,2,46.5,"Sr","6-2",12,-0.433401,84.6834,4.8,2026,134380,"Houston, TX",null,"1.29032710",10,26,3,10,0.3846,"0.3000",0,0,null,null,110.478,113.602,1.17114,59.4276,-4.3311,-3.9078,-0.423303,-4.40494,16.3455,-4.56496,0.160022,0.2273,1.8182,2.0455,1.8182,0.5455,0.2273,3.7273,"Scoring PG",5.76143,"2003-10-15"],"games":22,"notes":"Scoring PG","projection":5.7614,"advanced_stats":{"tov_pg":1.4090909090909092,"usage_pct":0.18081818181818185,"plus_minus_pg":2.727272727272727,"mins_pct":0.27,"is_qualified":true}}]}