{"bart_player_id":134301,"seasons":[{"year":2026,"team_name":"Milwaukee","team_conference":"Horz","class":"Jr","raw_row":["Chandler Jackson","Milwaukee","Horz",24,44.3,118.2,18.8,57.5,61.66,4.5,9.6,7.6,15.2,50,63,0.794,57,89,0.64,23,70,0.329,1.7,2.5,39.6,"Jr","6-6",11,1.62076,112.761,2.5,2026,134301,"Indianapolis, IN",null,0.81484445,37,54,20,35,0.6852,0.5714,1,1,"1.0000",null,116.175,115.247,1.51973,89.6707,0.806038,1.36126,-0.555217,1.11244,22.9042,1.58436,-0.471915,0.9583,1.7917,"2.7500",0.9167,"1.0000",0.3333,9.7083,"Wing G",7.38933,"2004-10-15"],"games":24,"notes":"Wing G","projection":7.3893,"advanced_stats":{"tov_pg":1.125,"usage_pct":0.17850000000000002,"plus_minus_pg":0.4583333333333333,"mins_pct":0.43,"is_qualified":true}}]}