{"bart_player_id":134360,"seasons":[{"year":2026,"team_name":"Mercyhurst","team_conference":"NEC","class":"Sr","raw_row":["Kaden Fuhrmann","Mercyhurst","NEC",31,27.5,106.7,15.3,52.8,54.42,1,6.9,12,13.7,7,8,0.875,11,15,0.733,24,74,0.324,0,1.7,9,"Sr","6-5",15,0.147551,96.1095,3.7,2026,134360,"Liberty Township, OH",null,2.08319998,4,6,7,9,0.6667,0.7778,0,0,null,null,109.112,116.093,0.72037,47.6095,-4.55963,-1.428,-3.13162,-4.23943,11.5781,-2.85696,-1.38247,0.0938,0.6562,"0.7500",0.7812,0.3125,"0.0000",3.3125,"Combo G",12.8922,"2003-10-15"],"games":31,"notes":"Combo G","projection":12.8922,"advanced_stats":{"tov_pg":0.375,"usage_pct":0.17590625,"plus_minus_pg":-0.25,"mins_pct":0.269,"is_qualified":true}}]}