{"bart_player_id":134350,"seasons":[{"year":2026,"team_name":"Alabama","team_conference":"SEC","class":"Fr","raw_row":["London Jemison","Alabama","SEC",33,36.6,113.2,17.6,54.1,55.35,6.9,14.7,4.1,11.9,32,53,0.604,40,71,0.563,31,89,0.348,1.8,2.2,33.1,"Fr","6-8",6,1.33171,117.064,4.9,2026,134350,"Bloomfield, CT",93.8,0.64989274,39,67,1,4,0.5821,"0.2500",12,14,0.8571,null,109.392,99.4272,1.88413,101.065,3.99908,2.82133,1.17775,2.91738,15.6576,1.35343,1.56395,1.0303,2.3939,3.4242,0.3939,0.6364,"0.3030",6.2121,"Wing F",9.3045,"2006-03-19"],"games":33,"notes":"Wing F","projection":9.3045,"advanced_stats":{"tov_pg":0.6060606060606061,"usage_pct":0.17672727272727276,"plus_minus_pg":5.303030303030303,"mins_pct":0.366,"is_qualified":true}}]}