{"bart_player_id":134332,"seasons":[{"year":2026,"team_name":"Northern Illinois","team_conference":"MAC","class":"Fr","raw_row":["Carlos Coronado Jr.","Northern Illinois","MAC",18,15.3,85.2,23.8,39.8,49.22,0.7,7.4,7.6,24,27,38,0.711,12,26,0.462,5,23,0.217,0,1.4,77.6,"Fr","6-3",2,-0.132128,88.367,3.5,2026,134332,"Coolidge, AZ",null,0.55000001,9,21,3,5,0.4286,"0.6000",0,0,null,null,118.201,118.604,0.520585,23.3223,-11.0878,-7.05182,-4.03595,-9.22974,"10.1250",-5.68837,-3.54137,"0.2000","0.6500","0.8500","0.5500","0.3000","0.0000","3.9000","Combo G",7.71683,"2006-10-15"],"games":18,"notes":"Combo G","projection":7.7168,"advanced_stats":{"tov_pg":1,"usage_pct":0.2499,"plus_minus_pg":-1.7,"mins_pct":0.169,"is_qualified":false}}]}