{"bart_player_id":134393,"seasons":[{"year":2026,"team_name":"Washington St.","team_conference":"WCC","class":"Sr","raw_row":["Adria Rodriguez","Washington St.","WCC",31,50,91.8,17.4,40.5,41.23,5.9,13.9,27,27.5,23,55,0.418,39,85,0.459,1,15,0.067,0.9,3,55,"Sr","6-4",13,-0.0540043,91.5906,3.7,2026,134393,"Sant Just, Spain",null,1.94542714,32,59,7,26,0.5424,0.2692,4,4,"1.0000",null,109.972,108.228,1.81559,116.164,-0.473868,-1.95082,1.47695,-1.35036,20.2469,-2.61363,1.26327,"1.0000",2.4062,3.4062,3.3438,1.0938,0.1562,3.4375,"Scoring PG",1.41009,"2003-10-15"],"games":31,"notes":"Scoring PG","projection":1.4101,"advanced_stats":{"tov_pg":1.71875,"usage_pct":0.14534375,"plus_minus_pg":-0.09375,"mins_pct":0.506,"is_qualified":true}}]}