{"bart_player_id":134330,"seasons":[{"year":2026,"team_name":"Wagner","team_conference":"NEC","class":"Jr","raw_row":["Bryan Akanmu","Wagner","NEC",28,50.5,97.1,20.1,46.4,48.94,8.9,13.6,15.6,22.3,25,37,0.676,70,146,0.479,0,5,0,0.4,1.6,24.5,"Jr","6-6",10,0.130702,94.2337,4.9,2026,134330,"Lodon, United Kingdom",null,0.91668815,42,87,28,59,0.4828,0.4746,0,0,null,null,110.119,117.061,1.21268,91.2777,-4.34683,-3.32441,-1.02242,-5.28483,20.3387,-3.97265,-1.31218,1.6452,2.2258,"3.8710",1.4194,0.5484,0.0968,6.1613,"PF/C",0.53213,"2004-10-15"],"games":28,"notes":"PF/C","projection":0.5321,"advanced_stats":{"tov_pg":1.5483870967741935,"usage_pct":0.20151612903225805,"plus_minus_pg":0.3225806451612903,"mins_pct":0.498,"is_qualified":true}}]}