{"bart_player_id":134334,"seasons":[{"year":2026,"team_name":"Western Illinois","team_conference":"OVC","class":"Sr","raw_row":["Francis Okwuosah","Western Illinois","OVC",28,53.5,107.9,16.9,54.4,55.69,4.6,15.5,5.1,14,16,22,0.727,31,68,0.456,41,102,0.402,1.4,1.7,12.9,"Sr","6-6",15,0.640371,100.99,3.9,2026,134334,"Powder Spgs, GA",null,0.57141276,16,30,15,38,0.5333,0.3947,0,0,null,null,115.179,122.135,0.908603,99.4059,-4.23525,-1.50372,-2.73152,-3.01248,21.9581,-0.870333,-2.14215,0.9677,3.0323,"4.0000",0.5161,0.6774,0.2581,7.3548,"Wing F",10.0856,"2003-10-15"],"games":28,"notes":"Wing F","projection":10.0856,"advanced_stats":{"tov_pg":0.9032258064516129,"usage_pct":0.18638709677419354,"plus_minus_pg":-4.548387096774194,"mins_pct":0.548,"is_qualified":true}}]}