{"bart_player_id":134354,"seasons":[{"year":2026,"team_name":"Oklahoma St.","team_conference":"B12","class":"Fr","raw_row":["Lefteris Mantzoukas","Oklahoma St.","B12",12,15,89,14.9,44.6,45.4,5.2,19.9,4.6,20.3,3,5,0.6,13,23,0.565,8,33,0.242,2.1,0.5,8.9,"Fr","6-9",72,-0.313764,87.2087,4,2026,134354,"Ioannina, Greece","99.0","0.50000000",11,17,2,6,0.6471,0.3333,1,1,"1.0000",null,112.064,106.329,1.70521,38.479,-2.1601,-1.95796,-0.202143,-3.28246,17.7083,-2.93645,-0.346008,0.8333,3.3333,4.1667,"0.5000",0.1667,0.3333,4.4167,"PF/C",8.35138,"2003-07-08"],"games":12,"notes":"PF/C","projection":8.3514,"advanced_stats":{"tov_pg":1,"usage_pct":0.15608333333333335,"plus_minus_pg":-0.4166666666666667,"mins_pct":0.15,"is_qualified":false}}]}