{"bart_player_id":134348,"seasons":[{"year":2026,"team_name":"Alabama","team_conference":"SEC","class":"Fr","raw_row":["Amari Allen","Alabama","SEC",32,64,121.8,19.3,53.3,57.04,6.1,17.9,18.1,13.6,76,103,0.738,74,133,0.556,47,138,0.341,2.2,2,38,"Fr","6-7",5,3.47713,128.164,4.2,2026,134348,"Green Bay, WI",85.2,2.27272727,68,114,6,19,0.5965,0.3158,10,13,0.7692,null,108.137,98.5101,3.48319,186.136,8.85086,5.43101,3.41985,6.83494,28.2125,3.97398,2.86096,1.6562,5.2812,6.9375,"3.1250",1.0312,0.6875,11.4062,"Wing F",8.25056,"2006-01-26"],"games":32,"notes":"Wing F","projection":8.2506,"advanced_stats":{"tov_pg":1.375,"usage_pct":0.187375,"plus_minus_pg":6.25,"mins_pct":0.64,"is_qualified":true}}]}