{"bart_player_id":134338,"seasons":[{"year":2026,"team_name":"Wyoming","team_conference":"MWC","class":"Jr","raw_row":["Uriyah Rojas","Wyoming","MWC",32,42,110.8,19.5,46.6,49.73,2.8,11.5,18.6,11.3,29,38,0.763,38,82,0.463,30,96,0.313,0.2,1.4,21.3,"Jr","6-3",0,1.14008,111.91,2.1,2026,134338,"Upland, CA",null,2.66656202,17,33,21,49,0.5152,0.4286,0,0,null,null,111.269,108.438,1.51272,77.1633,-0.398514,0.922729,-1.32124,0.82655,16.5636,1.1893,-0.362746,0.3939,1.5455,1.9394,"1.6970",0.3939,0.0303,6.1515,"Combo G",10.5526,"2004-10-15"],"games":32,"notes":"Combo G","projection":10.5526,"advanced_stats":{"tov_pg":0.6363636363636364,"usage_pct":0.2053030303030303,"plus_minus_pg":2.212121212121212,"mins_pct":0.416,"is_qualified":true}}]}