{"bart_player_id":134327,"seasons":[{"year":2026,"team_name":"Tennessee Tech","team_conference":"OVC","class":"Fr","raw_row":["Hagan Preston","Tennessee Tech","OVC",3,0.5,34.5,15.6,0,0,19.7,0,0,0,0,0,0,0,0,0,0,2,0,0,0,0,"Fr","6-3",12,-0.418177,32.1121,6.7,2026,134327,"Lexington, KY",null,"0.00000000",0,0,0,0,null,null,0,0,null,null,120.638,127.031,0.050917,0.572395,-16.5396,-7.07207,-9.4675,-30.4796,2.9333,-16.901,-13.5786,0.1667,0.1667,0.3333,"0.0000",0.1667,"0.0000",0.8333,"PF/C",20.9808,"2006-10-15"],"games":3,"notes":"PF/C","projection":20.9808,"advanced_stats":{"tov_pg":0,"usage_pct":0.14183333333333334,"plus_minus_pg":-2.1666666666666665,"mins_pct":0.014,"is_qualified":false}}]}