{"bart_player_id":134337,"seasons":[{"year":2026,"team_name":"Coastal Carolina","team_conference":"SB","class":"Sr","raw_row":["Reggie Hill","Coastal Carolina","SB",30,60,94.7,16.4,45.1,48.16,6.1,18.1,5.6,18.8,30,41,0.732,26,77,0.338,38,107,0.355,0.3,1.4,22.3,"Sr","6-7",21,-0.37751,87.979,2.9,2026,134337,"Melbourne, FL",null,0.59529084,23,50,3,27,"0.4600",0.1111,2,3,0.6667,null,104.334,106.863,2.36571,140.864,-2.86812,-3.33444,0.46632,-2.80247,25.1645,-2.92816,0.125693,1.4194,4.3871,5.8065,0.8065,0.6452,0.0645,6.6452,"Wing F",8.25224,"2003-10-15"],"games":30,"notes":"Wing F","projection":8.2522,"advanced_stats":{"tov_pg":1.3548387096774193,"usage_pct":0.16561290322580643,"plus_minus_pg":2.2903225806451615,"mins_pct":0.594,"is_qualified":true}}]}