{"bart_player_id":134333,"seasons":[{"year":2026,"team_name":"Missouri","team_conference":"SEC","class":"Fr","raw_row":["Nicholas Randall","Missouri","SEC",22,9,65,13.7,27.8,32.97,6.2,14.4,3.9,31.8,5,10,0.5,5,14,0.357,0,4,0,4,2,55.6,"Fr","6-9",24,-0.587807,61.0834,6.7,2026,134333,"Saint Louis, MO",75.6,0.33341481,5,10,0,4,"0.5000","0.0000",3,3,"1.0000",null,108.816,102.223,0.60397,21.9542,-2.86862,-5.48418,2.61556,-6.12406,5.4455,-7.34995,1.22589,0.2727,0.6818,0.9545,0.1364,0.1818,0.1818,0.6818,"C",1.93228,"2006-10-15"],"games":22,"notes":"C","projection":1.9323,"advanced_stats":{"tov_pg":0.4090909090909091,"usage_pct":0.14145454545454547,"plus_minus_pg":-1.5454545454545454,"mins_pct":0.091,"is_qualified":false}}]}