{"bart_player_id":134365,"seasons":[{"year":2026,"team_name":"New Mexico","team_conference":"MWC","class":"Jr","raw_row":["Antonio Chol","New Mexico","MWC",36,61,105.2,15,49.4,50.13,2.7,10.7,5.6,9.9,17,28,0.607,42,78,0.538,57,180,0.317,3.5,0.6,10.9,"Jr","6-9",5,0.719216,100.858,2.7,2026,134365,"Buffalo, NY",null,1.15998223,24,37,18,41,0.6486,"0.4390",10,11,0.9091,null,106.205,103.313,2.63084,137.89,1.27195,0.00478822,1.26716,0.590826,24.2108,-0.0913816,0.682207,0.6216,2.2973,2.9189,0.7838,0.2703,0.6486,7.6757,"Stretch 4",11.58,"2004-10-15"],"games":36,"notes":"Stretch 4","projection":11.58,"advanced_stats":{"tov_pg":0.6756756756756757,"usage_pct":0.16570270270270274,"plus_minus_pg":4.702702702702703,"mins_pct":0.605,"is_qualified":true}}]}