{"bart_player_id":134328,"seasons":[{"year":2026,"team_name":"Wagner","team_conference":"NEC","class":"Jr","raw_row":["Huascar Cuevas","Wagner","NEC",5,6,77.1,15.2,55,59.36,3.4,5.2,8.1,46.7,2,2,1,1,3,0.333,3,7,0.429,0,2.7,20,"Jr","5-11",12,-0.759647,76.0606,3.5,2026,134328,"Santo Domingo, Dominican Republic",null,0.37500001,0,1,1,2,"0.0000","0.5000",0,0,null,null,111.458,109.83,1.14306,10.2291,-6.92773,-5.94865,-0.979087,-8.00963,"13.7600",-5.63315,-2.37648,"0.4000","0.6000","1.0000","0.6000","0.6000","0.0000","2.6000","Scoring PG",6.27027,"2004-10-15"],"games":5,"notes":"Scoring PG","projection":6.2703,"advanced_stats":{"tov_pg":1.6,"usage_pct":0.08480000000000001,"plus_minus_pg":-3.8,"mins_pct":0.054,"is_qualified":false}}]}