{"bart_player_id":134409,"seasons":[{"year":2026,"team_name":"Bryant","team_conference":"AE","class":"Fr","raw_row":["Ethane Bourgade","Bryant","AE",18,14.6,83.3,10.9,32.6,38.33,7.5,9.3,1.2,16.5,7,12,0.583,6,18,0.333,1,5,0.2,3.2,1.4,52.2,"Fr","6-9",11,-0.644427,72.7979,2.8,2026,134409,"Paris, France",null,"0.83333330",6,17,0,1,0.3529,"0.0000",2,3,0.6667,null,114.844,119.587,0.486738,24.1305,-9.28727,-6.41788,-2.86939,-7.1564,"10.1150",-5.36183,-1.79457,"0.9000","0.9000","1.8000","0.2500","0.2000","0.3500","1.4000","Wing F",1.80702,"2004-05-10"],"games":18,"notes":"Wing F","projection":1.807,"advanced_stats":{"tov_pg":0.3,"usage_pct":0.10270000000000001,"plus_minus_pg":-1.2,"mins_pct":0.162,"is_qualified":false}}]}