{"bart_player_id":134414,"seasons":[{"year":2026,"team_name":"Holy Cross","team_conference":"Pat","class":"Fr","raw_row":["Ethan Clark","Holy Cross","Pat",5,0.4,0,0,0,0,0,22.8,0,0,0,0,0,0,0,0,0,0,0,0,0,0,"Fr","6-7",25,-0.374316,-5.69734,7.3,2026,134414,"Dartmouth, MA",null,"0.00000000",null,null,null,null,null,null,null,null,null,null,115.541,114.902,0.0743006,0.808284,-11.4651,-7.713,-3.75206,-11.7453,1.2714,-9.88725,-1.85808,"0.0000",0.5714,0.5714,"0.0000","0.0000","0.0000","0.0000","PF/C",0,"2006-10-15"],"games":5,"notes":"PF/C","projection":0,"advanced_stats":{"tov_pg":0.14285714285714285,"usage_pct":0.028,"plus_minus_pg":0.2857142857142857,"mins_pct":0.007,"is_qualified":false}}]}