{"bart_player_id":134446,"seasons":[{"year":2026,"team_name":"South Florida","team_conference":"Amer","class":"Fr","raw_row":["Caleb Sanders","South Florida","Amer",10,5.4,132.4,16.1,67.9,72.64,5.5,10,11.5,18.6,11,14,0.786,5,7,0.714,3,7,0.429,0,2.3,100,"Fr","6-6",7,0.815775,125.423,3.3,2026,134446,"Riverview, FL",null,2.00027507,4,6,1,1,0.6667,"1.0000",0,0,null,null,106.055,105.324,0.716791,12.3917,3.41382,3.14771,0.266111,4.07736,7.5636,3.16669,0.910674,0.5455,0.9091,1.4545,0.7273,0.2727,"0.0000",2.8182,"Wing G",5.25542,"2006-10-15"],"games":10,"notes":"Wing G","projection":5.2554,"advanced_stats":{"tov_pg":0.36363636363636365,"usage_pct":0.161,"plus_minus_pg":2.1818181818181817,"mins_pct":0.06,"is_qualified":false}}]}