{"bart_player_id":134424,"seasons":[{"year":2026,"team_name":"St. Bonaventure","team_conference":"A10","class":"Fr","raw_row":["Achille Lonati","St. Bonaventure","A10",28,16.4,97.2,17.2,43.7,45.44,2.2,9.4,12.4,15.8,7,11,0.636,11,17,0.647,11,46,0.239,1.6,2.7,17.5,"Fr","6-5",20,0.0642581,94.7623,3.7,2026,134424,"Pavia, Italy",null,1.90023206,9,12,2,5,"0.7500","0.4000",2,2,"1.0000",null,112.285,112.506,0.586752,35.0864,-3.518,-1.2199,-2.2981,-2.95948,8.1655,-2.20684,-0.752641,0.1724,0.6207,0.7931,0.6552,0.4138,0.1034,2.5172,"Wing G",12.4948,"2007-01-22"],"games":28,"notes":"Wing G","projection":12.4948,"advanced_stats":{"tov_pg":0.3448275862068966,"usage_pct":0.15648275862068964,"plus_minus_pg":-0.9655172413793104,"mins_pct":0.173,"is_qualified":false}}]}