{"bart_player_id":134440,"seasons":[{"year":2026,"team_name":"Tulane","team_conference":"Amer","class":"Fr","raw_row":["Robert Moore","Tulane","Amer",4,0.7,64.5,26.9,30,30,0,0,0,0,0,0,0,0,0,0,1,5,0.2,0,0,0,"Fr","6-6",15,-0.150288,71.744,4.8,2026,134440,"Mount Pleasant, SC",null,"0.00000000",0,0,0,0,null,null,0,0,null,null,122.831,115.605,0.136728,0.64793,-17.1146,-6.18324,-10.9314,-18.4152,"2.6800",-8.69729,-9.7179,"0.0000","0.0000","0.0000","0.0000","0.0000","0.0000","1.6000","Scoring PG",32.5106,"2006-10-15"],"games":4,"notes":"Scoring PG","projection":32.5106,"advanced_stats":{"tov_pg":0,"usage_pct":0.34320000000000006,"plus_minus_pg":-4.2,"mins_pct":0.01,"is_qualified":false}}]}