{"bart_player_id":134468,"seasons":[{"year":2026,"team_name":"Idaho","team_conference":"BSky","class":"Fr","raw_row":["Jackson Rasmussen","Idaho","BSky",32,77,102.7,21.8,50.7,53.37,4.7,12.3,8.2,15.9,74,111,0.667,123,234,0.526,32,103,0.311,1.3,1.1,32.9,"Fr","6-7",12,1.19169,103.186,2.2,2026,134468,"Eagle, ID",null,0.66664899,100,186,23,48,0.5376,0.4792,4,4,"1.0000",null,109.269,109.061,2.78767,162.477,-1.46805,-1.69438,0.226329,-0.871825,31.0029,-0.417749,-0.454076,1.3429,3.3143,4.6571,1.2571,0.5714,0.3714,13.6286,"Wing G",5.85974,"2006-10-15"],"games":32,"notes":"Wing G","projection":5.8597,"advanced_stats":{"tov_pg":1.8857142857142857,"usage_pct":0.23279999999999998,"plus_minus_pg":4.885714285714286,"mins_pct":0.751,"is_qualified":true}}]}