{"bart_player_id":134499,"seasons":[{"year":2026,"team_name":"American","team_conference":"Pat","class":"Fr","raw_row":["Chris Eagan","American","Pat",30,27.2,84.1,21,42,46.68,4.7,12.2,1.8,21,20,24,0.833,42,96,0.438,0,4,0,1.5,0.9,24,"Fr","6-8",35,-0.37347,82.4697,6.3,2026,134499,"Charlotte, NC",null,0.15384615,19,42,23,54,0.4524,0.4259,0,0,null,null,112.172,115.745,0.702659,46.9104,-12.5392,-9.12356,-3.41567,-12.0517,"11.3250",-9.05031,-3.00144,0.4688,1.2188,1.6875,"0.1250",0.1562,"0.1250",3.9375,"C",0.73565,"2006-10-15"],"games":30,"notes":"C","projection":0.7357,"advanced_stats":{"tov_pg":0.8125,"usage_pct":0.21740625000000002,"plus_minus_pg":-1.21875,"mins_pct":0.284,"is_qualified":true}}]}