{"bart_player_id":134488,"seasons":[{"year":2026,"team_name":"Virginia","team_conference":"ACC","class":"Fr","raw_row":["Chance Mallory","Virginia","ACC",36,59.2,125.3,20.4,50.6,57.11,4.4,12.5,24.3,14,100,129,0.775,59,119,0.496,39,113,0.345,0.6,4,55.6,"Fr","5-10",2,3.09834,130.087,3.7,2026,134488,"Keswick, VA","89.0",2.95118082,47,83,12,36,0.5663,0.3333,0,0,null,null,99.7243,94.3592,3.28645,170.214,8.86607,5.55157,3.3145,8.21118,24.0833,3.24546,4.96572,0.9167,2.8056,3.7222,3.3611,1.5833,0.1389,9.3056,"Scoring PG",7.85815,"2006-10-15"],"games":36,"notes":"Scoring PG","projection":7.8582,"advanced_stats":{"tov_pg":1.1388888888888888,"usage_pct":0.19316666666666663,"plus_minus_pg":7.416666666666667,"mins_pct":0.592,"is_qualified":true}}]}