{"bart_player_id":134415,"seasons":[{"year":2026,"team_name":"Holy Cross","team_conference":"Pat","class":"So","raw_row":["Austin Mejia","Holy Cross","Pat",5,0.6,42.8,10.8,0,0,0,0,24.2,81.2,0,0,0,0,0,0,0,0,0,0,0,0,"So","6-3",33,-0.266353,36.7457,0,2026,134415,"Wayne, NJ",null,"1.00000000",null,null,null,null,null,null,null,null,null,null,123.181,124.019,0.0495582,0.624315,-24.9177,-15.6326,-9.28517,-16.9053,1.5714,-9.34006,-7.56519,"0.0000",0.1429,0.1429,0.1429,"0.0000",0.1429,"0.0000","PF/C",0,"2005-10-15"],"games":5,"notes":"PF/C","projection":0,"advanced_stats":{"tov_pg":0.14285714285714285,"usage_pct":0.04357142857142857,"plus_minus_pg":-0.7142857142857143,"mins_pct":0.008,"is_qualified":false}}]}