{"bart_player_id":134474,"seasons":[{"year":2026,"team_name":"Central Connecticut","team_conference":"NEC","class":"Sr","raw_row":["Nico Ashley","Central Connecticut","NEC",16,13.4,104.8,17.3,48.6,52.16,7.5,8.4,6.5,14.1,9,13,0.692,16,27,0.593,1,9,0.111,6.7,2.8,36.1,"Sr","6-7",2,0.177494,97.8413,5,2026,134474,"Elizabethton, TN",null,1.11119998,9,16,7,11,0.5625,0.6364,1,2,"0.5000",null,107.555,113.556,0.675135,27.66,-0.909305,-2.16986,1.26055,-1.37028,9.9278,-2.82139,1.45111,0.5556,0.7222,1.2778,0.5556,"0.5000",0.6667,3.3333,"PF/C",3.66601,"2003-10-15"],"games":16,"notes":"PF/C","projection":3.666,"advanced_stats":{"tov_pg":0.5,"usage_pct":0.13905555555555557,"plus_minus_pg":1.9444444444444444,"mins_pct":0.149,"is_qualified":false}}]}