{"bart_player_id":134430,"seasons":[{"year":2026,"team_name":"Auburn","team_conference":"SEC","class":"Fr","raw_row":["Sebastian Williams-Adams","Auburn","SEC",38,67.7,110.5,14.3,53.8,53.99,6.1,9.1,9.4,15.9,67,129,0.519,82,147,0.558,12,39,0.308,3.3,2.6,69.4,"Fr","6-8",33,1.43819,107.669,3.6,2026,134430,"Stafford, TX",91.4,"1.41468160",73,122,9,25,0.5984,"0.3600",19,21,0.9048,null,113.651,104.794,2.77978,173.048,4.92895,2.37314,2.55581,3.13971,27.3553,0.891354,2.24836,1.4474,2.0789,3.5263,1.5263,1.2368,0.7895,7.0263,"Wing F",2.17343,"2006-10-29"],"games":38,"notes":"Wing F","projection":2.1734,"advanced_stats":{"tov_pg":1.0789473684210527,"usage_pct":0.13536842105263158,"plus_minus_pg":1.5263157894736843,"mins_pct":0.677,"is_qualified":true}}]}