{"bart_player_id":134486,"seasons":[{"year":2026,"team_name":"Manhattan","team_conference":"MAAC","class":"So","raw_row":["Erik Oliver-Bush","Manhattan","MAAC",25,32.4,96,12.8,48.5,51.3,4.4,9.7,8.7,22.6,14,21,0.667,27,50,0.54,4,18,0.222,5.6,1.6,30.9,"So","6-5",5,-0.403218,85.1198,3.7,2026,134486,"Trenton, NJ",null,1.20007795,25,42,2,8,0.5952,"0.2500",12,12,"1.0000",null,116.53,122.67,0.650785,63.8137,-4.2475,-4.29541,0.0479083,-5.14074,16.1769,-4.07268,-1.06806,0.6154,1.4231,2.0385,0.9231,0.4231,0.8846,3.0769,"Wing G",2.60569,"2005-10-15"],"games":25,"notes":"Wing G","projection":2.6057,"advanced_stats":{"tov_pg":0.7692307692307693,"usage_pct":0.11223076923076923,"plus_minus_pg":-3.269230769230769,"mins_pct":0.325,"is_qualified":true}}]}