{"bart_player_id":134445,"seasons":[{"year":2026,"team_name":"Wyoming","team_conference":"MWC","class":"Fr","raw_row":["Talan Taylor","Wyoming","MWC",3,0.6,173.3,11.6,75,75,0,29.8,22.5,0,0,0,0,0,0,0,1,2,0.5,0,0,0,"Fr","6-4",32,0.516196,146.137,0,2026,134445,"Ammon, ID",null,0.99989998,0,0,0,0,null,null,0,0,null,null,108.849,106.511,0.26744,1.34726,4.29514,5.09369,-0.798545,9.53541,2.7667,7.77221,1.76321,"0.0000",0.6667,0.6667,0.3333,"0.0000","0.0000","1.0000","Wing G",15.3892,"2006-10-15"],"games":3,"notes":"Wing G","projection":15.3892,"advanced_stats":{"tov_pg":0,"usage_pct":0.103,"plus_minus_pg":0.3333333333333333,"mins_pct":0.006,"is_qualified":false}}]}