{"bart_player_id":134484,"seasons":[{"year":2026,"team_name":"St. John's","team_conference":"BE","class":"Sr","raw_row":["Handje Tamba","St. John's","BE",8,1.2,104.6,17.3,50,50.51,6.1,6.2,19.3,18.3,1,2,0.5,2,4,0.5,0,0,0,17.1,0,50,"Sr","6-11",44,0.0829902,103.117,6.7,2026,134484,"Kinshasa, Congo, the Democratic Republic of the",null,"2.00000000",0,2,2,2,"0.0000","1.0000",0,0,null,null,98.685,99.2365,0.271242,3.40007,6.72891,-2.20385,8.93275,4.94683,"2.2250",-2.954,7.90083,"0.1250","0.1250","0.2500","0.2500","0.0000","0.3750","0.6250","C",0,"2003-10-15"],"games":8,"notes":"C","projection":0,"advanced_stats":{"tov_pg":0.125,"usage_pct":0.15362499999999998,"plus_minus_pg":-0.5,"mins_pct":0.012,"is_qualified":false}}]}