{"bart_player_id":134452,"seasons":[{"year":2026,"team_name":"UT Rio Grande Valley","team_conference":"Slnd","class":"Sr","raw_row":["Jalen Ricks","UT Rio Grande Valley","Slnd",20,13.1,93.8,19,43.9,45.99,4.6,14.1,8.9,15.5,6,9,0.667,5,12,0.417,11,37,0.297,3.5,1.8,18.4,"Sr","6-7",22,-0.0160294,91.8041,5.4,2026,134452,"Sherwood, AR",null,1.11105926,2,7,3,5,0.2857,"0.6000",0,0,null,null,103.405,106.126,0.802627,30.2093,-1.39023,-2.12632,0.736086,-4.92789,"8.6000",-4.08475,-0.843137,0.2857,1.1429,1.4286,0.4762,0.2381,0.2857,2.7619,"Stretch 4",13.5701,"2003-10-15"],"games":20,"notes":"Stretch 4","projection":13.5701,"advanced_stats":{"tov_pg":0.42857142857142855,"usage_pct":0.21776190476190474,"plus_minus_pg":0.14285714285714285,"mins_pct":0.135,"is_qualified":false}}]}