{"bart_player_id":134450,"seasons":[{"year":2026,"team_name":"Louisiana","team_conference":"SB","class":"Sr","raw_row":["Milan Mejia","Louisiana","SB",29,48.5,94.4,10.3,45.2,45.05,1.4,6,6.2,13.3,1,3,0.333,5,17,0.294,31,97,0.32,0.2,2.7,2.6,"Sr","6-2",24,-0.886579,80.8035,3.4,2026,134450,"Baton Rouge, LA",null,1.42854183,4,9,1,8,0.4444,"0.1250",0,0,null,null,112.419,115.199,1.46959,92.0301,-2.61907,-2.19296,-0.426109,-4.52624,22.0931,-5.04249,0.51625,0.2759,"1.0000",1.2759,0.6897,0.9655,0.0345,3.5862,"Combo G",9.48361,"2003-10-15"],"games":29,"notes":"Combo G","projection":9.4836,"advanced_stats":{"tov_pg":0.4827586206896552,"usage_pct":0.105,"plus_minus_pg":-3.8275862068965516,"mins_pct":0.484,"is_qualified":true}}]}