{"bart_player_id":134477,"seasons":[{"year":2026,"team_name":"Cal Baptist","team_conference":"WAC","class":"Sr","raw_row":["Miles Daniels","Cal Baptist","WAC",22,17.4,87.6,14.9,48,48.11,1.8,13.2,8.4,26.7,7,15,0.467,13,29,0.448,7,20,0.35,1.3,1.2,30.6,"Sr","6-2",5,-0.372433,82.3031,4.2,2026,134477,"Concord, CA",null,0.68747423,4,10,9,19,"0.4000",0.4737,0,0,null,null,100.568,103.165,1.1546,40.7171,-2.49018,-4.61301,2.12283,-3.02667,10.8455,-5.00141,1.97475,0.1818,1.2727,1.4545,"0.5000",0.2273,0.1364,2.4545,"Wing G",4.95558,"2003-10-15"],"games":22,"notes":"Wing G","projection":4.9556,"advanced_stats":{"tov_pg":0.7272727272727273,"usage_pct":0.13727272727272727,"plus_minus_pg":3.3181818181818183,"mins_pct":0.175,"is_qualified":false}}]}