{"bart_player_id":134497,"seasons":[{"year":2026,"team_name":"Illinois","team_conference":"B10","class":"Fr","raw_row":["Brandon Lee","Illinois","B10",18,5,113.9,20.3,44.4,59.7,3.2,5.7,6.7,20.1,14,15,0.933,8,17,0.471,0,1,0,0,1.6,83.3,"Fr","6-4",1,0.390441,119.825,7.4,2026,134497,"San Juan, PR","80.0",0.60007203,5,12,3,5,0.4167,"0.6000",0,0,null,null,108.11,101.355,0.469182,10.92,-0.424589,-0.35825,-0.0663396,-3.29742,4.1833,-4.867,1.56958,0.1111,0.2222,0.3333,0.1667,0.1111,"0.0000",1.6667,"Wing G",0.818407,"2006-10-15"],"games":18,"notes":"Wing G","projection":0.8184,"advanced_stats":{"tov_pg":0.2777777777777778,"usage_pct":0.17822222222222223,"plus_minus_pg":0.6666666666666666,"mins_pct":0.05,"is_qualified":false}}]}