{"bart_player_id":134496,"seasons":[{"year":2026,"team_name":"East Texas A&M","team_conference":"Slnd","class":"Jr","raw_row":["Vinny Sigona","East Texas A&M","Slnd",26,43.4,102.4,19.1,54,56.25,0.2,5.6,17.6,18.2,19,22,0.864,8,21,0.381,53,141,0.376,0.2,1,13.6,"Jr","6-1",1,0.636641,101.538,3.5,2026,134496,"Plano, TX",null,1.51510269,5,12,3,9,0.4167,0.3333,0,0,null,null,117.311,118.94,1.07114,63.9883,-4.89985,-0.664616,-4.23523,-3.27267,19.8607,-0.635891,-2.63677,0.0357,0.9643,"1.0000",1.7857,0.4286,0.0357,8.1429,"Scoring PG",15.8002,"2004-10-15"],"games":26,"notes":"Scoring PG","projection":15.8002,"advanced_stats":{"tov_pg":1.1785714285714286,"usage_pct":0.20257142857142854,"plus_minus_pg":-3.6785714285714284,"mins_pct":0.434,"is_qualified":true}}]}