{"bart_player_id":134465,"seasons":[{"year":2026,"team_name":"BYU","team_conference":"B12","class":"Fr","raw_row":["AJ Dybantsa","BYU","B12",35,86.6,118.6,33.5,55,60.03,4.7,16.9,22.1,15,229,296,0.774,259,456,0.568,49,148,0.331,1.1,1.7,49,"Fr","6-9",3,6.58937,147.18,1.4,2026,134465,"Brockton, MA","100.0",1.20371387,133,184,126,272,0.7228,0.4632,43,48,0.8958,null,107.613,100.845,4.03008,216.254,6.22968,5.88655,0.34313,10.0539,34.7686,8.98352,1.07033,1.4571,5.3714,6.8286,3.7143,1.0571,0.3429,25.5429,"Wing F",6.87575,"2007-01-29"],"games":35,"notes":"Wing F","projection":6.8758,"advanced_stats":{"tov_pg":3.085714285714286,"usage_pct":0.3363428571428571,"plus_minus_pg":8.228571428571428,"mins_pct":0.865,"is_qualified":true}}]}