{"bart_player_id":134463,"seasons":[{"year":2026,"team_name":"Bryant","team_conference":"AE","class":"Fr","raw_row":["Michael DeOrsey","Bryant","AE",4,0.4,0,9.5,0,0,0,0,0,0,0,0,0,0,1,0,0,0,0,0,0,0,"Fr","5-11",30,-0.374781,-1.5501,0,2026,134463,"North Kingstown, RI",null,"0.00000000",0,1,0,0,"0.0000",null,0,0,null,null,123.718,127.311,0.0281615,0.347948,-19.2989,-12.4483,-6.85062,-21.5804,"1.1600",-12.2596,-9.32075,"0.0000","0.0000","0.0000","0.0000","0.0000","0.0000","0.0000","Combo G",0,"2006-10-15"],"games":4,"notes":"Combo G","projection":0,"advanced_stats":{"tov_pg":0,"usage_pct":0.1588,"plus_minus_pg":-1.6,"mins_pct":0.005,"is_qualified":false}}]}