{"bart_player_id":134402,"seasons":[{"year":2026,"team_name":"Cornell","team_conference":"Ivy","class":"Fr","raw_row":["Jax Abalos","Cornell","Ivy",10,4.5,134.6,17.2,55.9,59.7,2.5,5,10.8,0,3,3,1,2,2,1,5,15,0.333,0,0,17.6,"Fr","6-8",3,0.591821,128.733,5.1,2026,134402,"Batavia, IL",null,1.99940002,1,1,1,1,"1.0000","1.0000",0,0,null,null,124.955,127.754,0.107638,5.07933,-2.91893,4.36254,-7.28147,-1.14506,6.5417,3.40199,-4.54705,0.0833,0.3333,0.4167,0.3333,0.0833,0.0833,2.8333,"PF/C",17.8936,"2006-10-15"],"games":10,"notes":"PF/C","projection":17.8936,"advanced_stats":{"tov_pg":0.16666666666666666,"usage_pct":0.15808333333333335,"plus_minus_pg":1.3333333333333333,"mins_pct":0.07,"is_qualified":false}}]}