{"bart_player_id":134475,"seasons":[{"year":2026,"team_name":"Coppin St.","team_conference":"MEAC","class":"Jr","raw_row":["Baasil Saunders","Coppin St.","MEAC",26,33.3,83.2,14.9,41.8,44.14,4.5,10.3,10.2,24.2,12,19,0.632,31,69,0.449,3,16,0.188,1.2,1.9,22.4,"Jr","6-4",0,-0.883922,75.7682,3.3,2026,134475,"Philadelphia, PA",null,0.76006238,22,44,9,25,"0.5000","0.3600",10,14,0.7143,null,118.739,123.979,0.553217,61.0938,-7.49706,-5.74447,-1.75259,-7.95894,15.4192,-6.0403,-1.91864,0.6154,1.2692,1.8846,0.7308,"0.5000",0.1538,3.1923,"Wing G",2.30269,"2004-10-15"],"games":26,"notes":"Wing G","projection":2.3027,"advanced_stats":{"tov_pg":0.9615384615384616,"usage_pct":0.15226923076923077,"plus_minus_pg":-9.115384615384615,"mins_pct":0.323,"is_qualified":true}}]}