{"bart_player_id":134441,"seasons":[{"year":2026,"team_name":"Utah Tech","team_conference":"WAC","class":"Sr","raw_row":["Dario Domingos","Utah Tech","WAC",23,10.7,111.1,36.4,64.3,63.41,20.8,15.2,10.1,17.9,23,40,0.575,39,60,0.65,1,3,0.333,2.3,0.9,63.5,"Sr","6-7",52,0.891182,136.145,10.6,2026,134441,"Luanda, Angola",null,"0.25000000",25,34,14,26,0.7353,0.5385,0,0,null,null,110.489,112.959,0.435829,22.5228,-2.45926,2.18549,-4.64475,-0.925111,6.7269,1.59922,-2.52433,1.1154,0.9231,2.0385,0.1923,0.1923,0.1923,4.8462,"PF/C",1.30187,"2003-10-15"],"games":23,"notes":"PF/C","projection":1.3019,"advanced_stats":{"tov_pg":0.7692307692307693,"usage_pct":0.36488461538461536,"plus_minus_pg":2.3461538461538463,"mins_pct":0.125,"is_qualified":false}}]}