{"bart_player_id":134405,"seasons":[{"year":2026,"team_name":"Creighton","team_conference":"BE","class":"So","raw_row":["Kerem Konan","Creighton","BE",30,18.5,111.8,17.8,60,61.94,12.5,12.1,8.1,22.1,19,29,0.655,30,50,0.6,0,0,0,3.4,1.6,58,"So","6-9",17,0.665999,115.321,5.1,2026,134405,"Denizli, Turkey",null,0.64707959,30,45,0,5,0.6667,"0.0000",10,11,0.9091,null,108.638,103.202,0.904292,44.4746,1.86654,-0.244515,2.11105,0.521263,8.3967,-0.838211,1.35947,"0.9000",0.9333,1.8333,0.3667,0.2333,"0.3000",2.6333,"C",0,"2005-10-15"],"games":30,"notes":"C","projection":0,"advanced_stats":{"tov_pg":0.5666666666666667,"usage_pct":0.18406666666666666,"plus_minus_pg":-0.13333333333333333,"mins_pct":0.185,"is_qualified":false}}]}