{"bart_player_id":134418,"seasons":[{"year":2026,"team_name":"Presbyterian","team_conference":"BSth","class":"Fr","raw_row":["Amare Anderson","Presbyterian","BSth",19,5.4,100.6,14.5,57.7,60.4,3.8,3.6,2.9,25.4,3,4,0.75,6,9,0.667,1,4,0.25,1.7,1.8,30.8,"Fr","6-1",10,-0.0302271,89.8528,6.1,2026,134418,"Greer, SC",null,1.39991196,5,6,1,3,0.8333,0.3333,2,2,"1.0000",null,112.994,116.523,0.214447,9.05202,-5.53074,-3.64962,-1.88113,-6.81572,4.5091,-6.05299,-0.762727,0.1364,0.2273,0.3636,0.3182,0.1364,0.0909,1.2273,"Wing G",3.67968,"2006-10-15"],"games":19,"notes":"Wing G","projection":3.6797,"advanced_stats":{"tov_pg":0.22727272727272727,"usage_pct":0.12490909090909091,"plus_minus_pg":0.6818181818181818,"mins_pct":0.074,"is_qualified":false}}]}