{"bart_player_id":134431,"seasons":[{"year":2026,"team_name":"South Dakota St.","team_conference":"Sum","class":"Jr","raw_row":["Luke Haertle","South Dakota St.","Sum",27,34.8,89.9,18.9,41.4,45.02,5.9,16.1,15.2,23.8,23,38,0.605,25,59,0.424,9,34,0.265,1,2.2,40.9,"Jr","6-3",2,-0.249799,87.5478,3.3,2026,134431,"Hartland, WI",null,1.30299999,16,36,9,23,0.4444,0.3913,0,0,null,null,108.392,110.005,1.26254,74.3466,-4.14176,-3.91257,-0.229189,-3.13581,15.0833,-3.05205,-0.0837598,"0.8000","2.1000","2.9000",1.4333,"0.5000",0.1333,3.7667,"Wing G",4.94229,"2004-10-15"],"games":27,"notes":"Wing G","projection":4.9423,"advanced_stats":{"tov_pg":1.1,"usage_pct":0.16293333333333335,"plus_minus_pg":0.7333333333333333,"mins_pct":0.353,"is_qualified":true}}]}