{"bart_player_id":134491,"seasons":[{"year":2026,"team_name":"Virginia","team_conference":"ACC","class":"Fr","raw_row":["Owen Odom","Virginia","ACC",11,0.9,80.5,16.3,50,50,0,15.8,0,27.3,0,0,0,2,2,1,0,2,0,8.1,4.4,0,"Fr","6-1",22,-0.0690536,76.2724,0,2026,134491,"Richmond, VA",null,"0.00000000",2,2,0,0,"1.0000",null,0,0,null,null,93.5658,91.8509,0.182406,3.29319,-0.324982,-5.53231,5.20733,2.12838,1.2364,-2.92016,5.04855,"0.0000",0.1818,0.1818,"0.0000",0.0909,0.0909,0.3636,"Wing G",9.14853,"2006-10-15"],"games":11,"notes":"Wing G","projection":9.1485,"advanced_stats":{"tov_pg":0.09090909090909091,"usage_pct":0.20754545454545453,"plus_minus_pg":-1.5454545454545454,"mins_pct":0.009,"is_qualified":false}}]}