{"bart_player_id":134514,"seasons":[{"year":2026,"team_name":"Penn","team_conference":"Ivy","class":"Fr","raw_row":["Jay Jones","Penn","Ivy",26,30,100.2,17.1,45.7,50.18,3.1,16.3,15.2,17.5,32,54,0.593,23,53,0.434,6,17,0.353,0.3,2.2,77.1,"Fr","6-4",4,0.165352,95.9348,3.6,2026,134514,"Chestnut Hill, MA",null,1.65006079,16,37,7,16,0.4324,0.4375,0,0,null,null,106.484,105.647,1.33147,64.3909,-1.88287,-2.63926,0.756388,-1.80667,13.7259,-3.10179,1.29512,0.3704,1.8889,2.2593,1.2222,0.4815,"0.0370",3.8519,"Wing G",2.81964,"2006-10-15"],"games":26,"notes":"Wing G","projection":2.8196,"advanced_stats":{"tov_pg":0.7407407407407407,"usage_pct":0.1628148148148148,"plus_minus_pg":1.037037037037037,"mins_pct":0.306,"is_qualified":true}}]}