{"bart_player_id":134504,"seasons":[{"year":2026,"team_name":"Butler","team_conference":"BE","class":"Fr","raw_row":["Jackson Keith","Butler","BE",26,17.2,111.2,11.2,50,51.36,4.6,18,4.6,9.1,8,14,0.571,14,26,0.538,5,17,0.294,0.9,0.5,32.6,"Fr","6-5",0,0.296715,102.425,4.1,2026,134504,"Durham, NC",78.8,1.50065025,14,25,0,1,"0.5600","0.0000",3,4,"0.7500",null,111.201,106.518,0.821705,36.0146,-1.39043,-0.863685,-0.526747,-1.75438,8.5846,-1.82314,0.0687648,0.3462,1.3846,1.7308,0.2308,0.0769,0.0769,1.9615,"Wing F",4.33578,"2006-10-15"],"games":26,"notes":"Wing F","projection":4.3358,"advanced_stats":{"tov_pg":0.15384615384615385,"usage_pct":0.11461538461538459,"plus_minus_pg":1.0384615384615385,"mins_pct":0.172,"is_qualified":false}}]}