{"bart_player_id":134547,"seasons":[{"year":2026,"team_name":"Pacific","team_conference":"WCC","class":"Fr","raw_row":["Eyal Harel","Pacific","WCC",1,0.1,0,0,0,0,0,0,0,0,0,0,0,0,0,0,0,0,0,0,0,0,"Fr","6-7",17,-0.442938,-5.82254,0,2026,134547,"Hod Hasharon, Israel",null,"0.00000000",null,null,null,null,null,null,null,null,null,null,116.177,116.089,0.0824565,0.127014,-2.93728,-2.91456,-0.0227188,-6.61568,"3.2000",-4.23316,-2.38251,"0.0000",0.3333,0.3333,"0.0000","0.0000","0.0000","2.0000","PF/C",0,"2006-10-15"],"games":1,"notes":"PF/C","projection":0,"advanced_stats":{"tov_pg":0,"usage_pct":0.04533333333333334,"plus_minus_pg":3,"mins_pct":0.007,"is_qualified":false}}]}