{"bart_player_id":134566,"seasons":[{"year":2026,"team_name":"Northwestern","team_conference":"B10","class":"Fr","raw_row":["Phoenix Gill","Northwestern","B10",11,2.8,76.6,18.3,12.5,25.25,12.8,6.3,12.3,17.3,3,4,0.75,1,4,0.25,0,4,0,0,0,50,"Fr","6-2",13,-0.193998,76.5181,3.1,2026,134566,"Chicago, IL",42.2,1.50000012,1,2,0,2,"0.5000","0.0000",1,1,"1.0000",null,118.281,110.009,0.298141,4.02456,-6.71601,-4.35724,-2.35877,-10.0055,3.5273,-6.30779,-3.69768,0.3636,0.1818,0.5455,0.2727,"0.0000","0.0000",0.4545,"Stretch 4",6.44351,"2006-10-15"],"games":11,"notes":"Stretch 4","projection":6.4435,"advanced_stats":{"tov_pg":0.18181818181818182,"usage_pct":0.13990909090909093,"plus_minus_pg":0.36363636363636365,"mins_pct":0.029,"is_qualified":false}}]}