{"bart_player_id":134506,"seasons":[{"year":2026,"team_name":"Butler","team_conference":"BE","class":"Fr","raw_row":["Jack McCaffery","Butler","BE",9,6.6,109.5,16.1,47.5,52.52,9.3,9.1,8.1,16.5,6,8,0.75,5,6,0.833,3,14,0.214,2.4,1.3,40,"Fr","6-9",6,0.380068,103.857,2.8,2026,134506,"Iowa City, IA",78.4,"1.00000000",5,6,0,0,0.8333,null,1,1,"1.0000",null,112.12,110.941,0.774993,13.2225,1.81843,1.73382,0.0846092,-0.867843,9.5333,-0.891194,0.0233503,0.7778,0.7778,1.5556,0.4444,0.2222,0.2222,2.7778,"Stretch 4",9.30531,"2006-10-15"],"games":9,"notes":"Stretch 4","projection":9.3053,"advanced_stats":{"tov_pg":0.4444444444444444,"usage_pct":0.11744444444444443,"plus_minus_pg":0.5555555555555556,"mins_pct":0.066,"is_qualified":false}}]}