{"bart_player_id":134521,"seasons":[{"year":2026,"team_name":"Appalachian St.","team_conference":"SB","class":"Sr","raw_row":["Jalen Tot","Appalachian St.","SB",29,61.8,108.4,19.2,51.2,52.65,0.9,6.9,8.6,10.9,27,39,0.692,12,32,0.375,79,223,0.354,0.2,1.6,15.3,"Sr","6-0",9,1.05387,104.238,2.5,2026,134521,"Dallas, TX",null,1.34613086,8,19,4,13,0.4211,0.3077,0,0,null,null,109.109,111.228,2.05449,104.042,-1.26001,0.350107,-1.61012,-0.140293,"25.1000",0.227308,-0.367601,0.1935,1.6774,"1.8710","1.1290",0.6774,0.0645,9.5806,"Combo G",18.576,"2003-10-15"],"games":29,"notes":"Combo G","projection":18.576,"advanced_stats":{"tov_pg":0.8387096774193549,"usage_pct":0.21954838709677416,"plus_minus_pg":3.935483870967742,"mins_pct":0.605,"is_qualified":true}}]}