{"bart_player_id":134585,"seasons":[{"year":2026,"team_name":"American","team_conference":"Pat","class":"Fr","raw_row":["Jack Anderson","American","Pat",5,0.8,0,4.7,0,0,0,0,0,0,0,0,0,0,0,0,0,1,0,0,0,0,"Fr","6-4",8,-0.598412,-3.4392,0,2026,134585,"San Jose, CA",null,"0.00000000",0,0,0,0,null,null,0,0,null,null,119.486,120.404,0.0872186,0.794839,-10.8586,-7.39547,-3.46317,-16.5007,"2.7000",-9.33657,-7.16415,0.1667,0.1667,0.3333,"0.0000","0.0000","0.0000",0.3333,"Combo G",6.25302,"2006-10-15"],"games":5,"notes":"Combo G","projection":6.253,"advanced_stats":{"tov_pg":0,"usage_pct":0.03716666666666667,"plus_minus_pg":-0.6666666666666666,"mins_pct":0.013,"is_qualified":false}}]}