{"bart_player_id":134553,"seasons":[{"year":2026,"team_name":"IU Indy","team_conference":"Horz","class":"Sr","raw_row":["Matt Compas","IU Indy","Horz",29,32.4,99.4,24,49.4,51.03,4.1,7.1,14.7,14.9,21,32,0.656,73,137,0.533,7,32,0.219,2.4,2.9,18.9,"Sr","6-4",15,0.428775,101.582,3.6,2026,134553,"Blue Bell, PA",null,"1.55545350",53,81,20,56,0.6543,0.3571,7,7,"1.0000",null,118.811,118.98,0.716115,66.3888,-5.01702,-2.82557,-2.19145,-3.45201,13.6516,-1.3895,-2.06251,0.4839,0.7097,1.1935,1.3548,0.8065,0.3871,"7.1290","Combo G",4.39279,"2003-10-15"],"games":29,"notes":"Combo G","projection":4.3928,"advanced_stats":{"tov_pg":0.8709677419354839,"usage_pct":0.24370967741935481,"plus_minus_pg":-2.838709677419355,"mins_pct":0.329,"is_qualified":true}}]}