{"bart_player_id":134559,"seasons":[{"year":2026,"team_name":"Evansville","team_conference":"MVC","class":"Fr","raw_row":["James Dyson-Merwe","Evansville","MVC",19,20.2,84.2,15.7,64.5,61.78,10.7,18.5,11.6,43.2,3,8,0.375,20,29,0.69,0,2,0,2.5,0.5,25.8,"Fr","6-11",2,-0.511424,80.7784,6,2026,134559,"Sydney, Australia",null,"0.58061240",18,25,2,4,"0.7200","0.5000",0,1,"0.0000",null,115.924,113.601,0.916423,39.5439,-5.50431,-5.37269,-0.131629,-7.4592,13.1143,-6.9148,-0.544397,1.2381,2.1429,"3.3810",0.8571,0.1905,0.2381,"2.3810","C",0.485878,"2006-10-15"],"games":19,"notes":"C","projection":0.4859,"advanced_stats":{"tov_pg":1.4761904761904763,"usage_pct":0.14204761904761906,"plus_minus_pg":-3.1904761904761907,"mins_pct":0.214,"is_qualified":false}}]}