{"bart_player_id":134560,"seasons":[{"year":2026,"team_name":"Illinois","team_conference":"B10","class":"Fr","raw_row":["Keaton Wagler","Illinois","B10",37,83.7,130.2,25.7,54.1,59.56,6.7,10,23.2,12.5,172,216,0.796,115,235,0.489,87,219,0.397,1.3,1.7,47.6,"Fr","6-6",23,6.45568,147.945,2.3,2026,134560,"Lenexa, KS",52.6,2.37874191,84,146,31,89,0.5753,0.3483,0,1,"0.0000",null,105.827,97.9212,4.23244,202.662,11.1599,8.84287,2.31707,11.0311,"33.9270",8.24371,2.78737,1.9189,3.1622,5.0811,4.2432,0.9189,0.3784,17.9189,"Combo G",10.7068,"2006-10-15"],"games":37,"notes":"Combo G","projection":10.7068,"advanced_stats":{"tov_pg":1.7837837837837838,"usage_pct":0.25086486486486487,"plus_minus_pg":12.91891891891892,"mins_pct":0.836,"is_qualified":true}}]}