{"bart_player_id":134556,"seasons":[{"year":2026,"team_name":"Mississippi Valley St.","team_conference":"SWAC","class":"Sr","raw_row":["Lamont Sams","Mississippi Valley St.","SWAC",18,37.9,96.1,16.9,48,52.07,2.9,16.4,10.9,18.8,26,32,0.813,39,75,0.52,14,50,0.28,4.9,1.3,25.6,"Sr","6-9",3,-0.119624,91.0804,3.8,2026,134556,"Savannah, GA",null,0.86208477,29,40,10,35,"0.7250",0.2857,12,14,0.8571,null,118.75,120.095,1.326,81.3715,-4.86952,-4.03988,-0.829643,-5.20797,26.7368,-2.93603,-2.27194,0.7895,3.6316,4.4211,1.3158,0.6842,1.1053,8.3684,"Stretch 4",5.87442,"2003-10-15"],"games":18,"notes":"Stretch 4","projection":5.8744,"advanced_stats":{"tov_pg":1.5263157894736843,"usage_pct":0.17473684210526316,"plus_minus_pg":-13.789473684210526,"mins_pct":0.381,"is_qualified":true}}]}