{"bart_player_id":134549,"seasons":[{"year":2026,"team_name":"Murray St.","team_conference":"MVC","class":"Fr","raw_row":["Roman Domon","Murray St.","MVC",33,63,120,24.5,55.4,62.45,4.6,18.3,11.9,15.2,169,220,0.768,87,157,0.554,42,114,0.368,0.4,2.3,81.2,"Fr","6-9",77,3.02348,126.919,2.6,2026,134549,"Dreuil Les Amiens, France",79.2,"0.96428990",57,89,30,68,0.6404,0.4412,11,12,0.9167,null,108.864,108.728,2.24367,160.778,2.3748,3.04353,-0.668727,4.80765,25.2182,4.60558,0.202072,1.0303,4.1515,5.1818,1.6364,1.0606,0.1212,14.2121,"Wing F",7.59458,"2005-10-06"],"games":33,"notes":"Wing F","projection":7.5946,"advanced_stats":{"tov_pg":1.696969696969697,"usage_pct":0.2501212121212122,"plus_minus_pg":2.121212121212121,"mins_pct":0.631,"is_qualified":true}}]}