{"bart_player_id":134578,"seasons":[{"year":2026,"team_name":"Wofford","team_conference":"SC","class":"So","raw_row":["Grayson Collins","Wofford","SC",6,0.8,0,8.1,0,0,0,0,0,0,0,0,0,0,0,0,0,2,0,0,6,0,"So","5-11",12,-0.534508,-1.94015,0,2026,134578,"Brentwood, TN",null,"0.75000000",0,0,0,0,null,null,0,0,null,null,111.313,113.486,0.118351,1.86468,-7.21019,-6.86966,-0.340537,-13.0225,"1.6000",-11.2533,-1.76912,"0.0000","0.0000","0.0000","0.1250","0.1250","0.0000","0.0000","Pure PG",12.0822,"2005-10-15"],"games":6,"notes":"Pure PG","projection":12.0822,"advanced_stats":{"tov_pg":0,"usage_pct":0.1075,"plus_minus_pg":0.375,"mins_pct":0.01,"is_qualified":false}}]}