{"bart_player_id":134524,"seasons":[{"year":2026,"team_name":"Army","team_conference":"Pat","class":"Fr","raw_row":["Jahaan Green","Army","Pat",8,2.1,85,9.1,33.3,33.33,4.3,0,13.9,25.6,0,0,0,1,3,0.333,0,0,0,0,0,0,"Fr","6-5",25,-0.212826,73.2015,3.1,2026,134524,"Swedesboro, NJ",null,"1.00000000",1,3,0,0,0.3333,null,0,0,null,null,124.043,124.748,0.106821,2.44633,-13.3178,-8.06709,-5.25076,-11.682,"3.1900",-6.31091,-5.37109,"0.2000","0.2000","0.4000","0.2000","0.1000","0.1000","1.0000","Combo G",0,"2006-10-15"],"games":8,"notes":"Combo G","projection":0,"advanced_stats":{"tov_pg":0.2,"usage_pct":0.15460000000000002,"plus_minus_pg":1.4,"mins_pct":0.025,"is_qualified":false}}]}