{"bart_player_id":134596,"seasons":[{"year":2026,"team_name":"Stonehill","team_conference":"NEC","class":"Sr","raw_row":["Anthony Holden","Stonehill","NEC",18,13.8,119.2,9.5,60.3,60.1,2.6,6.4,5.8,11,1,2,0.5,4,10,0.4,9,19,0.474,1.2,1,6.9,"Sr","6-5",30,0.181587,97.8789,0.9,2026,134596,"Lees Summit, MO",null,"2.00000000",3,7,1,3,0.4286,0.3333,0,0,null,null,108.117,114.123,0.66708,23.4521,-4.02983,-3.28189,-0.74794,-2.98141,"10.0200",-2.30635,-0.675054,"0.2500","0.6500","0.9000","0.4000","0.1500","0.1000","2.4000","Combo G",6.57125,"2003-10-15"],"games":18,"notes":"Combo G","projection":6.5713,"advanced_stats":{"tov_pg":0.2,"usage_pct":0.10834999999999999,"plus_minus_pg":-1.95,"mins_pct":0.149,"is_qualified":false}}]}