{"bart_player_id":134591,"seasons":[{"year":2026,"team_name":"Morehead St.","team_conference":"OVC","class":"Fr","raw_row":["Clayton Parker","Morehead St.","OVC",18,23.2,89.7,14.5,29.5,33.7,9.7,7.5,8.8,13.3,9,11,0.818,12,35,0.343,5,31,0.161,0,1.5,16.7,"Fr","6-8",33,-0.624233,80.7398,4,2026,134591,"Montgomery City, MO",null,"2.00000000",5,22,7,13,0.2273,0.5385,0,0,null,null,116.343,121.94,0.667147,37.5684,-5.29685,-2.26929,-3.02755,-7.45192,"16.1190",-4.65191,-2.80001,1.2857,1.0476,2.3333,1.0476,"0.3810","0.0000",3.8571,"Stretch 4",6.62924,"2006-10-15"],"games":18,"notes":"Stretch 4","projection":6.6292,"advanced_stats":{"tov_pg":0.5238095238095238,"usage_pct":0.15123809523809525,"plus_minus_pg":-1.6666666666666667,"mins_pct":0.254,"is_qualified":true}}]}