{"bart_player_id":134574,"seasons":[{"year":2026,"team_name":"Saint Mary's","team_conference":"WCC","class":"Fr","raw_row":["Dillan Shaw","Saint Mary's","WCC",32,69.6,117.3,13.9,55.3,56.65,5.9,15.7,9.8,16.8,22,31,0.71,33,75,0.44,51,123,0.415,2.5,1.8,15.7,"Fr","6-7",11,1.79536,110.942,3.4,2026,134574,"Northridge, CA","77.0",1.50004854,25,42,8,33,0.5952,0.2424,2,3,0.6667,null,97.728,94.9346,3.81168,169.708,6.59454,2.15337,4.44117,5.11747,27.5242,1.43698,3.68049,1.3939,3.9697,5.3636,1.5455,0.9091,0.6061,7.5455,"Stretch 4",8.42864,"2006-10-15"],"games":32,"notes":"Stretch 4","projection":8.4286,"advanced_stats":{"tov_pg":1.0303030303030303,"usage_pct":0.15624242424242427,"plus_minus_pg":8.666666666666666,"mins_pct":0.688,"is_qualified":true}}]}