{"bart_player_id":134509,"seasons":[{"year":2026,"team_name":"Wagner","team_conference":"NEC","class":"Jr","raw_row":["Nick Jones","Wagner","NEC",28,79.4,102.3,26.4,47.1,53.35,2.7,10.1,17.2,19.2,107,130,0.823,112,229,0.489,29,101,0.287,1.3,3.4,39.4,"Jr","6-2",0,1.53,106.25,3.4,2026,134509,"Dundalk, MD",null,0.93507081,74,136,38,93,0.5441,0.4086,18,22,0.8182,null,107.314,114.079,2.2365,162.481,-1.15736,-0.957758,-0.199604,-0.751422,32.0931,-0.995758,0.244336,0.7241,2.8621,3.5862,2.4828,1.7586,0.3448,14.8621,"Combo G",6.8366,"2004-10-15"],"games":28,"notes":"Combo G","projection":6.8366,"advanced_stats":{"tov_pg":2.6551724137931036,"usage_pct":0.27031034482758626,"plus_minus_pg":0.13793103448275862,"mins_pct":0.736,"is_qualified":true}}]}