{"bart_player_id":134526,"seasons":[{"year":2026,"team_name":"Idaho St.","team_conference":"BSky","class":"Sr","raw_row":["Gus Etchison","Idaho St.","BSky",29,32.8,111.8,35.2,53.1,55.06,1.9,11.1,43.7,15.6,37,55,0.673,62,117,0.53,33,93,0.355,0.6,2.3,26.2,"Sr","5-11",0,1.79569,130.525,2.5,2026,134526,"Arcadia, IN",null,1.76320006,52,90,10,27,0.5778,0.3704,4,4,"1.0000",null,116.297,116.836,0.824943,60.1953,1.26085,4.93626,-3.67541,4.30572,13.2688,5.7102,-1.40448,"0.2500",1.1875,1.4375,2.0938,0.4688,0.0625,"8.7500","Pure PG",14.2006,"2003-10-15"],"games":29,"notes":"Pure PG","projection":14.2006,"advanced_stats":{"tov_pg":1.1875,"usage_pct":0.341625,"plus_minus_pg":-1.125,"mins_pct":0.32,"is_qualified":true}}]}