{"bart_player_id":134511,"seasons":[{"year":2026,"team_name":"Southeast Missouri St.","team_conference":"OVC","class":"Fr","raw_row":["Trace Sadler","Southeast Missouri St.","OVC",10,1.8,100,5.2,100,100,5.4,0,0,50.6,0,0,0,1,1,1,0,0,0,5,0,0,"Fr","7-0",3,-0.105954,78.4888,1.8,2026,134511,"Sikeston, MO",null,"0.00000000",1,1,0,0,"1.0000",null,1,1,"1.0000",null,111.364,114.503,0.151573,2.56122,-4.08768,-4.92647,0.838792,-3.45534,3.6385,-2.48642,-0.968916,0.0769,0.3077,0.3846,"0.0000","0.0000",0.2308,0.9231,"C",0,"2006-10-15"],"games":10,"notes":"C","projection":0,"advanced_stats":{"tov_pg":0.15384615384615385,"usage_pct":0.06446153846153846,"plus_minus_pg":-0.9230769230769231,"mins_pct":0.036,"is_qualified":false}}]}