{"bart_player_id":134583,"seasons":[{"year":2026,"team_name":"Purdue","team_conference":"B10","class":"Fr","raw_row":["Omer Mayer","Purdue","B10",39,35.6,102.4,20.7,51.3,52.21,0.7,8.5,13.4,18.7,15,23,0.652,41,84,0.488,39,110,0.355,0,1.6,11.9,"Fr","6-4",17,0.859468,109.744,2.3,2026,134583,"Ramat Hasharon, Israel","64.0",1.28571427,11,17,30,67,0.6471,0.4478,2,2,"1.0000",null,111.708,102.293,1.5865,79.7723,0.683934,1.18359,-0.499655,0.511229,"14.3000",0.205807,0.305421,0.0769,"1.0000",1.0769,1.1538,0.3846,"0.0000",5.4872,"Combo G",12.1576,"2006-10-08"],"games":39,"notes":"Combo G","projection":12.1576,"advanced_stats":{"tov_pg":0.8974358974358975,"usage_pct":0.22033333333333338,"plus_minus_pg":1.8205128205128205,"mins_pct":0.356,"is_qualified":true}}]}