{"bart_player_id":134519,"seasons":[{"year":2026,"team_name":"Western Kentucky","team_conference":"CUSA","class":"Jr","raw_row":["LJ Hackman","Western Kentucky","CUSA",30,54.2,108,20.1,44.7,52.74,2.8,11.5,13.3,13.2,86,108,0.796,59,129,0.457,20,70,0.286,0.4,3.1,54.3,"Jr","6-3",2,1.1349,107.464,3.8,2026,134519,"Columbus, MS",null,1.50004701,43,87,16,42,0.4943,"0.3810",3,4,"0.7500",null,106.991,106.113,2.12428,122.899,0.598073,0.0926269,0.505446,0.298906,21.6063,-1.18243,1.48134,0.5938,2.2812,"2.8750",1.5938,"1.2500",0.0625,8.5312,"Combo G",5.99385,"2004-10-15"],"games":30,"notes":"Combo G","projection":5.9939,"advanced_stats":{"tov_pg":1.0625,"usage_pct":0.20037499999999997,"plus_minus_pg":3.28125,"mins_pct":0.536,"is_qualified":true}}]}