{"bart_player_id":134503,"seasons":[{"year":2026,"team_name":"Butler","team_conference":"BE","class":"Fr","raw_row":["Efeosa Oliogu-Elabor","Butler","BE",25,31.5,93.3,21.3,41.9,46.77,5.3,9.8,22.1,23.6,36,58,0.621,41,86,0.477,2,19,0.105,1.7,2.7,55.2,"Fr","6-6",4,0.465641,100.718,3.7,2026,134503,"Markham, Canada",80.4,1.41666658,39,76,2,10,0.5132,"0.2000",10,12,0.8333,null,109.186,103.614,1.71501,72.6303,-0.218883,-1.54787,1.32899,-0.245335,"16.3920",-1.69971,1.45437,"0.7600","1.4400","2.2000","2.0400","0.7600","0.2800","4.9600","Combo G",2.646,"2006-10-15"],"games":25,"notes":"Combo G","projection":2.646,"advanced_stats":{"tov_pg":1.44,"usage_pct":0.21224000000000004,"plus_minus_pg":-2.28,"mins_pct":0.316,"is_qualified":true}}]}