{"bart_player_id":134522,"seasons":[{"year":2026,"team_name":"Lipscomb","team_conference":"ASun","class":"Jr","raw_row":["Mateo Esmeraldo","Lipscomb","ASun",30,76.6,123.4,19.4,50.2,55.71,2.6,11.8,38.4,15,68,82,0.829,75,145,0.517,25,79,0.316,0,2.8,36.6,"Jr","6-0",1,2.67564,117.529,1.3,2026,134522,"Monroe, CT",null,"4.37244340",63,116,12,29,0.5431,0.4138,0,0,null,null,108.818,108.833,2.71545,166.499,1.14145,1.52164,-0.380185,1.6403,"30.1000",0.945044,0.695251,0.6875,3.0938,3.7812,6.9688,1.4062,"0.0000","9.8750","Pure PG",4.87554,"2004-10-15"],"games":30,"notes":"Pure PG","projection":4.8755,"advanced_stats":{"tov_pg":1.59375,"usage_pct":0.1669375,"plus_minus_pg":2.9375,"mins_pct":0.748,"is_qualified":true}}]}