{"bart_player_id":134546,"seasons":[{"year":2026,"team_name":"Longwood","team_conference":"BSth","class":"Fr","raw_row":["Jerome Williams","Longwood","BSth",7,1.8,66.8,13.4,0,30.61,0,5.8,7.6,20.6,3,4,0.75,0,3,0,0,0,0,0,0,133.3,"Fr","6-0",30,-0.354265,58.3368,5.7,2026,134546,"Minneapolis, MN",null,"1.66666660",0,2,0,1,"0.0000","0.0000",0,0,null,null,114.875,121.257,0.136489,2.41856,-14.0605,-9.63535,-4.4251,-15.9274,"4.7100",-10.401,-5.52643,"0.1000","0.1000","0.2000","0.5000","0.3000","0.0000","1.2000","PF/C",0,"2006-10-15"],"games":7,"notes":"PF/C","projection":0,"advanced_stats":{"tov_pg":0.3,"usage_pct":0.10739999999999998,"plus_minus_pg":0.8,"mins_pct":0.036,"is_qualified":false}}]}