{"bart_player_id":134594,"seasons":[{"year":2026,"team_name":"NJIT","team_conference":"AE","class":"Fr","raw_row":["David Bolden","NJIT","AE",32,75.1,95.5,24.6,42.2,47.98,1.7,8.4,19.9,16.2,93,116,0.802,43,131,0.328,68,213,0.319,0,3.6,33.7,"Fr","6-0",1,0.521599,97.3656,3,2026,134594,"Milwaukee, WI",null,1.37880003,23,58,20,73,0.3966,"0.2740",0,0,null,null,107.856,113.712,2.15457,170.848,-1.45056,-0.463682,-0.986877,-2.10355,29.8061,-1.99335,-0.1102,0.5152,2.2727,2.7879,2.7576,1.8788,"0.0000",11.8485,"Scoring PG",13.0963,"2006-10-15"],"games":32,"notes":"Scoring PG","projection":13.0963,"advanced_stats":{"tov_pg":2,"usage_pct":0.25472727272727275,"plus_minus_pg":-4.333333333333333,"mins_pct":0.745,"is_qualified":true}}]}