{"bart_player_id":134520,"seasons":[{"year":2026,"team_name":"Columbia","team_conference":"Ivy","class":"Jr","raw_row":["Hampton Sanders","Columbia","Ivy",26,35.9,107.2,17.9,50.6,55.47,2.2,11.1,21.5,24.6,26,34,0.765,18,43,0.419,16,40,0.4,0.3,2.1,41,"Jr","6-0",7,0.496944,102.329,3.7,2026,134520,"Dayton, NJ",null,"1.90904470",14,36,4,7,0.3889,0.5714,0,0,null,null,110.014,111.177,1.15699,60.407,-2.89368,-1.53952,-1.35416,-2.72967,15.1786,-2.348,-0.381676,0.3214,1.6429,1.9643,"2.2500","0.5000",0.0357,4.1786,"Scoring PG",6.30255,"2004-10-15"],"games":26,"notes":"Scoring PG","projection":6.3026,"advanced_stats":{"tov_pg":1.1785714285714286,"usage_pct":0.16692857142857145,"plus_minus_pg":3.142857142857143,"mins_pct":0.377,"is_qualified":true}}]}