{"bart_player_id":134575,"seasons":[{"year":2026,"team_name":"Drexel","team_conference":"CAA","class":"Sr","raw_row":["Eli Beard","Drexel","CAA",32,66.5,115,16.9,57.2,60.24,1.1,8.5,15.3,17.5,43,52,0.827,29,68,0.426,63,148,0.426,0.3,2,24.1,"Sr","5-11",7,1.51433,108.782,2.5,2026,134575,"Big Sandy, TX",null,1.54548868,19,36,10,32,0.5278,0.3125,0,0,null,null,106.778,109.633,2.28199,126.069,0.30605,0.438939,-0.132889,1.06372,26.4242,0.193336,0.870389,0.2424,1.9697,2.2121,2.0606,0.8485,0.0606,8.9697,"Combo G",10.6478,"2003-10-15"],"games":32,"notes":"Combo G","projection":10.6478,"advanced_stats":{"tov_pg":1.3333333333333333,"usage_pct":0.1792121212121212,"plus_minus_pg":0.18181818181818182,"mins_pct":0.661,"is_qualified":true}}]}