{"bart_player_id":134502,"seasons":[{"year":2026,"team_name":"Utah Tech","team_conference":"WAC","class":"Fr","raw_row":["Tanner Davis","Utah Tech","WAC",30,63.2,108.4,15.2,54.2,54.08,4.9,8.6,11.9,14.5,35,69,0.507,78,130,0.6,8,36,0.222,1.1,3.6,41.6,"Fr","6-5",11,0.995112,103.352,2.7,2026,134502,"Smithfield, UT",null,1.81819999,70,112,8,18,"0.6250",0.4444,16,19,0.8421,null,108.911,111.381,2.08252,143.048,0.928346,0.454146,0.4742,0.140536,26.6606,-1.18776,1.3283,1.0606,2.0303,3.0909,1.8182,1.6667,0.3333,7.4545,"Combo G",2.64495,"2006-10-15"],"games":30,"notes":"Combo G","projection":2.645,"advanced_stats":{"tov_pg":1,"usage_pct":0.14721212121212124,"plus_minus_pg":0.5757575757575758,"mins_pct":0.631,"is_qualified":true}}]}