{"bart_player_id":134635,"seasons":[{"year":2026,"team_name":"Bucknell","team_conference":"Pat","class":"Fr","raw_row":["Pat Curtin","Bucknell","Pat",27,50.8,100.3,28.2,47.8,52.3,5.1,16,15,15.4,69,86,0.802,90,170,0.529,32,119,0.269,0.2,3.4,29.8,"Fr","6-3",21,1.13607,105.589,3.8,2026,134635,"Ellicott City, MD",null,0.83673129,62,98,28,72,0.6327,0.3889,0,0,null,null,110.077,113.533,1.78966,128.113,-1.81286,-0.641481,-1.17138,-1.16016,25.1074,-0.24635,-0.913815,1.0741,3.2222,4.2963,1.5185,1.4074,"0.0370",12.7778,"Wing G",10.502,"2006-10-15"],"games":27,"notes":"Wing G","projection":10.502,"advanced_stats":{"tov_pg":1.8148148148148149,"usage_pct":0.2975925925925926,"plus_minus_pg":-2.5185185185185186,"mins_pct":0.508,"is_qualified":true}}]}