{"bart_player_id":134653,"seasons":[{"year":2026,"team_name":"Charleston","team_conference":"CAA","class":"Fr","raw_row":["AJ Fowler","Charleston","CAA",2,0.1,0,0,0,0,0,0,0,0,0,0,0,0,0,0,0,0,0,0,0,0,"Fr","6-4",7,-0.186655,-5.43406,0,2026,134653,"Fayetteville, AR",null,"0.00000000",null,null,null,null,null,null,null,null,null,null,119.829,130.602,0.00718729,0.0934551,-5.16242,-4.05382,-1.1086,-10.6679,0.7667,-6.40982,-4.25808,"0.0000","0.0000","0.0000","0.0000","0.0000","0.0000","0.0000","PF/C",0,"2006-10-15"],"games":2,"notes":"PF/C","projection":0,"advanced_stats":{"tov_pg":0,"usage_pct":0,"plus_minus_pg":-3,"mins_pct":0.002,"is_qualified":false}}]}