{"bart_player_id":134666,"seasons":[{"year":2026,"team_name":"UMass Lowell","team_conference":"AE","class":"Jr","raw_row":["Xavier Spencer","UMass Lowell","AE",30,87.8,109.2,18.6,52,55.08,2.7,12.1,16.7,17.7,58,75,0.773,84,167,0.503,49,136,0.36,0.7,2.1,24.8,"Jr","6-1",11,1.38128,103.699,2.8,2026,134666,"Calgary, Canada",null,1.50000006,41,85,43,82,0.4824,0.5244,3,3,"1.0000",null,112.776,118.362,1.95115,174.512,-0.575879,0.485368,-1.06125,-1.42059,33.8909,-0.785027,-0.635561,0.8182,3.6061,4.4242,2.9091,1.2424,0.2727,11.9091,"Combo G",7.44816,"2004-10-15"],"games":30,"notes":"Combo G","projection":7.4482,"advanced_stats":{"tov_pg":1.9393939393939394,"usage_pct":0.1867272727272727,"plus_minus_pg":-1.878787878787879,"mins_pct":0.847,"is_qualified":true}}]}