{"bart_player_id":134608,"seasons":[{"year":2026,"team_name":"Utah Valley","team_conference":"WAC","class":"Jr","raw_row":["Isaac Hawkins","Utah Valley","WAC",31,34.2,130.5,20.4,66.3,68.59,14.8,14.3,7.9,13.7,47,63,0.746,81,119,0.681,3,10,0.3,11.2,1.7,48.8,"Jr","6-10",23,1.94333,133.25,6,2026,134608,"Fort Mill, SC",null,0.88004892,68,98,13,21,0.6939,"0.6190",35,40,"0.8750",null,98.5763,100.864,1.5926,88.2508,7.5737,3.22754,4.34616,5.41421,13.9882,3.18619,2.22803,1.6471,2.0294,3.6765,0.6471,0.4412,1.4706,7.2353,"C",1.33256,"2004-10-15"],"games":31,"notes":"C","projection":1.3326,"advanced_stats":{"tov_pg":0.7352941176470589,"usage_pct":0.20238235294117646,"plus_minus_pg":2.764705882352941,"mins_pct":0.346,"is_qualified":true}}]}