{"bart_player_id":134637,"seasons":[{"year":2026,"team_name":"Iowa","team_conference":"B10","class":"Fr","raw_row":["Trevin Jirak","Iowa","B10",17,9.2,98.7,29.1,51.3,57.06,2,14.2,26.9,27.2,19,27,0.704,15,20,0.75,3,18,0.167,1,0.9,71.1,"Fr","6-11",27,0.504348,110.443,5.6,2026,134637,"West Des Moines, IA",null,1.11759996,12,14,3,6,0.8571,"0.5000",1,1,"1.0000",null,108.33,104.514,0.833019,19.5296,-1.73846,-1.1241,-0.614358,-2.53069,8.0412,-3.33603,0.805348,0.1176,0.8235,0.9412,1.1176,0.1176,0.0588,3.4118,"Stretch 4",8.40521,"2006-10-15"],"games":17,"notes":"Stretch 4","projection":8.4052,"advanced_stats":{"tov_pg":1,"usage_pct":0.24800000000000005,"plus_minus_pg":0.23529411764705882,"mins_pct":0.093,"is_qualified":false}}]}