{"bart_player_id":134647,"seasons":[{"year":2026,"team_name":"North Carolina A&T","team_conference":"CAA","class":"Fr","raw_row":["Yancarlos Cueto","North Carolina A&T","CAA",6,1.5,89.4,24.2,42.9,44.03,7.1,26.4,0,14.1,1,2,0.5,0,2,0,2,5,0.4,0,0,28.6,"Fr","6-5",9,-0.0330237,88.9893,9.5,2026,134647,"Providence, RI",null,"0.60000000",0,1,0,1,"0.0000","0.0000",0,0,null,null,112.07,118.507,0.155019,2.98458,-17.979,-7.12434,-10.8546,-11.6183,"6.6250",-6.80082,-4.81745,"0.2500","0.6250","0.8750","0.3750","0.5000","0.0000","1.7500","Stretch 4",17.1149,"2006-10-15"],"games":6,"notes":"Stretch 4","projection":17.1149,"advanced_stats":{"tov_pg":0.625,"usage_pct":0.12062500000000001,"plus_minus_pg":2,"mins_pct":0.044,"is_qualified":false}}]}