{"bart_player_id":134676,"seasons":[{"year":2026,"team_name":"Indiana St.","team_conference":"MVC","class":"So","raw_row":["Ian Scott","Indiana St.","MVC",30,75.2,118.9,20.3,65.9,67.62,5.9,17.9,17.9,19.3,80,111,0.721,135,200,0.675,18,46,0.391,3.1,2.2,45.1,"So","6-7",23,2.98456,120.974,3.1,2026,134676,"Plainfield, IN",null,1.23880026,130,187,5,13,0.6952,0.3846,22,24,0.9167,null,104.378,105.225,3.04055,183.062,5.3353,2.16523,3.17007,5.23702,29.9937,2.90361,2.33341,"1.5000",4.9688,6.4688,2.5938,1.1875,0.9688,13.5312,"Wing G",2.91166,"2005-10-15"],"games":30,"notes":"Wing G","projection":2.9117,"advanced_stats":{"tov_pg":2.09375,"usage_pct":0.19878125000000005,"plus_minus_pg":-0.71875,"mins_pct":0.735,"is_qualified":true}}]}