{"bart_player_id":134636,"seasons":[{"year":2026,"team_name":"Bucknell","team_conference":"Pat","class":"Fr","raw_row":["Amon Dörries","Bucknell","Pat",33,80.2,107.6,25,57.8,61.42,6.3,10.2,10.9,19.9,104,132,0.788,173,288,0.601,28,84,0.333,1.6,1.4,35.5,"Fr","6-11",22,1.99206,110.258,3.5,2026,134636,"Potsdam, Germany",null,0.51683353,155,245,18,43,0.6327,0.4186,19,20,"0.9500",null,116.164,118.551,1.76078,154.689,-2.53834,-0.927609,-1.61073,-1.72637,32.4545,0.20632,-1.93269,1.7273,2.6364,4.3636,1.3939,0.7576,0.3939,16.1818,"Wing F",4.69563,"2006-10-15"],"games":33,"notes":"Wing F","projection":4.6956,"advanced_stats":{"tov_pg":2.696969696969697,"usage_pct":0.2554545454545455,"plus_minus_pg":-7.787878787878788,"mins_pct":0.802,"is_qualified":true}}]}