{"bart_player_id":134686,"seasons":[{"year":2026,"team_name":"UNC Greensboro","team_conference":"SC","class":"Fr","raw_row":["KJ Younger","UNC Greensboro","SC",32,71.1,112.1,24.5,52.7,56.28,4.2,13.4,8,10.3,106,150,0.707,98,182,0.538,60,175,0.343,0.8,1.8,42,"Fr","6-4",21,2.00218,112.659,3,2026,134686,"Matthews, NC",null,"1.00000000",82,132,16,50,0.6212,"0.3200",26,29,0.8966,null,118.548,120.273,1.39082,149.734,-1.84018,1.50412,-3.3443,-0.400486,28.5235,2.02471,-2.4252,1.2353,3.4706,4.7059,1.2059,0.8824,0.1765,15.1471,"Wing G",11.04,"2006-10-15"],"games":32,"notes":"Wing G","projection":11.04,"advanced_stats":{"tov_pg":1.2058823529411764,"usage_pct":0.2621470588235294,"plus_minus_pg":-1.3235294117647058,"mins_pct":0.705,"is_qualified":true}}]}