{"bart_player_id":134604,"seasons":[{"year":2026,"team_name":"Georgia Tech","team_conference":"ACC","class":"Fr","raw_row":["Mouhamed Sylla","Georgia Tech","ACC",16,27.6,101.6,22.1,58.3,56.09,10.5,25.4,6.3,16.9,21,49,0.429,65,110,0.591,1,4,0.25,6.4,1.9,43,"Fr","6-10",6,0.946561,105.159,4.1,2026,134604,"Louga, Senegal","92.0",0.43478261,55,87,10,23,0.6322,0.4348,29,38,0.7632,null,100.448,101.503,2.43221,84.0989,0.712737,-2.0852,2.79793,0.860315,21.4937,-0.819597,1.67991,"2.0000",5.1875,7.1875,"0.6250","0.7500",1.1875,"9.6250","C",0.651088,"2005-01-31"],"games":16,"notes":"C","projection":0.6511,"advanced_stats":{"tov_pg":1.4375,"usage_pct":0.23231249999999998,"plus_minus_pg":1.4375,"mins_pct":0.275,"is_qualified":true}}]}