{"bart_player_id":134601,"seasons":[{"year":2026,"team_name":"Illinois St.","team_conference":"MVC","class":"Fr","raw_row":["Mason Klabo","Illinois St.","MVC",33,37.7,119.1,16.2,56.2,58.75,2.3,14.4,13.3,11.7,25,32,0.781,31,56,0.554,31,82,0.378,0.8,0.9,23.2,"Fr","6-2",3,1.18422,113.714,3.5,2026,134601,"Fargo, ND",null,2.22232713,24,36,7,20,0.6667,"0.3500",1,2,"0.5000",null,104.404,102.977,1.74153,85.6295,1.40289,0.700961,0.701933,1.9093,16.1471,0.62749,1.28181,0.2941,2.0294,2.3235,1.1765,0.2647,0.1176,5.5294,"Wing G",9.1511,"2006-10-15"],"games":33,"notes":"Wing G","projection":9.1511,"advanced_stats":{"tov_pg":0.5294117647058824,"usage_pct":0.16329411764705884,"plus_minus_pg":2.4411764705882355,"mins_pct":0.379,"is_qualified":true}}]}