{"bart_player_id":134671,"seasons":[{"year":2026,"team_name":"Northern Kentucky","team_conference":"Horz","class":"Fr","raw_row":["Ryan Tolliver","Northern Kentucky","Horz",19,9.2,113.2,9.9,46.7,51.75,10.6,17,5.5,19.8,3,3,1,7,13,0.538,0,2,0,1,2.5,20,"Fr","6-7",1,0.0350821,94.059,7,2026,134671,"Hartford, CT",null,0.75000006,5,10,2,3,"0.5000",0.6667,0,0,null,null,109.366,107.985,0.547395,21.2168,-2.60296,-2.72162,0.118655,-5.16086,6.8636,-5.33064,0.169779,0.7273,"1.0000",1.7273,0.2727,0.2727,0.0909,1.0455,"PF/C",0.977155,"2006-10-15"],"games":19,"notes":"PF/C","projection":0.9772,"advanced_stats":{"tov_pg":0.36363636363636365,"usage_pct":0.09077272727272728,"plus_minus_pg":-0.4090909090909091,"mins_pct":0.111,"is_qualified":false}}]}