{"bart_player_id":134607,"seasons":[{"year":2026,"team_name":"Manhattan","team_conference":"MAAC","class":"Jr","raw_row":["Anthony Isaac","Manhattan","MAAC",31,59.7,112.2,22.3,48.4,53.77,15.2,19.3,7.6,12.7,87,125,0.696,102,202,0.505,1,12,0.083,1.9,2.2,58.4,"Jr","6-6",1,1.73515,113.292,3.9,2026,134607,"Queens, NY",null,"0.80551110",101,194,1,8,0.5206,"0.1250",2,3,0.6667,null,112.489,118.663,1.30236,140.633,-3.02284,-0.564936,-2.4579,-2.77621,23.7594,0.445633,-3.22184,"3.2500",3.9688,7.2188,0.9062,"0.8750",0.4375,9.5312,"PF/C",0.942762,"2004-10-15"],"games":31,"notes":"PF/C","projection":0.9428,"advanced_stats":{"tov_pg":1.125,"usage_pct":0.21340625000000002,"plus_minus_pg":-2.34375,"mins_pct":0.588,"is_qualified":true}}]}