{"bart_player_id":134650,"seasons":[{"year":2026,"team_name":"Marquette","team_conference":"BE","class":"Fr","raw_row":["Nigel James Jr.","Marquette","BE",32,72.2,106.5,30.3,52,54.71,2.8,10.5,37.3,17.9,90,130,0.692,155,298,0.52,42,121,0.347,1.2,3.7,31,"Fr","6-0",0,3.23734,124.655,3,2026,134650,"Huntington, NY",82.8,"1.76405870",136,249,19,49,0.5462,0.3878,14,15,0.9333,null,106.383,100.29,3.41697,174.61,5.77469,3.64104,2.13366,6.96637,29.2344,4.33761,2.62876,"0.7500",2.6875,3.4375,4.9062,1.9062,0.3125,16.4375,"Pure PG",7.37313,"2006-10-15"],"games":32,"notes":"Pure PG","projection":7.3731,"advanced_stats":{"tov_pg":2.78125,"usage_pct":0.29834374999999985,"plus_minus_pg":0.15625,"mins_pct":0.722,"is_qualified":true}}]}