{"bart_player_id":134685,"seasons":[{"year":2026,"team_name":"Rice","team_conference":"Amer","class":"Fr","raw_row":["Evan Cochran","Rice","Amer",3,0.6,57.8,14.6,0,0,30.3,16.6,0,0,0,0,0,0,2,0,0,0,0,0,0,0,"Fr","6-9",21,-0.276776,57.6887,5.8,2026,134685,"Houston, TX",null,"0.00000000",0,1,0,1,"0.0000","0.0000",0,0,null,null,116.487,106.439,0.222905,0.936523,-18.7538,-9.01862,-9.73516,-15.6668,"6.0400",-5.76433,-9.90251,"0.8000","0.6000","1.4000","0.0000","0.0000","0.0000","0.4000","C",0,"2006-10-15"],"games":3,"notes":"C","projection":0,"advanced_stats":{"tov_pg":0.2,"usage_pct":0.1238,"plus_minus_pg":2.6,"mins_pct":0.024,"is_qualified":false}}]}