{"bart_player_id":134688,"seasons":[{"year":2026,"team_name":"Coppin St.","team_conference":"MEAC","class":"Jr","raw_row":["Hussain Williams","Coppin St.","MEAC",30,48.8,96.4,20.6,43.6,47.52,3.3,10.8,9.5,13.3,43,60,0.717,36,74,0.486,35,129,0.271,1.3,1.9,29.6,"Jr","6-5",4,0.127604,94.2502,3.2,2026,134688,"Lynchburg, VA",null,0.77420002,23,37,13,37,0.6216,0.3514,6,6,"1.0000",null,118.547,124.352,0.679114,90.5643,-5.14326,-1.93791,-3.20535,-4.58522,"19.7710",-2.26692,-2.31829,0.5484,1.8387,2.3871,0.7742,0.6774,0.1935,7.3226,"Wing G",12.6686,"2004-10-15"],"games":30,"notes":"Wing G","projection":12.6686,"advanced_stats":{"tov_pg":1,"usage_pct":0.24467741935483875,"plus_minus_pg":-6.096774193548387,"mins_pct":0.493,"is_qualified":true}}]}