{"bart_player_id":134694,"seasons":[{"year":2026,"team_name":"Manhattan","team_conference":"MAAC","class":"Fr","raw_row":["Quron Elliott","Manhattan","MAAC",29,26.5,104.7,16.8,48.9,51.83,2.4,9.4,14,13.6,17,24,0.708,32,68,0.471,7,19,0.368,0,0.7,27.6,"Fr","6-2",10,0.247495,98.6349,2.4,2026,134694,"Windsor Mill, MD",null,1.85708167,20,38,12,30,0.5263,"0.4000",1,2,"0.5000",null,121.362,128.07,0.248716,40.0063,-8.76356,-3.43109,-5.33247,-6.66672,"11.5700",-2.61604,-4.05069,0.2333,0.9333,1.1667,0.8667,0.1333,"0.0000",3.4667,"Combo G",3.36281,"2006-10-15"],"games":29,"notes":"Combo G","projection":3.3628,"advanced_stats":{"tov_pg":0.4666666666666667,"usage_pct":0.15846666666666664,"plus_minus_pg":-1.8333333333333333,"mins_pct":0.268,"is_qualified":true}}]}