{"bart_player_id":134684,"seasons":[{"year":2026,"team_name":"SMU","team_conference":"ACC","class":"Fr","raw_row":["Nigel Walls","SMU","ACC",9,2.3,30.6,6.7,0,0,0,6.8,8.2,53.4,0,0,0,0,1,0,0,1,0,15.6,3.6,0,"Fr","6-10",22,-0.849616,23.2893,10,2026,134684,"Houston, TX",86.2,"1.00000000",0,0,0,1,null,"0.0000",0,0,null,null,102.777,104.013,0.373348,7.54027,4.98578,-5.65112,10.6369,-2.5036,3.5444,-8.31217,5.80857,"0.0000",0.2222,0.2222,0.2222,0.2222,0.4444,"0.0000","C",1.8035,"2006-10-15"],"games":9,"notes":"C","projection":1.8035,"advanced_stats":{"tov_pg":0.2222222222222222,"usage_pct":0.07966666666666668,"plus_minus_pg":0,"mins_pct":0.023,"is_qualified":false}}]}