{"bart_player_id":134683,"seasons":[{"year":2026,"team_name":"SMU","team_conference":"ACC","class":"Fr","raw_row":["Jaden Toombs","SMU","ACC",27,39.3,121.8,18.5,58.6,59.61,8.4,17,9.8,12.6,25,38,0.658,90,143,0.629,6,26,0.231,3.9,1.5,22.5,"Fr","6-10",10,2.32846,126.331,3.8,2026,134683,"Amarillo, TX",92.6,1.40905742,43,58,47,85,0.7414,0.5529,2,3,0.6667,null,108.757,100.772,2.30336,102.374,3.91485,2.39809,1.51676,4.68458,19.9407,3.11383,1.57075,1.4444,3.1111,4.5556,1.1481,0.5185,0.6296,8.2593,"PF/C",2.74426,"2006-10-15"],"games":27,"notes":"PF/C","projection":2.7443,"advanced_stats":{"tov_pg":0.8148148148148148,"usage_pct":0.1889259259259259,"plus_minus_pg":-0.37037037037037035,"mins_pct":0.393,"is_qualified":true}}]}