{"bart_player_id":134661,"seasons":[{"year":2026,"team_name":"Texas A&M Corpus Chris","team_conference":"Slnd","class":"Fr","raw_row":["Trenton Pane","Texas A&M Corpus Chris","Slnd",2,0.3,84.6,44,66.7,66.67,0,31.5,0,34.7,0,0,0,2,2,1,0,1,0,0,0,0,"Fr","5-10",13,0.0463058,99.2115,0,2026,134661,"Allen, TX",null,"1.00000000",1,1,1,1,"1.0000","1.0000",0,0,null,null,103.548,112.185,0.150103,0.68099,-22.1537,-12.8781,-9.27557,-2.94257,"7.9750",-0.221499,-2.72107,"0.2500","1.2500","1.5000","1.2500","0.5000","0.0000","4.0000","Wing G",17.0646,"2006-10-15"],"games":2,"notes":"Wing G","projection":17.0646,"advanced_stats":{"tov_pg":1.25,"usage_pct":0.42874999999999996,"plus_minus_pg":5.25,"mins_pct":0.024,"is_qualified":false}}]}