{"bart_player_id":134628,"seasons":[{"year":2026,"team_name":"Stony Brook","team_conference":"CAA","class":"Fr","raw_row":["Andrew Okafor","Stony Brook","CAA",2,0.3,0,0,0,0,0,0,0,0,0,0,0,0,0,0,0,0,0,0,0,0,"Fr","6-8",10,-0.628197,-5.48958,0,2026,134628,"Pembroke Pines, FL",null,"0.00000000",null,null,null,null,null,null,null,null,null,null,119.819,122.481,0.0763061,0.306712,-6.93057,-5.03654,-1.89403,-4.91768,3.6333,-3.78858,-1.12909,"0.0000","0.0000","0.0000","0.0000","0.0000","0.0000","0.0000","C",0,"2006-10-15"],"games":2,"notes":"C","projection":0,"advanced_stats":{"tov_pg":0,"usage_pct":0,"plus_minus_pg":-1,"mins_pct":0.008,"is_qualified":false}}]}