{"bart_player_id":134691,"seasons":[{"year":2026,"team_name":"Cincinnati","team_conference":"B12","class":"Fr","raw_row":["Shon Abaev","Cincinnati","B12",24,28.8,90.7,26.4,41.9,45.86,3.8,16.4,13.3,16.7,37,57,0.649,26,54,0.481,26,101,0.257,1.5,1.4,36.8,"Fr","6-8",10,0.480327,101.133,2.8,2026,134691,"Coral Springs, FL",94.8,0.89654887,20,31,6,23,0.6452,0.2609,7,8,"0.8750",null,98.6709,95.2341,2.14457,70.174,0.290619,-1.24963,1.54025,0.29264,"15.8750",-1.18047,1.4731,0.5417,2.3333,"2.8750",1.0833,"0.3750",0.2083,6.9583,"Stretch 4",15.3233,"2006-02-26"],"games":24,"notes":"Stretch 4","projection":15.3233,"advanced_stats":{"tov_pg":1.2083333333333333,"usage_pct":0.2515833333333334,"plus_minus_pg":2.25,"mins_pct":0.287,"is_qualified":true}}]}