{"bart_player_id":134649,"seasons":[{"year":2026,"team_name":"North Carolina A&T","team_conference":"CAA","class":"Fr","raw_row":["Brooklyn Vick","North Carolina A&T","CAA",17,26.3,80.9,17.8,37.1,42.24,1.6,12.5,21.6,30.8,14,19,0.737,14,38,0.368,6,24,0.25,0.4,2.7,30.6,"Fr","6-2",7,-0.951478,76.472,2.6,2026,134649,"Deerfield Beach, FL",null,1.48388077,8,14,6,24,0.5714,"0.2500",1,1,"1.0000",null,111.954,114.739,1.17527,52.4369,-6.72158,-5.25603,-1.46555,-7.10968,17.8158,-5.64418,-1.4655,0.2632,"2.0000",2.2632,2.4211,0.7895,0.0526,3.7368,"Combo G",4.68546,"2006-10-15"],"games":17,"notes":"Combo G","projection":4.6855,"advanced_stats":{"tov_pg":1.631578947368421,"usage_pct":0.15600000000000003,"plus_minus_pg":-1.894736842105263,"mins_pct":0.281,"is_qualified":true}}]}