{"bart_player_id":134609,"seasons":[{"year":2026,"team_name":"UC Santa Barbara","team_conference":"BW","class":"Sr","raw_row":["Isaac Shingange","UC Santa Barbara","BW",2,0.5,83.3,16.6,0,25.64,0,0,24.2,0,1,2,0.5,0,0,0,0,1,0,0,9.2,200,"Sr","6-5",18,-0.197168,74.8848,12.3,2026,134609,"New York, NY",null,"2.00000000",0,0,0,0,null,null,0,0,null,null,96.3896,99.7641,0.390247,1.68609,-3.19723,-1.05875,-2.13848,-7.29403,"5.1500",-10.8811,3.58705,"0.0000","0.0000","0.0000","1.0000","0.7500","0.0000","0.2500","Pure PG",9.7687,"2003-10-15"],"games":2,"notes":"Pure PG","projection":9.7687,"advanced_stats":{"tov_pg":0.5,"usage_pct":0.0815,"plus_minus_pg":-1.75,"mins_pct":0.016,"is_qualified":false}}]}