{"bart_player_id":134786,"seasons":[{"year":2026,"team_name":"Tennessee Martin","team_conference":"OVC","class":"Fr","raw_row":["Ama Sow","Tennessee Martin","OVC",4,1.4,27,6.1,0,0,6.7,0,0,59.2,0,1,0,0,0,0,0,0,0,0,3.6,0,"Fr","6-9",10,-1.05471,19.999,4.8,2026,134786,"Dakar, Senegal",null,0.20004801,0,0,0,0,null,null,0,0,null,null,102.776,104.621,0.433529,2.44284,-8.32263,-8.69527,0.372646,-10.8526,6.8833,-9.21768,-1.63495,0.8333,"1.5000",2.3333,0.1667,0.1667,0.1667,2.3333,"C",0,"2006-10-15"],"games":4,"notes":"C","projection":0,"advanced_stats":{"tov_pg":0.8333333333333334,"usage_pct":0.1075,"plus_minus_pg":2.6666666666666665,"mins_pct":0.031,"is_qualified":false}}]}