{"bart_player_id":134752,"seasons":[{"year":2026,"team_name":"Harvard","team_conference":"Ivy","class":"Fr","raw_row":["Joseph Quartey","Harvard","Ivy",6,1.4,0,8.2,0,0,0,0,0,0,0,0,0,0,1,0,0,2,0,0,3.8,0,"Fr","6-2",18,-0.89472,-1.96518,4.9,2026,134752,"Cape Coast, Ghana",null,"1.00000000",0,0,0,1,null,"0.0000",0,0,null,null,107.04,106.758,0.261868,2.42729,-8.7438,-8.32786,-0.415944,-17.541,2.7571,-14.6085,-2.93252,0.1429,"0.0000",0.1429,0.1429,0.1429,"0.0000","0.0000","Pure PG",7.92549,"2006-10-15"],"games":6,"notes":"Pure PG","projection":7.9255,"advanced_stats":{"tov_pg":0.14285714285714285,"usage_pct":0.28185714285714286,"plus_minus_pg":-0.42857142857142855,"mins_pct":0.016,"is_qualified":false}}]}