{"bart_player_id":134768,"seasons":[{"year":2026,"team_name":"Lehigh","team_conference":"Pat","class":"Fr","raw_row":["Caleb Thomas","Lehigh","Pat",21,31.9,79.2,19.3,38.5,40.97,2,4.7,14.7,21.5,17,30,0.567,33,80,0.412,6,29,0.207,0,2.2,27.5,"Fr","5-10",10,-1.04303,77.3423,2.2,2026,134768,"Atlanta, GA",null,1.29405399,19,44,14,36,0.4318,0.3889,0,0,null,null,112.591,116.16,1.26332,58.593,-9.66984,-6.74303,-2.92681,-7.72811,20.7261,-5.83833,-1.88978,0.3478,0.9565,1.3043,"1.9130","0.9130","0.0000",4.7391,"Combo G",4.00262,"2006-10-15"],"games":21,"notes":"Combo G","projection":4.0026,"advanced_stats":{"tov_pg":1.4782608695652173,"usage_pct":0.1603478260869565,"plus_minus_pg":-4.3478260869565215,"mins_pct":0.33,"is_qualified":true}}]}