{"bart_player_id":134777,"seasons":[{"year":2026,"team_name":"Austin Peay","team_conference":"ASun","class":"Sr","raw_row":["Creighton Morisch","Austin Peay","ASun",29,21.7,82,12.1,45.5,40.24,10.5,12.9,5.7,29.8,0,9,0,12,26,0.462,2,7,0.286,2.8,0.9,27.3,"Sr","6-10",7,-0.697557,69.1883,4.9,2026,134777,"Spirit Lake, IA",null,0.63158753,10,22,2,4,0.4545,"0.5000",0,0,null,null,109.548,110.864,0.70731,39.6558,-5.16727,-5.57868,0.41141,-7.09343,8.8645,-6.3164,-0.777029,0.9032,1.0323,1.9355,0.3871,0.2581,0.1935,1.2903,"PF/C",1.57932,"2003-10-15"],"games":29,"notes":"PF/C","projection":1.5793,"advanced_stats":{"tov_pg":0.6129032258064516,"usage_pct":0.09496774193548385,"plus_minus_pg":0.8709677419354839,"mins_pct":0.222,"is_qualified":false}}]}