{"bart_player_id":134702,"seasons":[{"year":2026,"team_name":"Louisiana Tech","team_conference":"CUSA","class":"Jr","raw_row":["Kylan Howze","Louisiana Tech","CUSA",22,17.1,95.7,14.2,50,48.5,11.5,12.3,4.3,20.1,12,28,0.429,15,30,0.5,0,0,0,3.9,1.4,93.3,"Jr","6-10",10,-0.184741,86.9178,4.3,2026,134702,"Gulfport, MS",null,0.46153847,15,29,0,1,0.5172,"0.0000",8,10,"0.8000",null,105.768,107.04,0.926302,34.5208,-2.60591,-3.74549,1.13958,-1.92947,"10.5760",-3.30798,1.37851,"0.9600","1.2800","2.2400","0.2400","0.3200","0.5600","2.1200","C",0,"2004-10-15"],"games":22,"notes":"C","projection":0,"advanced_stats":{"tov_pg":0.52,"usage_pct":0.09268000000000001,"plus_minus_pg":2.76,"mins_pct":0.193,"is_qualified":false}}]}