{"bart_player_id":134775,"seasons":[{"year":2026,"team_name":"East Carolina","team_conference":"Amer","class":"Jr","raw_row":["Corey Caulker","East Carolina","Amer",30,76.1,97.6,16.5,41.3,44.19,0.6,8.2,23.6,17,31,40,0.775,41,123,0.333,41,125,0.328,0.1,1.4,16.1,"Jr","6-0",5,0.0446335,92.7904,2.6,2026,134775,"Sterling, VA",null,2.38782735,21,65,20,58,0.3231,0.3448,0,0,null,null,115.732,115.091,2.03748,126.092,-3.87722,-1.49751,-2.37972,-4.36782,30.7129,-2.96745,-1.40038,0.1613,2.1935,2.3548,3.7742,0.7742,0.0323,"7.8710","Scoring PG",7.80269,"2004-10-15"],"games":30,"notes":"Scoring PG","projection":7.8027,"advanced_stats":{"tov_pg":1.5806451612903225,"usage_pct":0.16970967741935483,"plus_minus_pg":-3.4838709677419355,"mins_pct":0.759,"is_qualified":true}}]}