{"bart_player_id":134738,"seasons":[{"year":2026,"team_name":"Cincinnati","team_conference":"B12","class":"Fr","raw_row":["Jordi Rodriguez","Cincinnati","B12",15,9.1,92.8,17.9,40,42.77,4.6,11.1,10.3,13.5,6,10,0.6,2,6,0.333,8,29,0.276,0,1.4,28.6,"Fr","6-6",17,0.00702558,92.6208,1.7,2026,134738,"Barcelona, Spain",null,1.40024001,1,3,1,3,0.3333,0.3333,0,0,null,null,101.536,99.3431,0.973913,19.4627,-0.0302408,-0.811691,0.781451,-1.37603,8.0133,-2.2726,0.896569,0.3333,"0.8000",1.1333,0.4667,"0.2000","0.0000",2.2667,"Wing G",13.9245,"2004-04-25"],"games":15,"notes":"Wing G","projection":13.9245,"advanced_stats":{"tov_pg":0.3333333333333333,"usage_pct":0.2048,"plus_minus_pg":0.4,"mins_pct":0.091,"is_qualified":false}}]}