{"bart_player_id":134720,"seasons":[{"year":2026,"team_name":"Marquette","team_conference":"BE","class":"Fr","raw_row":["Braeden Brenn","Marquette","BE",3,0.2,200,11.3,100,100,0,0,0,0,0,0,0,1,1,1,0,0,0,0,0,0,"Fr","6-8",42,0.210094,171.341,17.4,2026,134720,"Menasha, WI",null,"0.00000000",1,1,0,0,"1.0000",null,0,0,null,null,118.737,121.766,0.033526,0.206445,1.09203,3.71028,-2.61826,6.21634,0.7667,0.997327,5.21902,"0.0000","0.0000","0.0000","0.0000","0.0000","0.0000",0.6667,"C",0,"2006-10-15"],"games":3,"notes":"C","projection":0,"advanced_stats":{"tov_pg":0,"usage_pct":0.23933333333333331,"plus_minus_pg":-0.3333333333333333,"mins_pct":0.002,"is_qualified":false}}]}