{"bart_player_id":134767,"seasons":[{"year":2026,"team_name":"Lehigh","team_conference":"Pat","class":"Fr","raw_row":["Andrew Urosevic","Lehigh","Pat",27,36.6,98,18.4,49.4,50.21,1.5,7,5.3,9.1,7,9,0.778,24,45,0.533,40,125,0.32,0,1,5.3,"Fr","6-3",0,0.0393252,93.0034,2.9,2026,134767,"Kitchener, Canada",null,1.12506798,2,2,22,43,"1.0000",0.5116,0,0,null,null,114.365,117.884,1.02042,60.5208,-6.64084,-2.21845,-4.42239,-5.75218,"18.9310",-2.68056,-3.07162,0.2069,1.1034,1.3103,0.6207,0.2759,"0.0000",7.2759,"Wing G",15.0372,"2006-10-15"],"games":27,"notes":"Wing G","projection":15.0372,"advanced_stats":{"tov_pg":0.5517241379310345,"usage_pct":0.2143448275862069,"plus_minus_pg":2,"mins_pct":0.379,"is_qualified":true}}]}