{"bart_player_id":134706,"seasons":[{"year":2026,"team_name":"Oakland","team_conference":"Horz","class":"Sr","raw_row":["Brett White","Oakland","Horz",31,60,119.2,14.8,54.2,55.95,2.9,11.7,4.5,5.6,30,42,0.714,18,32,0.563,69,192,0.359,2,1.2,18.8,"Sr","6-6",10,1.50317,110.413,2.9,2026,134706,"Battle Creek, MI",null,1.66666667,10,17,8,15,0.5882,0.5333,1,2,"0.5000",null,119.301,116.904,1.45479,110.637,-0.474615,1.93889,-2.41351,-0.444041,23.9375,1.48699,-1.93103,"0.6250",2.5625,3.1875,"0.6250",0.5938,0.4375,9.0938,"Stretch 4",14.4379,"2003-10-15"],"games":31,"notes":"Stretch 4","projection":14.4379,"advanced_stats":{"tov_pg":0.375,"usage_pct":0.16840625,"plus_minus_pg":2.71875,"mins_pct":0.599,"is_qualified":true}}]}