{"bart_player_id":134735,"seasons":[{"year":2026,"team_name":"Kent St.","team_conference":"MAC","class":"Fr","raw_row":["Quinn Woidke","Kent St.","MAC",32,48.6,123.8,18.2,58,61.86,2.6,11.8,13.4,13.9,56,69,0.812,20,41,0.488,64,159,0.403,0.2,1.8,34.5,"Fr","6-0",6,1.77638,118.715,4.5,2026,134735,"Avon, OH",null,1.62494684,13,23,7,18,0.5652,0.3889,0,0,null,null,112.144,111.628,1.53316,105.048,1.35979,2.82941,-1.46962,2.67473,19.5324,2.41844,0.256297,"0.5000",2.0588,2.5588,1.5294,0.6176,0.0294,9.0294,"Combo G",13.8866,"2006-10-15"],"games":32,"notes":"Combo G","projection":13.8866,"advanced_stats":{"tov_pg":0.9411764705882353,"usage_pct":0.2015,"plus_minus_pg":2.911764705882353,"mins_pct":0.481,"is_qualified":true}}]}