{"bart_player_id":134795,"seasons":[{"year":2026,"team_name":"UTSA","team_conference":"Amer","class":"Jr","raw_row":["Brent Moss","UTSA","Amer",27,65.2,98.3,19.3,44,46.32,4.4,12.9,7,11,29,39,0.744,47,117,0.402,45,143,0.315,1.5,3.1,15,"Jr","6-6",4,0.570128,98.4408,2.5,2026,134795,"Lima, OH",null,0.96426722,28,56,19,61,"0.5000",0.3115,7,9,0.7778,null,116.807,115.94,1.73007,133.032,-2.28571,-0.701436,-1.58428,-1.403,26.6931,-0.324345,-1.07866,1.2759,3.4483,4.7241,"0.9310",1.3793,0.3448,9.6207,"Wing G",11.2384,"2004-10-15"],"games":27,"notes":"Wing G","projection":11.2384,"advanced_stats":{"tov_pg":0.9655172413793104,"usage_pct":0.1945862068965517,"plus_minus_pg":-7.551724137931035,"mins_pct":0.644,"is_qualified":true}}]}