{"bart_player_id":134736,"seasons":[{"year":2026,"team_name":"UMBC","team_conference":"AE","class":"Fr","raw_row":["Riley Jacobs","UMBC","AE",30,36.2,102,19.1,48,50.33,11.2,17.2,7.2,16.8,30,53,0.566,48,91,0.527,0,9,0,3.4,1.3,53,"Fr","6-8",23,0.208793,96.3793,3.3,2026,134736,"Woodbridge, VA",null,0.77767242,46,80,2,11,"0.5750",0.1818,22,26,0.8462,null,100.53,107.892,1.37817,86.6941,-2.40672,-3.29863,0.891909,-2.77826,15.3781,-2.70748,-0.0707741,"1.3750","2.3750","3.7500",0.6562,"0.3750",0.5625,4.2812,"C",1.19663,"2006-10-15"],"games":30,"notes":"C","projection":1.1966,"advanced_stats":{"tov_pg":0.84375,"usage_pct":0.17259375,"plus_minus_pg":1.78125,"mins_pct":0.369,"is_qualified":true}}]}