{"bart_player_id":134794,"seasons":[{"year":2026,"team_name":"UTSA","team_conference":"Amer","class":"Fr","raw_row":["Dorian Hayes","UTSA","Amer",24,66,97,15.8,45.9,48.38,0.7,5.6,11.3,16.2,28,40,0.7,14,43,0.326,51,154,0.331,0.3,1.5,20.3,"Fr","6-5",0,-0.000833528,92.3603,3.3,2026,134794,"Houston, TX",63.8,1.41179165,10,31,4,12,0.3226,0.3333,0,0,null,null,124.522,123.565,1.15492,90.5828,-4.97565,-1.23624,-3.73941,-5.82489,30.2115,-3.19452,-2.63037,0.1923,1.5769,1.7692,1.8462,0.8462,0.1154,8.7692,"Combo G",11.9562,"2006-10-15"],"games":24,"notes":"Combo G","projection":11.9562,"advanced_stats":{"tov_pg":1.3076923076923077,"usage_pct":0.1653846153846154,"plus_minus_pg":-11.192307692307692,"mins_pct":0.654,"is_qualified":true}}]}