{"bart_player_id":134778,"seasons":[{"year":2026,"team_name":"Minnesota","team_conference":"B10","class":"Fr","raw_row":["Kai Shinholster","Minnesota","B10",31,30.5,96.8,12.4,37.5,39.69,5.4,6.5,14.5,15.2,6,8,0.75,12,28,0.429,9,40,0.225,0.9,2.5,11.8,"Fr","6-5",9,-0.108163,89.973,2.4,2026,134778,"Woolwich, NJ",42.4,2.66675269,10,18,2,10,0.5556,"0.2000",1,1,"1.0000",null,110.3,103.133,1.41056,59.4569,-0.519945,-1.58672,1.06678,-0.995313,13.1194,-2.93026,1.93495,0.5484,0.6774,1.2258,1.0323,0.5161,0.0968,1.8387,"Combo G",6.24638,"2006-10-15"],"games":31,"notes":"Combo G","projection":6.2464,"advanced_stats":{"tov_pg":0.3870967741935484,"usage_pct":0.12161290322580647,"plus_minus_pg":-0.6129032258064516,"mins_pct":0.305,"is_qualified":true}}]}