{"bart_player_id":134715,"seasons":[{"year":2026,"team_name":"Louisville","team_conference":"ACC","class":"Fr","raw_row":["Mikel Brown Jr.","Louisville","ACC",21,43.8,111.9,31,51.1,57.71,0.2,12.1,30.3,19.3,103,122,0.844,57,113,0.504,55,160,0.344,0.5,2.4,44.7,"Fr","6-5",0,3.88984,130.783,2.2,2026,134715,"Orlando, FL",98.8,"1.52310030",47,72,10,41,0.6528,0.2439,10,12,0.8333,null,103.248,98.3173,3.65043,112.177,4.95751,4.06737,0.890134,5.37346,"29.1810",4.19858,1.17488,0.0476,3.2857,3.3333,4.7143,1.2381,0.1429,18.1905,"Scoring PG",14.6882,"2006-04-03"],"games":21,"notes":"Scoring PG","projection":14.6882,"advanced_stats":{"tov_pg":3.0952380952380953,"usage_pct":0.3028571428571429,"plus_minus_pg":9.761904761904763,"mins_pct":0.438,"is_qualified":true}}]}