{"bart_player_id":134791,"seasons":[{"year":2026,"team_name":"Louisville","team_conference":"ACC","class":"Jr","raw_row":["Sananda Fru","Louisville","ACC",35,55.1,131.3,17.7,76.5,74.03,14.9,16,10.1,20.2,55,90,0.611,124,162,0.765,4,8,0.5,7.2,1.2,52.9,"Jr","6-11",13,3.16881,133.813,4.2,2026,134791,"Berlin, Germany",67.8,0.87757146,119,152,5,10,0.7829,"0.5000",62,68,0.9118,null,100.527,94.7659,3.02794,157.935,10.7356,4.69227,6.04337,7.73102,22.0343,4.30885,3.42217,2.8286,3.2857,6.1143,1.2286,0.4857,1.4286,"9.0000","C",0.583795,"2004-10-15"],"games":35,"notes":"C","projection":0.5838,"advanced_stats":{"tov_pg":1.4,"usage_pct":0.16254285714285713,"plus_minus_pg":6.9714285714285715,"mins_pct":0.551,"is_qualified":true}}]}