{"bart_player_id":134718,"seasons":[{"year":2026,"team_name":"Texas Tech","team_conference":"B12","class":"Fr","raw_row":["Marial Akuentok","Texas Tech","B12",15,6.7,86.2,14.9,54.2,46.77,8.9,21.7,5.1,26,4,13,0.308,5,11,0.455,1,1,1,3.4,0.6,108.3,"Fr","6-10",13,-0.14795,85.3784,8.7,2026,134718,"Edmonton, Canada","49.0","0.50000000",5,10,0,1,"0.5000","0.0000",3,4,"0.7500",null,105.087,95.8901,0.814463,17.3948,-1.43282,-3.60145,2.16862,-4.30631,"6.1000",-5.9074,1.60108,0.4667,"1.2000",1.6667,"0.2000",0.0667,"0.2000",1.1333,"PF/C",0.64508,"2006-10-15"],"games":15,"notes":"PF/C","projection":0.6451,"advanced_stats":{"tov_pg":0.4,"usage_pct":0.11366666666666667,"plus_minus_pg":-1.1333333333333333,"mins_pct":0.067,"is_qualified":false}}]}