{"bart_player_id":134711,"seasons":[{"year":2026,"team_name":"Tennessee","team_conference":"SEC","class":"Fr","raw_row":["DeWayne Brown II","Tennessee","SEC",35,34.3,116.8,16.7,58.6,60.37,11.3,15.8,11,20.8,31,47,0.66,68,116,0.586,0,0,0,3.7,0.9,40.5,"Fr","6-8",6,1.20608,116.34,4.8,2026,134711,"Hoover, AL","81.0",1.06673669,54,84,14,32,0.6429,0.4375,12,14,0.8571,null,103.679,95.0243,1.97944,87.8964,5.66962,1.63897,4.03066,4.19051,14.6543,0.996565,3.19395,1.4571,2.1143,3.5714,0.9143,0.2286,0.4286,4.7714,"C",0,"2007-02-13"],"games":35,"notes":"C","projection":0,"advanced_stats":{"tov_pg":0.8571428571428571,"usage_pct":0.16051428571428575,"plus_minus_pg":3.5142857142857142,"mins_pct":0.343,"is_qualified":true}}]}