{"bart_player_id":134744,"seasons":[{"year":2026,"team_name":"Chicago St.","team_conference":"NEC","class":"Sr","raw_row":["Corey Sands","Chicago St.","NEC",29,41.5,93.3,11.1,40.2,42.88,3.5,10,6.7,12.7,11,15,0.733,13,32,0.406,16,60,0.267,0,1.5,16.3,"Sr","6-4",10,-0.739968,80.3549,2.9,2026,134744,"Nassau, Bahamas",null,1.50000004,10,16,3,16,"0.6250",0.1875,0,0,null,null,119.885,124.897,0.583372,69.2686,-6.00073,-3.18612,-2.81461,-7.28004,17.4667,-4.2704,-3.00963,0.5333,1.3667,"1.9000","0.6000",0.4333,"0.0000",2.8333,"Wing G",7.09347,"2003-10-15"],"games":29,"notes":"Wing G","projection":7.0935,"advanced_stats":{"tov_pg":0.4,"usage_pct":0.1295,"plus_minus_pg":-6.833333333333333,"mins_pct":0.406,"is_qualified":true}}]}