{"bart_player_id":134797,"seasons":[{"year":2026,"team_name":"UTSA","team_conference":"Amer","class":"Fr","raw_row":["Matheo Coffi","UTSA","Amer",28,48.4,104.8,11.5,53.5,53.71,8.9,17.4,8.2,23,6,11,0.545,25,48,0.521,14,38,0.368,4.1,1,12.8,"Fr","6-8",23,0.08587,93.6474,3.9,2026,134797,"Strasbourg, France",null,0.92588891,23,39,2,9,0.5897,0.2222,9,10,"0.9000",null,118.043,117.233,1.15013,93.4581,-2.07221,-2.18666,0.114449,-4.0087,19.0267,-2.6198,-1.38889,1.7667,3.0667,4.8333,0.8333,0.3333,0.7333,"3.8000","Stretch 4",4.02303,"2005-02-10"],"games":28,"notes":"Stretch 4","projection":4.023,"advanced_stats":{"tov_pg":0.9,"usage_pct":0.10703333333333331,"plus_minus_pg":-5.7,"mins_pct":0.475,"is_qualified":true}}]}