{"bart_player_id":134765,"seasons":[{"year":2026,"team_name":"Utah Tech","team_conference":"WAC","class":"Sr","raw_row":["Jusaun Holt","Utah Tech","WAC",30,76.6,97.6,23.6,49.1,54.29,4.2,10.9,19.3,25.4,80,98,0.816,62,158,0.392,52,127,0.409,2.4,1.4,34.4,"Sr","6-7",4,1.2898,104.018,2.7,2026,134765,"Tacoma, WA",null,1.07618335,40,96,22,62,0.4167,0.3548,4,4,"1.0000",null,111.957,114.198,2.23303,150.128,-2.30413,-1.21405,-1.09008,-1.9578,31.5667,-0.159666,-1.79814,1.0303,3.0909,4.1212,3.4242,0.8182,0.8182,"12.0000","Wing G",7.69851,"2003-10-15"],"games":30,"notes":"Wing G","projection":7.6985,"advanced_stats":{"tov_pg":3.1818181818181817,"usage_pct":0.22818181818181812,"plus_minus_pg":-0.09090909090909091,"mins_pct":0.746,"is_qualified":true}}]}