{"bart_player_id":134754,"seasons":[{"year":2026,"team_name":"Tarleton St.","team_conference":"WAC","class":"Jr","raw_row":["AJ Dent, Jr","Tarleton St.","WAC",2,2.2,111.6,18.2,60,60,0,0,0,12.4,0,0,0,3,5,0.6,2,5,0.4,0,2.3,0,"Jr","6-5",1,0.828387,111.466,3.2,2026,134754,"Thomasville, GA",null,"0.00000000",2,3,1,2,0.6667,"0.5000",0,0,null,null,113.613,102.615,1.37731,3.13342,-4.48796,-0.598182,-3.88978,0.256491,"12.5000",1.80502,-1.54853,"0.0000","0.0000","0.0000","0.0000","0.5000","0.0000","6.0000","Combo G",11.3293,"2004-10-15"],"games":2,"notes":"Combo G","projection":11.3293,"advanced_stats":{"tov_pg":0.5,"usage_pct":0.38749999999999996,"plus_minus_pg":-10.5,"mins_pct":0.019,"is_qualified":false}}]}