{"bart_player_id":134799,"seasons":[{"year":2026,"team_name":"Alabama","team_conference":"SEC","class":"Fr","raw_row":["Collins Onyejiaka","Alabama","SEC",2,0.7,47.2,26.8,50,33.9,11.1,51,0,42.8,0,2,0,1,2,0.5,0,0,0,0,0,100,"Fr","6-11",34,-0.672048,51.1609,17,2026,134799,"Putnam, CT",68.4,"0.00000000",1,2,0,0,"0.5000",null,1,1,"1.0000",null,95.9344,92.0014,0.690959,2.90494,-25.7177,-18.9402,-6.77748,-18.8367,"4.7000",-17.1245,-1.71229,"0.5000","2.5000","3.0000","0.0000","0.0000","0.0000","1.0000","C",0,"2006-10-15"],"games":2,"notes":"C","projection":0,"advanced_stats":{"tov_pg":1,"usage_pct":0.231,"plus_minus_pg":-6.5,"mins_pct":0.006,"is_qualified":false}}]}