{"bart_player_id":134792,"seasons":[{"year":2026,"team_name":"North Texas","team_conference":"Amer","class":"Jr","raw_row":["Buddy Hammer Jr.","North Texas","Amer",28,31.1,117.1,15.9,50.8,60.27,11.3,11.8,5.5,17.3,49,64,0.766,24,46,0.522,6,19,0.316,4.5,1.8,98.5,"Jr","6-7",23,0.92589,111.615,7.2,2026,134792,"Westville, OK",null,0.66666667,19,32,5,14,0.5938,0.3571,7,7,"1.0000",null,102.136,100.956,1.60729,66.5036,1.69301,-0.491025,2.18403,-0.452834,14.1862,-2.1995,1.74666,1.4138,1.3793,2.7931,0.4138,0.4828,0.4828,4.1034,"Stretch 4",2.90694,"2004-10-15"],"games":28,"notes":"Stretch 4","projection":2.9069,"advanced_stats":{"tov_pg":0.6206896551724138,"usage_pct":0.13558620689655168,"plus_minus_pg":0.10344827586206896,"mins_pct":0.305,"is_qualified":true}}]}