{"bart_player_id":134756,"seasons":[{"year":2026,"team_name":"Tarleton St.","team_conference":"WAC","class":"Fr","raw_row":["Leroy Kelly IV","Tarleton St.","WAC",18,34,102,13.5,44.6,48.53,3,13.6,9.6,14,19,27,0.704,22,43,0.512,10,40,0.25,0,4.7,32.5,"Fr","6-2",4,0.180497,94.8249,4,2026,134756,"Dallas, TX",60.8,1.70596606,13,22,9,21,0.5909,0.4286,0,0,null,null,102.984,105.048,2.15411,81.0113,1.83014,-0.0184863,1.84863,-0.196574,21.7182,-2.31405,2.11748,0.7273,2.4545,3.1818,1.3182,2.1364,"0.0000",5.8182,"Combo G",5.86457,"2006-10-15"],"games":18,"notes":"Combo G","projection":5.8646,"advanced_stats":{"tov_pg":0.7727272727272727,"usage_pct":0.14172727272727273,"plus_minus_pg":3.3636363636363638,"mins_pct":0.368,"is_qualified":true}}]}