{"bart_player_id":134753,"seasons":[{"year":2026,"team_name":"Georgia","team_conference":"SEC","class":"Fr","raw_row":["Kareem Stagg","Georgia","SEC",33,31.7,114.8,16.9,57.5,61.15,5.6,14.2,7.5,19.7,34,45,0.756,39,57,0.684,15,50,0.3,3.1,1.5,42.1,"Fr","6-8",1,0.942573,113.81,3.5,2026,134753,"Chesapeake, VA",85.4,0.76926012,35,47,4,10,0.7447,"0.4000",22,24,0.9167,null,108.295,101.905,1.42709,75.9259,2.47313,1.65342,0.819703,2.19633,12.8606,1.37399,0.82234,0.6667,1.7273,2.3939,0.6061,0.3636,0.3939,4.7576,"Wing F",6.38706,"2007-08-28"],"games":33,"notes":"Wing F","projection":6.3871,"advanced_stats":{"tov_pg":0.7878787878787878,"usage_pct":0.16821212121212126,"plus_minus_pg":2.8484848484848486,"mins_pct":0.317,"is_qualified":true}}]}