{"bart_player_id":134740,"seasons":[{"year":2026,"team_name":"Texas A&M","team_conference":"SEC","class":"Fr","raw_row":["Jeremiah Green","Texas A&M","SEC",8,2.4,103.8,13.6,30,50.72,0,3.3,17.7,24.4,4,4,1,0,2,0,1,3,0.333,0,3.3,80,"Fr","6-3",10,-0.0235893,90.7349,4.8,2026,134740,"Argyle, TX",79.6,"2.00000000",0,2,0,0,"0.0000",null,0,0,null,null,110.281,116.905,0.252235,5.42317,-2.23434,-1.96353,-0.270813,-6.03446,4.1625,-5.1925,-0.841969,"0.0000","0.1250","0.1250","0.5000","0.2500","0.0000","0.8750","Pure PG",4.97187,"2006-10-15"],"games":8,"notes":"Pure PG","projection":4.9719,"advanced_stats":{"tov_pg":0.25,"usage_pct":0.10124999999999999,"plus_minus_pg":0.625,"mins_pct":0.024,"is_qualified":false}}]}