{"bart_player_id":134782,"seasons":[{"year":2026,"team_name":"Tennessee Martin","team_conference":"OVC","class":"Fr","raw_row":["Ty Price","Tennessee Martin","OVC",15,4.7,96.4,24.6,45.5,52.33,0,7.7,3.9,21.6,7,8,0.875,1,4,0.25,6,18,0.333,0,1.1,36.4,"Fr","5-10",22,0.0929404,99.4413,7.7,2026,134782,"Morgantown, KY",null,0.55559999,1,1,0,3,"1.0000","0.0000",0,0,null,null,104.047,110.628,0.311942,7.71821,-11.0496,-5.8635,-5.18605,-7.71339,5.6778,-5.30705,-2.40635,"0.0000",0.3333,0.3333,0.2778,0.1111,0.0556,2.4444,"Wing G",19.2038,"2006-10-15"],"games":15,"notes":"Wing G","projection":19.2038,"advanced_stats":{"tov_pg":0.5,"usage_pct":2.8558333333333334,"plus_minus_pg":2.888888888888889,"mins_pct":0.078,"is_qualified":false}}]}