{"bart_player_id":134764,"seasons":[{"year":2026,"team_name":"Lamar","team_conference":"Slnd","class":"Jr","raw_row":["Rob Lee, Jr.","Lamar","Slnd",29,71.5,112.2,26,51.7,55.24,1.6,11.7,15.4,12.6,75,93,0.806,96,203,0.473,65,171,0.38,0.3,1.1,24.9,"Jr","6-2",24,2.675,119.331,3.3,2026,134764,"Flint, MI",null,1.31917415,38,82,58,121,0.4634,0.4793,2,2,"1.0000",null,110.489,113.042,2.11572,116.872,-1.58834,1.42204,-3.01038,1.8139,28.1968,3.06358,-1.24967,0.3871,2.8065,3.1935,"2.0000",0.6129,0.0968,16.0323,"Combo G",12.4854,"2004-10-15"],"games":29,"notes":"Combo G","projection":12.4854,"advanced_stats":{"tov_pg":1.5161290322580645,"usage_pct":0.28035483870967737,"plus_minus_pg":1.2258064516129032,"mins_pct":0.701,"is_qualified":true}}]}