{"bart_player_id":134716,"seasons":[{"year":2026,"team_name":"Virginia Tech","team_conference":"ACC","class":"Fr","raw_row":["Neoklis Avdalas","Virginia Tech","ACC",31,74.7,101.9,23.5,46,49.09,0.4,11,26.9,17.7,68,101,0.673,80,178,0.449,49,156,0.314,1.9,1.1,30.2,"Fr","6-9",17,1.89825,110.046,1.7,2026,134716,"Kalamata, Greece",97.2,2.05795656,49,74,31,104,0.6622,0.2981,7,8,"0.8750",null,110.587,104.858,3.16881,147.036,0.869969,0.463673,0.406296,1.60575,31.6935,1.33395,0.271806,0.0968,"3.0000",3.0968,4.5806,0.5806,0.5484,12.0968,"Wing F",9.37492,"2006-02-04"],"games":31,"notes":"Wing F","projection":9.3749,"advanced_stats":{"tov_pg":2.225806451612903,"usage_pct":0.2308387096774194,"plus_minus_pg":4.032258064516129,"mins_pct":0.747,"is_qualified":true}}]}