{"bart_player_id":134737,"seasons":[{"year":2026,"team_name":"Kent St.","team_conference":"MAC","class":"Fr","raw_row":["Omer Hamama","Kent St.","MAC",21,10.7,94.6,19,39.1,46.26,0.8,12.1,34.5,29.4,9,10,0.9,11,23,0.478,1,9,0.111,0,2.4,31.3,"Fr","6-2",54,-0.020228,91.4769,3.2,2026,134737,"Rishon Lzion, Israel",null,1.70599385,8,16,3,7,"0.5000",0.4286,0,0,null,null,110.84,109.494,0.564599,24.4868,-6.76923,-4.63359,-2.13564,-5.35789,7.5565,-4.46996,-0.887933,0.0435,0.8261,0.8696,1.2609,0.2609,"0.0000",1.8261,"Pure PG",3.57021,"2006-10-15"],"games":21,"notes":"Pure PG","projection":3.5702,"advanced_stats":{"tov_pg":0.7391304347826086,"usage_pct":0.1555217391304348,"plus_minus_pg":0.6956521739130435,"mins_pct":0.125,"is_qualified":false}}]}