{"bart_player_id":134704,"seasons":[{"year":2026,"team_name":"Stony Brook","team_conference":"CAA","class":"Sr","raw_row":["Ethan Simmon","Stony Brook","CAA",26,34.1,119.1,14.9,60.4,61.44,1.4,8.1,4,8.7,17,25,0.68,22,38,0.579,30,73,0.411,1.4,1.6,22.5,"Sr","6-5",7,0.971872,110.181,2.9,2026,134704,"Edison, NJ",null,1.11107662,16,23,6,15,0.6957,"0.4000",0,0,null,null,111.592,114.489,1.08457,59.6922,-1.9746,-0.190527,-1.78407,0.435091,"15.5500",0.61051,-0.175419,0.1786,1.1429,1.3214,0.3571,0.4286,0.2143,"5.7500","Wing G",10.5687,"2003-10-15"],"games":26,"notes":"Wing G","projection":10.5687,"advanced_stats":{"tov_pg":0.32142857142857145,"usage_pct":0.1791071428571429,"plus_minus_pg":-1,"mins_pct":0.337,"is_qualified":true}}]}