{"bart_player_id":134701,"seasons":[{"year":2026,"team_name":"New Haven","team_conference":"NEC","class":"Sr","raw_row":["Kyle Kearson","New Haven","NEC",18,10.1,83.8,13,38.1,37.9,3.3,22.5,10.7,12.9,1,3,0.333,2,9,0.222,4,12,0.333,0,1.7,14.3,"Sr","6-4",25,-0.439891,72.1568,2.5,2026,134701,"West Haven, CT",null,2.33312219,2,8,0,1,"0.2500","0.0000",0,0,null,null,105.067,110.989,0.508833,19.7234,-7.08368,-6.13279,-0.950898,-5.10634,6.8263,-4.79203,-0.314308,0.1579,1.2105,1.3684,0.3684,0.1579,"0.0000",1.2632,"Wing G",6.67119,"2003-10-15"],"games":18,"notes":"Wing G","projection":6.6712,"advanced_stats":{"tov_pg":0.15789473684210525,"usage_pct":0.12294736842105265,"plus_minus_pg":0.9473684210526315,"mins_pct":0.105,"is_qualified":false}}]}