{"bart_player_id":134875,"seasons":[{"year":2026,"team_name":"Gardner Webb","team_conference":"BSth","class":"Fr","raw_row":["Spence Sims","Gardner Webb","BSth",29,59.5,102.6,18.9,58.3,59.56,0.8,7.8,7.1,19.3,23,31,0.742,32,70,0.457,65,152,0.428,0.2,1,14,"Fr","6-1",1,0.704495,100.618,2.9,2026,134875,"Fairhope, AL",null,0.48073846,18,39,14,31,0.4615,0.4516,0,0,null,null,126.73,127.88,0.554101,89.4815,-5.94969,-1.22208,-4.72761,-4.25244,24.5219,-0.462999,-3.78945,0.2188,1.7188,1.9375,0.7812,0.4062,0.0312,9.9375,"Combo G",12.0142,"2006-10-15"],"games":29,"notes":"Combo G","projection":12.0142,"advanced_stats":{"tov_pg":1.625,"usage_pct":0.20071874999999995,"plus_minus_pg":-10.8125,"mins_pct":0.595,"is_qualified":true}}]}