{"bart_player_id":134804,"seasons":[{"year":2026,"team_name":"UC Davis","team_conference":"BW","class":"Fr","raw_row":["Chase Rawlins","UC Davis","BW",17,5.7,84.4,17.9,56.3,54.63,4.9,5,16.4,35,0,1,0,6,12,0.5,2,4,0.5,1.6,1.6,6.3,"Fr","6-5",8,-0.140338,82.668,2.2,2026,134804,"Folsom, CA",null,1.30001895,6,10,0,2,"0.6000","0.0000",0,0,null,null,110.723,112.088,0.322344,10.4532,-6.41434,-5.64089,-0.77345,-3.4987,"5.6000",-2.29219,-1.20652,0.1579,0.2105,0.3684,0.6842,0.2632,0.1053,1.5789,"Scoring PG",3.14363,"2006-10-15"],"games":17,"notes":"Scoring PG","projection":3.1436,"advanced_stats":{"tov_pg":0.5263157894736842,"usage_pct":0.18668421052631579,"plus_minus_pg":0,"mins_pct":0.081,"is_qualified":false}}]}