{"bart_player_id":134843,"seasons":[{"year":2026,"team_name":"Wagner","team_conference":"NEC","class":"Fr","raw_row":["Elijah Brown","Wagner","NEC",19,9.4,107.8,11.6,58.3,59.95,2.2,3.3,3.6,19.7,4,6,0.667,6,13,0.462,3,5,0.6,0,1.1,33.3,"Fr","6-4",3,0.00186301,92.4647,7.1,2026,134843,"Atlantic City, NJ",null,0.40000001,6,10,0,3,"0.6000","0.0000",0,0,null,null,115.101,122.056,0.237554,13.0946,-6.48293,-3.48441,-2.99852,-7.92941,"5.9250",-5.71551,-2.2139,"0.1500","0.1500","0.3000","0.1000","0.2000","0.0000","1.6000","Wing G",2.85879,"2006-10-15"],"games":19,"notes":"Wing G","projection":2.8588,"advanced_stats":{"tov_pg":0.25,"usage_pct":0.09605,"plus_minus_pg":-2.75,"mins_pct":0.094,"is_qualified":false}}]}