{"bart_player_id":134880,"seasons":[{"year":2026,"team_name":"Siena","team_conference":"MAAC","class":"Sr","raw_row":["Antonio Chandler","Siena","MAAC",29,45.7,132.3,15.2,64.5,66.18,12.3,17.9,3.4,10.2,44,63,0.698,83,124,0.669,1,7,0.143,2.8,1.6,48.1,"Sr","6-6",2,2.14737,120.447,3.6,2026,134880,"Piscataway, NJ",null,0.68751133,81,114,2,10,0.7105,"0.2000",22,23,0.9565,null,100.933,106.902,2.10053,117.631,1.65617,1.16482,0.491351,1.99427,22.1345,1.8591,0.135175,2.1724,3.3793,5.5517,0.3793,0.5517,0.5172,7.3448,"PF/C",0.680409,"2003-10-15"],"games":29,"notes":"PF/C","projection":0.6804,"advanced_stats":{"tov_pg":0.5517241379310345,"usage_pct":0.14513793103448278,"plus_minus_pg":3.1724137931034484,"mins_pct":0.456,"is_qualified":true}}]}