{"bart_player_id":134856,"seasons":[{"year":2026,"team_name":"Radford","team_conference":"BSth","class":"Fr","raw_row":["Gabriel Ferreira","Radford","BSth",8,3.3,95.2,16.5,27.3,31.01,19.2,26.6,0,0,2,4,0.5,3,11,0.273,0,0,0,2.8,0,36.4,"Fr","6-10",12,-0.0833966,87.4633,6.1,2026,134856,"San Jose, Brazil",null,"0.50000000",3,10,0,1,"0.3000","0.0000",2,3,0.6667,null,109.045,113.55,0.353972,7.37421,-16.1233,-8.18738,-7.9359,-10.2155,8.0545,-4.88526,-5.33028,1.0909,1.7273,2.8182,0.0909,0.1818,0.5455,2.6364,"C",0,"2006-10-15"],"games":8,"notes":"C","projection":0,"advanced_stats":{"tov_pg":0.18181818181818182,"usage_pct":0.13718181818181818,"plus_minus_pg":3.4545454545454546,"mins_pct":0.068,"is_qualified":false}}]}