{"bart_player_id":134860,"seasons":[{"year":2026,"team_name":"Weber St.","team_conference":"BSky","class":"Jr","raw_row":["Tijan Saine Jr.","Weber St.","BSky",30,83.1,123.9,24.5,52.2,60.73,1,7.3,25,12.9,170,190,0.895,111,216,0.514,50,140,0.357,0,1.8,53.4,"Jr","5-10",3,4.22302,128.987,2,2026,134860,"Everett, WA",null,2.36204134,90,164,21,52,0.5488,0.4038,0,0,null,null,115.274,116.581,2.05127,145.877,1.38879,4.42067,-3.03189,3.12037,32.6219,4.45219,-1.33182,0.2812,1.9688,"2.2500",4.2812,1.0938,"0.0000",17.5312,"Scoring PG",7.91004,"2004-10-15"],"games":30,"notes":"Scoring PG","projection":7.91,"advanced_stats":{"tov_pg":1.8125,"usage_pct":0.2453125,"plus_minus_pg":1.75,"mins_pct":0.806,"is_qualified":true}}]}