{"bart_player_id":134821,"seasons":[{"year":2026,"team_name":"Canisius","team_conference":"MAAC","class":"Fr","raw_row":["Zach Christian","Canisius","MAAC",7,1.2,55.8,18.8,37.5,33.52,0,8.5,0,23,0,1,0,0,2,0,1,2,0.5,0,4.3,25,"Fr","6-3",6,-0.259198,56.0571,5.6,2026,134821,"Grand Island, NY",null,"0.00000000",0,0,0,2,null,"0.0000",0,0,null,null,107.207,108.411,0.185292,2.68836,-13.4951,-10.7402,-2.75493,-8.37684,"2.3250",-7.89772,-0.479122,"0.1250","0.1250","0.2500","0.0000","0.2500","0.0000","0.3750","Combo G",8.60969,"2006-10-15"],"games":7,"notes":"Combo G","projection":8.6097,"advanced_stats":{"tov_pg":0.25,"usage_pct":0.212625,"plus_minus_pg":0.5,"mins_pct":0.015,"is_qualified":false}}]}