{"bart_player_id":134847,"seasons":[{"year":2026,"team_name":"New Haven","team_conference":"NEC","class":"Fr","raw_row":["Tristan Burth","New Haven","NEC",17,9.2,86.2,13.6,37.5,39.46,9.6,11.1,2,13.4,4,9,0.444,6,16,0.375,0,0,0,3.5,1.2,56.3,"Fr","6-8",20,-0.308975,77.7429,7.7,2026,134847,"Bronx, NY",null,"1.00000000",4,9,2,7,0.4444,0.2857,1,2,"0.5000",null,107.531,113.094,0.44944,16.2724,-8.5498,-7.455,-1.09481,-8.97302,7.1263,-7.99329,-0.979728,0.7368,"1.0000",1.7368,0.2105,0.1053,0.2105,1.5789,"C",0,"2006-10-15"],"games":17,"notes":"C","projection":0,"advanced_stats":{"tov_pg":0.21052631578947367,"usage_pct":0.11478947368421051,"plus_minus_pg":0.8421052631578947,"mins_pct":0.109,"is_qualified":false}}]}