{"bart_player_id":134878,"seasons":[{"year":2026,"team_name":"Delaware","team_conference":"CUSA","class":"Fr","raw_row":["Mason Ellison","Delaware","CUSA",6,9.9,69.2,17,38.5,38.59,0,8.8,8.3,21.4,3,8,0.375,7,16,0.438,2,10,0.2,0,2.1,30.8,"Fr","6-4",1,-1.83909,66.109,5.6,2026,134878,"Edgewood, MD",null,0.66664077,3,10,4,6,"0.3000",0.6667,0,0,null,null,116.116,118.412,1.11748,17.2651,-10.9414,-7.67543,-3.26595,-12.7423,21.2429,-9.83729,-2.90497,"0.0000",1.2857,1.2857,0.8571,0.7143,"0.0000",4.7143,"Combo G",5.17957,"2006-10-15"],"games":6,"notes":"Combo G","projection":5.1796,"advanced_stats":{"tov_pg":1.2857142857142858,"usage_pct":0.16885714285714284,"plus_minus_pg":-8.714285714285714,"mins_pct":0.117,"is_qualified":false}}]}