{"bart_player_id":134840,"seasons":[{"year":2026,"team_name":"Massachusetts","team_conference":"MAC","class":"Fr","raw_row":["Danny Carbuccia","Massachusetts","MAC",32,67.6,102.3,18.4,45.9,45.18,0.8,7,38.2,20.9,24,63,0.381,76,154,0.494,13,54,0.241,0.3,2,30.3,"Fr","5-11",0,0.591043,98.6656,3.4,2026,134840,"White Plains, NY",72.4,3.23435081,71,125,5,29,"0.5680",0.1724,0,0,null,null,111.61,112.837,2.02074,138.141,-4.33276,-1.54647,-2.78629,-2.64513,27.5667,-1.74008,-0.905053,0.2424,1.6061,1.8485,6.2727,"1.0000",0.0606,6.8485,"Pure PG",3.4146,"2006-02-23"],"games":32,"notes":"Pure PG","projection":3.4146,"advanced_stats":{"tov_pg":1.9393939393939394,"usage_pct":0.16487878787878785,"plus_minus_pg":1.6363636363636365,"mins_pct":0.674,"is_qualified":true}}]}