{"bart_player_id":134811,"seasons":[{"year":2026,"team_name":"Sacred Heart","team_conference":"MAAC","class":"Fr","raw_row":["Abdou Yadd","Sacred Heart","MAAC",25,28.9,84.8,24.9,45.6,47.63,3.4,14.6,8,22.2,16,22,0.727,34,69,0.493,22,78,0.282,0.6,1.6,15,"Fr","6-9",11,-0.254994,87.3942,5.8,2026,134811,"Dakar, Senegal",52.8,"0.42853960",21,40,13,29,"0.5250",0.4483,1,2,"0.5000",null,113.305,118.255,0.826032,62.5558,-9.88617,-5.7772,-4.10896,-9.39144,14.8808,-6.53292,-2.85852,"0.5000",1.9615,2.4615,0.5769,0.3846,0.0769,6.1538,"Stretch 4",12.3032,"2005-05-21"],"games":25,"notes":"Stretch 4","projection":12.3032,"advanced_stats":{"tov_pg":1.3461538461538463,"usage_pct":0.2566923076923077,"plus_minus_pg":-3.576923076923077,"mins_pct":0.292,"is_qualified":true}}]}