{"bart_player_id":134889,"seasons":[{"year":2026,"team_name":"Air Force","team_conference":"MWC","class":"Fr","raw_row":["Lucas Hobin","Air Force","MWC",32,72.5,97.3,20.8,47.5,52.8,1.1,7.4,5,12.9,80,96,0.833,38,81,0.469,70,220,0.318,0.5,0.8,31.9,"Fr","6-8",24,0.827166,100.592,3,2026,134889,"Katy, TX",null,0.47619048,25,48,13,33,0.5208,0.3939,3,5,"0.6000",null,123.498,120.106,1.43453,111.141,-5.14491,-1.21399,-3.93092,-4.75999,28.9875,-1.54923,-3.21076,"0.2500",1.7188,1.9688,"0.6250","0.3750","0.1250",11.4375,"Wing F",14.0103,"2006-10-15"],"games":32,"notes":"Wing F","projection":14.0103,"advanced_stats":{"tov_pg":1.3125,"usage_pct":0.22806250000000003,"plus_minus_pg":-13.46875,"mins_pct":0.724,"is_qualified":true}}]}