{"bart_player_id":134806,"seasons":[{"year":2026,"team_name":"UC Davis","team_conference":"BW","class":"Fr","raw_row":["Abdullah Amzil","UC Davis","BW",14,2.4,91.3,11.5,30,30,7.9,11.8,17,16.4,0,0,0,0,1,0,1,4,0.25,0,1.9,0,"Fr","6-7",14,-0.0781391,81.636,2.7,2026,134806,"Helsinki, Finland",null,"5.00000000",0,0,0,1,null,"0.0000",0,0,null,null,108.26,110.039,0.177138,4.97089,-3.23123,-2.83151,-0.399721,-1.8337,2.8313,-2.01606,0.182365,0.1875,"0.2500",0.4375,0.3125,0.0625,"0.0000",0.4375,"Scoring PG",7.46612,"2006-10-15"],"games":14,"notes":"Scoring PG","projection":7.4661,"advanced_stats":{"tov_pg":0.0625,"usage_pct":0.06375,"plus_minus_pg":0.3125,"mins_pct":0.035,"is_qualified":false}}]}