{"bart_player_id":134861,"seasons":[{"year":2026,"team_name":"Charleston","team_conference":"CAA","class":"So","raw_row":["Will Mortimore","Charleston","CAA",7,4,121.6,17,55.6,63.27,11.5,20.4,0,13.5,8,11,0.727,5,9,0.556,0,0,0,2.2,3.5,122.2,"So","6-10",15,0.531721,113.566,9.5,2026,134861,"Maitland, Australia",null,"0.00000000",5,7,0,2,0.7143,"0.0000",0,0,null,null,99.4323,99.4796,0.875113,12.0912,-4.59608,-2.55143,-2.04465,-0.670499,7.2286,-3.17863,2.50813,0.7143,1.4286,2.1429,"0.0000",0.4286,0.1429,2.5714,"C",0,"2005-10-15"],"games":7,"notes":"C","projection":0,"advanced_stats":{"tov_pg":0.2857142857142857,"usage_pct":0.12914285714285714,"plus_minus_pg":-0.42857142857142855,"mins_pct":0.039,"is_qualified":false}}]}