{"bart_player_id":134814,"seasons":[{"year":2026,"team_name":"Howard","team_conference":"MEAC","class":"Fr","raw_row":["Shane Frazier","Howard","MEAC",8,1.1,56.7,16.6,25,25,0,8.5,13.2,25.4,0,0,0,1,2,0.5,0,2,0,0,0,0,"Fr","6-5",5,-0.237971,52.3217,2.9,2026,134814,"Los Angeles, CA",null,"1.00000000",1,1,0,1,"1.0000","0.0000",0,0,null,null,108.292,115.55,0.111822,1.63121,-15.1952,-10.548,-4.64723,-18.6685,2.1909,-12.0109,-6.65764,"0.0000",0.0909,0.0909,0.0909,0.0909,"0.0000",0.8182,"Stretch 4",8.44563,"2006-10-15"],"games":8,"notes":"Stretch 4","projection":8.4456,"advanced_stats":{"tov_pg":0.09090909090909091,"usage_pct":0.20700000000000002,"plus_minus_pg":-1.6363636363636365,"mins_pct":0.017,"is_qualified":false}}]}