{"bart_player_id":134835,"seasons":[{"year":2026,"team_name":"Southern Indiana","team_conference":"OVC","class":"Jr","raw_row":["Kaden Brown","Southern Indiana","OVC",11,28.4,96.2,21.1,46,50.46,1.9,7,11.7,18.8,30,44,0.682,11,25,0.44,23,74,0.311,0.3,2,44.4,"Jr","6-0",0,0.177691,94.145,2.6,2026,134835,"Grand Rapids, MI",null,0.91306805,8,14,3,11,0.5714,0.2727,0,0,null,null,111.117,114.337,2.00311,45.837,-4.75019,-1.77249,-2.97771,-4.3582,28.2923,-2.69373,-1.66447,0.4615,2.0769,2.5385,1.6154,1.0769,0.0769,11.0769,"Combo G",13.3581,"2004-10-15"],"games":11,"notes":"Combo G","projection":13.3581,"advanced_stats":{"tov_pg":1.7692307692307692,"usage_pct":0.20961538461538462,"plus_minus_pg":-5.153846153846154,"mins_pct":0.304,"is_qualified":true}}]}