{"bart_player_id":134862,"seasons":[{"year":2026,"team_name":"Texas A&M Corpus Chris","team_conference":"Slnd","class":"Fr","raw_row":["Devon Kobi Pearson","Texas A&M Corpus Chris","Slnd",28,19.5,94.8,20.8,57.5,56.3,7.3,15.1,6.6,24,19,38,0.5,26,45,0.578,3,8,0.375,2.6,1.6,71.7,"Fr","6-8",5,0.0878299,95.5055,6.9,2026,134862,"Lancaster, TX",null,0.43482949,24,40,2,5,"0.6000","0.4000",9,10,"0.9000",null,103.682,105.235,0.815575,39.3858,-3.02255,-3.65321,0.630661,-3.23335,8.9226,-3.98836,0.755018,0.5806,1.1935,1.7742,0.3226,0.2581,0.2258,3.0968,"Wing F",2.10025,"2006-10-15"],"games":28,"notes":"Wing F","projection":2.1003,"advanced_stats":{"tov_pg":0.7419354838709677,"usage_pct":0.19764516129032259,"plus_minus_pg":0.4838709677419355,"mins_pct":0.208,"is_qualified":false}}]}