{"bart_player_id":134844,"seasons":[{"year":2026,"team_name":"Sacramento St.","team_conference":"BSky","class":"Fr","raw_row":["Mark Lavrenov","Sacramento St.","BSky",28,68.7,114.9,19.1,46.5,56.04,10.6,18.9,3.3,10.9,108,131,0.824,80,168,0.476,9,33,0.273,1.1,0.9,65.2,"Fr","6-8",32,2.00018,113.346,4.8,2026,134844,"Rocklin, CA",null,0.45159999,61,118,19,50,0.5169,"0.3800",1,1,"1.0000",null,116.2,115.507,1.79832,129.467,-4.33289,-1.22743,-3.10546,-3.88957,25.8871,-0.963732,-2.92584,2.5806,4.4516,7.0323,0.4516,0.3871,0.2903,9.9355,"PF/C",2.36319,"2006-10-15"],"games":28,"notes":"PF/C","projection":2.3632,"advanced_stats":{"tov_pg":1,"usage_pct":0.18303225806451612,"plus_minus_pg":-4.193548387096774,"mins_pct":0.644,"is_qualified":true}}]}