{"bart_player_id":134879,"seasons":[{"year":2026,"team_name":"Delaware","team_conference":"CUSA","class":"Fr","raw_row":["Jayden Taylor","Delaware","CUSA",30,37.6,111.6,11.1,62.5,63.35,6.2,12.5,3.1,19.7,19,30,0.633,29,45,0.644,4,11,0.364,3.7,0.7,53.6,"Fr","6-8",11,0.264784,97.4417,3.3,2026,134879,"Newark, DE",null,0.41174325,29,39,0,6,0.7436,"0.0000",8,8,"1.0000",null,115.971,117.456,0.882616,66.1325,-4.39466,-3.24461,-1.15005,-4.33662,15.2161,-3.11771,-1.21891,0.7419,1.6774,2.4194,0.2258,0.1613,0.4839,3.0645,"Wing F",1.50015,"2006-10-15"],"games":30,"notes":"Wing F","projection":1.5002,"advanced_stats":{"tov_pg":0.5483870967741935,"usage_pct":0.10235483870967743,"plus_minus_pg":-4.290322580645161,"mins_pct":0.373,"is_qualified":true}}]}