{"bart_player_id":134887,"seasons":[{"year":2026,"team_name":"Green Bay","team_conference":"Horz","class":"Fr","raw_row":["Maruan Cicic","Green Bay","Horz",19,16.7,92.4,14.1,54.3,55.41,7.9,10.6,1.8,27.3,5,8,0.625,19,34,0.559,0,1,0,1.8,0.9,22.9,"Fr","7-0",20,-0.3028,84.3561,7.5,2026,134887,"Hoosick Falls, NY",null,0.23085622,16,24,3,10,0.6667,"0.3000",2,2,"1.0000",null,118.633,116.571,0.672069,29.2366,-6.21031,-4.2537,-1.95662,-7.70046,11.5143,-6.34782,-1.35264,0.6667,1.0952,1.7619,0.1429,0.1429,0.1905,2.8095,"C",0.294964,"2006-07-14"],"games":19,"notes":"C","projection":0.295,"advanced_stats":{"tov_pg":0.6190476190476191,"usage_pct":0.14166666666666666,"plus_minus_pg":-0.047619047619047616,"mins_pct":0.181,"is_qualified":false}}]}