{"bart_player_id":134812,"seasons":[{"year":2026,"team_name":"Howard","team_conference":"MEAC","class":"Fr","raw_row":["River Smith","Howard","MEAC",8,1,70.9,16.7,100,76.92,9.2,9,0,53.4,1,2,0.5,1,1,1,0,0,0,0,0,200,"Fr","5-10",9,-0.146185,66.443,12.3,2026,134812,"Englewood, NJ",null,"0.20000000",1,1,0,0,"1.0000",null,0,0,null,null,106.855,111.021,0.131651,1.697,-14.408,-9.41709,-4.99088,-19.0223,"2.1000",-13.9948,-5.02747,0.0909,0.2727,0.3636,0.0909,0.0909,"0.0000",0.2727,"PF/C",0,"2006-10-15"],"games":8,"notes":"PF/C","projection":0,"advanced_stats":{"tov_pg":0.45454545454545453,"usage_pct":0.18890909090909094,"plus_minus_pg":-2.3636363636363638,"mins_pct":0.016,"is_qualified":false}}]}