{"bart_player_id":134836,"seasons":[{"year":2026,"team_name":"Stephen F. Austin","team_conference":"Slnd","class":"Jr","raw_row":["Tichyque Musaka","Stephen F. Austin","Slnd",6,1.2,129.2,23.2,50,46.08,44.9,7.7,0,0,1,3,0.333,2,4,0.5,0,0,0,7.3,0,75,"Jr","6-11",7,0.322745,129.326,5.3,2026,134836,"Durham, NC",null,"1.00000000",2,3,0,1,0.6667,"0.0000",0,0,null,null,105.046,110.71,0.206604,2.17615,-4.10781,2.67169,-6.7795,-2.21584,3.7125,3.93221,-6.14806,"1.2500","0.6250","1.8750","0.1250","0.1250","0.1250","1.6250","C",0,"2004-10-15"],"games":6,"notes":"C","projection":0,"advanced_stats":{"tov_pg":0.125,"usage_pct":0.149625,"plus_minus_pg":-1.25,"mins_pct":0.021,"is_qualified":false}}]}