{"bart_player_id":134894,"seasons":[{"year":2026,"team_name":"Weber St.","team_conference":"BSky","class":"Fr","raw_row":["Duce Paschal","Weber St.","BSky",29,28.1,92,17.5,40,43.51,4.7,17.8,8.6,16.3,17,25,0.68,26,60,0.433,8,35,0.229,1,3.7,26.3,"Fr","6-5",9,-0.196847,87.4885,4.9,2026,134894,"Portland, OR",null,1.22235611,21,41,5,19,0.5122,0.2632,0,1,"0.0000",null,107.102,108.175,1.05664,71.4587,-2.24826,-2.76757,0.519306,-3.36995,"12.7000",-3.91256,0.542606,0.6129,"1.8710",2.4839,0.7097,"0.8710",0.0968,3.6774,"Wing G",5.84808,"2006-10-15"],"games":29,"notes":"Wing G","projection":5.8481,"advanced_stats":{"tov_pg":0.5806451612903226,"usage_pct":0.16483870967741937,"plus_minus_pg":2.3548387096774195,"mins_pct":0.304,"is_qualified":true}}]}