{"bart_player_id":134833,"seasons":[{"year":2026,"team_name":"Kansas","team_conference":"B12","class":"Fr","raw_row":["Kohl Rosario","Kansas","B12",29,23.9,110.3,15.3,52.9,53.96,6.9,5.2,7,13.7,6,8,0.75,19,24,0.792,18,63,0.286,1.6,1.4,9.2,"Fr","6-5",7,0.76868,111.624,5,2026,134833,"Miami, FL",64.8,1.08337362,19,22,0,2,0.8636,"0.0000",12,12,"1.0000",null,106.161,98.2874,1.44033,48.6589,3.87258,2.3614,1.51118,1.52297,11.6034,-0.464846,1.98781,0.6897,0.6207,1.3103,0.4483,0.2759,0.1724,3.3793,"Wing G",10.9628,"2007-01-03"],"games":29,"notes":"Wing G","projection":10.9628,"advanced_stats":{"tov_pg":0.41379310344827586,"usage_pct":0.15113793103448275,"plus_minus_pg":1.4482758620689655,"mins_pct":0.238,"is_qualified":true}}]}