{"bart_player_id":134832,"seasons":[{"year":2026,"team_name":"Binghamton","team_conference":"AE","class":"Jr","raw_row":["Zyier Beverly","Binghamton","AE",26,56.2,103,23.7,58.7,60.27,6,15.9,3.6,18,61,96,0.635,110,187,0.588,3,8,0.375,6,1.3,49.2,"Jr","6-9",10,0.856374,102.578,4.4,2026,134832,"Spring, TX",null,0.21999884,100,153,10,34,0.6536,0.2941,52,57,0.9123,null,112.821,121.884,1.04719,112.156,-6.31326,-4.09052,-2.22275,-4.07291,25.0207,-2.06113,-2.01177,1.2414,3.6897,"4.9310",0.3793,0.6552,1.3448,11.8276,"PF/C",0.757016,"2004-10-15"],"games":26,"notes":"PF/C","projection":0.757,"advanced_stats":{"tov_pg":1.7241379310344827,"usage_pct":0.24982758620689657,"plus_minus_pg":-3.7241379310344827,"mins_pct":0.573,"is_qualified":true}}]}