{"bart_player_id":134824,"seasons":[{"year":2026,"team_name":"Western Carolina","team_conference":"SC","class":"Fr","raw_row":["Tayeshaun Smith","Western Carolina","SC",28,22.7,98.1,9.1,31.5,41.28,10.9,7.3,3.5,23.9,10,12,0.833,7,18,0.389,1,9,0.111,5.2,0.9,44.4,"Fr","6-7",21,-0.398768,80.1265,5.4,2026,134824,"Raleigh, NC",null,0.58324999,7,15,0,3,0.4667,"0.0000",2,3,0.6667,null,116.49,117.361,0.554005,40.0373,-1.1697,-2.50519,1.33549,-5.09478,9.6767,-4.52861,-0.566172,1.0667,"0.6000",1.6667,0.2333,0.1667,"0.4000","1.5000","PF/C",1.96626,"2006-10-15"],"games":28,"notes":"PF/C","projection":1.9663,"advanced_stats":{"tov_pg":0.4,"usage_pct":0.08183333333333334,"plus_minus_pg":-0.2,"mins_pct":0.232,"is_qualified":false}}]}