{"bart_player_id":134868,"seasons":[{"year":2026,"team_name":"Texas Southern","team_conference":"SWAC","class":"Sr","raw_row":["Jordan Gorecki","Texas Southern","SWAC",25,37.9,97.5,9.4,60.5,58.7,6.4,14,6.4,30.6,12,24,0.5,23,38,0.605,0,0,0,9.6,0.4,63.2,"Sr","6-10",34,-0.626503,81.7255,6.2,2026,134868,"Markham, Canada",null,0.77263061,21,31,2,7,0.6774,0.2857,14,16,"0.8750",null,111.105,114.907,1.14538,76.9306,-0.280938,-4.15973,3.87879,-4.25832,17.2769,-5.53184,1.27352,0.9231,2.2308,3.1538,0.6538,0.1154,1.3462,2.3077,"C",0,"2003-10-15"],"games":25,"notes":"C","projection":0,"advanced_stats":{"tov_pg":0.8461538461538461,"usage_pct":0.09265384615384617,"plus_minus_pg":0.038461538461538464,"mins_pct":0.368,"is_qualified":true}}]}