{"bart_player_id":134881,"seasons":[{"year":2026,"team_name":"UT Rio Grande Valley","team_conference":"Slnd","class":"Jr","raw_row":["Luis Ramirez","UT Rio Grande Valley","Slnd",1,0.2,0,0,0,0,0,47.9,0,0,0,0,0,0,0,0,0,0,0,0,0,0,"Jr","6-2",30,-0.782981,-5.73757,0,2026,134881,"Brownsville, TX",null,0.33329999,null,null,null,null,null,null,null,null,null,null,93.9258,94.2852,0.319901,0.590122,-11.0765,-8.34906,-2.72742,-8.12235,3.9667,-8.82186,0.699509,"0.0000",0.6667,0.6667,0.3333,"0.0000","0.0000",1.6667,"PF/C",0,"2004-10-15"],"games":1,"notes":"PF/C","projection":0,"advanced_stats":{"tov_pg":0,"usage_pct":0.11533333333333333,"plus_minus_pg":5.666666666666667,"mins_pct":0.009,"is_qualified":false}}]}