{"bart_player_id":134842,"seasons":[{"year":2026,"team_name":"Eastern Washington","team_conference":"BSky","class":"Fr","raw_row":["Cole Scherer","Eastern Washington","BSky",28,16.9,90,16.8,41.7,43.14,1.1,12.9,9.6,15.8,4,5,0.8,14,30,0.467,9,36,0.25,0.5,3.2,7.6,"Fr","6-2",11,-0.189005,85.2935,2.9,2026,134842,"Littleton, CO",null,1.30017404,6,14,8,16,0.4286,"0.5000",0,0,null,null,112.684,112.815,0.575823,38.7105,-3.48423,-2.46096,-1.02327,-3.59717,7.9621,-3.62798,0.030813,0.1034,0.8621,0.9655,0.4483,0.4138,0.0345,2.1379,"Combo G",9.52631,"2006-10-15"],"games":28,"notes":"Combo G","projection":9.5263,"advanced_stats":{"tov_pg":0.3448275862068966,"usage_pct":0.1580344827586207,"plus_minus_pg":0.3793103448275862,"mins_pct":0.173,"is_qualified":false}}]}