{"bart_player_id":134890,"seasons":[{"year":2026,"team_name":"Air Force","team_conference":"MWC","class":"Fr","raw_row":["Sam Imade","Air Force","MWC",10,2.6,82.7,13.8,40,40,0,3.7,0,0,0,0,0,1,6,0.167,2,4,0.5,0,0,0,"Fr","6-6",33,-0.148916,79.5575,0,2026,134890,"Cincinnati, OH",null,"0.00000000",1,3,0,3,0.3333,"0.0000",0,0,null,null,127.06,120.586,0.160213,3.11041,-12.4941,-6.27656,-6.21749,-6.85474,"3.3500",-1.64159,-5.21315,"0.0000","0.1000","0.1000","0.0000","0.0000","0.0000","0.8000","Wing G",7.10313,"2006-10-15"],"games":10,"notes":"Wing G","projection":7.1031,"advanced_stats":{"tov_pg":0,"usage_pct":0.27640000000000003,"plus_minus_pg":-1.4,"mins_pct":0.026,"is_qualified":false}}]}