{"bart_player_id":134938,"seasons":[{"year":2026,"team_name":"Pacific","team_conference":"WCC","class":"Fr","raw_row":["Carlsheon Young","Pacific","WCC",1,0.3,0,36.9,0,0,0,0,0,100,0,0,0,0,0,0,0,0,0,0,0,0,"Fr","6-4",3,-1.20913,-13.2232,36.4,2026,134938,"Oklahoma City, OK","69.0","0.00000000",null,null,null,null,null,null,null,null,null,null,111.376,115.487,0.216203,0.438335,-36.8836,-37.3152,0.431592,-57.165,"3.3000",-47.8871,-9.27792,"0.0000","0.0000","0.0000","0.0000","0.0000","0.0000","0.0000","PF/C",0,"2006-10-15"],"games":1,"notes":"PF/C","projection":0,"advanced_stats":{"tov_pg":2,"usage_pct":0.362,"plus_minus_pg":-6,"mins_pct":0.002,"is_qualified":false}}]}