{"bart_player_id":134935,"seasons":[{"year":2026,"team_name":"Green Bay","team_conference":"Horz","class":"Sr","raw_row":["Justin Allen","Green Bay","Horz",30,65.7,112.5,26.4,52.1,57.23,3.7,13.9,14.3,11.1,97,118,0.822,132,232,0.569,22,85,0.259,0.5,1.2,37.2,"Sr","6-4",7,2.44504,118.317,2.7,2026,134935,"Mount Kisco, NY",null,1.35887768,103,179,29,53,0.5754,0.5472,4,5,"0.8000",null,117.911,117.163,1.62036,119.531,-1.47792,1.19254,-2.67047,-0.53053,26.4344,1.61011,-2.14064,0.6875,2.9688,3.6562,1.6562,0.5312,0.0938,"13.6250","Wing G",6.37292,"2003-10-15"],"games":30,"notes":"Wing G","projection":6.3729,"advanced_stats":{"tov_pg":1.21875,"usage_pct":0.27721875000000007,"plus_minus_pg":-0.15625,"mins_pct":0.636,"is_qualified":true}}]}