{"bart_player_id":134985,"seasons":[{"year":2026,"team_name":"Baylor","team_conference":"B12","class":"Fr","raw_row":["Tounde Yessoufou","Baylor","B12",33,81.7,113,25.4,51.1,54.15,8.7,12,8.9,13.1,96,130,0.738,161,292,0.551,53,179,0.296,1.9,3.3,27.6,"Fr","6-5",24,4.04372,128.025,2.9,2026,134985,"Cotonou, Benin",97.4,0.84371013,74,108,87,184,0.6852,0.4728,19,21,0.9048,null,109.011,102.813,3.57849,202.652,5.2792,4.1473,1.1319,4.9158,32.6029,3.90119,1.0146,2.4118,3.4412,5.8529,1.5882,1.9706,0.6176,17.7941,"Wing G",9.58698,"2006-05-15"],"games":33,"notes":"Wing G","projection":9.587,"advanced_stats":{"tov_pg":1.8823529411764706,"usage_pct":0.2741176470588235,"plus_minus_pg":3.7941176470588234,"mins_pct":0.815,"is_qualified":true}}]}