{"bart_player_id":134966,"seasons":[{"year":2026,"team_name":"South Florida","team_conference":"Amer","class":"Jr","raw_row":["Wes Enis","South Florida","Amer",32,81,114.1,20.3,51.1,54.03,1.7,9.1,13.1,12.8,70,86,0.814,67,141,0.475,107,304,0.352,0.2,1.7,19.3,"Jr","6-2",2,2.77369,116.313,2.5,2026,134966,"Conover, OH",null,"1.50000000",54,105,13,36,0.5143,0.3611,0,0,null,null,107.823,105.571,3.33581,169.326,2.19143,2.44748,-0.256052,2.52101,34.0344,2.3106,0.210409,0.5938,2.9688,3.5625,2.4375,1.0312,0.0625,16.4062,"Combo G",15.2157,"2004-10-15"],"games":32,"notes":"Combo G","projection":15.2157,"advanced_stats":{"tov_pg":1.625,"usage_pct":0.2241875,"plus_minus_pg":8.03125,"mins_pct":0.785,"is_qualified":true}}]}