{"bart_player_id":134900,"seasons":[{"year":2026,"team_name":"William & Mary","team_conference":"CAA","class":"Sr","raw_row":["Jhei-R Jones","William & Mary","CAA",22,33.4,108.3,16.1,54.9,60.68,3.6,10.5,15.3,22.8,32,39,0.821,21,38,0.553,16,44,0.364,0,2.6,47.6,"Sr","6-0",8,0.642325,102.529,3.5,2026,134900,"Sauk Village, IL",null,1.32141939,16,29,5,9,0.5517,0.5556,0,0,null,null,108.675,110.387,1.51634,72.419,-1.44219,-0.435376,-1.00681,-1.69589,17.7333,-1.69033,-0.00556096,0.5417,1.6667,2.2083,1.5417,0.8333,"0.0000",5.4167,"Combo G",5.98489,"2003-10-15"],"games":22,"notes":"Combo G","projection":5.9849,"advanced_stats":{"tov_pg":1.1666666666666667,"usage_pct":0.16,"plus_minus_pg":0.9166666666666666,"mins_pct":0.333,"is_qualified":true}}]}