{"bart_player_id":134952,"seasons":[{"year":2026,"team_name":"North Dakota","team_conference":"Sum","class":"Fr","raw_row":["Anthony Smith lll","North Dakota","Sum",31,42.9,107.9,24.1,48.9,54.82,3.8,9.5,25,17.3,58,70,0.829,74,140,0.529,10,42,0.238,0.2,2.2,38.5,"Fr","6-1",9,1.11264,110.475,3.5,2026,134952,"Coon Rapids, MN",null,1.85711985,60,100,14,40,"0.6000","0.3500",0,0,null,null,116.419,118.069,1.00154,83.8591,-3.29201,-0.223028,-3.06898,-2.14406,17.7088,0.057602,-2.20166,0.6471,1.4412,2.0882,2.2941,0.7353,0.0588,7.7941,"Scoring PG",4.38291,"2006-10-15"],"games":31,"notes":"Scoring PG","projection":4.3829,"advanced_stats":{"tov_pg":1.2352941176470589,"usage_pct":0.22638235294117645,"plus_minus_pg":-1.6176470588235294,"mins_pct":0.426,"is_qualified":true}}]}