{"bart_player_id":134988,"seasons":[{"year":2026,"team_name":"Rutgers","team_conference":"B10","class":"Fr","raw_row":["Denis Badalau","Rutgers","B10",24,21.8,89.3,18.2,36.1,39.8,5.2,11,13.6,14.3,14,21,0.667,15,36,0.417,10,47,0.213,1.5,1.2,25.3,"Fr","6-9",27,-0.0612053,90.9487,2.3,2026,134988,"Bucuresti, Romania",null,"1.61528520",9,17,6,19,0.5294,0.3158,0,0,null,null,114.851,109.784,1.05946,43.064,-1.75922,-1.63566,-0.123559,-2.81092,12.4917,-2.11619,-0.694728,0.5833,"1.1250",1.7083,"0.8750","0.2500",0.1667,3.0833,"Stretch 4",9.3971,"2006-01-27"],"games":24,"notes":"Stretch 4","projection":9.3971,"advanced_stats":{"tov_pg":0.5416666666666666,"usage_pct":0.167125,"plus_minus_pg":-1.5,"mins_pct":0.217,"is_qualified":false}}]}