{"bart_player_id":134943,"seasons":[{"year":2026,"team_name":"Michigan","team_conference":"B10","class":"Fr","raw_row":["Winters Grady","Michigan","B10",9,3.4,95,23.9,50,55.73,0,18.2,5.9,26,6,7,0.857,1,1,1,6,19,0.316,0,2.1,35,"Fr","6-6",10,0.263109,104.982,5.2,2026,134943,"Tualatin, OR",88.4,0.33328334,0,0,1,1,null,"1.0000",0,0,null,null,96.2223,91.6934,0.889144,11.3769,0.409776,-0.605964,1.01574,-0.260298,6.0111,-2.43867,2.17837,"0.0000",1.1111,1.1111,0.2222,0.2222,"0.0000",2.8889,"Wing G",19.4715,"2006-10-15"],"games":9,"notes":"Wing G","projection":19.4715,"advanced_stats":{"tov_pg":0.6666666666666666,"usage_pct":0.25000000000000006,"plus_minus_pg":0,"mins_pct":0.034,"is_qualified":false}}]}