{"bart_player_id":134953,"seasons":[{"year":2026,"team_name":"North Dakota","team_conference":"Sum","class":"Fr","raw_row":["Marley Curtis","North Dakota","Sum",27,34,90.7,20.1,40.9,45.19,4.2,20.2,2.6,13.1,35,54,0.648,26,71,0.366,20,66,0.303,0.3,1.8,39.4,"Fr","6-8",0,-0.186717,89.0265,4.2,2026,134953,"St. Louis Park, MN",null,0.31815084,23,57,3,14,0.4035,0.2143,5,8,"0.6250",null,113.363,115.621,1.04751,76.8902,-8.99227,-4.80319,-4.18909,-5.74548,"16.5800",-3.41306,-2.33242,"0.8000",2.7667,3.5667,0.2333,0.7333,0.0333,5.9667,"Wing F",8.69031,"2006-10-15"],"games":27,"notes":"Wing F","projection":8.6903,"advanced_stats":{"tov_pg":0.7333333333333333,"usage_pct":0.21030000000000004,"plus_minus_pg":0.06666666666666667,"mins_pct":0.352,"is_qualified":true}}]}