{"bart_player_id":134911,"seasons":[{"year":2026,"team_name":"Stony Brook","team_conference":"CAA","class":"Fr","raw_row":["Jake Harbatkin","Stony Brook","CAA",2,0.3,0,0,0,0,0,33.9,0,0,0,0,0,0,0,0,0,0,0,0,0,0,"Fr","6-3",11,-0.577262,-5.48958,0,2026,134911,"Boynton Beach, FL",null,1.33340001,null,null,null,null,null,null,null,null,null,null,104.655,106.98,0.161564,0.664394,-12.0654,-8.68553,-3.37983,-5.94521,3.7333,-7.27048,1.32527,0.3333,0.3333,0.6667,0.6667,"0.0000","0.0000",0.6667,"PF/C",0,"2006-10-15"],"games":2,"notes":"PF/C","projection":0,"advanced_stats":{"tov_pg":0,"usage_pct":0.057999999999999996,"plus_minus_pg":-1,"mins_pct":0.009,"is_qualified":false}}]}