{"bart_player_id":134925,"seasons":[{"year":2026,"team_name":"Rider","team_conference":"MAAC","class":"Jr","raw_row":["Caleb Smith","Rider","MAAC",28,75,100,15.8,39.9,46.56,8.5,18.8,9.4,15.2,64,94,0.681,58,142,0.408,6,26,0.231,0.7,2.3,56,"Jr","6-5",2,0.147855,93.7881,3.2,2026,134925,"Atlanta, GA",null,"1.24246420",48,111,10,31,0.4324,0.3226,0,0,null,null,114.484,117.782,1.72707,146.925,-3.37151,-2.25455,-1.11697,-4.13491,29.6828,-2.58121,-1.5537,2.5517,4.5517,7.1034,1.4138,1.1379,0.1724,7.1724,"Wing G",1.88338,"2004-10-15"],"games":28,"notes":"Wing G","projection":1.8834,"advanced_stats":{"tov_pg":1.1379310344827587,"usage_pct":0.1479310344827586,"plus_minus_pg":-9.172413793103448,"mins_pct":0.742,"is_qualified":true}}]}