{"bart_player_id":134946,"seasons":[{"year":2026,"team_name":"Fairleigh Dickinson","team_conference":"NEC","class":"Fr","raw_row":["David Jevtic","Fairleigh Dickinson","NEC",28,50.7,97,19.3,49.1,51.15,4.4,15.4,12.4,20.7,29,46,0.63,34,72,0.472,29,86,0.337,0.6,1.3,29.1,"Fr","6-8",35,0.102642,93.7769,2.7,2026,134946,"Lazarevac, Serbia",null,"0.87804320",22,38,12,34,0.5789,0.3529,1,1,"1.0000",null,113.519,119.794,1.06157,90.8825,-5.29128,-2.72146,-2.56981,-3.66612,20.2613,-1.33955,-2.32656,0.8387,2.5484,3.3871,1.1613,0.4194,0.0968,6.6129,"Wing F",9.06511,"2006-10-15"],"games":28,"notes":"Wing F","projection":9.0651,"advanced_stats":{"tov_pg":1.3225806451612903,"usage_pct":0.20738709677419356,"plus_minus_pg":-2.7419354838709675,"mins_pct":0.487,"is_qualified":true}}]}