{"bart_player_id":134919,"seasons":[{"year":2026,"team_name":"Maryland Eastern Shore","team_conference":"MEAC","class":"Jr","raw_row":["Trey Brown","Maryland Eastern Shore","MEAC",26,29.2,76.7,21.2,40.1,43.85,4.6,16.6,19.3,33.4,16,23,0.696,21,57,0.368,9,29,0.31,1.8,2.3,26.7,"Jr","6-7",3,-0.801098,75.1551,3.5,2026,134919,"Chandler, AZ",null,0.85367144,13,34,8,23,0.3824,0.3478,0,0,null,null,106.774,112.327,1.02579,63.7377,-7.77813,-7.47856,-0.299565,-6.39149,13.6852,-5.77618,-0.615303,0.4815,1.8889,2.3704,1.2963,0.4815,0.1852,3.2963,"Wing G",5.00834,"2004-10-15"],"games":26,"notes":"Wing G","projection":5.0083,"advanced_stats":{"tov_pg":1.5185185185185186,"usage_pct":0.19062962962962957,"plus_minus_pg":-1.962962962962963,"mins_pct":0.283,"is_qualified":true}}]}