{"bart_player_id":134903,"seasons":[{"year":2026,"team_name":"Chattanooga","team_conference":"SC","class":"Sr","raw_row":["Jikari Johnson","Chattanooga","SC",26,29.3,119.5,22.1,58.3,62.62,5.2,11.7,7.7,10.4,39,50,0.78,21,39,0.538,28,69,0.406,2.5,1.6,46.3,"Sr","6-4",3,1.12066,117.101,3.9,2026,134903,"Durham, NC",null,1.57125101,20,33,1,6,0.6061,0.1667,5,7,0.7143,null,115.99,117.48,0.76519,54.247,-1.8675,1.27635,-3.14385,1.38298,13.7414,3.26045,-1.87748,0.6552,1.5172,2.1724,0.7586,0.3793,0.2414,6.6897,"Wing G",12.1241,"2003-10-15"],"games":26,"notes":"Wing G","projection":12.1241,"advanced_stats":{"tov_pg":0.4827586206896552,"usage_pct":0.22624137931034483,"plus_minus_pg":0.896551724137931,"mins_pct":0.311,"is_qualified":true}}]}