{"bart_player_id":134958,"seasons":[{"year":2026,"team_name":"Mercer","team_conference":"SC","class":"Fr","raw_row":["Jaydon Cole","Mercer","SC",4,0.8,107.5,28.6,50,50.42,0,12.8,0,0,1,2,0.5,1,1,1,1,4,0.25,0,0,40,"Fr","6-3",22,0.140644,111.003,0,2026,134958,"Milton, GA",null,4.50017499,0,0,1,1,null,"1.0000",0,0,null,null,118.287,120.865,0.101909,1.1114,-12.5936,-1.02547,-11.5682,-1.31145,6.4143,3.32165,-4.6331,0.1429,1.5714,1.7143,1.2857,0.2857,"0.0000",3.5714,"Combo G",24.7183,"2006-10-15"],"games":4,"notes":"Combo G","projection":24.7183,"advanced_stats":{"tov_pg":0.2857142857142857,"usage_pct":0.29714285714285715,"plus_minus_pg":5.285714285714286,"mins_pct":0.035,"is_qualified":false}}]}