{"bart_player_id":134913,"seasons":[{"year":2026,"team_name":"South Alabama","team_conference":"SB","class":"So","raw_row":["Stephen Williams","South Alabama","SB",31,37.6,132.7,16.7,67.5,67.27,9.9,20.8,2.3,7.7,25,40,0.625,81,120,0.675,0,0,0,9.7,1.4,33.3,"So","6-9",3,1.63631,123.738,3.1,2026,134913,"Atmore, AL",null,"0.50000000",72,108,9,12,0.6667,"0.7500",23,25,"0.9200",null,102.414,105.115,1.52589,100.494,1.5644,-0.901869,2.46627,1.97187,15.7758,1.67172,0.300149,"1.3030",3.3636,4.6667,0.1515,0.3333,0.7576,6.3636,"C",0,"2005-10-15"],"games":31,"notes":"C","projection":0,"advanced_stats":{"tov_pg":0.30303030303030304,"usage_pct":0.15387878787878786,"plus_minus_pg":0.9090909090909091,"mins_pct":0.386,"is_qualified":true}}]}