{"bart_player_id":134907,"seasons":[{"year":2026,"team_name":"Charleston Southern","team_conference":"BSth","class":"Sr","raw_row":["Jaquias Franklin","Charleston Southern","BSth",21,25.6,99,17.7,49.3,51.8,0,9,28.9,28.2,9,11,0.818,16,29,0.552,13,43,0.302,0.6,1.6,15.3,"Sr","6-1",2,0.00480209,92.4646,3.8,2026,134907,"Elizabethtown, KY",null,2.03220561,7,14,9,15,"0.5000","0.6000",0,0,null,null,110.338,114.664,0.980736,49.154,-6.53605,-3.71029,-2.82576,-4.96826,14.5667,-3.78058,-1.18768,"0.0000","1.5000","1.5000","2.6250","0.5000",0.0833,3.7917,"Pure PG",7.67449,"2003-10-15"],"games":21,"notes":"Pure PG","projection":7.6745,"advanced_stats":{"tov_pg":1.2916666666666667,"usage_pct":0.15454166666666666,"plus_minus_pg":1.5833333333333333,"mins_pct":0.268,"is_qualified":true}}]}