{"bart_player_id":134955,"seasons":[{"year":2026,"team_name":"Miami FL","team_conference":"ACC","class":"Fr","raw_row":["Dante Allen","Miami FL","ACC",30,51.1,110.2,14.9,50.6,51.9,2.5,11.6,14.5,16.1,28,48,0.583,47,89,0.528,25,78,0.321,0.5,2.3,28.7,"Fr","6-4",34,1.21852,107.083,2.2,2026,134955,"Miami, FL",89.2,2.23329997,35,58,13,32,0.6034,0.4063,6,7,0.8571,null,105.431,99.6715,2.87308,121.329,2.93843,1.41743,1.521,2.89274,23.8633,0.549723,2.34302,"0.5000",2.3333,2.8333,2.2333,0.9667,"0.1000",6.5667,"Combo G",6.25938,"2006-09-30"],"games":30,"notes":"Combo G","projection":6.2594,"advanced_stats":{"tov_pg":1,"usage_pct":0.15353333333333335,"plus_minus_pg":3.2333333333333334,"mins_pct":0.512,"is_qualified":true}}]}