{"bart_player_id":134960,"seasons":[{"year":2026,"team_name":"Abilene Christian","team_conference":"WAC","class":"Jr","raw_row":["Joseph Scott","Abilene Christian","WAC",26,25.7,89.2,20.3,48.8,49.19,10.5,22.9,7.2,23,18,37,0.486,39,78,0.5,0,2,0,1.9,2.8,46.3,"Jr","6-9",10,-0.081619,90.3947,6.8,2026,134960,"Bradenton, FL",null,0.43335821,30,59,9,19,0.5085,0.4737,1,1,"1.0000",null,104.285,104.754,1.22482,60.1124,-4.54512,-5.33295,0.787827,-4.71559,12.2893,-4.66575,-0.0498466,1.3571,2.3214,3.6786,0.4643,0.5714,"0.2500",4.2857,"C",0.37374,"2004-10-15"],"games":26,"notes":"C","projection":0.3737,"advanced_stats":{"tov_pg":1.0714285714285714,"usage_pct":0.25835714285714284,"plus_minus_pg":-2.107142857142857,"mins_pct":0.261,"is_qualified":true}}]}