{"bart_player_id":134995,"seasons":[{"year":2026,"team_name":"Kansas","team_conference":"B12","class":"Fr","raw_row":["Paul Mbiya","Kansas","B12",21,7.5,122.7,11.9,68.8,61.25,11,18.3,1.7,9.3,4,11,0.364,11,16,0.688,0,0,0,5.1,0,68.8,"Fr","7-0",34,0.451386,118.195,6,2026,134995,"Kinshasa, Congo",null,"0.50000000",9,11,2,5,0.8182,"0.4000",5,5,"1.0000",null,100.282,93.5622,0.713177,20.1487,2.03489,-0.24971,2.2846,1.86838,5.0667,-1.08969,2.95807,0.4762,0.9524,1.4286,0.0476,"0.0000",0.2381,1.2381,"C",0,"2006-10-15"],"games":21,"notes":"C","projection":0,"advanced_stats":{"tov_pg":0.09523809523809523,"usage_pct":0.09947619047619047,"plus_minus_pg":-0.7142857142857143,"mins_pct":0.076,"is_qualified":false}}]}