{"bart_player_id":134948,"seasons":[{"year":2026,"team_name":"Towson","team_conference":"CAA","class":"Fr","raw_row":["Jaquan Womack","Towson","CAA",30,44.7,99.8,21.3,44.4,46.6,7.5,15.2,5.5,13.8,30,48,0.625,52,115,0.452,23,80,0.287,2.7,2.3,24.6,"Fr","6-6",24,0.545447,100.615,3.7,2026,134948,"Stafford, VA",null,0.59380001,42,83,10,32,"0.5060",0.3125,3,3,"1.0000",null,102.142,102.728,2.09268,104.363,-0.84537,-1.94801,1.10264,-0.320275,19.3625,-1.45814,1.13787,1.3125,"2.7500",4.0625,0.5938,0.7188,0.4062,7.0938,"Wing F",8.71185,"2006-10-15"],"games":30,"notes":"Wing F","projection":8.7119,"advanced_stats":{"tov_pg":1,"usage_pct":0.23000000000000004,"plus_minus_pg":3.125,"mins_pct":0.454,"is_qualified":true}}]}