{"bart_player_id":135033,"seasons":[{"year":2026,"team_name":"Georgia St.","team_conference":"SB","class":"Jr","raw_row":["Isaiah Sherrard","Georgia St.","SB",10,8.4,66.1,15,36.4,37.66,2.1,6.6,4.1,27,2,4,0.5,2,7,0.286,4,15,0.267,4.3,1.7,18.2,"Jr","6-7",8,-1.08592,61.4446,4.7,2026,135033,"Westlake Vlg, CA",null,0.42850411,2,5,0,2,"0.4000","0.0000",1,1,"1.0000",null,111.709,112.087,0.782428,15.6581,-7.95907,-8.18683,0.227762,-7.81347,10.5091,-7.60958,-0.203885,0.1818,0.5455,0.7273,0.2727,0.2727,0.4545,1.8182,"Wing G",8.66089,"2004-10-15"],"games":10,"notes":"Wing G","projection":8.6609,"advanced_stats":{"tov_pg":0.6363636363636364,"usage_pct":0.1386363636363636,"plus_minus_pg":-5.090909090909091,"mins_pct":0.091,"is_qualified":false}}]}