{"bart_player_id":135023,"seasons":[{"year":2026,"team_name":"Utah Tech","team_conference":"WAC","class":"So","raw_row":["Chance Trujillo","Utah Tech","WAC",31,82.1,111.1,19,52.4,55.49,2.5,8.8,15,14,57,72,0.792,56,111,0.505,71,199,0.357,0.8,1.6,23.2,"So","6-4",2,2.21762,111.83,3.1,2026,135023,"Kaysville, UT",null,1.83341352,37,76,19,35,0.4868,0.5429,3,4,"0.7500",null,113.175,115.986,2.09457,150.858,-0.29667,1.92727,-2.22394,-0.792643,32.9636,0.641198,-1.43384,0.7576,2.6061,3.3636,2.6667,0.9394,0.2727,"12.3030","Combo G",11.2549,"2005-10-15"],"games":31,"notes":"Combo G","projection":11.2549,"advanced_stats":{"tov_pg":1.4545454545454546,"usage_pct":0.1967272727272727,"plus_minus_pg":0.06060606060606061,"mins_pct":0.781,"is_qualified":true}}]}