{"bart_player_id":135007,"seasons":[{"year":2026,"team_name":"California","team_conference":"ACC","class":"Fr","raw_row":["Luke Butler","California","ACC",6,0.4,66.5,10.5,0,0,20.6,19.2,0,0,0,0,0,0,1,0,0,0,0,0,10.1,0,"Fr","6-4",15,-0.117313,56.781,0,2026,135007,"Austin, TX",null,"0.00000000",0,0,0,1,null,"0.0000",0,0,null,null,86.0683,86.5472,0.157642,1.88516,-1.1094,-4.89646,3.78706,5.0651,0.9143,-2.39286,7.45796,0.1429,0.1429,0.2857,"0.0000",0.1429,"0.0000","0.0000","PF/C",0,"2006-10-15"],"games":6,"notes":"PF/C","projection":0,"advanced_stats":{"tov_pg":0,"usage_pct":0.072,"plus_minus_pg":-1.1428571428571428,"mins_pct":0.005,"is_qualified":false}}]}