{"bart_player_id":135069,"seasons":[{"year":2026,"team_name":"Furman","team_conference":"SC","class":"Fr","raw_row":["Collin O'Neal","Furman","SC",15,12.3,99.3,18.4,53.7,54.64,7,7.6,6.9,22.6,6,10,0.6,7,17,0.412,10,24,0.417,1.5,1.5,24.4,"Fr","6-4",8,0.0463295,93.6511,4.8,2026,135069,"Nashville, TN",null,"0.81811160",7,15,0,2,0.4667,"0.0000",0,0,null,null,110.371,111.221,0.835871,24.2965,-3.65696,-2.55698,-1.09998,-5.21964,10.3588,-3.60818,-1.61145,0.6471,0.7059,1.3529,0.5294,0.2941,0.1176,2.9412,"Wing G",9.02637,"2006-10-15"],"games":15,"notes":"Wing G","projection":9.0264,"advanced_stats":{"tov_pg":0.6470588235294118,"usage_pct":0.18376470588235294,"plus_minus_pg":-1.1176470588235294,"mins_pct":0.124,"is_qualified":false}}]}