{"bart_player_id":135059,"seasons":[{"year":2026,"team_name":"Elon","team_conference":"CAA","class":"So","raw_row":["Alex Olander","Elon","CAA",1,0.1,0,0,0,0,0,0,0,0,0,0,0,0,0,0,0,0,0,0,0,0,"So","6-4",25,-0.443443,-5.93458,30.8,2026,135059,"Raleigh, NC",null,"0.00000000",null,null,null,null,null,null,null,null,null,null,122.276,126.43,0.0358086,0.144988,-7.47349,-4.41736,-3.05614,-24.6913,"1.9500",-25.8266,1.13528,"0.0000","0.0000","0.0000","0.0000","0.0000","0.0000","0.0000","PF/C",0,"2005-10-15"],"games":1,"notes":"PF/C","projection":0,"advanced_stats":{"tov_pg":0,"usage_pct":0,"plus_minus_pg":0,"mins_pct":0.003,"is_qualified":false}}]}