{"bart_player_id":135028,"seasons":[{"year":2026,"team_name":"Central Arkansas","team_conference":"ASun","class":"Fr","raw_row":["Luke Moore","Central Arkansas","ASun",32,73.9,103.9,19.3,47.1,48.92,2.3,9,20.5,14.6,51,88,0.58,67,149,0.45,41,124,0.331,0.5,2.9,32.2,"Fr","6-2",32,0.610293,98.3197,1.2,2026,135028,"Little Rock, AR",null,2.40813201,59,112,8,37,0.5268,0.2162,0,0,null,null,110.133,110.014,2.49735,163.12,-1.15039,-0.937068,-0.213323,-1.28051,29.5706,-1.51584,0.235328,0.5882,2.2941,2.8824,3.4706,1.5294,0.0882,9.4118,"Scoring PG",7.43177,"2006-10-15"],"games":32,"notes":"Scoring PG","projection":7.4318,"advanced_stats":{"tov_pg":1.4411764705882353,"usage_pct":0.18932352941176472,"plus_minus_pg":6.4411764705882355,"mins_pct":0.727,"is_qualified":true}}]}