{"bart_player_id":135044,"seasons":[{"year":2026,"team_name":"Bethune Cookman","team_conference":"SWAC","class":"Jr","raw_row":["Rickey Mitchell Jr.","Bethune Cookman","SWAC",13,17,80.2,17.2,35.3,37.74,3.9,9.3,12.9,21.4,6,9,0.667,4,22,0.182,11,36,0.306,1.4,1.8,15.5,"Jr","6-4",2,-0.740082,79.2627,3.9,2026,135044,"Aurora, CO",null,1.33339546,2,6,2,16,0.3333,"0.1250",0,0,null,null,110.593,106.242,1.58831,33.5403,-5.76366,-4.47453,-1.28913,-6.29147,16.6714,-4.61708,-1.67439,"0.5000",1.2857,1.7857,1.4286,"0.5000",0.2143,4.1429,"Combo G",9.47468,"2004-10-15"],"games":13,"notes":"Combo G","projection":9.4747,"advanced_stats":{"tov_pg":1.0714285714285714,"usage_pct":0.1584285714285714,"plus_minus_pg":-8.714285714285714,"mins_pct":0.18,"is_qualified":false}}]}