{"bart_player_id":135063,"seasons":[{"year":2026,"team_name":"Jacksonville","team_conference":"ASun","class":"Fr","raw_row":["Roman Loux","Jacksonville","ASun",2,0.2,0,0,0,0,0,68.5,0,0,0,0,0,0,0,0,0,0,0,0,0,0,"Fr","6-0",12,-0.32262,-5.49927,0,2026,135063,"Saint Augustine, FL",null,"0.00000000",null,null,null,null,null,null,null,null,null,null,103.344,104.132,0.0996725,0.450972,-16.9134,-11.7213,-5.19207,-8.0119,"3.0500",-10.1582,2.14629,"0.0000","0.2500","0.2500","0.0000","0.2500","0.2500","1.5000","PF/C",0,"2006-10-15"],"games":2,"notes":"PF/C","projection":0,"advanced_stats":{"tov_pg":0,"usage_pct":0.10425000000000001,"plus_minus_pg":5,"mins_pct":0.009,"is_qualified":false}}]}