{"bart_player_id":135084,"seasons":[{"year":2026,"team_name":"Providence","team_conference":"BE","class":"Fr","raw_row":["Peteris Pinnis","Providence","BE",18,5.6,74.5,14.7,53.8,51.99,6.2,24.3,2.1,39.4,1,3,0.333,7,13,0.538,0,0,0,2.6,2.2,23.1,"Fr","7-0",17,-0.278227,73.371,7.3,2026,135084,"Salaspils, Latvia",null,"0.12511250",6,10,1,3,"0.6000",0.3333,2,2,"1.0000",null,106.607,103.153,0.457173,17.7127,-4.83501,-5.90207,1.06706,-4.40125,"4.2500",-5.78686,1.38561,0.2222,"1.0000",1.2222,0.0556,0.1667,0.1111,0.8333,"C",0,"2006-10-15"],"games":18,"notes":"C","projection":0,"advanced_stats":{"tov_pg":0.4444444444444444,"usage_pct":0.19466666666666665,"plus_minus_pg":0.8888888888888888,"mins_pct":0.057,"is_qualified":false}}]}