{"bart_player_id":135056,"seasons":[{"year":2026,"team_name":"Samford","team_conference":"SC","class":"Fr","raw_row":["Isaiah Campbell-Finch","Samford","SC",27,52.2,103,16.8,51.2,51.8,1.8,5.9,10.2,10.9,32,61,0.525,46,93,0.495,26,73,0.356,0,0.8,36.7,"Fr","6-0",0,0.185239,94.6633,3.3,2026,135056,"Palm Harbor, FL",42.8,1.89981148,35,64,11,29,0.5469,0.3793,0,0,null,null,116.339,117.563,1.35607,83.0185,-5.2085,-2.10694,-3.10156,-4.86785,"23.3690",-2.93461,-1.93324,0.3448,1.1724,1.5172,1.3103,0.3793,"0.0000",7.3793,"Combo G",6.68599,"2006-10-15"],"games":27,"notes":"Combo G","projection":6.686,"advanced_stats":{"tov_pg":0.6896551724137931,"usage_pct":0.17565517241379314,"plus_minus_pg":2.689655172413793,"mins_pct":0.522,"is_qualified":true}}]}