{"bart_player_id":135076,"seasons":[{"year":2026,"team_name":"San Francisco","team_conference":"WCC","class":"Fr","raw_row":["Weilun Zhao","San Francisco","WCC",14,4.6,76,25.6,25,34.53,0,3.9,37.6,27.7,6,9,0.667,4,6,0.667,0,10,0,0,1,56.3,"Fr","6-0",23,-0.172759,80.384,4.1,2026,135076,"Varese, Italy",null,1.87511726,4,6,0,0,0.6667,null,0,0,null,null,115.98,115.351,0.274147,7.18499,-13.8848,-7.15653,-6.72823,-13.4651,4.8933,-8.12185,-5.34324,"0.0000","0.2000","0.2000","1.0000",0.1333,"0.0000","1.2000","Scoring PG",10.1226,"2006-10-15"],"games":14,"notes":"Scoring PG","projection":10.1226,"advanced_stats":{"tov_pg":0.5333333333333333,"usage_pct":0.3204666666666666,"plus_minus_pg":0,"mins_pct":0.055,"is_qualified":false}}]}