{"bart_player_id":135078,"seasons":[{"year":2026,"team_name":"North Carolina Central","team_conference":"MEAC","class":"Jr","raw_row":["Khalil Arnold","North Carolina Central","MEAC",8,4.3,109.1,15.9,53.1,53.13,2.4,12.5,4.6,7.8,0,0,0,1,5,0.2,5,11,0.455,0,0,0,"Jr","6-4",3,0.203987,102.025,2.5,2026,135078,"Simpsonville, SC",null,"1.00000000",0,1,1,4,"0.0000","0.2500",0,0,null,null,121.171,123.76,0.224073,5.75313,-10.3637,-2.61417,-7.74953,-6.05436,"6.2900",-0.329327,-5.72503,"0.1000","0.7000","0.8000","0.1000","0.0000","0.0000","1.7000","Wing G",13.6911,"2004-10-15"],"games":8,"notes":"Wing G","projection":13.6911,"advanced_stats":{"tov_pg":0.1,"usage_pct":0.13689999999999997,"plus_minus_pg":-0.6,"mins_pct":0.049,"is_qualified":false}}]}