{"bart_player_id":135083,"seasons":[{"year":2026,"team_name":"Coppin St.","team_conference":"MEAC","class":"Sr","raw_row":["Demariontay Hall","Coppin St.","MEAC",21,39.1,93,26,52.6,53.1,9.8,18,6.1,20.7,53,102,0.52,81,151,0.536,0,3,0,4.2,2,66.2,"Sr","6-7",6,0.268102,95.829,5.3,2026,135083,"Atlanta, GA",null,0.23403857,80,141,1,10,0.5674,"0.1000",7,7,"1.0000",null,114.052,118.928,1.19605,88.7563,-6.15135,-4.91429,-1.23705,-5.21998,"22.0000",-3.66318,-1.55679,2.1364,3.2273,5.3636,"0.5000",0.8182,0.7273,10.5909,"PF/C",0.367709,"2003-10-15"],"games":21,"notes":"PF/C","projection":0.3677,"advanced_stats":{"tov_pg":2.1363636363636362,"usage_pct":0.27618181818181814,"plus_minus_pg":-9.136363636363637,"mins_pct":0.388,"is_qualified":true}}]}