{"bart_player_id":135017,"seasons":[{"year":2026,"team_name":"Hawaii","team_conference":"BW","class":"Fr","raw_row":["Hunter Carter","Hawaii","BW",12,3.1,75.5,25.2,39.3,42.75,3,22.1,9.1,27.9,3,5,0.6,1,5,0.2,3,9,0.333,0,2.8,35.7,"Fr","6-5",2,-0.168175,77.4153,3.1,2026,135017,"Tacoma, WA",null,0.40016802,0,0,1,5,null,"0.2000",0,0,null,null,94.5275,97.8519,0.410701,8.7868,-7.57804,-7.72614,0.148101,-7.68788,3.9071,-7.68236,-0.00551314,0.0714,0.5714,0.6429,0.1429,0.1429,"0.0000","1.0000","Wing G",12.7983,"2006-10-15"],"games":12,"notes":"Wing G","projection":12.7983,"advanced_stats":{"tov_pg":0.35714285714285715,"usage_pct":0.1972857142857143,"plus_minus_pg":1.1428571428571428,"mins_pct":0.041,"is_qualified":false}}]}