{"bart_player_id":135036,"seasons":[{"year":2026,"team_name":"Stephen F. Austin","team_conference":"Slnd","class":"Fr","raw_row":["Marcus Scurry","Stephen F. Austin","Slnd",26,13.5,96.7,19.9,49.2,49.32,1.9,6,8.6,17.5,3,6,0.5,13,24,0.542,11,36,0.306,0.6,0.7,10,"Fr","5-11",4,0.0653485,95.194,4.1,2026,135036,"Augusta, GA",null,"1.00000000",4,9,9,15,0.4444,"0.6000",0,0,null,null,107.846,111.323,0.532912,21.4123,-5.82312,-2.926,-2.89711,-5.877,7.4964,-3.83697,-2.04003,0.1429,0.3571,"0.5000",0.3571,0.1071,0.0357,3.1071,"Combo G",12.5465,"2006-10-15"],"games":26,"notes":"Combo G","projection":12.5465,"advanced_stats":{"tov_pg":0.35714285714285715,"usage_pct":0.20025,"plus_minus_pg":0.9642857142857143,"mins_pct":0.153,"is_qualified":false}}]}