{"bart_player_id":135082,"seasons":[{"year":2026,"team_name":"Penn St.","team_conference":"B10","class":"Fr","raw_row":["Chris Lotito","Penn St.","B10",4,0.5,52.1,11.4,0,0,18.1,0,0,75.5,0,0,0,0,0,0,0,0,0,0,0,0,"Fr","6-7",30,-0.285237,44.7155,11.6,2026,135082,"Upper Saddle River, NJ",null,"0.00000000",null,null,null,null,null,null,null,null,null,null,127.116,128.143,0.0372647,0.644755,-12.7413,-8.87208,-3.86925,-18.0475,"1.7250",-13.4552,-4.59224,"0.2500","0.0000","0.2500","0.0000","0.0000","0.0000","0.0000","PF/C",0,"2006-10-15"],"games":4,"notes":"PF/C","projection":0,"advanced_stats":{"tov_pg":0.25,"usage_pct":0.11675,"plus_minus_pg":0.25,"mins_pct":0.005,"is_qualified":false}}]}