{"bart_player_id":135025,"seasons":[{"year":2026,"team_name":"New Orleans","team_conference":"Slnd","class":"Fr","raw_row":["Vieux Sanneh","New Orleans","Slnd",2,0.9,99.8,11.8,0,33.9,10.4,0,0,0,2,2,1,0,2,0,0,0,0,9.6,0,100,"Fr","6-5",13,0.109758,97.9173,0,2026,135025,"Palmdale, CA",null,"0.00000000",0,1,0,1,"0.0000","0.0000",0,0,null,null,118.433,112.876,0.425098,1.29032,-4.59778,-4.32483,-0.272948,0.811448,"5.7000",3.46376,-2.65231,"0.5000","0.0000","0.5000","0.0000","0.0000","0.5000","1.0000","PF/C",0,"2006-10-15"],"games":2,"notes":"PF/C","projection":0,"advanced_stats":{"tov_pg":0,"usage_pct":0.146,"plus_minus_pg":-1,"mins_pct":0.009,"is_qualified":false}}]}