{"bart_player_id":135001,"seasons":[{"year":2026,"team_name":"East Texas A&M","team_conference":"Slnd","class":"Sr","raw_row":["Damian Garcia","East Texas A&M","Slnd",30,65.9,94.7,22.6,47.6,49.09,3.5,10.5,16.8,15.7,43,75,0.573,61,125,0.488,46,148,0.311,1.9,2.3,27.5,"Sr","6-5",8,0.469907,97.5067,2.6,2026,135001,"Houston, TX",null,"1.40000000",58,102,3,23,0.5686,0.1304,4,6,0.6667,null,111.765,113.451,1.91276,130.999,-1.82116,-1.09249,-0.728669,-1.6132,26.0531,-0.940027,-0.673168,0.8438,2.4688,3.3125,2.1875,1.0312,0.4688,10.5312,"Combo G",10.9222,"2003-10-15"],"games":30,"notes":"Combo G","projection":10.9222,"advanced_stats":{"tov_pg":1.5625,"usage_pct":0.24256250000000001,"plus_minus_pg":-1.4375,"mins_pct":0.653,"is_qualified":true}}]}