{"bart_player_id":135075,"seasons":[{"year":2026,"team_name":"San Francisco","team_conference":"WCC","class":"Fr","raw_row":["Legend Smiley","San Francisco","WCC",32,52.8,118.3,15.8,58.8,61.84,3.1,6.9,5.7,14,34,39,0.872,29,57,0.509,52,125,0.416,0.6,1.3,21.4,"Fr","6-5",13,1.59973,114.188,3.6,2026,135075,"Seattle, WA",63.4,0.76926012,16,28,13,29,0.5714,0.4483,3,3,"1.0000",null,113.8,112.239,1.62244,93.878,0.473102,1.7811,-1.30799,0.370135,21.3788,1.02715,-0.657013,0.5758,"1.3030",1.8788,0.6061,0.4848,0.1515,8.0606,"Wing G",11.0236,"2006-10-15"],"games":32,"notes":"Wing G","projection":11.0236,"advanced_stats":{"tov_pg":0.7878787878787878,"usage_pct":0.17321212121212118,"plus_minus_pg":0.7575757575757576,"mins_pct":0.53,"is_qualified":true}}]}