{"bart_player_id":135052,"seasons":[{"year":2026,"team_name":"Northern Colorado","team_conference":"BSky","class":"Fr","raw_row":["Tanner Braketa","Northern Colorado","BSky",9,3.8,118.1,11.2,55.6,55.56,0,10.1,13.9,11.4,0,0,0,2,2,1,2,7,0.286,0,0,0,"Fr","6-1",10,0.127418,99.9161,3.6,2026,135052,"Arvada, CO",null,2.99940002,0,0,2,2,null,"1.0000",0,0,null,null,115.027,116.307,0.304896,5.8963,-4.16514,-1.29519,-2.86995,-4.57344,7.6917,-2.40573,-2.16771,"0.0000",0.6667,0.6667,"0.5000","0.0000","0.0000",2.6667,"Scoring PG",8.95688,"2006-10-15"],"games":9,"notes":"Scoring PG","projection":8.9569,"advanced_stats":{"tov_pg":0.16666666666666666,"usage_pct":0.15691666666666668,"plus_minus_pg":2.25,"mins_pct":0.071,"is_qualified":false}}]}