{"bart_player_id":135086,"seasons":[{"year":2026,"team_name":"Idaho St.","team_conference":"BSky","class":"Sr","raw_row":["Caleb Van De Griend","Idaho St.","BSky",30,45.3,115.5,30.1,55.7,57.96,17.6,26.6,8.3,13.6,64,97,0.66,112,197,0.569,13,39,0.333,3.5,1.5,41.1,"Sr","6-8",24,2.26381,128.324,4.2,2026,135086,"Bridgetown, Australia",null,0.56760614,99,165,13,32,"0.6000",0.4063,24,26,0.9231,null,111.509,112.093,1.40225,103.133,-1.32424,1.23901,-2.56325,1.55093,18.2818,4.14994,-2.59901,2.5455,3.8485,6.3939,0.6364,0.4848,0.6364,11.7879,"PF/C",4.31184,"2003-10-15"],"games":30,"notes":"PF/C","projection":4.3118,"advanced_stats":{"tov_pg":1.121212121212121,"usage_pct":0.3082727272727272,"plus_minus_pg":0.30303030303030304,"mins_pct":0.453,"is_qualified":true}}]}