{"bart_player_id":135099,"seasons":[{"year":2026,"team_name":"UC Irvine","team_conference":"BW","class":"Fr","raw_row":["Tama Isaac","UC Irvine","BW",33,66.9,90.4,16.5,40.5,46.84,2,9.5,21.8,26.7,61,89,0.685,38,101,0.376,20,67,0.299,0.5,2,53,"Fr","6-2",6,-0.593542,85.9731,2.4,2026,135099,"Christchurch, New Zealand","64.0",1.78664424,26,70,12,31,0.3714,0.3871,0,0,null,null,101.044,102.021,3.00224,150.899,-2.2578,-3.26086,1.00306,-2.88572,26.9029,-4.11629,1.23057,0.4571,2.7429,"3.2000",3.8286,"1.0000",0.1143,6.3429,"Scoring PG",4.22403,"2006-12-27"],"games":33,"notes":"Scoring PG","projection":4.224,"advanced_stats":{"tov_pg":2.142857142857143,"usage_pct":0.1509714285714286,"plus_minus_pg":6,"mins_pct":0.666,"is_qualified":true}}]}