{"bart_player_id":135074,"seasons":[{"year":2026,"team_name":"Pittsburgh","team_conference":"ACC","class":"Fr","raw_row":["Omari Witherspoon","Pittsburgh","ACC",33,69.1,87.6,20.1,43.2,45.86,2.5,11,16.9,26,40,62,0.645,67,155,0.432,25,87,0.287,2.7,1.8,25.6,"Fr","6-4",8,-0.0700633,91.6376,2.7,2026,135074,"Bowie, MD",70.8,1.05127775,36,74,31,81,0.4865,0.3827,1,1,"1.0000",null,112.291,106.697,2.65416,139.188,-2.20449,-3.43551,1.23101,-2.45565,27.8515,-2.92468,0.469025,0.6061,2.3939,"3.0000",2.4848,0.8182,0.6061,7.5455,"Combo G",5.83439,"2006-03-11"],"games":33,"notes":"Combo G","projection":5.8344,"advanced_stats":{"tov_pg":2.3636363636363638,"usage_pct":0.20533333333333337,"plus_minus_pg":-1.4848484848484849,"mins_pct":0.692,"is_qualified":true}}]}