{"bart_player_id":135027,"seasons":[{"year":2026,"team_name":"Morehead St.","team_conference":"OVC","class":"Jr","raw_row":["Davion Cunningham","Morehead St.","OVC",29,66.3,100.2,23.9,44,49.86,4.1,12.4,12.6,17.2,90,122,0.738,95,216,0.44,18,61,0.295,1.1,1.8,44,"Jr","6-3",2,0.910078,101.926,2.8,2026,135027,"Charlotte, NC",null,0.98363233,37,74,58,142,"0.5000",0.4085,2,2,"1.0000",null,112.883,119.503,1.41536,128.379,-4.14722,-2.02953,-2.11769,-3.38712,"26.9250",-1.39932,-1.9878,0.9375,3.1875,"4.1250","1.8750",0.9062,0.2812,11.4375,"Wing G",4.56464,"2004-10-15"],"games":29,"notes":"Wing G","projection":4.5646,"advanced_stats":{"tov_pg":1.90625,"usage_pct":0.24653125000000004,"plus_minus_pg":0.28125,"mins_pct":0.648,"is_qualified":true}}]}