{"bart_player_id":135080,"seasons":[{"year":2026,"team_name":"Penn St.","team_conference":"B10","class":"Fr","raw_row":["Justin Houser","Penn St.","B10",18,8.8,95.7,14.7,50,52.42,5.5,17.8,4.6,21.6,5,8,0.625,6,12,0.5,3,9,0.333,8.7,1.1,38.1,"Fr","7-0",21,0.00507624,92.6019,8.5,2026,135080,"Camp Hill, PA",54.6,0.50015004,6,11,0,1,0.5455,"0.0000",3,3,"1.0000",null,114.9,109.164,0.547099,20.6777,-0.351447,-3.35919,3.00775,-3.68377,6.2556,-4.56779,0.884019,0.2778,0.8333,1.1111,0.1667,0.1111,0.4444,1.4444,"PF/C",4.74434,"2006-10-15"],"games":18,"notes":"PF/C","projection":4.7443,"advanced_stats":{"tov_pg":0.3333333333333333,"usage_pct":0.1251111111111111,"plus_minus_pg":-2.7222222222222223,"mins_pct":0.088,"is_qualified":false}}]}