{"bart_player_id":135093,"seasons":[{"year":2026,"team_name":"Tulsa","team_conference":"Amer","class":"Fr","raw_row":["KJ Martin Jr.","Tulsa","Amer",36,19.7,118.5,12.3,53.1,56.12,4.2,12.2,13.4,16.3,13,19,0.684,12,30,0.4,9,18,0.5,0.4,2.4,39.6,"Fr","6-8",15,0.413828,107.529,3.2,2026,135093,"Tampa, FL",null,"2.63626940",12,24,0,6,"0.5000","0.0000",1,2,"0.5000",null,106.812,105.874,0.777775,50.8582,1.20724,0.364602,0.842635,1.97082,8.7079,-0.000729999,1.97155,0.3684,1.1579,1.5263,0.7632,0.3421,0.0526,1.8684,"Wing F",3.62045,"2006-10-15"],"games":36,"notes":"Wing F","projection":3.6205,"advanced_stats":{"tov_pg":0.2894736842105263,"usage_pct":0.11376315789473683,"plus_minus_pg":2.710526315789474,"mins_pct":0.214,"is_qualified":true}}]}