{"bart_player_id":135030,"seasons":[{"year":2026,"team_name":"San Jose St.","team_conference":"MWC","class":"Fr","raw_row":["Melvin Bell Jr.","San Jose St.","MWC",32,83.6,99.4,15.7,45,49.43,5.4,9.9,2.7,13.7,81,131,0.618,74,159,0.465,17,62,0.274,0.1,1.6,59.3,"Fr","6-4",4,0.488382,96.5776,2.6,2026,135030,"Chicago, IL",62.2,0.47372991,60,105,14,54,0.5714,0.2593,7,11,0.6364,null,122.547,118.587,1.83088,143.286,-2.91495,-0.739232,-2.17572,-3.80762,33.4212,-1.55282,-2.2548,1.5758,2.4848,4.0606,0.5455,0.9091,0.0303,8.6667,"Wing G",3.51482,"2006-10-15"],"games":32,"notes":"Wing G","projection":3.5148,"advanced_stats":{"tov_pg":1.1515151515151516,"usage_pct":0.15303030303030304,"plus_minus_pg":-6.515151515151516,"mins_pct":0.833,"is_qualified":true}}]}