{"bart_player_id":135062,"seasons":[{"year":2026,"team_name":"UC Davis","team_conference":"BW","class":"So","raw_row":["Cyril Franklin Jr.","UC Davis","BW",18,8.6,75.6,13.4,47.1,46.13,1.1,6.6,15.2,34.8,1,3,0.333,8,13,0.615,0,4,0,6.3,0.5,17.6,"So","6-5",10,-0.490129,68.4778,5.9,2026,135062,"Las Vegas, NV",null,1.29999995,7,10,1,3,"0.7000",0.3333,1,1,"1.0000",null,109.821,111.378,0.471664,16.5814,-6.16185,-7.49516,1.33331,-5.95399,"6.8100",-6.24539,0.291395,"0.0500","0.4000","0.4500","0.6500","0.1000","0.3000","1.2500","Wing G",2.08357,"2005-10-15"],"games":18,"notes":"Wing G","projection":2.0836,"advanced_stats":{"tov_pg":0.5,"usage_pct":0.1652,"plus_minus_pg":-0.3,"mins_pct":0.103,"is_qualified":false}}]}