{"bart_player_id":135067,"seasons":[{"year":2026,"team_name":"Furman","team_conference":"SC","class":"Fr","raw_row":["Cole Bowser","Furman","SC",20,34.8,114.1,12.5,55.4,60.3,8.2,18.6,4.2,20.2,21,24,0.875,20,35,0.571,14,39,0.359,1.5,1.6,32.4,"Fr","6-6",6,0.338434,96.755,3.6,2026,135067,"Bowie, MD",null,0.57894739,20,33,0,2,0.6061,"0.0000",3,7,0.4286,null,105.755,107.658,2.06053,84.3594,-0.449014,-1.28915,0.840136,-1.68502,"22.5100",-2.22848,0.543465,"1.5000","3.8000","5.3000","0.5500","0.6000","0.3000","5.1500","Wing F",5.18433,"2006-10-15"],"games":20,"notes":"Wing F","projection":5.1843,"advanced_stats":{"tov_pg":0.95,"usage_pct":0.12535000000000002,"plus_minus_pg":2.7,"mins_pct":0.318,"is_qualified":true}}]}