{"bart_player_id":135181,"seasons":[{"year":2026,"team_name":"Florida Gulf Coast","team_conference":"ASun","class":"Jr","raw_row":["Isaiah Malone","Florida Gulf Coast","ASun",32,56.4,118.4,20.5,60.9,65.78,8.2,20.1,4.4,18.2,92,116,0.793,104,173,0.601,11,25,0.44,9.6,1.7,58.6,"Jr","6-8",32,1.76122,114.881,5.7,2026,135181,"Lagrange, IN",null,0.37498228,91,141,13,32,0.6454,0.4063,52,62,0.8387,null,107.298,108.053,2.05869,151.868,1.48344,-1.65194,3.13538,0.936982,22.4588,-0.242852,1.17983,1.7941,4.0294,5.8235,0.5294,0.6471,1.8824,10.5294,"C",1.98448,"2004-10-15"],"games":32,"notes":"C","projection":1.9845,"advanced_stats":{"tov_pg":1.411764705882353,"usage_pct":0.20094117647058826,"plus_minus_pg":0.9705882352941176,"mins_pct":0.556,"is_qualified":true}}]}