{"bart_player_id":135124,"seasons":[{"year":2026,"team_name":"Northeastern","team_conference":"CAA","class":"Fr","raw_row":["Petar Pinter","Northeastern","CAA",26,29.7,101,13.1,55.1,55.41,5.9,12,4.6,20,11,20,0.55,38,69,0.551,0,0,0,1.8,1.2,29,"Fr","6-11",21,-0.101687,90.2984,6.8,2026,135124,"Niksić, Montenegro",null,"0.58825330",27,36,11,33,"0.7500",0.3333,3,3,"1.0000",null,118.005,120.533,0.679874,54.1922,-5.57081,-3.5171,-2.05371,-7.38958,14.2269,-5.54074,-1.84884,0.7308,1.3462,2.0769,0.3846,0.3077,0.2308,3.3462,"C",0,"2006-10-15"],"games":26,"notes":"C","projection":0,"advanced_stats":{"tov_pg":0.6538461538461539,"usage_pct":0.11965384615384614,"plus_minus_pg":-3.1153846153846154,"mins_pct":0.297,"is_qualified":true}}]}