{"bart_player_id":135174,"seasons":[{"year":2026,"team_name":"New Orleans","team_conference":"Slnd","class":"Jr","raw_row":["Tavaj Cope","New Orleans","Slnd",32,51.4,111,17.9,57.5,61.22,3.6,11,7.9,18.7,79,115,0.687,82,132,0.621,7,29,0.241,1.6,1.3,71.4,"Jr","6-7",6,1.20163,108.705,3.7,2026,135174,"Boston, MA",null,"0.65000000",72,104,10,28,0.6923,0.3571,23,25,"0.9200",null,112.846,114.4,1.46872,107.402,-1.35177,-0.534244,-0.817523,-0.685386,21.3625,-0.214793,-0.470594,0.6562,"2.2500",2.9062,0.8125,"0.5000",0.3125,"8.2500","Wing G",2.42411,"2004-10-15"],"games":32,"notes":"Wing G","projection":2.4241,"advanced_stats":{"tov_pg":1.25,"usage_pct":0.17871875000000004,"plus_minus_pg":-0.8125,"mins_pct":0.514,"is_qualified":true}}]}