{"bart_player_id":135185,"seasons":[{"year":2026,"team_name":"UTEP","team_conference":"CUSA","class":"Jr","raw_row":["Mouhamed Mbaye","UTEP","CUSA",21,12.9,98.1,7.7,44.4,47.92,7.2,20.8,0,16.2,7,14,0.5,4,9,0.444,0,0,0,6.5,2.1,155.6,"Jr","6-10",25,-0.24404,82.1501,9.4,2026,135185,"Saint-Louis, Senegal",null,"0.00000000",4,5,0,4,"0.8000","0.0000",0,0,null,null,103.485,103.688,0.732752,30.3023,-5.4969,-6.63072,1.13382,-5.21865,6.9833,-7.30129,2.08264,"0.6250",1.1667,1.7917,"0.0000","0.2500",0.4167,0.8333,"C",0,"2004-10-15"],"games":21,"notes":"C","projection":0,"advanced_stats":{"tov_pg":0.16666666666666666,"usage_pct":0.07675,"plus_minus_pg":0.5833333333333334,"mins_pct":0.133,"is_qualified":false}}]}