{"bart_player_id":135118,"seasons":[{"year":2026,"team_name":"Detroit Mercy","team_conference":"Horz","class":"Fr","raw_row":["Xavier Istomin-Monroe","Detroit Mercy","Horz",17,11.2,87.1,12.9,59.1,55.28,5.8,15.1,1.3,30,2,7,0.286,13,22,0.591,0,0,0,5.2,0,31.8,"Fr","7-1",6,-0.408739,77.4132,3.3,2026,135118,"Matraville, Australia",null,0.18189671,12,17,1,5,0.7059,"0.2000",1,1,"1.0000",null,114.988,114.769,0.535668,20.8197,-5.94795,-5.9438,-0.00415561,-4.8846,8.2789,-4.00318,-0.881428,0.6842,"1.0000",1.6842,0.1053,"0.0000",0.3684,1.8421,"C",0,"2006-10-15"],"games":17,"notes":"C","projection":0,"advanced_stats":{"tov_pg":0.5789473684210527,"usage_pct":0.1390526315789474,"plus_minus_pg":0.15789473684210525,"mins_pct":0.123,"is_qualified":false}}]}