{"bart_player_id":135127,"seasons":[{"year":2026,"team_name":"New Mexico","team_conference":"MWC","class":"Sr","raw_row":["Luke Haupt","New Mexico","MWC",36,71.1,113,16.2,50.2,54.85,5,13,17.4,17.4,73,102,0.716,81,161,0.503,18,54,0.333,1,2.9,47.4,"Sr","6-6",3,1.76645,110.267,3.9,2026,135127,"San Diego, CA",null,2.21568493,72,139,9,22,"0.5180",0.4091,2,4,"0.5000",null,101.125,98.3717,3.55257,201.238,4.53905,1.36238,3.17667,3.17188,28.0703,-0.13349,3.30537,1.2162,3.2432,4.4595,3.0541,1.4324,0.2162,7.8108,"Wing G",2.98051,"2003-10-15"],"games":36,"notes":"Wing G","projection":2.9805,"advanced_stats":{"tov_pg":1.3783783783783783,"usage_pct":0.14481081081081085,"plus_minus_pg":7.972972972972973,"mins_pct":0.701,"is_qualified":true}}]}