{"bart_player_id":135145,"seasons":[{"year":2026,"team_name":"Central Connecticut","team_conference":"NEC","class":"Sr","raw_row":["Ja'Kobe Williams","Central Connecticut","NEC",6,9.5,75.5,17.7,27.1,32.37,2.4,14.1,18.1,19.5,5,8,0.625,5,17,0.294,1,7,0.143,0,2.3,33.3,"Sr","6-3",10,-1.17491,72.8769,2.6,2026,135145,"Jacksonville, FL",null,"2.00000000",2,5,3,12,"0.4000","0.2500",0,0,null,null,110.076,112.432,1.32227,17.5853,-8.70551,-6.53844,-2.16707,-9.26796,"18.1000",-8.14377,-1.12419,0.4286,2.4286,2.8571,"2.0000",0.7143,"0.0000",3.2857,"Combo G",4.02189,"2003-10-15"],"games":6,"notes":"Combo G","projection":4.0219,"advanced_stats":{"tov_pg":1,"usage_pct":0.1622857142857143,"plus_minus_pg":-2.142857142857143,"mins_pct":0.105,"is_qualified":false}}]}