{"bart_player_id":135177,"seasons":[{"year":2026,"team_name":"VMI","team_conference":"SC","class":"So","raw_row":["Mason Lawson","VMI","SC",4,0.4,84.6,15.9,150,150,0,0,0,71.8,0,0,0,0,0,0,1,1,1,0,11.4,0,"So","6-0",42,-0.0798159,74.6745,7.7,2026,135177,"Boston, MA",null,"0.00000000",0,0,0,0,null,null,0,0,null,null,107.338,109.593,0.111759,1.41378,-1.34432,-6.24622,4.90191,9.7737,"1.3000",3.44461,6.32909,"0.0000","0.0000","0.0000","0.0000","0.2500","0.0000","0.7500","Pure PG",12.7684,"2005-10-15"],"games":4,"notes":"Pure PG","projection":12.7684,"advanced_stats":{"tov_pg":0.25,"usage_pct":0.26825,"plus_minus_pg":-1,"mins_pct":0.004,"is_qualified":false}}]}