{"bart_player_id":135182,"seasons":[{"year":2026,"team_name":"VMI","team_conference":"SC","class":"Fr","raw_row":["Alexander Daushvili","VMI","SC",5,7.4,122.7,20,41.2,59.86,6.2,22.1,11.9,10.4,20,24,0.833,7,10,0.7,0,7,0,1.5,1.4,141.2,"Fr","6-8",9,1.56205,118.632,4.2,2026,135182,"Tbilisi, Georgia",null,"1.66666660",7,9,0,1,0.7778,"0.0000",1,1,"1.0000",null,120.171,122.172,0.725392,15.1167,-4.43809,-0.731408,-3.70668,-3.11695,"17.1400",-1.26223,-1.85472,"1.0000","3.2000","4.2000","1.0000","0.4000","0.2000","6.8000","Wing F",4.83128,"2006-10-15"],"games":5,"notes":"Wing F","projection":4.8313,"advanced_stats":{"tov_pg":0.6,"usage_pct":0.13499999999999998,"plus_minus_pg":-3.4,"mins_pct":0.067,"is_qualified":false}}]}