{"bart_player_id":135116,"seasons":[{"year":2026,"team_name":"Detroit Mercy","team_conference":"Horz","class":"Fr","raw_row":["Je'kel Cotton","Detroit Mercy","Horz",26,15.2,97.7,17.5,41.4,42.07,10.4,25.2,3.8,10.8,4,8,0.5,9,21,0.429,10,37,0.27,1.3,0.9,13.8,"Fr","6-6",2,-0.0122244,91.8659,5.3,2026,135116,"Lima, OH",null,0.66651665,9,14,0,7,0.6429,"0.0000",0,0,null,null,110.469,109.388,0.608101,34.8066,-5.23153,-2.46853,-2.763,-5.16167,7.4481,-2.80997,-2.3517,0.7778,1.7407,2.5185,0.1481,0.1111,0.1111,2.2593,"PF/C",11.6537,"2006-10-15"],"games":26,"notes":"PF/C","projection":11.6537,"advanced_stats":{"tov_pg":0.2222222222222222,"usage_pct":0.17181481481481475,"plus_minus_pg":-1.3333333333333333,"mins_pct":0.157,"is_qualified":false}}]}