{"bart_player_id":135119,"seasons":[{"year":2026,"team_name":"Detroit Mercy","team_conference":"Horz","class":"Jr","raw_row":["Ayden Carter","Detroit Mercy","Horz",8,14.1,106.2,27.4,56.3,59.36,5.9,14.6,14.5,21.2,15,19,0.789,34,53,0.642,4,18,0.222,0.7,3.1,26.8,"Jr","6-5",7,1.76414,116.491,3.3,2026,135119,"Fremont, OH",null,0.61110002,23,34,11,19,0.6765,0.5789,2,2,"1.0000",null,110.495,109.892,1.78992,32.1386,0.286762,0.409613,-0.12285,3.11105,20.5333,2.63754,0.473511,1.1111,3.2222,4.3333,1.2222,1.1111,0.1111,12.2222,"Wing G",6.11166,"2004-10-15"],"games":8,"notes":"Wing G","projection":6.1117,"advanced_stats":{"tov_pg":2,"usage_pct":0.27311111111111114,"plus_minus_pg":-5.333333333333333,"mins_pct":0.144,"is_qualified":false}}]}