{"bart_player_id":135135,"seasons":[{"year":2026,"team_name":"Central Arkansas","team_conference":"ASun","class":"So","raw_row":["Chris Mason","Central Arkansas","ASun",3,1.9,60.8,19.8,25,25,8.9,4.8,6.6,23,0,0,0,2,5,0.4,0,3,0,0,0,0,"So","6-7",23,-0.830926,62.7905,1.6,2026,135135,"Tulsa, OK",null,"0.25000000",2,4,0,1,"0.5000","0.0000",0,0,null,null,118.429,108.684,0.721559,2.72162,-14.6567,-10.1914,-4.46527,-11.3591,"9.8500",-6.7403,-4.61885,"0.7500","1.2500","2.0000","0.2500","0.2500","0.2500","2.0000","Wing F",6.99331,"2005-10-15"],"games":3,"notes":"Wing F","projection":6.9933,"advanced_stats":{"tov_pg":1,"usage_pct":0.181,"plus_minus_pg":-4,"mins_pct":0.028,"is_qualified":false}}]}