{"bart_player_id":135168,"seasons":[{"year":2026,"team_name":"North Dakota St.","team_conference":"Sum","class":"Jr","raw_row":["Max Majerle","North Dakota St.","Sum",16,6.6,67.6,16.4,15.8,25.73,5.3,15.8,12.5,25,5,5,1,3,12,0.25,0,7,0,0,2.1,26.3,"Jr","6-4",11,-0.538918,63.18,1.9,2026,135168,"Scottsdale, AZ",null,1.28567751,2,9,1,3,0.2222,0.3333,0,0,null,null,105.085,108.58,0.47628,14.7598,-8.26355,-7.95048,-0.313071,-9.88904,5.5389,-8.01672,-1.87232,0.2222,0.6667,0.8889,"0.5000",0.1667,"0.0000","1.0000","Wing G",4.78123,"2004-10-15"],"games":16,"notes":"Wing G","projection":4.7812,"advanced_stats":{"tov_pg":0.3888888888888889,"usage_pct":0.16727777777777778,"plus_minus_pg":-2.0555555555555554,"mins_pct":0.07,"is_qualified":false}}]}