{"bart_player_id":135176,"seasons":[{"year":2026,"team_name":"Jacksonville St.","team_conference":"CUSA","class":"Fr","raw_row":["Jacoby Hill","Jacksonville St.","CUSA",29,77.2,113.9,17.5,54.2,58.03,7.3,7.2,11.2,15.6,72,102,0.706,85,152,0.559,17,52,0.327,0.1,1.9,50,"Fr","6-4",2,1.76879,108.865,3,2026,135176,"Phenix City, AL",null,1.20004262,72,111,13,41,0.6486,0.3171,3,3,"1.0000",null,110.431,111.578,2.44351,130.406,1.14608,1.25689,-0.110819,0.125986,30.4625,0.00602423,0.119962,1.9062,1.9688,"3.8750",1.6875,"1.0000",0.0312,10.0312,"Wing G",3.48024,"2006-10-15"],"games":29,"notes":"Wing G","projection":3.4802,"advanced_stats":{"tov_pg":1.40625,"usage_pct":0.16462500000000002,"plus_minus_pg":1.65625,"mins_pct":0.756,"is_qualified":true}}]}