{"bart_player_id":135134,"seasons":[{"year":2026,"team_name":"Central Arkansas","team_conference":"ASun","class":"Fr","raw_row":["John Shulman","Central Arkansas","ASun",10,1.7,0,5.3,0,0,0,21.5,0,0,0,0,0,0,0,0,0,3,0,0,0,0,"Fr","6-2",4,-0.751346,-3.01793,1.8,2026,135134,"Chattanooga, TN",null,"0.00000000",0,0,0,0,null,null,0,0,null,null,112.714,114.571,0.155937,3.40563,-13.5688,-9.47849,-4.09028,-15.0597,2.7667,-11.7948,-3.26484,"0.0000","0.5000","0.5000","0.0000",0.0833,"0.0000","0.7500","Wing G",7.81605,"2006-10-15"],"games":10,"notes":"Wing G","projection":7.8161,"advanced_stats":{"tov_pg":0,"usage_pct":0.06433333333333334,"plus_minus_pg":-1.3333333333333333,"mins_pct":0.024,"is_qualified":false}}]}