{"bart_player_id":135166,"seasons":[{"year":2026,"team_name":"South Carolina St.","team_conference":"MEAC","class":"Jr","raw_row":["Christopher Parker","South Carolina St.","MEAC",23,33.6,108,20.1,41.3,48.65,10.8,20.3,7.9,8.5,43,51,0.843,53,128,0.414,1,4,0.25,0.3,1.6,38.6,"Jr","6-5",55,0.622933,102.621,4.1,2026,135166,"Columbia, SC",null,"1.06666660",35,78,18,50,0.4487,"0.3600",3,3,"1.0000",null,114.011,123.149,0.68164,69.5355,-5.84829,-2.45606,-3.39223,-5.31269,"18.1960",-1.87881,-3.43388,"1.7200","3.0400","4.7600","0.6400","0.5200","0.0800","6.9600","Wing F",0.56564,"2004-10-15"],"games":23,"notes":"Wing F","projection":0.5656,"advanced_stats":{"tov_pg":0.6,"usage_pct":0.20179999999999995,"plus_minus_pg":-5.08,"mins_pct":0.357,"is_qualified":true}}]}