{"bart_player_id":135187,"seasons":[{"year":2026,"team_name":"Green Bay","team_conference":"Horz","class":"Jr","raw_row":["Josh Hines","Green Bay","Horz",5,1.5,137.2,15.4,70,63.93,0,13,22.9,0,0,1,0,2,2,1,1,3,0.333,0,0,20,"Jr","6-2",1,0.481857,130.023,6.3,2026,135187,"Macomb, MI",null,4.28550005,1,1,1,1,"1.0000","1.0000",0,0,null,null,120.792,117.776,0.212318,2.36095,-0.940371,3.66252,-4.60289,0.492989,7.9429,1.31109,-0.818106,0.1429,0.7143,0.8571,0.8571,0.2857,"0.0000",2.7143,"Combo G",9.85179,"2004-10-15"],"games":5,"notes":"Combo G","projection":9.8518,"advanced_stats":{"tov_pg":0,"usage_pct":0.10200000000000001,"plus_minus_pg":3.5714285714285716,"mins_pct":0.042,"is_qualified":false}}]}