{"bart_player_id":135122,"seasons":[{"year":2026,"team_name":"Northeastern","team_conference":"CAA","class":"Fr","raw_row":["Ty Francis","Northeastern","CAA",25,28.8,101,15.6,52.9,54.13,3.5,18.4,4.9,15.3,19,33,0.576,39,66,0.591,4,19,0.211,3.7,1.6,38.8,"Fr","6-7",9,0.0784152,93.9492,3.9,2026,135122,"Brooklyn, NY",null,0.66666665,29,44,10,22,0.6591,0.4545,14,16,"0.8750",null,114.606,116.311,0.895738,62.3155,-4.61968,-3.56705,-1.05263,-5.26422,"14.3640",-3.42769,-1.83654,"0.4400","2.0800","2.5200","0.4000","0.4000","0.4800","4.3600","Wing F",3.02948,"2006-10-15"],"games":25,"notes":"Wing F","projection":3.0295,"advanced_stats":{"tov_pg":0.6,"usage_pct":0.15132,"plus_minus_pg":-3.12,"mins_pct":0.29,"is_qualified":true}}]}