{"bart_player_id":135123,"seasons":[{"year":2026,"team_name":"Loyola Marymount","team_conference":"WCC","class":"Fr","raw_row":["Joshua Dalton","Loyola Marymount","WCC",28,27.7,114.9,13.7,55.5,57.63,5.5,15.2,7.4,13.5,13,18,0.722,15,25,0.6,17,48,0.354,0.3,0.7,24.7,"Fr","6-10",6,0.565452,105.64,2.9,2026,135123,"Concord, NC",null,"1.15369170",11,16,4,9,0.6875,0.4444,5,5,"1.0000",null,108.77,107.982,1.12361,53.5689,-1.23274,-0.39631,-0.836434,-0.927187,12.8759,-0.487311,-0.439876,0.5862,1.9655,2.5517,0.5172,0.2069,0.1034,3.5862,"Stretch 4",8.08502,"2006-10-15"],"games":28,"notes":"Stretch 4","projection":8.085,"advanced_stats":{"tov_pg":0.4482758620689655,"usage_pct":0.14017241379310347,"plus_minus_pg":0.06896551724137931,"mins_pct":0.289,"is_qualified":true}}]}