{"bart_player_id":135172,"seasons":[{"year":2026,"team_name":"Jacksonville St.","team_conference":"CUSA","class":"Jr","raw_row":["Emondrek Erkins-Ford","Jacksonville St.","CUSA",29,54.5,113.7,19.8,54.5,57.27,6.2,13.2,10.1,12,58,89,0.652,84,152,0.553,8,24,0.333,5.4,1.2,50.6,"Jr","6-9",13,1.50349,112.226,4.2,2026,135172,"Chicago, IL",null,"1.00000000",63,104,21,48,0.6058,0.4375,6,6,"1.0000",null,106.791,107.901,2.00389,109.036,1.56822,-0.312269,1.88049,1.04196,21.3375,0.0887265,0.953237,"1.3750",2.4375,3.8125,0.9688,0.4375,"0.8750",8.3125,"PF/C",2.2753,"2004-10-15"],"games":29,"notes":"PF/C","projection":2.2753,"advanced_stats":{"tov_pg":0.96875,"usage_pct":0.2001875,"plus_minus_pg":0.8125,"mins_pct":0.53,"is_qualified":true}}]}