{"bart_player_id":135157,"seasons":[{"year":2026,"team_name":"South Dakota","team_conference":"Sum","class":"Fr","raw_row":["Uzziah Buntyn","South Dakota","Sum",28,73,106.2,22.2,44,54.79,2.4,8.3,20.3,18.7,136,161,0.845,63,138,0.457,29,104,0.279,0.1,2.3,66.5,"Fr","6-1",1,1.41798,105.888,2.1,2026,135157,"Round Rock, TX",null,1.55710548,42,87,21,51,0.4828,0.4118,0,0,null,null,114.299,116.664,1.85681,135.019,-1.5826,0.00970807,-1.59231,-1.76735,30.3516,-0.609548,-1.1578,0.7097,"2.1290",2.8387,3.5161,1.2581,0.0323,12.0645,"Scoring PG",6.72892,"2006-10-15"],"games":28,"notes":"Scoring PG","projection":6.7289,"advanced_stats":{"tov_pg":2.2580645161290325,"usage_pct":0.21135483870967745,"plus_minus_pg":2.2903225806451615,"mins_pct":0.724,"is_qualified":true}}]}