{"bart_player_id":135117,"seasons":[{"year":2026,"team_name":"Detroit Mercy","team_conference":"Horz","class":"Fr","raw_row":["Keshawn Fisher","Detroit Mercy","Horz",18,16.3,92.3,26,44.5,47.32,6.8,13.8,12.9,21.5,10,12,0.833,20,46,0.435,11,36,0.306,3.6,1.8,14.6,"Fr","6-7",4,0.144776,96.2154,5.3,2026,135117,"Romulus, MI",null,"0.69565220",15,26,5,20,0.5769,"0.2500",2,2,"1.0000",null,112.116,111.965,0.843031,34.7352,-3.20274,-3.02593,-0.176807,-2.3803,"11.4900",-1.68784,-0.692467,"0.6500","1.5500","2.2000","0.8000","0.5000","0.3500","5.4500","Stretch 4",10.5735,"2006-10-15"],"games":18,"notes":"Stretch 4","projection":10.5735,"advanced_stats":{"tov_pg":1.15,"usage_pct":0.27680000000000005,"plus_minus_pg":1.2,"mins_pct":0.18,"is_qualified":false}}]}