{"bart_player_id":135102,"seasons":[{"year":2026,"team_name":"UC Irvine","team_conference":"BW","class":"Fr","raw_row":["Nes Emeneke","UC Irvine","BW",33,19.2,79,10.2,30.4,30.33,13.6,14.4,2.5,23.6,6,21,0.286,7,23,0.304,0,0,0,9.7,1.5,91.3,"Fr","6-10",23,-0.6504,67.9415,5.2,2026,135102,"Yaoundé, Cameroon",null,0.54533883,5,19,2,4,0.2632,"0.5000",2,4,"0.5000",null,94.7883,95.7048,1.02948,55.9077,-0.128931,-5.8303,5.70137,-2.95152,8.1943,-5.67867,2.72715,1.1714,1.2571,2.4286,0.1714,0.2286,0.8571,1.2571,"C",0,"2006-10-15"],"games":33,"notes":"C","projection":0,"advanced_stats":{"tov_pg":0.3142857142857143,"usage_pct":0.09157142857142857,"plus_minus_pg":0.8,"mins_pct":0.202,"is_qualified":false}}]}