{"bart_player_id":135115,"seasons":[{"year":2026,"team_name":"South Carolina","team_conference":"SEC","class":"Fr","raw_row":["Eli Ellis","South Carolina","SEC",28,57.8,106.5,18.1,44.2,50.56,3,9.3,14.3,11.7,58,66,0.879,57,125,0.456,23,82,0.28,0.1,1.8,31.9,"Fr","6-0",15,1.27214,106.26,2.2,2026,135115,"Hickory, NC",85.8,2.03702176,32,60,25,65,0.5333,0.3846,0,0,null,null,113.766,107.178,2.48986,109.955,0.527955,-0.0556691,0.583624,-0.0232431,26.7429,-0.766021,0.742778,0.6786,2.1071,2.7857,1.9643,0.8214,0.0357,8.6071,"Combo G",6.47394,"2006-10-15"],"games":28,"notes":"Combo G","projection":6.4739,"advanced_stats":{"tov_pg":0.9642857142857143,"usage_pct":0.18575000000000003,"plus_minus_pg":-0.9285714285714286,"mins_pct":0.578,"is_qualified":true}}]}