{"bart_player_id":135111,"seasons":[{"year":2026,"team_name":"San Diego","team_conference":"WCC","class":"Jr","raw_row":["Vuk Boskovic","San Diego","WCC",31,50.9,98.7,18.5,54.6,55.42,3.8,15.7,18.9,25.7,23,39,0.59,26,45,0.578,38,107,0.355,1.5,1.2,25.7,"Jr","6-7",34,0.447643,98.7042,5.6,2026,135111,"Bileca, Bosnia an Herzegovina, Bosnia and Herzegovina",null,1.24071127,18,28,8,17,0.6429,0.4706,1,1,"1.0000",null,114.693,114.256,1.42094,99.4658,-1.99437,-1.03655,-0.957814,-3.24513,20.2333,-2.30982,-0.935309,0.6667,2.4848,3.1515,2.0303,0.3939,0.2424,6.0909,"Stretch 4",9.80029,"2004-10-15"],"games":31,"notes":"Stretch 4","projection":9.8003,"advanced_stats":{"tov_pg":1.6363636363636365,"usage_pct":0.17469696969696968,"plus_minus_pg":-1.4545454545454546,"mins_pct":0.501,"is_qualified":true}}]}