{"bart_player_id":135197,"seasons":[{"year":2026,"team_name":"San Diego St.","team_conference":"MWC","class":"Fr","raw_row":["Elzie Harrington","San Diego St.","MWC",22,35.8,102,20.8,53.2,56.23,1.9,6.5,19.8,22.6,25,31,0.806,49,101,0.485,17,39,0.436,0.6,1.9,22.1,"Fr","6-5",3,1.01629,106.533,2.7,2026,135197,"Long Beach, CA","87.0",1.33331365,21,35,28,66,"0.6000",0.4242,3,4,"0.7500",null,106.8,102.061,2.3179,69.9814,-0.0822987,-0.662306,0.580007,0.897428,21.1435,-0.128703,1.02613,0.3478,1.2609,1.6087,2.2609,0.6957,"0.0870",7.9565,"Scoring PG",4.82441,"2006-10-15"],"games":22,"notes":"Scoring PG","projection":4.8244,"advanced_stats":{"tov_pg":1.6956521739130435,"usage_pct":0.20608695652173917,"plus_minus_pg":3.5652173913043477,"mins_pct":0.361,"is_qualified":true}}]}