{"bart_player_id":135149,"seasons":[{"year":2026,"team_name":"UC Santa Barbara","team_conference":"BW","class":"Fr","raw_row":["CJ Shaw","UC Santa Barbara","BW",30,72.3,118.9,19,58.8,64.52,2.7,5.1,15,19.2,94,113,0.832,70,128,0.547,38,88,0.432,0.4,2,52.3,"Fr","6-5",3,2.56736,117.959,2.5,2026,135149,"North Las Vegas, NV",66.8,1.25859307,66,113,4,15,0.5841,0.2667,3,3,"1.0000",null,111.561,114.202,2.02316,126.055,0.715881,2.01335,-1.29747,1.29594,29.1219,1.78457,-0.488632,0.7812,"1.2500",2.0312,2.2812,1.0625,0.0938,12.2188,"Combo G",5.94499,"2006-10-15"],"games":30,"notes":"Combo G","projection":5.945,"advanced_stats":{"tov_pg":1.8125,"usage_pct":0.195875,"plus_minus_pg":2.46875,"mins_pct":0.718,"is_qualified":true}}]}