{"bart_player_id":135146,"seasons":[{"year":2026,"team_name":"Massachusetts","team_conference":"MAC","class":"Sr","raw_row":["Donovan Brown","Massachusetts","MAC",15,5.7,69.6,13.9,36.1,36.11,1.6,8.2,6.4,27.1,0,0,0,2,8,0.25,3,10,0.3,0,3,0,"Sr","6-2",10,-0.492364,62.6488,4.3,2026,135146,"Bolingbrook, IL",null,1.16666667,0,3,2,5,"0.0000","0.4000",0,0,null,null,109.125,112.579,0.360988,13.1181,-5.9927,-5.58368,-0.409015,-8.97804,5.5312,-8.09899,-0.87905,"0.1250",0.3125,0.4375,0.4375,0.3125,"0.0000",0.8125,"Scoring PG",7.49926,"2003-10-15"],"games":15,"notes":"Scoring PG","projection":7.4993,"advanced_stats":{"tov_pg":0.375,"usage_pct":0.16312500000000002,"plus_minus_pg":-1.1875,"mins_pct":0.066,"is_qualified":false}}]}