{"bart_player_id":135152,"seasons":[{"year":2026,"team_name":"Grambling St.","team_conference":"SWAC","class":"Sr","raw_row":["Jimel Lane","Grambling St.","SWAC",26,46.8,95.8,20.5,44.6,50.26,7.3,16.9,9.9,20.3,48,61,0.787,63,135,0.467,8,33,0.242,2.3,2.4,36.3,"Sr","6-7",5,0.172286,94.5942,3.4,2026,135152,"Miami, FL",null,0.61700226,43,83,20,52,0.5181,0.3846,11,14,0.7857,null,100.997,105.803,2.21121,114.468,-3.12295,-4.53786,1.41491,-2.87418,22.4321,-3.01917,0.144992,1.3214,3.1786,"4.5000",1.0357,1.0357,0.4286,"8.2500","Wing F",3.28024,"2003-10-15"],"games":26,"notes":"Wing F","projection":3.2802,"advanced_stats":{"tov_pg":1.6785714285714286,"usage_pct":0.2136071428571428,"plus_minus_pg":0.8571428571428571,"mins_pct":0.477,"is_qualified":true}}]}