{"bart_player_id":135148,"seasons":[{"year":2026,"team_name":"Columbia","team_conference":"Ivy","class":"Fr","raw_row":["Connor Igoe","Columbia","Ivy",26,50,110,25.1,53.2,55.58,11.6,19.8,26.2,22.1,45,71,0.634,61,114,0.535,15,43,0.349,0.8,2.2,45.2,"Fr","6-7",10,1.53242,114.441,5.5,2026,135148,"Brooklyn, NY",null,1.61542189,56,91,5,23,0.6154,0.2174,0,0,null,null,106.206,107.329,1.87725,99.1875,2.43834,1.60663,0.831707,2.50065,19.7429,1.39684,1.10381,1.9643,3.6786,5.6429,"3.0000",0.7143,0.1429,8.3214,"Stretch 4",4.86462,"2006-10-15"],"games":26,"notes":"Stretch 4","projection":4.8646,"advanced_stats":{"tov_pg":1.8571428571428572,"usage_pct":0.2298571428571429,"plus_minus_pg":3.4285714285714284,"mins_pct":0.49,"is_qualified":true}}]}