{"bart_player_id":135160,"seasons":[{"year":2026,"team_name":"Georgia Southern","team_conference":"SB","class":"Fr","raw_row":["Cade Lomas","Georgia Southern","SB",2,0.1,0,0,0,0,0,0,0,0,0,0,0,0,0,0,0,0,0,0,0,0,"Fr","6-3",4,-0.289796,-5.8844,23.5,2026,135160,"Canton, GA",null,"0.00000000",null,null,null,null,null,null,null,null,null,null,121.313,124.972,0.0277149,0.170976,-7.11743,-4.00182,-3.11561,-24.0338,"1.7000",-20.3951,-3.6387,"0.0000","0.0000","0.0000","0.0000","0.0000","0.0000","0.0000","PF/C",0,"2006-10-15"],"games":2,"notes":"PF/C","projection":0,"advanced_stats":{"tov_pg":0,"usage_pct":0.09300000000000001,"plus_minus_pg":-1.3333333333333333,"mins_pct":0.003,"is_qualified":false}}]}