{"bart_player_id":135244,"seasons":[{"year":2026,"team_name":"Charleston Southern","team_conference":"BSth","class":"Fr","raw_row":["A.J. Gladieux","Charleston Southern","BSth",3,0.2,0,0,0,0,0,0,0,0,0,0,0,0,0,0,0,0,0,0,0,0,"Fr","6-2",10,-0.237983,-5.60765,0,2026,135244,"Holly Springs, NC",null,1.50000004,null,null,null,null,null,null,null,null,null,null,118.676,128.561,0.0141065,0.189965,-6.31814,-4.51041,-1.80772,-7.4848,"3.5800",-5.41072,-2.07408,"0.2000","0.4000","0.6000","0.6000","0.0000","0.0000","1.2000","PF/C",0,"2006-10-15"],"games":3,"notes":"PF/C","projection":0,"advanced_stats":{"tov_pg":0.4,"usage_pct":0.05820000000000001,"plus_minus_pg":0.8,"mins_pct":0.014,"is_qualified":false}}]}