{"bart_player_id":135201,"seasons":[{"year":2026,"team_name":"Missouri St.","team_conference":"CUSA","class":"Fr","raw_row":["Trey Williams Jr","Missouri St.","CUSA",31,75.2,109.8,17,49.4,52.31,2.1,5.4,20.3,15.3,46,64,0.719,34,86,0.395,57,156,0.365,0.7,1.8,26.4,"Fr","6-3",1,1.3549,105.348,2.3,2026,135201,"St Louis, MO",null,2.42228928,18,32,16,54,0.5625,0.2963,0,0,null,null,114.784,115.512,1.96829,123.829,-1.89805,0.591372,-2.48942,-0.864456,30.5735,0.246286,-1.11074,0.5588,1.4706,2.0294,3.2059,0.9412,0.2059,9.4412,"Scoring PG",9.87984,"2006-10-15"],"games":31,"notes":"Scoring PG","projection":9.8798,"advanced_stats":{"tov_pg":1.3235294117647058,"usage_pct":0.1711470588235294,"plus_minus_pg":0.17647058823529413,"mins_pct":0.754,"is_qualified":true}}]}