{"bart_player_id":135283,"seasons":[{"year":2026,"team_name":"Tarleton St.","team_conference":"WAC","class":"So","raw_row":["Matyas Vrabel","Tarleton St.","WAC",10,6,115.1,12.8,61.5,59.94,8.6,9.3,0,12.9,3,6,0.5,8,13,0.615,0,0,0,3.7,0.8,46.2,"So","6-10",25,0.321188,106.03,5.2,2026,135283,"Ostrava, Czech Republic",null,0.33317779,8,12,0,1,0.6667,"0.0000",1,1,"1.0000",null,111.646,112.239,0.520268,9.66891,-5.1681,-2.50884,-2.65927,-2.35707,6.0429,-1.60172,-0.755353,"0.5000",0.4286,0.9286,0.0714,0.0714,0.1429,2.2143,"C",0,"2005-10-15"],"games":10,"notes":"C","projection":0,"advanced_stats":{"tov_pg":0.21428571428571427,"usage_pct":0.11007142857142857,"plus_minus_pg":-1.9285714285714286,"mins_pct":0.065,"is_qualified":false}}]}