{"bart_player_id":135220,"seasons":[{"year":2026,"team_name":"Utah Valley","team_conference":"WAC","class":"So","raw_row":["AJ Riggs","Utah Valley","WAC",8,1.5,167.2,10.4,80,80,0,6.2,9.7,0,0,0,0,1,1,1,2,4,0.5,0,0,0,"So","6-3",5,0.433267,144.393,0,2026,135220,"Gilbert, AZ",null,"2.00000000",1,1,0,0,"1.0000",null,0,0,null,null,111.699,117.229,0.142733,1.95055,-0.851152,3.53026,-4.38141,2.5813,3.4273,4.42742,-1.84612,0.0909,0.2727,0.3636,0.3636,0.1818,"0.0000",1.3636,"Combo G",12.1529,"2005-10-15"],"games":8,"notes":"Combo G","projection":12.1529,"advanced_stats":{"tov_pg":0.18181818181818182,"usage_pct":0.1372727272727273,"plus_minus_pg":2,"mins_pct":0.027,"is_qualified":false}}]}