{"bart_player_id":135246,"seasons":[{"year":2026,"team_name":"Arkansas","team_conference":"SEC","class":"Fr","raw_row":["Amere Brown","Arkansas","SEC",7,0.8,20.5,19.5,0,8.47,0,0,0,0,1,4,0.25,0,3,0,0,1,0,0,0,100,"Fr","5-9",2,-0.451259,20.1205,0,2026,135246,"Pittsburgh, PA",null,"0.00000000",0,1,0,2,"0.0000","0.0000",0,0,null,null,121.679,117.565,0.104954,1.06449,-18.347,-12.2086,-6.13836,-27.1949,"1.8000",-16.5638,-10.6311,"0.0000","0.0000","0.0000","0.0000","0.0000","0.0000",0.1429,"PF/C",4.59878,"2006-10-15"],"games":7,"notes":"PF/C","projection":4.5988,"advanced_stats":{"tov_pg":0,"usage_pct":0.15557142857142855,"plus_minus_pg":-3.5714285714285716,"mins_pct":0.008,"is_qualified":false}}]}