{"bart_player_id":135212,"seasons":[{"year":2026,"team_name":"Georgia Southern","team_conference":"SB","class":"Fr","raw_row":["Dwayne Williams Jr.","Georgia Southern","SB",32,27.4,97.1,16,42.4,44.09,2.5,10.3,5.3,8.2,8,9,0.889,17,43,0.395,24,82,0.293,0.3,2.5,7.2,"Fr","6-6",1,-0.101565,89.9327,2.4,2026,135212,"Baltimore, MD",null,1.19993205,15,34,2,9,0.4412,0.2222,3,3,"1.0000",null,113.542,117.031,0.723019,63.1004,-5.30759,-2.19972,-3.10787,-4.30687,12.8765,-2.30366,-2.00321,0.3235,1.4118,1.7353,0.3529,0.5588,0.0294,4.4706,"Wing G",11.9213,"2006-10-15"],"games":32,"notes":"Wing G","projection":11.9213,"advanced_stats":{"tov_pg":0.29411764705882354,"usage_pct":0.18997058823529414,"plus_minus_pg":0,"mins_pct":0.293,"is_qualified":true}}]}