{"bart_player_id":135237,"seasons":[{"year":2026,"team_name":"UTEP","team_conference":"CUSA","class":"Fr","raw_row":["Bobby Montgomery Jr.","UTEP","CUSA",13,4.7,71.8,15.5,45.5,43.57,4.4,11.4,4,29.4,0,1,0,5,8,0.625,0,3,0,0,0,9.1,"Fr","6-5",3,-0.337022,68.316,4.5,2026,135237,"Baltimore, MD",null,"0.20000000",4,5,1,3,"0.8000",0.3333,1,1,"1.0000",null,115.575,116.838,0.245635,6.22728,-11.8691,-8.4623,-3.40681,-12.5831,5.1562,-8.71237,-3.87078,"0.1250","0.5000","0.6250",0.0625,0.0625,"0.0000",0.8125,"Wing F",3.42203,"2006-10-15"],"games":13,"notes":"Wing F","projection":3.422,"advanced_stats":{"tov_pg":0.3125,"usage_pct":0.137625,"plus_minus_pg":-0.125,"mins_pct":0.066,"is_qualified":false}}]}