{"bart_player_id":135260,"seasons":[{"year":2026,"team_name":"Wisconsin","team_conference":"B10","class":"Fr","raw_row":["Aleksas Bieliauskas","Wisconsin","B10",35,49.7,111.8,14,52.8,54.03,8.7,16.3,7.1,16.6,19,30,0.633,34,63,0.54,28,81,0.346,3.3,0.5,20.8,"Fr","6-10",32,1.11361,108.524,4.4,2026,135260,"Kaunas, Lithuania",79.2,"1.07137500",29,50,5,13,"0.5800",0.3846,4,4,"1.0000",null,110.338,102.429,2.20158,116.623,4.1125,1.64823,2.46427,1.1789,20.1486,0.0675618,1.11134,1.5143,2.8571,4.3714,0.8571,0.1714,"0.6000",4.8857,"PF/C",6.68427,"2005-12-05"],"games":35,"notes":"PF/C","projection":6.6843,"advanced_stats":{"tov_pg":0.8,"usage_pct":0.1317142857142857,"plus_minus_pg":2.7714285714285714,"mins_pct":0.496,"is_qualified":true}}]}