{"bart_player_id":135223,"seasons":[{"year":2026,"team_name":"Ball St.","team_conference":"MAC","class":"Fr","raw_row":["Preston Copeland","Ball St.","MAC",28,45.7,108.6,13.2,61.2,55.93,11.1,17.2,3.1,14.7,15,45,0.333,52,85,0.612,0,0,0,4.7,1.6,52.9,"Fr","6-9",34,0.239288,96.0142,4.9,2026,135223,"Clayton, NC",38.8,0.42112742,51,80,1,5,0.6375,"0.2000",17,20,"0.8500",null,107.581,108.857,1.67456,93.5949,-1.97352,-3.72135,1.74784,-4.23958,18.7167,-4.01013,-0.229451,1.8667,"2.5000",4.3667,0.2667,"0.5000",0.6667,4.5667,"C",0,"2006-10-15"],"games":28,"notes":"C","projection":0,"advanced_stats":{"tov_pg":0.6333333333333333,"usage_pct":0.12686666666666666,"plus_minus_pg":-1.2333333333333334,"mins_pct":0.448,"is_qualified":true}}]}