{"bart_player_id":135254,"seasons":[{"year":2026,"team_name":"Louisiana Monroe","team_conference":"SB","class":"So","raw_row":["Alex Huguet Carrasco","Louisiana Monroe","SB",14,7.7,106.1,13.6,47.6,46.12,10.5,16.2,2.1,4.5,2,6,0.333,4,9,0.444,4,12,0.333,0,1.2,28.6,"So","6-7",12,0.0510275,94.5794,1.7,2026,135254,"Sol de Mallorca, Spain",null,"1.00000000",4,7,0,2,0.5714,"0.0000",0,0,null,null,120.776,125.128,0.213222,14.6188,-8.75738,-2.43928,-6.3181,-5.52878,7.1625,-0.934908,-4.59388,"0.7500","1.1250","1.8750",0.1875,0.1875,"0.0000","1.7500","Wing F",7.26722,"2005-10-15"],"games":14,"notes":"Wing F","projection":7.2672,"advanced_stats":{"tov_pg":0.1875,"usage_pct":0.1428125,"plus_minus_pg":0,"mins_pct":0.089,"is_qualified":false}}]}