{"bart_player_id":135293,"seasons":[{"year":2026,"team_name":"South Dakota St.","team_conference":"Sum","class":"Fr","raw_row":["Jaden Rogers","South Dakota St.","Sum",12,9,121.3,9.3,58.8,61.28,4.4,15.6,1.6,12.1,2,2,1,7,7,1,2,10,0.2,3.8,1.7,11.8,"Fr","6-5",6,0.3313,103.425,5.7,2026,135293,"West Des Moines, IA",null,0.66650002,6,6,1,1,"1.0000","1.0000",1,1,"1.0000",null,107.993,109.393,0.748349,19.5263,-1.75398,-2.04759,0.293618,-3.73474,9.1667,-3.4117,-0.323049,0.3333,1.2667,"1.6000",0.1333,"0.2000","0.2000","2.2000","PF/C",5.62064,"2006-10-15"],"games":12,"notes":"PF/C","projection":5.6206,"advanced_stats":{"tov_pg":0.2,"usage_pct":0.11966666666666666,"plus_minus_pg":-1.3333333333333333,"mins_pct":0.107,"is_qualified":false}}]}