{"bart_player_id":135202,"seasons":[{"year":2026,"team_name":"Loyola Chicago","team_conference":"A10","class":"Fr","raw_row":["Chuck Love III","Loyola Chicago","A10",13,24.2,114.8,14.6,52.7,55.94,5.2,7.4,8.5,11.7,15,19,0.789,11,17,0.647,19,58,0.328,0.8,0.6,25.3,"Fr","6-7",10,1.07918,104.971,3,2026,135202,"Kansas City, MO","78.0",1.44446045,10,16,1,1,"0.6250","1.0000",2,3,0.6667,null,120.541,121.037,1.14157,39.1865,-1.60967,0.740966,-2.35064,-2.12394,24.6769,-0.197956,-1.92599,1.0769,1.5385,2.6154,"1.0000",0.2308,0.1538,7.2308,"Stretch 4",10.9863,"2006-10-15"],"games":13,"notes":"Stretch 4","projection":10.9863,"advanced_stats":{"tov_pg":0.6923076923076923,"usage_pct":0.1483076923076923,"plus_minus_pg":-5.076923076923077,"mins_pct":0.242,"is_qualified":false}}]}