{"bart_player_id":135233,"seasons":[{"year":2026,"team_name":"Lafayette","team_conference":"Pat","class":"Fr","raw_row":["Shareef Jackson","Lafayette","Pat",29,51.9,100.4,26.5,57.2,56.91,8.6,18,17.6,20.9,43,82,0.524,127,219,0.58,0,3,0,3.8,1.9,36.9,"Fr","6-8",44,0.937526,104.557,5.4,2026,135233,"Philadelphia, PA",null,0.74604764,107,169,20,50,0.6331,"0.4000",0,0,null,null,108.972,112.269,1.69978,123.142,-1.68846,-2.75748,1.06903,-2.11093,22.0067,-2.0879,-0.0230264,1.7667,"3.2000",4.9667,1.5667,0.7333,0.7333,10.0333,"C",0.277264,"2006-10-15"],"games":29,"notes":"C","projection":0.2773,"advanced_stats":{"tov_pg":2.1,"usage_pct":0.2640333333333333,"plus_minus_pg":-2.966666666666667,"mins_pct":0.515,"is_qualified":true}}]}