{"bart_player_id":135265,"seasons":[{"year":2026,"team_name":"The Citadel","team_conference":"SC","class":"Sr","raw_row":["Simeon German","The Citadel","SC",27,23,91.1,15.2,44.4,40.77,12.8,19,4.9,15.8,3,18,0.167,24,54,0.444,0,0,0,5,0.2,33.3,"Sr","6-10",23,-0.383183,81.6033,6.1,2026,135265,"Lagos, Nigeria",null,0.63629424,21,40,3,14,"0.5250",0.2143,5,5,"1.0000",null,118.794,120.44,0.495781,43.9886,-8.55253,-6.64689,-1.90564,-9.09774,"10.1750",-6.34259,-2.75514,1.1786,1.5357,2.7143,"0.2500",0.0357,0.3929,1.8214,"C",0,"2003-10-15"],"games":27,"notes":"C","projection":0,"advanced_stats":{"tov_pg":0.39285714285714285,"usage_pct":0.12960714285714287,"plus_minus_pg":-4.607142857142857,"mins_pct":0.211,"is_qualified":false}}]}