{"bart_player_id":135235,"seasons":[{"year":2026,"team_name":"Lafayette","team_conference":"Pat","class":"Fr","raw_row":["Ashton Wallace","Lafayette","Pat",11,2.9,74.2,18.3,30,33.41,0,17,21.1,18.2,1,1,1,3,8,0.375,0,2,0,0,1.7,10,"Fr","6-3",20,-0.247939,70.4747,4.5,2026,135235,"Lehi, UT",null,"1.00000000",2,7,1,1,0.2857,"1.0000",0,0,null,null,112.181,113.114,0.240701,5.98447,-11.5245,-8.95736,-2.56718,-10.9055,3.6583,-8.83273,-2.07277,0.0833,"0.7500",0.8333,0.3333,0.0833,"0.0000",0.5833,"Combo G",3.30805,"2006-10-15"],"games":11,"notes":"Combo G","projection":3.3081,"advanced_stats":{"tov_pg":0.3333333333333333,"usage_pct":0.1315,"plus_minus_pg":-1,"mins_pct":0.034,"is_qualified":false}}]}