{"bart_player_id":135258,"seasons":[{"year":2026,"team_name":"Wisconsin","team_conference":"B10","class":"Fr","raw_row":["Zach Kinziger","Wisconsin","B10",16,5.5,101.8,16.6,40,40.46,0,5.9,19.5,4.5,1,2,0.5,4,9,0.444,4,16,0.25,0,3.7,8,"Fr","6-3",4,0.166814,102.243,6.1,2026,135258,"De Pere, WI",77.6,"9.00000000",3,4,1,5,"0.7500","0.2000",0,0,null,null,108.681,100.431,0.573285,13.9846,0.69567,0.88076,-0.18509,0.0137554,4.9063,-3.17421,3.18796,"0.0000","0.2500","0.2500",0.5625,0.3125,"0.0000",1.3125,"Scoring PG",11.9312,"2006-10-15"],"games":16,"notes":"Scoring PG","projection":11.9312,"advanced_stats":{"tov_pg":0.0625,"usage_pct":0.15668749999999998,"plus_minus_pg":0.3125,"mins_pct":0.055,"is_qualified":false}}]}