{"bart_player_id":135251,"seasons":[{"year":2026,"team_name":"Radford","team_conference":"BSth","class":"Jr","raw_row":["Bradley Land","Radford","BSth",6,1.2,89.3,14,100,100,7.6,0,0,55.9,0,0,0,2,2,1,0,0,0,0,0,0,"Jr","6-6",13,-0.100026,80.1018,5.7,2026,135251,"Dallas, TX",null,0.33333335,1,1,1,1,"1.0000","1.0000",0,0,null,null,120.37,122.771,0.0945649,1.34517,-10.3568,-5.98633,-4.37051,-12.6694,3.9333,-7.30575,-5.36364,0.3333,0.3333,0.6667,0.1111,"0.0000",0.1111,0.8889,"PF/C",0,"2004-10-15"],"games":6,"notes":"PF/C","projection":0,"advanced_stats":{"tov_pg":0.3333333333333333,"usage_pct":0.1647777777777778,"plus_minus_pg":-0.1111111111111111,"mins_pct":0.027,"is_qualified":false}}]}