{"bart_player_id":135236,"seasons":[{"year":2026,"team_name":"Lafayette","team_conference":"Pat","class":"Fr","raw_row":["Christian Humphrey-Rembert","Lafayette","Pat",31,75.6,106.8,12.7,53.6,54.73,3.9,22.7,3,11.5,27,43,0.628,20,45,0.444,57,152,0.375,2.3,0.9,21.8,"Fr","6-9",22,0.0922975,93.2475,1.7,2026,135236,"Grand Rapids, MI",null,0.69560378,16,27,4,18,0.5926,0.2222,8,8,"1.0000",null,110.946,114.853,2.04812,165.639,-3.36277,-2.62477,-0.737996,-2.04412,30.0344,-0.638194,-1.40593,1.0625,5.5312,6.5938,"0.5000",0.4375,0.5938,7.7188,"Stretch 4",9.64411,"2006-10-15"],"games":31,"notes":"Stretch 4","projection":9.6441,"advanced_stats":{"tov_pg":0.71875,"usage_pct":0.13796875,"plus_minus_pg":-4.25,"mins_pct":0.747,"is_qualified":true}}]}