{"bart_player_id":135250,"seasons":[{"year":2026,"team_name":"Grambling St.","team_conference":"SWAC","class":"Jr","raw_row":["Mekhi Fitts","Grambling St.","SWAC",22,17.1,94.3,16.2,61.4,62.5,6.8,19.2,5.9,31.9,15,24,0.625,20,33,0.606,1,2,0.5,3.2,1.1,68.6,"Jr","6-7",23,-0.158406,87.6241,7,2026,135250,"Hueytown, AL",null,0.26087864,17,28,3,5,0.6071,"0.6000",1,1,"1.0000",null,102.115,107.299,0.904055,39.9085,-5.67013,-6.64596,0.975834,-5.90181,10.3167,-6.55219,0.650387,"0.6250",1.7917,2.4167,"0.2500",0.1667,"0.3750",3.1667,"PF/C",0.54409,"2004-10-15"],"games":22,"notes":"PF/C","projection":0.5441,"advanced_stats":{"tov_pg":0.9583333333333334,"usage_pct":0.141,"plus_minus_pg":0.5416666666666666,"mins_pct":0.188,"is_qualified":false}}]}