{"bart_player_id":135287,"seasons":[{"year":2026,"team_name":"Navy","team_conference":"Pat","class":"Fr","raw_row":["Matt Gaffney","Navy","Pat",2,0.1,0,26.8,0,0,0,76.7,0,0,0,0,0,0,1,0,0,0,0,0,0,0,"Fr","5-10",20,-0.248303,-3.04125,0,2026,135287,"Wakefield, MA",null,"1.00000000",0,0,0,1,null,"0.0000",0,0,null,null,79.9346,85.8041,0.126388,0.485368,-46.2831,-33.4664,-12.8167,-33.9341,"1.8000",-27.7293,-6.20481,"0.0000","0.5000","0.5000","0.2500","0.0000","0.0000","0.5000","PF/C",0,"2006-10-15"],"games":2,"notes":"PF/C","projection":0,"advanced_stats":{"tov_pg":0.25,"usage_pct":0.2465,"plus_minus_pg":-0.5,"mins_pct":0.005,"is_qualified":false}}]}