{"bart_player_id":135200,"seasons":[{"year":2026,"team_name":"Missouri St.","team_conference":"CUSA","class":"Fr","raw_row":["Melakih Cunningham","Missouri St.","CUSA",21,19.5,110.2,14.2,50,53.17,4.8,16.6,9.5,13.7,11,15,0.733,15,27,0.556,8,27,0.296,1.4,2.4,27.8,"Fr","6-7",5,0.350391,101.183,3.1,2026,135200,"Gary, IN",null,1.49973745,13,21,2,6,"0.6190",0.3333,3,4,"0.7500",null,108.748,108.72,1.01954,43.4365,-1.45255,-1.20342,-0.249133,-0.857422,11.7286,-0.697778,-0.159644,0.4762,1.5714,2.0476,0.5714,0.4762,0.1429,3.0952,"Wing G",6.59436,"2006-10-15"],"games":21,"notes":"Wing G","projection":6.5944,"advanced_stats":{"tov_pg":0.38095238095238093,"usage_pct":0.12100000000000002,"plus_minus_pg":-0.5714285714285714,"mins_pct":0.177,"is_qualified":false}}]}