{"bart_player_id":135232,"seasons":[{"year":2026,"team_name":"Lafayette","team_conference":"Pat","class":"So","raw_row":["KaiMani Murdock","Lafayette","Pat",24,19.6,102.7,14.2,50.8,50.41,2.8,15,7.9,10.3,0,1,0,4,8,0.5,19,56,0.339,1.8,1,1.6,"So","6-6",2,-0.0563199,90.7666,3.3,2026,135232,"Mt. Pleasant, SC",null,1.25000005,4,6,0,2,0.6667,"0.0000",0,0,null,null,113.484,116.998,0.610861,38.3711,-4.47856,-2.5237,-1.95485,-3.83135,"10.5080",-2.10669,-1.72466,"0.2800","1.3200","1.6000","0.4000","0.2400","0.2000","2.9600","Stretch 4",13.7048,"2005-10-15"],"games":24,"notes":"Stretch 4","projection":13.7048,"advanced_stats":{"tov_pg":0.32,"usage_pct":0.15732,"plus_minus_pg":0.16,"mins_pct":0.205,"is_qualified":false}}]}