{"bart_player_id":135209,"seasons":[{"year":2026,"team_name":"Texas A&M Corpus Chris","team_conference":"Slnd","class":"Jr","raw_row":["Jamal Ambrose","Texas A&M Corpus Chris","Slnd",11,4.2,65.4,11.1,42.9,40.13,2.4,2.5,3.9,33.2,0,1,0,3,7,0.429,0,0,0,2.4,3.7,14.3,"Jr","6-10",24,-0.547663,56.0905,7.4,2026,135209,"Apple Valley, MN",null,0.16658889,2,5,1,2,"0.4000","0.5000",0,0,null,null,103.539,105.457,0.436452,8.45454,-3.1245,-6.07535,2.95084,-6.00696,5.9214,-8.84199,2.83502,0.2143,0.4286,0.6429,0.0714,0.2857,0.1429,1.1429,"Wing F",0,"2004-10-15"],"games":11,"notes":"Wing F","projection":0,"advanced_stats":{"tov_pg":0.42857142857142855,"usage_pct":0.11514285714285717,"plus_minus_pg":0.5,"mins_pct":0.062,"is_qualified":false}}]}