{"bart_player_id":135271,"seasons":[{"year":2026,"team_name":"Arkansas Pine Bluff","team_conference":"SWAC","class":"Fr","raw_row":["Jai’chaunn Hayes","Arkansas Pine Bluff","SWAC",8,9.9,106.6,15.1,45.5,51.01,1.9,5,3.2,6.2,9,11,0.818,6,13,0.462,6,20,0.3,0,0.5,33.3,"Fr","6-7",2,0.462836,101.312,4.7,2026,135271,"Little Rock, AR",50.6,1.20000005,5,8,1,5,"0.6250","0.2000",0,0,null,null,122.107,113.848,1.06183,13.0048,-7.73392,-2.02229,-5.71163,-6.90072,"17.3400",-2.80907,-4.09165,"0.3000","1.0000","1.3000","0.6000","0.3000","0.1000","6.1000","Wing G",9.41201,"2006-10-15"],"games":8,"notes":"Wing G","projection":9.412,"advanced_stats":{"tov_pg":0.5,"usage_pct":0.142,"plus_minus_pg":-0.1,"mins_pct":0.135,"is_qualified":false}}]}