{"bart_player_id":135297,"seasons":[{"year":2026,"team_name":"Texas St.","team_conference":"SB","class":"Jr","raw_row":["Dimp Pernell","Texas St.","SB",9,16.3,106.6,20.9,50.7,54.31,0.6,12.3,16,17.3,12,14,0.857,19,40,0.475,10,27,0.37,1.2,2.1,20.9,"Jr","6-3",7,1.06187,106.435,3.4,2026,135297,"Southaven, MS",null,1.75002306,8,11,11,29,0.7273,0.3793,1,1,"1.0000",null,108.237,114.144,1.52657,31.8696,-3.06336,-1.37366,-1.68971,-0.140152,21.2364,-0.123016,-0.0171357,0.0909,2.0909,2.1818,1.9091,0.8182,0.1818,8.8182,"Combo G",8.13318,"2004-10-15"],"games":9,"notes":"Combo G","projection":8.1332,"advanced_stats":{"tov_pg":1.0909090909090908,"usage_pct":0.21100000000000002,"plus_minus_pg":4.363636363636363,"mins_pct":0.181,"is_qualified":false}}]}