{"bart_player_id":135257,"seasons":[{"year":2026,"team_name":"Utah Tech","team_conference":"WAC","class":"Jr","raw_row":["Boston Harker","Utah Tech","WAC",5,1.4,90.5,8.5,33.3,33.33,0,20,9.6,0,0,0,0,1,2,0.5,0,1,0,0,0,0,"Jr","6-4",3,-0.138741,80.5234,2.3,2026,135257,"Alberta, Canada",null,6.99790039,0,1,1,1,"0.0000","1.0000",0,0,null,null,112.412,110.271,0.282256,2.59659,-7.94374,-4.81562,-3.12812,-7.24527,"8.0000",-5.61908,-1.62619,0.1429,1.8571,"2.0000","1.0000",0.1429,"0.0000",3.7143,"Combo G",3.31668,"2004-10-15"],"games":5,"notes":"Combo G","projection":3.3167,"advanced_stats":{"tov_pg":0.14285714285714285,"usage_pct":0.09142857142857143,"plus_minus_pg":6.142857142857143,"mins_pct":0.04,"is_qualified":false}}]}