{"bart_player_id":135203,"seasons":[{"year":2026,"team_name":"Loyola Chicago","team_conference":"A10","class":"Sr","raw_row":["Alexander Richardson","Loyola Chicago","A10",30,29.3,106.8,16.2,57.7,56.15,12.2,22.3,11.6,20.3,18,38,0.474,41,70,0.586,0,1,0,5.1,0.9,53.5,"Sr","6-9",9,0.470656,102.888,5.3,2026,135203,"Duesseldorf, Germany",null,"1.00000000",38,59,3,11,0.6441,0.2727,7,10,"0.7000",null,111.194,110.031,1.08879,73.5019,-0.274408,-2.21341,1.939,-0.933008,12.9467,-1.86379,0.930781,1.3333,2.4333,3.7667,"0.7000","0.2000",0.5333,3.3333,"C",0.156448,"2003-10-15"],"games":30,"notes":"C","projection":0.1564,"advanced_stats":{"tov_pg":0.7,"usage_pct":0.14393333333333336,"plus_minus_pg":-2.4,"mins_pct":0.293,"is_qualified":true}}]}