{"bart_player_id":135395,"seasons":[{"year":2026,"team_name":"Samford","team_conference":"SC","class":"So","raw_row":["Judson Bjornstad","Samford","SC",22,14.1,90.6,13.5,25.8,36.47,6,8.6,3.9,5,14,20,0.7,7,21,0.333,1,12,0.083,3.1,0.7,60.6,"So","6-8",4,-0.336691,79.7164,3.5,2026,135395,"Murfreesboro, TN",null,"1.00000000",5,12,2,9,0.4167,0.2222,2,2,"1.0000",null,113.802,114.325,0.53327,25.8223,-6.78793,-5.1525,-1.63543,-6.43192,8.7917,-4.76512,-1.6668,"0.5000","0.8750","1.3750",0.2917,0.0833,"0.2500","2.2500","Wing F",4.06889,"2005-10-15"],"games":22,"notes":"Wing F","projection":4.0689,"advanced_stats":{"tov_pg":0.2916666666666667,"usage_pct":0.14558333333333331,"plus_minus_pg":-2.875,"mins_pct":0.163,"is_qualified":false}}]}