{"bart_player_id":135306,"seasons":[{"year":2026,"team_name":"Alcorn St.","team_conference":"SWAC","class":"Jr","raw_row":["Shane Lancaster","Alcorn St.","SWAC",32,71.6,112.6,18.7,53.6,56.84,2.3,7.7,16.3,13.1,66,91,0.725,49,120,0.408,61,142,0.43,1,1.9,34.7,"Jr","6-4",0,1.70053,109.51,2.7,2026,135306,"Bowie, MD",null,1.82047929,41,90,8,30,0.4556,0.2667,3,3,"1.0000",null,118.229,121.759,1.25276,126.996,-1.73345,0.847944,-2.58139,-1.10284,"28.7000",0.628154,-1.73099,0.5625,1.7812,2.3438,2.2188,0.9688,0.2812,10.8438,"Combo G",8.91771,"2004-10-15"],"games":32,"notes":"Combo G","projection":8.9177,"advanced_stats":{"tov_pg":1.21875,"usage_pct":0.19365625,"plus_minus_pg":-8.375,"mins_pct":0.714,"is_qualified":true}}]}