{"bart_player_id":135339,"seasons":[{"year":2026,"team_name":"Stanford","team_conference":"ACC","class":"Sr","raw_row":["Jeremy Dent-Smith","Stanford","ACC",33,50,104.4,21.8,49,51.83,1.6,9.2,14.9,16.8,34,41,0.829,31,88,0.352,58,153,0.379,0.5,2.3,17,"Sr","6-1",25,1.3337,111.583,3.6,2026,135339,"Hawthorne, CA",null,1.21957498,25,62,6,26,0.4032,0.2308,0,0,null,null,110.109,105.545,2.0006,99.2808,0.0434542,0.914868,-0.871414,0.697125,20.0788,0.54676,0.150365,0.2727,1.4848,1.7576,1.5152,0.7879,0.0909,8.1818,"Combo G",13.6527,"2003-10-15"],"games":33,"notes":"Combo G","projection":13.6527,"advanced_stats":{"tov_pg":1.2424242424242424,"usage_pct":0.22945454545454547,"plus_minus_pg":1.1818181818181819,"mins_pct":0.501,"is_qualified":true}}]}