{"bart_player_id":135351,"seasons":[{"year":2026,"team_name":"Saint Louis","team_conference":"A10","class":"Fr","raw_row":["Jax Kerr","Saint Louis","A10",17,6.8,92.6,25.4,39.7,42.96,12.1,17.2,5.3,14.1,7,11,0.636,11,20,0.55,3,19,0.158,2.4,1.8,28.2,"Fr","6-11",15,0.11295,98.3438,6.9,2026,135351,"Owasso, OK",null,"0.57135510",10,19,1,1,0.5263,"1.0000",3,3,"1.0000",null,98.0529,99.8467,0.652499,19.4327,-4.81241,-3.33069,-1.48171,-8.12626,6.4556,-6.53172,-1.59453,0.6111,1.3333,1.9444,0.2222,0.2222,0.3333,2.7778,"PF/C",11.3889,"2006-10-15"],"games":17,"notes":"PF/C","projection":11.3889,"advanced_stats":{"tov_pg":0.3888888888888889,"usage_pct":0.23900000000000002,"plus_minus_pg":3.2777777777777777,"mins_pct":0.083,"is_qualified":false}}]}