{"bart_player_id":135309,"seasons":[{"year":2026,"team_name":"Lipscomb","team_conference":"ASun","class":"Jr","raw_row":["Ethan Duncan","Lipscomb","ASun",29,50.7,113.7,21.1,56.5,58.35,2.6,7.6,8.1,8.4,24,26,0.923,51,90,0.567,62,165,0.376,0.2,2.1,10.2,"Jr","6-0",7,1.27826,109.925,2.4,2026,135309,"Lubbock, TX",null,1.59996896,36,55,15,35,0.6545,0.4286,0,0,null,null,111.581,111.71,1.64967,96.877,-1.50387,0.89315,-2.39702,0.478445,21.1806,1.39654,-0.918099,0.5161,1.4516,1.9677,1.0323,0.7419,0.0645,10.4839,"Combo G",15.3851,"2004-10-15"],"games":29,"notes":"Combo G","projection":15.3851,"advanced_stats":{"tov_pg":0.6451612903225806,"usage_pct":0.2299677419354839,"plus_minus_pg":2.935483870967742,"mins_pct":0.512,"is_qualified":true}}]}