{"bart_player_id":135358,"seasons":[{"year":2026,"team_name":"Oregon St.","team_conference":"WCC","class":"So","raw_row":["Keziah Ekissi","Oregon St.","WCC",27,34.9,94.7,19.5,42.5,46.76,3.8,7.9,21.7,19.3,31,48,0.646,24,66,0.364,16,47,0.34,0,2.1,42.5,"So","6-3",7,0.300174,97.4028,3.4,2026,135358,"Saint-Maries-De-La-Mer, France",null,1.65515309,16,44,8,22,0.3636,0.3636,2,4,"0.5000",null,113.368,110.724,1.40967,68.0063,-3.46489,-1.73915,-1.72574,-2.95242,17.3407,-2.44979,-0.50263,0.5185,1.1852,1.7037,1.7778,0.5926,"0.0000",4.7037,"Scoring PG",6.08496,"2005-10-15"],"games":27,"notes":"Scoring PG","projection":6.085,"advanced_stats":{"tov_pg":1.0740740740740742,"usage_pct":0.18385185185185188,"plus_minus_pg":-2.4814814814814814,"mins_pct":0.349,"is_qualified":true}}]}