{"bart_player_id":135344,"seasons":[{"year":2026,"team_name":"UC Riverside","team_conference":"BW","class":"Sr","raw_row":["Jailen Daniel-Dalton","UC Riverside","BW",24,47.2,107.3,13.6,50.5,54.66,6.4,14.3,6.7,16,34,48,0.708,44,74,0.595,7,34,0.206,2.1,1.5,44.4,"Sr","6-6",44,0.496223,98.4319,4.7,2026,135344,"Mountain View, CA",null,0.92002079,40,64,4,10,"0.6250","0.4000",7,10,"0.7000",null,111.225,112.47,1.79202,97.651,-1.14167,-1.39232,0.250648,-2.28358,23.1462,-2.31321,0.0296213,1.3462,2.6923,4.0385,0.8846,0.5769,"0.5000","6.0000","Wing F",3.37338,"2003-10-15"],"games":24,"notes":"Wing F","projection":3.3734,"advanced_stats":{"tov_pg":0.9615384615384616,"usage_pct":0.13596153846153844,"plus_minus_pg":-2.5384615384615383,"mins_pct":0.469,"is_qualified":true}}]}