{"bart_player_id":135319,"seasons":[{"year":2026,"team_name":"North Carolina Central","team_conference":"MEAC","class":"So","raw_row":["Gage Lattimore","North Carolina Central","MEAC",27,89.3,105.8,22.2,46.2,53.26,2.1,12.3,13.7,14.6,111,127,0.874,55,156,0.353,66,177,0.373,0.8,2,38.1,"So","6-2",11,1.70367,105.631,2.7,2026,135319,"Greensboro, NC",null,1.29310524,34,73,21,83,0.4658,"0.2530",1,1,"1.0000",null,116.348,124.151,1.31235,154.779,-4.19238,-0.198226,-3.99415,-2.84782,36.6935,0.150456,-2.99827,0.6452,3.6452,4.2903,2.4194,1.2903,0.2581,16.5806,"Combo G",10.6081,"2005-10-15"],"games":27,"notes":"Combo G","projection":10.6081,"advanced_stats":{"tov_pg":1.8709677419354838,"usage_pct":0.2305161290322581,"plus_minus_pg":-3.4838709677419355,"mins_pct":0.885,"is_qualified":true}}]}