{"bart_player_id":135363,"seasons":[{"year":2026,"team_name":"George Mason","team_conference":"A10","class":"Fr","raw_row":["Devin Booker","George Mason","A10",24,15,77.3,14.9,32.3,35.07,2,6,2.8,10.8,7,13,0.538,5,17,0.294,7,31,0.226,3.2,1.3,27.1,"Fr","6-4",11,-0.572473,71.692,3.3,2026,135363,"Philadelphia, PA",null,"0.50000000",4,10,1,7,"0.4000",0.1429,1,1,"1.0000",null,108.621,107.649,0.739779,28.0294,-4.74597,-4.60487,-0.1411,-5.2625,"8.3600",-5.28986,0.0273613,"0.1600","0.5200","0.6800","0.1600","0.1600","0.2000","1.8000","Wing G",9.93316,"2006-10-15"],"games":24,"notes":"Wing G","projection":9.9332,"advanced_stats":{"tov_pg":0.32,"usage_pct":0.18396,"plus_minus_pg":-0.2,"mins_pct":0.158,"is_qualified":false}}]}