{"bart_player_id":135337,"seasons":[{"year":2026,"team_name":"Niagara","team_conference":"MAAC","class":"Sr","raw_row":["Reggie Prudhomme","Niagara","MAAC",29,66.3,97.4,16,49.7,50.85,0.8,10.9,19.9,20,14,21,0.667,31,67,0.463,35,101,0.347,0,2.1,12.5,"Sr","6-0",1,-0.200437,90.1897,3.2,2026,135337,"Missouri City, TX",null,1.78571432,17,37,14,30,0.4595,0.4667,0,0,null,null,114.749,120.015,1.32072,112.705,-4.42556,-2.15398,-2.27158,-4.9986,"26.3900",-3.81604,-1.18256,0.1667,"2.3000",2.4667,"2.5000","0.9000","0.0000","6.1000","Scoring PG",8.27893,"2003-10-15"],"games":29,"notes":"Scoring PG","projection":8.2789,"advanced_stats":{"tov_pg":1.4,"usage_pct":0.15530000000000005,"plus_minus_pg":-4.7,"mins_pct":0.656,"is_qualified":true}}]}