{"bart_player_id":135379,"seasons":[{"year":2026,"team_name":"LSU","team_conference":"SEC","class":"Fr","raw_row":["Ron Zipper","LSU","SEC",9,2.5,109.4,27.9,53.6,59.35,0,13.4,11.6,19,5,6,0.833,0,2,0,5,12,0.417,3.3,3.6,42.9,"Fr","6-5",16,0.353068,120.372,3.7,2026,135379,"Ashkelon, Israel","64.0","0.66666670",0,1,0,1,"0.0000","0.0000",0,0,null,null,107.101,107.834,0.334528,6.65025,3.28245,2.68935,0.593093,7.43246,3.6333,5.60488,1.82758,"0.0000",0.4444,0.4444,0.2222,0.2222,0.1111,2.2222,"Scoring PG",21.1499,"2006-10-15"],"games":9,"notes":"Scoring PG","projection":21.1499,"advanced_stats":{"tov_pg":0.3333333333333333,"usage_pct":0.29266666666666663,"plus_minus_pg":0.7777777777777778,"mins_pct":0.025,"is_qualified":false}}]}