{"bart_player_id":135353,"seasons":[{"year":2026,"team_name":"Marist","team_conference":"MAAC","class":"Fr","raw_row":["Myles Parker","Marist","MAAC",30,36.2,116.8,16,58.3,60.92,4.3,13.9,8.8,13.9,22,28,0.786,20,34,0.588,29,75,0.387,0.8,3.3,25.7,"Fr","6-8",5,0.753291,107.357,4,2026,135353,"Plainfield, NJ",null,1.31253634,15,20,5,14,"0.7500",0.3571,5,5,"1.0000",null,93.6759,98.2658,1.81435,88.1125,1.85913,-0.0332477,1.89238,2.43915,14.5387,-0.2793,2.71845,0.6129,"1.8710",2.4839,0.6774,0.7742,0.0968,5.0968,"Wing F",10.4267,"2006-10-15"],"games":30,"notes":"Wing F","projection":10.4267,"advanced_stats":{"tov_pg":0.5161290322580645,"usage_pct":0.17480645161290323,"plus_minus_pg":2.225806451612903,"mins_pct":0.362,"is_qualified":true}}]}