{"bart_player_id":135381,"seasons":[{"year":2026,"team_name":"Belmont","team_conference":"MVC","class":"Fr","raw_row":["Jack Smiley","Belmont","MVC",31,42.9,119.8,23.7,59.1,61.23,2.2,10.3,26.8,16.6,30,37,0.811,51,97,0.526,44,101,0.436,0.2,1.6,18.7,"Fr","6-2",2,1.96858,125.462,3.3,2026,135381,"Valparaiso, IN",null,2.18927518,33,55,18,42,"0.6000",0.4286,1,1,"1.0000",null,108.525,110.129,1.44208,88.7156,0.99545,3.62311,-2.62766,3.13718,17.2806,4.03227,-0.895093,0.2903,1.6452,1.9355,2.6129,0.4839,0.0323,8.5161,"Scoring PG",10.7135,"2006-10-15"],"games":31,"notes":"Scoring PG","projection":10.7135,"advanced_stats":{"tov_pg":1.1935483870967742,"usage_pct":0.23841935483870969,"plus_minus_pg":6.32258064516129,"mins_pct":0.416,"is_qualified":true}}]}