{"bart_player_id":135399,"seasons":[{"year":2026,"team_name":"Colorado","team_conference":"B12","class":"Fr","raw_row":["Josiah Sanders","Colorado","B12",33,44.3,105,16.1,47.6,48.76,7.1,10,15.7,15.6,27,52,0.519,55,101,0.545,3,24,0.125,0,1.2,41.6,"Fr","6-5",5,0.724635,104.155,2.5,2026,135399,"Denver, CO",69.4,2.11537006,45,77,10,24,0.5844,0.4167,3,3,"1.0000",null,116.655,109.93,1.50237,82.3513,-0.0707356,0.270889,-0.341624,-0.647483,17.9182,-0.264053,-0.38343,1.0909,1.5455,2.6364,1.6667,0.3636,"0.0000",4.4242,"Wing G",2.31814,"2006-10-15"],"games":33,"notes":"Wing G","projection":2.3181,"advanced_stats":{"tov_pg":0.7878787878787878,"usage_pct":0.15839393939393942,"plus_minus_pg":-1.0606060606060606,"mins_pct":0.443,"is_qualified":true}}]}