{"bart_player_id":135332,"seasons":[{"year":2026,"team_name":"FIU","team_conference":"CUSA","class":"Jr","raw_row":["Amarion Nimmers","FIU","CUSA",2,0.9,119.1,14.2,50,50.85,0,0,17.2,0,1,2,0.5,1,1,1,0,1,0,0,0,100,"Jr","6-3",11,0.397354,115.044,7.9,2026,135332,"Rock Island, IL",null,1.20000005,1,1,0,0,"1.0000",null,0,0,null,null,121.192,119.189,0.265986,0.91717,-10.2551,-1.33082,-8.92425,-9.58873,"8.3800",-5.5313,-4.05743,"0.0000","0.4000","0.4000","0.6000","0.2000","0.4000","1.6000","Scoring PG",5.27962,"2004-10-15"],"games":2,"notes":"Scoring PG","projection":5.2796,"advanced_stats":{"tov_pg":0,"usage_pct":0.1538,"plus_minus_pg":-0.4,"mins_pct":0.032,"is_qualified":false}}]}