{"bart_player_id":135386,"seasons":[{"year":2026,"team_name":"Kentucky","team_conference":"SEC","class":"Fr","raw_row":["Malachi Moreno","Kentucky","SEC",36,56.4,121.9,18.2,58.2,62.26,12.2,18.9,13.6,17.7,88,126,0.698,96,162,0.593,0,3,0,7.3,1.3,76.4,"Fr","7-0",24,2.56062,125.101,3.8,2026,135386,"Georgetown, KY",94.6,1.39129755,78,127,18,35,0.6142,0.5143,43,47,0.9149,null,103.869,95.3377,3.05325,163.577,8.58588,2.6445,5.94138,6.41618,22.6222,2.72218,3.69401,2.4167,3.9167,6.3333,1.7778,0.5278,1.4722,7.7778,"C",0.210583,"2006-10-24"],"games":36,"notes":"C","projection":0.2106,"advanced_stats":{"tov_pg":1.2777777777777777,"usage_pct":0.1624166666666667,"plus_minus_pg":4.444444444444445,"mins_pct":0.563,"is_qualified":true}}]}