{"bart_player_id":135334,"seasons":[{"year":2026,"team_name":"Southern Utah","team_conference":"WAC","class":"Fr","raw_row":["Elijah Duval","Southern Utah","WAC",29,66.7,94.5,34.4,50,52.31,4,12.8,30.7,22.9,84,135,0.622,140,274,0.511,29,93,0.312,0.8,2.5,36.8,"Fr","6-3",1,1.73045,111.061,4.7,2026,135334,"Wilmington, DE",null,"1.00000000",113,200,27,74,"0.5650",0.3649,3,3,"1.0000",null,112.828,114.578,1.83206,139.62,-1.73617,-0.189216,-1.54696,-1.73803,26.3484,0.0601884,-1.79822,"0.8710",3.0968,3.9677,3.6129,1.2258,0.2903,15.2581,"Scoring PG",6.72442,"2006-10-15"],"games":29,"notes":"Scoring PG","projection":6.7244,"advanced_stats":{"tov_pg":3.6129032258064515,"usage_pct":0.3372258064516129,"plus_minus_pg":-2.3225806451612905,"mins_pct":0.635,"is_qualified":true}}]}