{"bart_player_id":135394,"seasons":[{"year":2026,"team_name":"Alabama A&M","team_conference":"SWAC","class":"Jr","raw_row":["Peyton Daniels","Alabama A&M","SWAC",6,5.8,90.8,17.4,50,52.76,0,13.5,8.6,24.1,3,4,0.75,0,3,0,6,15,0.4,1.6,3.4,22.2,"Jr","6-2",8,-0.166832,88.2705,4.5,2026,135394,"Ellenwood, GA",null,0.44442716,0,1,0,2,"0.0000","0.0000",0,0,null,null,106.212,109.179,1.02555,13.6053,-4.0454,-3.21367,-0.831737,-1.58838,"12.8000",-2.38577,0.797387,0.1429,1.8571,"2.0000",0.5714,0.5714,0.1429,5.5714,"Scoring PG",12.6972,"2004-10-15"],"games":6,"notes":"Scoring PG","projection":12.6972,"advanced_stats":{"tov_pg":1.2857142857142858,"usage_pct":0.19542857142857145,"plus_minus_pg":2,"mins_pct":0.067,"is_qualified":false}}]}