{"bart_player_id":135342,"seasons":[{"year":2026,"team_name":"Holy Cross","team_conference":"Pat","class":"Fr","raw_row":["Jude Haigh","Holy Cross","Pat",11,4.8,72.9,12.7,30,30,2.1,6.4,3.1,0,0,0,0,0,2,0,3,13,0.231,1.9,0,0,"Fr","6-5",11,-0.518171,64.4798,4.8,2026,135342,"Altoona, PA",null,1.33318893,0,0,0,2,null,"0.0000",0,0,null,null,119.636,122.666,0.217437,6.87309,-10.1396,-5.48195,-4.65764,-11.0237,6.8769,-6.70892,-4.31476,0.0769,0.6154,0.6923,0.3077,0.1538,0.0769,1.7692,"Wing G",13.2663,"2006-10-15"],"games":11,"notes":"Wing G","projection":13.2663,"advanced_stats":{"tov_pg":0.23076923076923078,"usage_pct":0.11607692307692309,"plus_minus_pg":-0.46153846153846156,"mins_pct":0.068,"is_qualified":false}}]}