{"bart_player_id":135397,"seasons":[{"year":2026,"team_name":"Colorado","team_conference":"B12","class":"Fr","raw_row":["Jalin Holland","Colorado","B12",31,40.5,91.4,18.4,44.1,45.86,6.5,11.3,7.9,18.4,26,48,0.542,41,90,0.456,15,54,0.278,2.3,2.5,33.3,"Fr","6-5",11,0.0546018,93.2807,5.4,2026,135397,"Los Lunas, NM",65.4,0.78126516,33,66,8,24,"0.5000",0.3333,5,6,0.8333,null,111.537,105.301,1.73916,97.2367,0.0829977,-1.42104,1.50403,-2.00181,17.4516,-2.77819,0.776379,0.9677,1.7097,2.6774,0.8065,0.7742,0.3871,4.9355,"Wing G",5.7052,"2006-10-15"],"games":31,"notes":"Wing G","projection":5.7052,"advanced_stats":{"tov_pg":1.032258064516129,"usage_pct":0.18461290322580645,"plus_minus_pg":0.6451612903225806,"mins_pct":0.405,"is_qualified":true}}]}