{"bart_player_id":135301,"seasons":[{"year":2026,"team_name":"Central Michigan","team_conference":"MAC","class":"Sr","raw_row":["Nick Mullen","Central Michigan","MAC",29,46.4,106.1,14.9,51.8,54.48,5.5,18,7.8,16,29,44,0.659,53,83,0.639,4,31,0.129,5.4,1.6,38.6,"Sr","6-10",21,0.362113,97.988,4.4,2026,135301,"Chesterton, IN",null,"1.00000000",48,68,5,15,0.7059,0.3333,15,15,"1.0000",null,110.776,112.207,1.42792,101.133,-0.816692,-2.07725,1.26056,-1.96351,18.9935,-2.34345,0.379942,0.9677,2.9355,3.9032,0.8065,0.5484,0.9355,5.4839,"Stretch 4",3.36774,"2003-10-15"],"games":29,"notes":"Stretch 4","projection":3.3677,"advanced_stats":{"tov_pg":0.8064516129032258,"usage_pct":0.1466451612903226,"plus_minus_pg":-2.838709677419355,"mins_pct":0.473,"is_qualified":true}}]}