{"bart_player_id":135324,"seasons":[{"year":2026,"team_name":"Louisville","team_conference":"ACC","class":"Jr","raw_row":["Vangelis Zougris","Louisville","ACC",27,17.5,111,18.4,57.1,59.24,16.5,13.6,11.5,26.1,15,23,0.652,28,49,0.571,0,0,0,2.2,2.1,46.9,"Jr","6-8",53,0.650907,112.998,6.4,2026,135324,"Peristeri, Greece",null,0.80946255,23,38,5,11,0.6053,0.4545,4,4,"1.0000",null,102.033,97.631,1.1591,47.3236,4.37628,1.068,3.30828,1.82143,9.0926,-0.836091,2.65752,1.2963,1.1481,2.4444,0.6296,0.3333,0.1852,2.6296,"C",0,"2004-10-15"],"games":27,"notes":"C","projection":0,"advanced_stats":{"tov_pg":0.7777777777777778,"usage_pct":0.16344444444444442,"plus_minus_pg":2.185185185185185,"mins_pct":0.175,"is_qualified":false}}]}