{"bart_player_id":135340,"seasons":[{"year":2026,"team_name":"Central Michigan","team_conference":"MAC","class":"Sr","raw_row":["Nathan Claerbaut","Central Michigan","MAC",29,73.6,112.7,19.5,56.8,58.36,7.1,14.5,10.4,14.4,46,68,0.676,147,253,0.581,0,6,0,7.8,0.8,26.3,"Sr","7-0",32,1.91971,111.159,2.9,2026,135340,"Zeeland, MI",null,1.09088352,82,120,65,133,0.6833,0.4887,16,16,"1.0000",null,113.14,114.602,2.01936,144.699,1.12094,-0.786342,1.90728,0.457412,29.0871,0.40231,0.0551017,1.8387,3.6774,5.5161,1.5484,0.4194,2.0645,12.2903,"C",0.41093,"2003-10-15"],"games":29,"notes":"C","projection":0.4109,"advanced_stats":{"tov_pg":1.4193548387096775,"usage_pct":0.20738709677419354,"plus_minus_pg":0.03225806451612903,"mins_pct":0.729,"is_qualified":true}}]}