{"bart_player_id":135392,"seasons":[{"year":2026,"team_name":"South Florida","team_conference":"Amer","class":"Fr","raw_row":["Adriel Nyorha","South Florida","Amer",25,19.5,96.1,23.3,44,47.77,4.6,11.1,30.1,26.8,19,28,0.679,23,55,0.418,9,28,0.321,1.7,2.5,33.7,"Fr","6-5",21,0.278742,100.225,3.1,2026,135392,"Ottawa, Canada",45.6,1.67743023,20,43,3,12,0.4651,"0.2500",0,0,null,null,104.259,103.113,1.1089,48.3988,-1.38077,-2.32593,0.945155,0.368897,10.9846,-0.702416,1.07131,0.4615,1.1923,1.6538,"2.0000",0.5769,0.1538,3.7308,"Scoring PG",5.82138,"2006-10-15"],"games":25,"notes":"Scoring PG","projection":5.8214,"advanced_stats":{"tov_pg":1.1923076923076923,"usage_pct":0.21753846153846157,"plus_minus_pg":2.269230769230769,"mins_pct":0.206,"is_qualified":false}}]}