{"bart_player_id":135321,"seasons":[{"year":2026,"team_name":"Denver","team_conference":"Sum","class":"Sr","raw_row":["Zane Nelson","Denver","Sum",29,62.2,115.5,26.7,52.9,57.16,2.2,15,19.6,13.4,84,108,0.778,71,161,0.441,57,135,0.422,0.7,2.3,36.5,"Sr","6-4",7,2.63227,122.842,3.9,2026,135321,"Birmingham, AL",null,1.61696557,34,81,37,80,0.4198,0.4625,0,1,"0.0000",null,118.557,119.273,1.30392,126.978,0.345337,3.05307,-2.70774,1.66775,24.6633,3.22198,-1.55423,0.4667,3.1333,"3.6000",2.5333,"1.0000",0.1667,13.3333,"Combo G",10.7637,"2003-10-15"],"games":29,"notes":"Combo G","projection":10.7637,"advanced_stats":{"tov_pg":1.5666666666666667,"usage_pct":0.27436666666666676,"plus_minus_pg":1.5333333333333334,"mins_pct":0.578,"is_qualified":true}}]}