{"bart_player_id":135304,"seasons":[{"year":2026,"team_name":"Southern Indiana","team_conference":"OVC","class":"So","raw_row":["Alem Fejzic","Southern Indiana","OVC",12,8.1,72.8,11.5,31.8,31.82,2.2,4.9,2.2,11,0,0,0,1,1,1,4,21,0.19,0,1.3,0,"So","6-3",12,-0.794219,62.3836,2.2,2026,135304,"Sarajevo, Bosnia and Herzegovina",null,0.66682221,1,1,0,0,"1.0000",null,0,0,null,null,113.799,120.541,0.366235,11.1426,-9.27173,-5.64797,-3.62376,-11.6844,8.5786,-8.18238,-3.50204,0.2143,0.3571,0.5714,0.1429,0.1429,"0.0000",1.6429,"Wing G",13.2913,"2005-10-15"],"games":12,"notes":"Wing G","projection":13.2913,"advanced_stats":{"tov_pg":0.21428571428571427,"usage_pct":0.12600000000000003,"plus_minus_pg":-1.5,"mins_pct":0.099,"is_qualified":false}}]}