{"bart_player_id":135402,"seasons":[{"year":2026,"team_name":"UT Rio Grande Valley","team_conference":"Slnd","class":"Fr","raw_row":["Julien Gomez","UT Rio Grande Valley","Slnd",31,56.4,119.6,16.2,58.8,61.99,5.7,10.3,11.8,15.8,41,52,0.788,43,79,0.544,34,81,0.42,0.2,2,32.5,"Fr","6-2",13,1.64774,113.42,4.5,2026,135402,"Huntington Park, CA",null,1.64519908,38,59,5,20,0.6441,"0.2500",0,0,null,null,106.433,107.968,2.06636,114.211,2.5016,2.07522,0.426376,0.777374,22.4576,0.0253274,0.752046,1.0303,2.1515,3.1818,1.5455,0.7273,0.0606,7.5455,"Wing G",6.90013,"2006-10-15"],"games":31,"notes":"Wing G","projection":6.9001,"advanced_stats":{"tov_pg":0.9393939393939394,"usage_pct":0.16154545454545455,"plus_minus_pg":3.757575757575758,"mins_pct":0.555,"is_qualified":true}}]}