{"bart_player_id":135418,"seasons":[{"year":2026,"team_name":"Davidson","team_conference":"A10","class":"Jr","raw_row":["John Nowland","Davidson","A10",3,0.2,0,0,0,0,0,0,0,0,0,0,0,0,0,0,0,0,0,0,0,0,"Jr","6-8",50,-0.260697,-5.62584,34.8,2026,135418,"Spokane, WA",null,"0.00000000",null,null,null,null,null,null,null,null,null,null,111.713,114.328,0.053313,0.277076,-4.005,-3.67672,-0.328281,-25.2494,"2.3200",-28.0941,2.84473,"0.2000","0.0000","0.2000","0.0000","0.2000","0.0000","0.6000","C",0,"2004-10-15"],"games":3,"notes":"C","projection":0,"advanced_stats":{"tov_pg":0.2,"usage_pct":0.0722,"plus_minus_pg":-0.6,"mins_pct":0.008,"is_qualified":false}}]}