{"bart_player_id":135469,"seasons":[{"year":2026,"team_name":"BYU","team_conference":"B12","class":"Fr","raw_row":["Xavion Staton","BYU","B12",9,3.1,111.8,7.6,50,50.51,2.6,7.5,10,17.2,1,2,0.5,2,4,0.5,0,0,0,12.3,0,50,"Fr","7-0",33,0.0538471,95.5787,7.4,2026,135469,"Las Vegas, NV","93.0",2.99999987,2,3,0,1,0.6667,"0.0000",1,1,"1.0000",null,108.548,106.914,0.46045,7.41075,4.19401,-1.43873,5.63274,1.85885,4.8333,-3.76029,5.61914,0.1111,0.3333,0.4444,0.3333,"0.0000",0.5556,0.5556,"C",0,"2006-10-15"],"games":9,"notes":"C","projection":0,"advanced_stats":{"tov_pg":0.1111111111111111,"usage_pct":0.08277777777777778,"plus_minus_pg":0.6666666666666666,"mins_pct":0.031,"is_qualified":false}}]}