{"bart_player_id":135488,"seasons":[{"year":2026,"team_name":"Coppin St.","team_conference":"MEAC","class":"Fr","raw_row":["Nelson Lamizana","Coppin St.","MEAC",17,27,90.1,20.4,47.7,54.26,2.8,16.5,10.7,27.8,28,32,0.875,33,65,0.508,6,23,0.261,1.9,1.4,36.4,"Fr","6-9",21,-0.273411,88.253,4.4,2026,135488,"West Chester, PA",null,0.46876326,22,34,11,31,0.6471,0.3548,4,5,"0.8000",null,116.926,122.053,0.818208,54.112,-7.75717,-5.90504,-1.85213,-7.68731,19.1471,-4.98674,-2.70056,0.4706,2.5294,"3.0000",0.8824,0.4706,0.2941,6.5882,"Wing F",4.08248,"2006-10-15"],"games":17,"notes":"Wing F","projection":4.0825,"advanced_stats":{"tov_pg":1.8823529411764706,"usage_pct":0.2074117647058824,"plus_minus_pg":-7.647058823529412,"mins_pct":0.262,"is_qualified":true}}]}