{"bart_player_id":135435,"seasons":[{"year":2026,"team_name":"UC San Diego","team_conference":"BW","class":"Jr","raw_row":["Leo Beath","UC San Diego","BW",32,76,100,20.4,48.1,51.61,2.8,15.1,9.6,14.4,64,85,0.753,85,176,0.483,46,144,0.319,1.8,2.2,26.6,"Jr","6-8",8,0.859151,100.514,2.5,2026,135435,"Malibu, CA",null,1.09995917,59,99,26,77,"0.5960",0.3377,10,12,0.8333,null,100.92,102.776,3.3319,188.096,0.0735654,-1.74956,1.82313,-0.121388,30.1118,-1.13091,1.00952,0.8824,4.1765,5.0588,1.6176,1.2353,0.4412,12.1765,"Wing F",8.45393,"2004-10-15"],"games":32,"notes":"Wing F","projection":8.4539,"advanced_stats":{"tov_pg":1.4705882352941178,"usage_pct":0.21508823529411772,"plus_minus_pg":4.9411764705882355,"mins_pct":0.753,"is_qualified":true}}]}