{"bart_player_id":135453,"seasons":[{"year":2026,"team_name":"SIU Edwardsville","team_conference":"OVC","class":"Fr","raw_row":["Iwo Baganc","SIU Edwardsville","OVC",6,1,131.8,9.8,0,51.28,10.4,0,0,0,2,2,1,0,1,0,0,0,0,0,0,200,"Fr","6-8",20,0.114582,110.058,10.7,2026,135453,"Poznan, Poland",null,"0.50000000",0,0,0,1,null,"0.0000",0,0,null,null,111.517,115.464,0.12245,1.02342,-7.68265,-3.23659,-4.44606,-11.7556,"5.1000",-8.61779,-3.13777,0.5556,0.5556,1.1111,0.1111,0.3333,"0.0000",2.7778,"C",0,"2006-10-15"],"games":6,"notes":"C","projection":0,"advanced_stats":{"tov_pg":0.2222222222222222,"usage_pct":0.16344444444444445,"plus_minus_pg":2.2222222222222223,"mins_pct":0.036,"is_qualified":false}}]}