{"bart_player_id":135446,"seasons":[{"year":2026,"team_name":"Austin Peay","team_conference":"ASun","class":"Sr","raw_row":["Collin Parker","Austin Peay","ASun",29,78.4,118.8,26.2,54.5,58.54,4.2,19.4,21.5,11.4,100,123,0.813,130,258,0.504,55,132,0.417,1.4,1.5,31.5,"Sr","6-8",32,3.11236,120.98,2.6,2026,135446,"Montgomery City, MO",null,1.97997396,85,153,45,105,0.5556,0.4286,2,2,"1.0000",null,106.875,108.159,2.85097,162.516,2.77511,2.60115,0.173952,3.82496,30.6484,3.85592,-0.0309665,"1.1290",5.0645,6.1935,3.1935,0.9032,0.3548,17.5806,"Wing F",8.24309,"2003-10-15"],"games":29,"notes":"Wing F","projection":8.2431,"advanced_stats":{"tov_pg":1.6129032258064515,"usage_pct":0.2648387096774194,"plus_minus_pg":6.806451612903226,"mins_pct":0.767,"is_qualified":true}}]}