{"bart_player_id":135474,"seasons":[{"year":2026,"team_name":"Oral Roberts","team_conference":"Sum","class":"Fr","raw_row":["Cal Furnish","Oral Roberts","Sum",30,50.9,105,11.2,54.1,56.19,3,10.5,13.8,24.4,17,25,0.68,21,34,0.618,17,52,0.327,0.2,1.8,29.1,"Fr","5-10",6,-0.137343,90.4225,3.4,2026,135474,"Edmond, OK",null,1.59379197,9,14,12,20,0.6429,"0.6000",0,0,null,null,116.503,116.59,1.25525,91.9774,-2.78207,-1.90558,-0.876496,-3.83631,20.5212,-3.51024,-0.326071,0.6364,1.8788,2.5152,1.5455,"0.6970",0.0303,"4.0000","Combo G",4.88071,"2006-10-15"],"games":30,"notes":"Combo G","projection":4.8807,"advanced_stats":{"tov_pg":0.9696969696969697,"usage_pct":0.10736363636363636,"plus_minus_pg":-1.5454545454545454,"mins_pct":0.509,"is_qualified":true}}]}