{"bart_player_id":135465,"seasons":[{"year":2026,"team_name":"TCU","team_conference":"B12","class":"Jr","raw_row":["Xavier Edmonds","TCU","B12",35,56.4,116.2,26.3,61.4,62.78,14.5,19.1,11,17.8,105,163,0.644,134,222,0.604,24,55,0.436,4.4,2.5,58.8,"Jr","6-8",24,3.00583,130.758,5.7,2026,135465,"Long Beach, CA",null,0.63076837,100,143,34,79,0.6993,0.4304,14,15,0.9333,null,99.7855,94.1938,3.14552,167.246,7.82149,3.93731,3.88418,6.98291,22.8057,4.27909,2.70382,2.9714,3.5714,6.5429,1.1714,0.9714,0.8857,12.7143,"PF/C",3.97586,"2004-10-15"],"games":35,"notes":"PF/C","projection":3.9759,"advanced_stats":{"tov_pg":1.8571428571428572,"usage_pct":0.25362857142857137,"plus_minus_pg":5.457142857142857,"mins_pct":0.564,"is_qualified":true}}]}