{"bart_player_id":135491,"seasons":[{"year":2026,"team_name":"Indiana St.","team_conference":"MVC","class":"Fr","raw_row":["Sivert Wærstad Nordheim","Indiana St.","MVC",17,4.8,88.2,18.7,35.7,40.13,2,5.7,6.5,5.3,3,3,1,6,12,0.5,1,9,0.111,1.7,1,14.3,"Fr","6-6",9,-0.0574396,87.566,2,2026,135491,"Oslo, Norway",null,2.00190117,5,7,1,5,0.7143,"0.2000",0,0,null,null,113.098,112.196,0.265202,7.6451,-7.57951,-4.61116,-2.96835,-8.33783,4.0895,-4.90603,-3.43179,0.1579,0.3158,0.4737,0.1053,0.0526,0.0526,1.4737,"Wing G",8.92486,"2006-10-15"],"games":17,"notes":"Wing G","projection":8.9249,"advanced_stats":{"tov_pg":0.05263157894736842,"usage_pct":0.21500000000000005,"plus_minus_pg":0.05263157894736842,"mins_pct":0.06,"is_qualified":false}}]}