{"bart_player_id":135482,"seasons":[{"year":2026,"team_name":"Alcorn St.","team_conference":"SWAC","class":"Fr","raw_row":["Mike Jones","Alcorn St.","SWAC",13,14.9,85.2,19.8,40.2,41.61,11.4,16.2,14.6,22.8,8,17,0.471,17,37,0.459,1,9,0.111,3.3,1.8,37,"Fr","6-6",22,-0.236317,87.7497,5.4,2026,135482,"Waldorf, MD",51.4,0.93335066,16,19,1,18,0.8421,0.0556,2,3,0.6667,null,114.045,109.738,1.26516,32.9236,-5.06476,-4.83489,-0.229873,-6.64662,14.7462,-4.03773,-2.60888,1.4615,1.9231,3.3846,1.0769,0.4615,0.4615,3.4615,"PF/C",2.71603,"2006-10-15"],"games":13,"notes":"PF/C","projection":2.716,"advanced_stats":{"tov_pg":1.1538461538461537,"usage_pct":0.19315384615384612,"plus_minus_pg":-8.76923076923077,"mins_pct":0.15,"is_qualified":false}}]}