{"bart_player_id":135419,"seasons":[{"year":2026,"team_name":"Davidson","team_conference":"A10","class":"Fr","raw_row":["Devin Brown","Davidson","A10",32,58.1,100.3,16.8,48,50.38,2.2,14.9,12.2,15.8,38,62,0.613,44,89,0.494,26,84,0.31,1.3,1.7,35.8,"Fr","6-6",6,0.445034,97.8874,2.4,2026,135419,"Lewis Center, OH","42.0",1.64709997,29,50,15,39,"0.5800",0.3846,4,4,"1.0000",null,106.512,105.656,2.31512,119.365,-0.0505769,-1.27376,1.22318,-0.888044,23.3471,-1.61816,0.730118,0.4412,2.9412,3.3824,1.6471,0.6471,0.2647,6.3529,"Wing G",6.94155,"2007-01-28"],"games":32,"notes":"Wing G","projection":6.9416,"advanced_stats":{"tov_pg":1,"usage_pct":0.16811764705882348,"plus_minus_pg":0.4117647058823529,"mins_pct":0.577,"is_qualified":true}}]}