{"bart_player_id":135481,"seasons":[{"year":2026,"team_name":"Alcorn St.","team_conference":"SWAC","class":"Jr","raw_row":["Bryson Calamese","Alcorn St.","SWAC",31,26.9,82.2,21.3,38.7,43.82,2.7,6.9,20.8,26,22,30,0.733,24,65,0.369,8,28,0.286,0.6,2.7,32.3,"Jr","6-0",4,-0.384412,82.3621,5.9,2026,135481,"Little Rock, AR",null,1.09093468,15,30,9,35,"0.5000",0.2571,0,0,null,null,116.763,120.734,0.524638,51.6912,-9.17408,-6.10233,-3.07175,-9.92096,11.1161,-7.31666,-2.6043,0.2581,0.6129,"0.8710",1.1613,0.5161,0.0645,3.0323,"Scoring PG",4.68041,"2004-10-15"],"games":31,"notes":"Scoring PG","projection":4.6804,"advanced_stats":{"tov_pg":1.064516129032258,"usage_pct":0.19567741935483868,"plus_minus_pg":-3.4838709677419355,"mins_pct":0.267,"is_qualified":true}}]}