{"bart_player_id":135400,"seasons":[{"year":2026,"team_name":"UT Rio Grande Valley","team_conference":"Slnd","class":"So","raw_row":["Dane Christensen","UT Rio Grande Valley","Slnd",25,25.5,95,15.2,44.8,46.48,3.6,12.4,10.9,17.3,12,22,0.545,12,28,0.429,12,39,0.308,0.7,1.5,32.8,"So","6-7",3,-0.14523,89.0493,4.6,2026,135400,"Pleasant Grove, UT",null,1.59989201,11,22,1,6,"0.5000",0.1667,4,4,"1.0000",null,106.328,107.264,1.18605,51.8977,-2.36088,-2.27615,-0.0847324,-2.56711,13.4667,-3.21874,0.651627,0.5926,1.8889,2.4815,0.8889,0.3704,0.0741,3.7037,"Wing G",7.34811,"2005-10-15"],"games":25,"notes":"Wing G","projection":7.3481,"advanced_stats":{"tov_pg":0.5555555555555556,"usage_pct":0.1584814814814815,"plus_minus_pg":1.3333333333333333,"mins_pct":0.274,"is_qualified":true}}]}