{"bart_player_id":135456,"seasons":[{"year":2026,"team_name":"Merrimack","team_conference":"MAAC","class":"Fr","raw_row":["Kevair Kennedy","Merrimack","MAAC",34,91,107.6,30.4,46.6,55.63,4.6,10.6,29.1,16.8,224,277,0.809,182,392,0.464,13,40,0.325,0.3,3.2,64.1,"Fr","6-2",5,3.33548,118.779,2,2026,135456,"Philadelphia, PA",null,1.40196673,164,329,18,63,0.4985,0.2857,1,1,"1.0000",null,104.178,108.159,3.31047,200.283,0.628762,0.60881,0.0199518,1.71218,36.7971,1.78537,-0.0731901,1.3529,3.2941,4.6471,4.2059,1.8529,0.1176,18.4412,"Scoring PG",2.00883,"2006-10-15"],"games":34,"notes":"Scoring PG","projection":2.0088,"advanced_stats":{"tov_pg":3,"usage_pct":0.2939411764705882,"plus_minus_pg":3.4705882352941178,"mins_pct":0.91,"is_qualified":true}}]}