{"bart_player_id":135413,"seasons":[{"year":2026,"team_name":"Utah St.","team_conference":"MWC","class":"Fr","raw_row":["Elijah Perryman","Utah St.","MWC",35,34.2,103.5,22,48,52.22,0.8,12.1,35.4,26,28,35,0.8,40,76,0.526,14,51,0.275,2.3,3.2,27.6,"Fr","6-2",1,0.844473,110.18,3.9,2026,135413,"San Francisco, CA",null,2.20001428,35,63,5,13,0.5556,0.3846,7,8,"0.8750",null,103.076,99.3676,1.65935,91.0157,1.55833,-0.0434543,1.60179,3.24598,13.9222,0.708489,2.53749,0.0833,1.4722,1.5556,3.0556,0.7778,"0.2500",4.4444,"Pure PG",6.19601,"2006-10-15"],"games":35,"notes":"Pure PG","projection":6.196,"advanced_stats":{"tov_pg":1.3888888888888888,"usage_pct":0.20763888888888893,"plus_minus_pg":3.5277777777777777,"mins_pct":0.347,"is_qualified":true}}]}