{"bart_player_id":135497,"seasons":[{"year":2026,"team_name":"Mississippi Valley St.","team_conference":"SWAC","class":"Jr","raw_row":["Patrick Punch","Mississippi Valley St.","SWAC",29,69,84.7,18.6,37,43.33,4.2,8.2,11.3,19.1,68,94,0.723,46,126,0.365,26,104,0.25,0.6,2.3,40.9,"Jr","6-4",0,-1.15512,81.4387,3.7,2026,135497,"Houston, TX",null,0.92853695,29,55,17,71,0.5273,0.2394,0,0,null,null,121.552,125.896,0.894971,128.957,-7.32924,-4.09835,-3.23089,-7.988,30.5833,-4.94984,-3.03816,1.0667,1.9667,3.0333,1.7333,1.1667,0.1333,8.1333,"Wing G",6.71149,"2003-10-15"],"games":29,"notes":"Wing G","projection":6.7115,"advanced_stats":{"tov_pg":1.8666666666666667,"usage_pct":0.18696666666666675,"plus_minus_pg":-15.233333333333333,"mins_pct":0.689,"is_qualified":true}}]}