{"bart_player_id":135490,"seasons":[{"year":2026,"team_name":"Fordham","team_conference":"A10","class":"Fr","raw_row":["Roor Akhuar","Fordham","A10",22,36.5,110.3,14.9,55.6,55.2,6.9,13.3,3.2,14.7,5,11,0.455,15,25,0.6,30,83,0.361,3.6,2,10.2,"Fr","6-7",14,0.648523,102.095,4.8,2026,135490,"Bruce, Australia",null,0.81249999,12,18,3,7,0.6667,0.4286,3,3,"1.0000",null,101.87,103.479,2.05939,76.0951,0.756008,-1.06863,1.82464,0.202299,"19.4960",-1.26401,1.4663,"1.2400","2.2400","3.4800","0.5200","0.6400","0.4800","6.0800","Stretch 4",12.1224,"2007-04-29"],"games":22,"notes":"Stretch 4","projection":12.1224,"advanced_stats":{"tov_pg":0.64,"usage_pct":0.16648,"plus_minus_pg":3.56,"mins_pct":0.38,"is_qualified":true}}]}