{"bart_player_id":135445,"seasons":[{"year":2026,"team_name":"Georgia Southern","team_conference":"SB","class":"Sr","raw_row":["Tavarus Webb","Georgia Southern","SB",35,80.8,121.8,21.5,55.9,61.94,4,12.3,14.2,13.6,153,188,0.814,132,219,0.603,42,130,0.323,2.2,2.8,53.9,"Sr","6-4",21,3.27173,121.549,3.5,2026,135445,"Hartwell, GA",null,1.52462696,101,168,31,51,0.6012,0.6078,2,3,0.6667,null,111.033,114.552,2.22173,209.042,2.41262,2.73337,-0.32075,2.72561,32.3351,2.8358,-0.11019,1.1622,3.4324,4.5946,2.5135,1.7297,0.6486,15.5405,"Combo G",6.40902,"2003-10-15"],"games":35,"notes":"Combo G","projection":6.409,"advanced_stats":{"tov_pg":1.6486486486486487,"usage_pct":0.2131081081081081,"plus_minus_pg":1.2702702702702702,"mins_pct":0.801,"is_qualified":true}}]}