{"bart_player_id":135439,"seasons":[{"year":2026,"team_name":"Georgia Southern","team_conference":"SB","class":"Sr","raw_row":["Andres Burney","Georgia Southern","SB",33,37.3,125.4,14.4,66.7,65.49,12.1,13.6,3,15.5,18,33,0.545,72,108,0.667,0,0,0,4.9,2.2,30.6,"Sr","6-9",24,1.15693,113.431,4.9,2026,135439,"Brundidge, AL",null,0.45450206,57,79,15,29,0.7215,0.5172,6,7,0.8571,null,110.425,114.232,1.10602,99.1903,0.178628,-0.093661,0.272289,-1.1999,"15.7200",-0.289819,-0.910076,"1.8000",1.8571,3.6571,0.2857,0.6286,0.6857,4.7429,"C",0,"2003-10-15"],"games":33,"notes":"C","projection":0,"advanced_stats":{"tov_pg":0.6285714285714286,"usage_pct":0.12411428571428572,"plus_minus_pg":0.6,"mins_pct":0.366,"is_qualified":true}}]}