{"bart_player_id":135434,"seasons":[{"year":2026,"team_name":"Illinois","team_conference":"B10","class":"Fr","raw_row":["Blake Fagbemi","Illinois","B10",11,2.7,72.7,9.9,20,20,3,26.8,14.8,31,0,0,0,1,5,0.2,0,0,0,0,1.5,0,"Fr","6-0",8,-0.370644,63.0675,1,2026,135434,"Naperville, IL",null,"2.00000000",1,5,0,0,"0.2000",null,0,1,"0.0000",null,99.4171,98.8742,0.44858,8.32392,-0.500014,-4.21703,3.71701,-2.26466,3.6455,-5.39506,3.1304,0.0909,0.9091,"1.0000",0.3636,0.0909,"0.0000",0.1818,"Wing G",0,"2006-10-15"],"games":11,"notes":"Wing G","projection":0,"advanced_stats":{"tov_pg":0.18181818181818182,"usage_pct":0.08172727272727273,"plus_minus_pg":0.09090909090909091,"mins_pct":0.027,"is_qualified":false}}]}