{"bart_player_id":135467,"seasons":[{"year":2026,"team_name":"Saint Peter's","team_conference":"MAAC","class":"Jr","raw_row":["Jahki Gupton","Saint Peter's","MAAC",28,60.8,94.1,19.5,45.5,49.21,7.3,16.2,6.5,22.4,43,62,0.694,65,134,0.485,14,55,0.255,3.8,2.5,32.8,"Jr","6-7",5,-0.0568184,91.6945,5.1,2026,135467,"Oakland, CA",null,0.46000812,53,93,12,41,0.5699,0.2927,21,26,0.8077,null,102.878,107.677,2.25177,125.798,-3.19785,-4.35606,1.15821,-4.51398,24.3897,-4.53548,0.0214929,1.6207,3.3448,4.9655,0.7931,0.9655,0.7931,7.7586,"Wing F",4.89509,"2004-10-15"],"games":28,"notes":"Wing F","projection":4.8951,"advanced_stats":{"tov_pg":1.7241379310344827,"usage_pct":0.2043793103448276,"plus_minus_pg":2.5172413793103448,"mins_pct":0.604,"is_qualified":true}}]}