{"bart_player_id":135486,"seasons":[{"year":2026,"team_name":"Coppin St.","team_conference":"MEAC","class":"So","raw_row":["Josiah Brown","Coppin St.","MEAC",11,4.6,111.5,8.4,33.3,50.63,6.1,4.5,3.5,12.5,4,4,1,2,5,0.4,0,1,0,0,4.2,66.7,"So","6-5",3,0.008719,92.8688,2.9,2026,135486,"Baltimore, MD",null,1.49970001,2,5,0,0,"0.4000",null,0,0,null,null,116.312,116.813,0.305692,9.43586,-3.4146,-2.75693,-0.657671,-5.90521,"6.1500",-5.11852,-0.786688,0.4167,0.4167,0.8333,"0.2500",0.3333,"0.0000",1.6667,"Combo G",1.04184,"2005-10-15"],"games":11,"notes":"Combo G","projection":1.0418,"advanced_stats":{"tov_pg":0.16666666666666666,"usage_pct":0.05808333333333334,"plus_minus_pg":1.75,"mins_pct":0.059,"is_qualified":false}}]}