{"bart_player_id":135426,"seasons":[{"year":2026,"team_name":"Stetson","team_conference":"ASun","class":"Sr","raw_row":["Jake Johnson","Stetson","ASun",31,71,106.7,16.7,48.7,53.32,3,9.7,9.4,12.8,60,77,0.779,35,72,0.486,50,154,0.325,0,1.1,34.1,"Sr","6-5",32,0.633827,98.8037,2.4,2026,135426,"West Harrison, IN",null,"1.43750000",18,32,17,40,0.5625,"0.4250",1,2,"0.5000",null,121.338,122.303,1.18822,115.607,-3.20535,-0.197673,-3.00768,-4.32931,"28.3750",-1.74309,-2.58622,0.7188,2.3438,3.0625,1.4375,"0.5000","0.0000",9.2188,"Wing G",10.2739,"2003-10-15"],"games":31,"notes":"Wing G","projection":10.2739,"advanced_stats":{"tov_pg":1,"usage_pct":0.17493749999999997,"plus_minus_pg":-1.90625,"mins_pct":0.686,"is_qualified":true}}]}