{"bart_player_id":135437,"seasons":[{"year":2026,"team_name":"UMBC","team_conference":"AE","class":"Sr","raw_row":["Cougar Downing","UMBC","AE",29,28.2,112.6,13.6,53.8,55.97,0.4,7.3,8,10,11,14,0.786,10,18,0.556,22,62,0.355,0,0.9,17.5,"Sr","6-2",21,0.23119,97.906,3.5,2026,135437,"Olathe, KS",null,2.37466103,8,12,2,6,0.6667,0.3333,0,0,null,null,107.245,115.554,0.785441,49.7697,-2.87676,-0.791963,-2.0848,-3.40683,12.4613,-2.50033,-0.906501,0.0968,0.8065,0.9032,0.6129,0.2258,"0.0000",3.9032,"Combo G",10.582,"2003-10-15"],"games":29,"notes":"Combo G","projection":10.582,"advanced_stats":{"tov_pg":0.25806451612903225,"usage_pct":0.15296774193548388,"plus_minus_pg":2.7096774193548385,"mins_pct":0.29,"is_qualified":true}}]}