{"bart_player_id":135477,"seasons":[{"year":2026,"team_name":"Sam Houston St.","team_conference":"CUSA","class":"Fr","raw_row":["Jacob Walker","Sam Houston St.","CUSA",31,63.8,108.9,21.9,50.6,56.74,1.9,7.1,15.8,19.3,106,143,0.741,75,152,0.493,30,85,0.353,0.4,2.1,60.3,"Fr","6-1",55,1.65932,111.088,3.3,2026,135477,"Memphis, TN",null,1.33336923,50,95,25,57,0.5263,0.4386,0,1,"0.0000",null,112.141,111.359,2.03921,121.578,-0.879686,0.461337,-1.34102,-0.768227,25.7324,-0.318454,-0.449773,0.4118,1.7647,2.1765,2.4706,0.9118,0.0882,11.5294,"Combo G",6.06827,"2006-10-15"],"games":31,"notes":"Combo G","projection":6.0683,"advanced_stats":{"tov_pg":1.8529411764705883,"usage_pct":0.21391176470588233,"plus_minus_pg":3.8823529411764706,"mins_pct":0.643,"is_qualified":true}}]}