{"bart_player_id":135468,"seasons":[{"year":2026,"team_name":"Saint Peter's","team_conference":"MAAC","class":"Jr","raw_row":["Bol Agu","Saint Peter's","MAAC",20,17,116.7,14.8,45.9,49.36,10.8,12.7,4.4,6.5,9,12,0.75,15,27,0.556,5,22,0.227,4.3,3.8,24.5,"Jr","6-8",14,0.476201,106.872,5.4,2026,135468,"Winnipeg, Canada",null,1.24986876,7,14,8,13,"0.5000",0.6154,0,0,null,null,101.357,106.385,0.918756,37.281,0.990017,-0.477786,1.4678,-0.133588,9.8476,-1.05575,0.922164,0.9524,"1.0000",1.9524,0.2381,0.5714,0.3333,2.6667,"Stretch 4",7.00286,"2004-10-15"],"games":20,"notes":"Stretch 4","projection":7.0029,"advanced_stats":{"tov_pg":0.19047619047619047,"usage_pct":0.14495238095238097,"plus_minus_pg":-0.3333333333333333,"mins_pct":0.176,"is_qualified":false}}]}