{"bart_player_id":135406,"seasons":[{"year":2026,"team_name":"Illinois St.","team_conference":"MVC","class":"Fr","raw_row":["Ty'Reek Coleman","Illinois St.","MVC",34,55.2,109.2,22.4,57.5,60.38,2.3,11.5,15,19.1,73,104,0.702,80,146,0.548,36,87,0.414,0.7,2.4,44.6,"Fr","6-2",10,1.64387,113.228,2.8,2026,135406,"Aurora, IL",null,1.08768266,65,104,15,42,"0.6250",0.3571,3,4,"0.7500",null,102.347,101.202,2.61372,137.605,1.72708,0.179324,1.54775,3.01317,22.7743,0.923515,2.08966,0.4286,2.2286,2.6571,1.7714,0.8857,0.1429,"10.0000","Combo G",6.63103,"2006-10-15"],"games":34,"notes":"Combo G","projection":6.631,"advanced_stats":{"tov_pg":1.6285714285714286,"usage_pct":0.22397142857142854,"plus_minus_pg":5.742857142857143,"mins_pct":0.551,"is_qualified":true}}]}