{"bart_player_id":135454,"seasons":[{"year":2026,"team_name":"Lindenwood","team_conference":"OVC","class":"Fr","raw_row":["William Campbell","Lindenwood","OVC",2,0.3,201.2,11.4,100,100,27.4,28.2,0,0,0,0,0,1,1,1,0,0,0,0,0,0,"Fr","6-4",12,0.539878,174.255,0,2026,135454,"Los Angeles, CA",null,"2.00000000",0,0,1,1,null,"1.0000",0,0,null,null,103.506,103.215,0.205395,0.704113,-3.37981,5.19266,-8.57246,15.5444,"4.3200",12.9732,2.57122,"0.6000","1.0000","1.6000","0.4000","0.0000","0.0000","1.8000","PF/C",0,"2006-10-15"],"games":2,"notes":"PF/C","projection":0,"advanced_stats":{"tov_pg":0.2,"usage_pct":0.1338,"plus_minus_pg":3.6,"mins_pct":0.016,"is_qualified":false}}]}