{"bart_player_id":135535,"seasons":[{"year":2026,"team_name":"Northwestern St.","team_conference":"Slnd","class":"Fr","raw_row":["CJ Larry","Northwestern St.","Slnd",24,36.6,72.5,14.1,37.3,40.88,1.1,8.3,15.5,32.3,15,27,0.556,13,48,0.271,7,15,0.467,0.5,1.9,42.9,"Fr","6-3",4,-1.66084,66.2202,5,2026,135535,"Jonesboro, AR",null,1.05714289,8,26,5,22,0.3077,0.2273,0,0,null,null,113.704,116.103,1.16017,63.8716,-7.87206,-6.89632,-0.975744,-9.01402,"18.1800",-8.30697,-0.707047,"0.2000","1.2400","1.4400","1.4800","0.5600","0.0800","2.5600","Scoring PG",2.07994,"2006-10-15"],"games":24,"notes":"Scoring PG","projection":2.0799,"advanced_stats":{"tov_pg":1.4,"usage_pct":0.13995999999999997,"plus_minus_pg":0.6,"mins_pct":0.353,"is_qualified":true}}]}