{"bart_player_id":135550,"seasons":[{"year":2026,"team_name":"Wright St.","team_conference":"Horz","class":"Fr","raw_row":["Kellen Pickett","Wright St.","Horz",33,57.5,119.4,17.1,57.3,61.14,5.7,22.7,7.4,14.7,61,80,0.762,90,140,0.643,13,51,0.255,6.4,1.1,41.9,"Fr","6-9",4,1.51658,111.375,3.4,2026,135550,"Fort Wayne, IN",null,1.08570004,69,98,21,42,0.7041,"0.5000",12,12,"1.0000",null,106.526,105.709,2.28676,148.713,2.31814,-0.126226,2.44437,1.78398,22.8771,0.740032,1.04395,1.1143,4.2857,"5.4000",1.0857,0.4571,1.3143,8.5429,"PF/C",3.88016,"2006-10-15"],"games":33,"notes":"PF/C","projection":3.8802,"advanced_stats":{"tov_pg":1,"usage_pct":0.1565142857142857,"plus_minus_pg":4.914285714285715,"mins_pct":0.571,"is_qualified":true}}]}