{"bart_player_id":135578,"seasons":[{"year":2026,"team_name":"Mississippi Valley St.","team_conference":"SWAC","class":"Jr","raw_row":["Derrick Singleton","Mississippi Valley St.","SWAC",1,0.2,0,0,0,0,0,0,0,0,0,0,0,0,0,0,0,0,0,0,0,0,"Jr","6-4",23,-0.882877,-5.49013,0,2026,135578,"Inglewood, CA",null,"0.00000000",null,null,null,null,null,null,null,null,null,null,130.436,135.629,-0.0111486,0.196774,-11.0342,-6.56018,-4.47405,-7.56168,"2.6000",-4.58303,-2.97865,"0.0000","0.0000","0.0000","0.0000","0.0000","0.0000","0.0000","PF/C",0,"2004-10-15"],"games":1,"notes":"PF/C","projection":0,"advanced_stats":{"tov_pg":0,"usage_pct":0,"plus_minus_pg":0,"mins_pct":0.002,"is_qualified":false}}]}