{"bart_player_id":135552,"seasons":[{"year":2026,"team_name":"Wright St.","team_conference":"Horz","class":"Fr","raw_row":["Michael Cooper","Wright St.","Horz",29,58.2,116,24,52,55.55,2.4,9.8,15,10.7,64,78,0.821,99,194,0.51,46,129,0.357,1,1.4,24.1,"Fr","6-3",55,2.37745,118.263,2.5,2026,135552,"Jeffersonville, IN",null,1.83787178,57,99,42,95,0.5758,0.4421,0,0,null,null,113.609,112.598,1.99871,107.707,-0.60763,1.76235,-2.36998,1.26988,26.4355,2.59537,-1.32548,0.5484,2.1935,2.7419,2.1935,0.6452,0.2258,13.4194,"Combo G",9.69648,"2006-10-15"],"games":29,"notes":"Combo G","projection":9.6965,"advanced_stats":{"tov_pg":1.1935483870967742,"usage_pct":0.2548064516129032,"plus_minus_pg":3.6451612903225805,"mins_pct":0.582,"is_qualified":true}}]}