{"bart_player_id":135562,"seasons":[{"year":2026,"team_name":"Longwood","team_conference":"BSth","class":"Jr","raw_row":["Jaylin Payne","Longwood","BSth",26,15.7,94.8,12.9,53.6,54.9,8.1,15.7,4.9,28.7,7,12,0.583,15,26,0.577,0,2,0,0.7,1.5,42.9,"Jr","6-8",11,-0.231441,82.8475,7,2026,135562,"Greenbelt, MD",null,0.43755665,13,21,2,5,"0.6190","0.4000",2,2,"1.0000",null,107.819,112.776,0.524883,31.9539,-5.98545,-4.80178,-1.18366,-6.86609,7.9552,-6.01929,-0.846793,0.5517,1.1379,1.6897,0.2414,0.3103,0.1034,1.8276,"PF/C",0.614706,"2004-10-15"],"games":26,"notes":"PF/C","projection":0.6147,"advanced_stats":{"tov_pg":0.5517241379310345,"usage_pct":0.12086206896551721,"plus_minus_pg":1.5862068965517242,"mins_pct":0.175,"is_qualified":false}}]}