{"bart_player_id":135528,"seasons":[{"year":2026,"team_name":"Princeton","team_conference":"Ivy","class":"Fr","raw_row":["Cash McSweeney","Princeton","Ivy",13,5.8,59.9,19.5,35,33.61,3.6,20.4,23.4,43.4,1,4,0.25,2,5,0.4,1,5,0.2,0,1.9,40,"Fr","6-8",15,-0.584259,59.2536,5.4,2026,135528,"Cary, NC",null,1.18187602,1,2,1,3,"0.5000",0.3333,0,0,null,null,108.878,106.564,0.490566,11.7815,-10.6763,-10.1793,-0.496938,-9.99838,5.6143,-9.47463,-0.523754,0.1429,0.8571,"1.0000",0.9286,0.1429,"0.0000",0.7857,"Stretch 4",4.75114,"2006-10-15"],"games":13,"notes":"Stretch 4","projection":4.7511,"advanced_stats":{"tov_pg":0.7857142857142857,"usage_pct":0.14114285714285715,"plus_minus_pg":1.0714285714285714,"mins_pct":0.068,"is_qualified":false}}]}