{"bart_player_id":135504,"seasons":[{"year":2026,"team_name":"Evansville","team_conference":"MVC","class":"Fr","raw_row":["Bryce Quinet","Evansville","MVC",30,68.1,90.7,20.9,43.8,48.49,1,8,18.8,19.3,58,80,0.725,71,156,0.455,19,71,0.268,0.3,2.2,35.2,"Fr","6-3",0,0.14096,93.8585,2.3,2026,135504,"Scottsdale, AZ",null,1.30502224,41,84,30,72,0.4881,0.4167,0,0,null,null,117.395,116.081,1.72954,124.203,-5.3453,-2.89968,-2.44562,-5.31183,27.0094,-3.79549,-1.51634,"0.2500",1.8125,2.0625,2.4062,1.0312,0.0625,8.6562,"Scoring PG",5.11635,"2006-10-15"],"games":30,"notes":"Scoring PG","projection":5.1164,"advanced_stats":{"tov_pg":1.84375,"usage_pct":0.20359375000000007,"plus_minus_pg":-5.125,"mins_pct":0.67,"is_qualified":true}}]}