{"bart_player_id":135506,"seasons":[{"year":2026,"team_name":"Arizona St.","team_conference":"B12","class":"Fr","raw_row":["Kash Polk","Arizona St.","B12",6,0.2,0,0,0,0,0,0,0,0,0,0,0,0,0,0,0,0,0,0,0,0,"Fr","6-10",11,-0.170628,-5.97667,0,2026,135506,"Bartonville, TX",50.2,"0.00000000",null,null,null,null,null,null,null,null,null,null,122.946,115.911,0.0320226,0.251932,-2.38149,-2.14787,-0.233619,-4.55641,"0.5000",-2.89066,-1.66575,"0.0000","0.0000","0.0000","0.0000","0.0000","0.0000","0.0000","C",0,"2006-10-15"],"games":6,"notes":"C","projection":0,"advanced_stats":{"tov_pg":0,"usage_pct":0,"plus_minus_pg":-0.8333333333333334,"mins_pct":0.002,"is_qualified":false}}]}