{"bart_player_id":135554,"seasons":[{"year":2026,"team_name":"Toledo","team_conference":"MAC","class":"So","raw_row":["Mynor Strong","Toledo","MAC",31,43.2,107.2,14.9,50.7,54.41,1.7,9.4,6.7,13.9,25,28,0.893,39,82,0.476,22,60,0.367,0.4,3.4,19.7,"So","6-3",5,0.406701,98.9383,4,2026,135554,"Omaha, NE",null,1.23805781,13,30,26,52,0.4333,"0.5000",4,5,"0.8000",null,110.852,110.648,1.4685,98.5599,-0.928723,-0.614537,-0.314186,-2.11348,17.6424,-2.62971,0.516231,0.2727,1.4848,1.7576,0.7879,1.0303,0.0909,5.2424,"Combo G",6.23941,"2005-10-15"],"games":31,"notes":"Combo G","projection":6.2394,"advanced_stats":{"tov_pg":0.6363636363636364,"usage_pct":0.15466666666666673,"plus_minus_pg":4.484848484848484,"mins_pct":0.428,"is_qualified":true}}]}