{"bart_player_id":135585,"seasons":[{"year":2026,"team_name":"Drexel","team_conference":"CAA","class":"Fr","raw_row":["Ignacio Campoy Galvez","Drexel","CAA",1,0.2,0,0,0,0,0,0,0,0,0,0,0,0,0,0,0,0,0,0,0,0,"Fr","6-7",24,-0.782599,-5.68968,17.4,2026,135585,"Madrid, Spain",null,"0.00000000",null,null,null,null,null,null,null,null,null,null,113.705,127.716,0.053087,0.222146,-5.63943,-5.01429,-0.625145,-14.3342,"2.3000",-15.9185,1.58426,"0.0000","0.0000","0.0000","0.0000","0.0000","0.0000","0.0000","PF/C",0,"2006-10-15"],"games":1,"notes":"PF/C","projection":0,"advanced_stats":{"tov_pg":0,"usage_pct":0,"plus_minus_pg":6,"mins_pct":0.002,"is_qualified":false}}]}