{"bart_player_id":135597,"seasons":[{"year":2026,"team_name":"UMKC","team_conference":"Sum","class":"Jr","raw_row":["Trey Booker-Lowery","UMKC","Sum",24,21.5,84.7,26.3,42.1,43.13,6.9,12.6,5.6,14.1,12,24,0.5,32,78,0.41,9,30,0.3,1.3,1.9,22.2,"Jr","6-7",8,-0.164925,87.6241,5.8,2026,135597,"Orlando, FL",null,"0.38095830",23,43,9,35,0.5349,0.2571,7,10,"0.7000",null,118.255,118.964,0.535615,40.3114,-10.7482,-6.29794,-4.45027,-8.98868,10.1038,-5.43236,-3.55632,0.6154,1.0769,1.6923,0.3077,0.3077,0.1923,4.4231,"Wing F",6.94696,"2004-10-15"],"games":24,"notes":"Wing F","projection":6.947,"advanced_stats":{"tov_pg":0.8076923076923077,"usage_pct":0.2492307692307692,"plus_minus_pg":-3.576923076923077,"mins_pct":0.21,"is_qualified":false}}]}