{"bart_player_id":135507,"seasons":[{"year":2026,"team_name":"Maryland Eastern Shore","team_conference":"MEAC","class":"Sr","raw_row":["Joseph Locandro","Maryland Eastern Shore","MEAC",30,47.6,99.7,23.7,56,57.54,5.2,15.1,6.3,21.5,26,35,0.743,71,134,0.53,34,84,0.405,2.8,0.7,16.1,"Sr","6-9",14,0.510921,100.093,3.8,2026,135507,"Melbourne, Australia",null,0.30003201,47,80,24,54,0.5875,0.4444,1,3,0.3333,null,110.287,116.08,1.2095,89.2886,-6.33889,-3.64516,-2.69373,-2.94953,19.3406,-0.864114,-2.08542,0.7812,2.4688,"3.2500",0.4688,0.2812,0.4688,9.3438,"Stretch 4",8.8992,"2003-10-15"],"games":30,"notes":"Stretch 4","projection":8.8992,"advanced_stats":{"tov_pg":1.5625,"usage_pct":0.2658125,"plus_minus_pg":-1.0625,"mins_pct":0.474,"is_qualified":true}}]}