{"bart_player_id":135542,"seasons":[{"year":2026,"team_name":"Ohio St.","team_conference":"B10","class":"Fr","raw_row":["Amare Bynum","Ohio St.","B10",34,70.5,114.4,16.9,56.1,58.18,5.2,15.8,7,14,45,62,0.726,101,164,0.616,28,91,0.308,3.4,1.3,24.3,"Fr","6-8",1,2.32343,116.124,3.6,2026,135542,"Omaha, NE",88.6,0.97369364,88,127,13,37,0.6929,0.3514,39,45,0.8667,null,107.177,99.889,3.37226,171.893,5.52863,2.22453,3.30411,3.872,28.4971,1.7228,2.1492,1.1176,3.8235,4.9412,1.0882,0.6176,0.8235,9.7353,"Wing F",5.66498,"2006-10-15"],"games":34,"notes":"Wing F","projection":5.665,"advanced_stats":{"tov_pg":1.1176470588235294,"usage_pct":0.18182352941176472,"plus_minus_pg":4,"mins_pct":0.704,"is_qualified":true}}]}