{"bart_player_id":135576,"seasons":[{"year":2026,"team_name":"Liberty","team_conference":"CUSA","class":"Fr","raw_row":["Zander Carter","Liberty","CUSA",31,30.4,116.8,12.8,59.7,56.89,3.6,12.4,8.1,6.4,16,36,0.444,22,34,0.647,10,28,0.357,0.3,2.8,58.1,"Fr","6-6",1,0.56006,105.645,4.1,2026,135576,"Greenup, KY",null,2.70010208,21,32,1,2,0.6563,"0.5000",1,3,0.3333,null,110.239,111.316,0.972425,63.7868,-0.0572116,0.699359,-0.75657,-1.36509,13.1676,-1.47508,0.10999,0.3529,1.3824,1.7353,0.7941,0.6471,0.0294,3.2647,"Wing G",4.56587,"2006-10-15"],"games":31,"notes":"Wing G","projection":4.5659,"advanced_stats":{"tov_pg":0.29411764705882354,"usage_pct":0.13149999999999998,"plus_minus_pg":2.735294117647059,"mins_pct":0.326,"is_qualified":true}}]}