{"bart_player_id":135579,"seasons":[{"year":2026,"team_name":"Mississippi Valley St.","team_conference":"SWAC","class":"Jr","raw_row":["Michael James","Mississippi Valley St.","SWAC",31,88.2,103.7,28.8,50.5,55.2,2.7,8.2,20.7,15.8,118,130,0.908,155,303,0.512,74,224,0.33,0.1,2.7,24.7,"Jr","6-1",10,2.40384,111.395,2.7,2026,135579,"Byhalia, MS",null,0.93617021,54,84,101,219,0.6429,0.4612,1,1,"1.0000",null,120.76,125.236,1.15318,171.705,-2.86445,1.44542,-4.30987,-0.173745,36.8063,2.5855,-2.75924,0.8125,"2.6250",3.4375,"2.7500","1.7500",0.0312,21.4062,"Combo G",11.3087,"2004-10-15"],"games":31,"notes":"Combo G","projection":11.3087,"advanced_stats":{"tov_pg":2.9375,"usage_pct":0.3035,"plus_minus_pg":-15.5,"mins_pct":0.887,"is_qualified":true}}]}