{"bart_player_id":135527,"seasons":[{"year":2026,"team_name":"Drake","team_conference":"MVC","class":"Fr","raw_row":["Griffen Goodbary","Drake","MVC",30,30.5,127.2,13.6,56.6,59.93,7.7,14.5,12.5,11,25,36,0.694,22,36,0.611,11,32,0.344,2.1,0.9,52.9,"Fr","6-10",2,1.13708,117.546,4.1,2026,135527,"Sioux Falls, SD",null,2.15411132,21,33,1,3,0.6364,0.3333,8,11,0.7273,null,112.716,113.258,0.953365,64.1869,0.343785,1.09474,-0.750958,1.10928,13.1406,1.03748,0.0718029,"0.8750",1.7812,2.6562,"0.8750",0.2188,0.2812,"3.5000","Stretch 4",4.78435,"2006-10-15"],"games":30,"notes":"Stretch 4","projection":4.7844,"advanced_stats":{"tov_pg":0.40625,"usage_pct":0.128375,"plus_minus_pg":0.78125,"mins_pct":0.308,"is_qualified":true}}]}