{"bart_player_id":135582,"seasons":[{"year":2026,"team_name":"La Salle","team_conference":"A10","class":"Fr","raw_row":["Ashton Walker","La Salle","A10",31,69.1,97.2,18.9,43.2,46.42,3.5,12.3,24.2,18.6,46,71,0.648,67,156,0.429,21,72,0.292,0.3,2.3,31.1,"Fr","6-5",1,0.606259,98.6887,2.8,2026,135582,"Virginia Beach, VA",null,1.96072286,39,76,28,80,0.5132,"0.3500",0,0,null,null,113.562,111.835,2.16135,137.09,0.132593,-0.112034,0.244627,-0.88359,27.4781,-1.17293,0.28934,0.8438,2.9375,3.7812,"3.1250",1.0625,0.0625,8.1562,"Scoring PG",5.03865,"2006-10-15"],"games":31,"notes":"Scoring PG","projection":5.0387,"advanced_stats":{"tov_pg":1.59375,"usage_pct":0.18768749999999998,"plus_minus_pg":-3.625,"mins_pct":0.686,"is_qualified":true}}]}