{"bart_player_id":135639,"seasons":[{"year":2026,"team_name":"Nicholls St.","team_conference":"Slnd","class":"Sr","raw_row":["Zee Hamoda","Nicholls St.","Slnd",28,45.7,105.8,21,53.4,54.81,2.9,14,11.4,14.2,19,25,0.76,37,76,0.487,53,142,0.373,3.5,1.6,11.5,"Sr","6-7",24,1.0541,106.893,3.9,2026,135639,"Riffa, Bahrain",null,1.06253399,22,33,15,43,0.6667,0.3488,1,1,"1.0000",null,112.328,115.242,1.38805,93.5277,-1.3212,-0.363599,-0.957598,0.303624,20.8414,1.27643,-0.972807,0.5517,2.2069,2.7586,1.1724,0.5517,0.5862,9.2414,"Stretch 4",14.1312,"2003-10-15"],"games":28,"notes":"Stretch 4","projection":14.1312,"advanced_stats":{"tov_pg":1.103448275862069,"usage_pct":0.22579310344827586,"plus_minus_pg":-2.103448275862069,"mins_pct":0.459,"is_qualified":true}}]}