{"bart_player_id":135628,"seasons":[{"year":2026,"team_name":"Oregon St.","team_conference":"WCC","class":"Jr","raw_row":["Yaak Yaak","Oregon St.","WCC",25,28.1,111.7,22,52.6,61.89,7,10.4,5.6,17.5,63,76,0.829,47,87,0.54,3,11,0.273,4.1,1.1,77.6,"Jr","6-11",4,1.36101,118.508,5.4,2026,135628,"Adelaide, Australia",null,0.37500002,24,35,23,52,0.6857,0.4423,9,12,"0.7500",null,112.251,109.591,1.29008,57.8734,-1.92159,-1.41805,-0.503548,0.115501,"15.0800",-0.160145,0.275646,"0.8400","1.3600","2.2000","0.3600","0.2800","0.5200","6.6400","PF/C",1.76877,"2004-10-15"],"games":25,"notes":"PF/C","projection":1.7688,"advanced_stats":{"tov_pg":0.96,"usage_pct":0.23288,"plus_minus_pg":-0.88,"mins_pct":0.282,"is_qualified":true}}]}