{"bart_player_id":135626,"seasons":[{"year":2026,"team_name":"Tennessee St.","team_conference":"OVC","class":"Sr","raw_row":["Jabrion Spikes","Tennessee St.","OVC",28,23.3,110.8,12.6,54.8,55.79,5.1,7.2,4.3,16,5,7,0.714,27,44,0.614,5,19,0.263,1.2,2.2,11.1,"Sr","6-2",7,0.183453,97.6747,6.3,2026,135626,"Princeton, KY",null,0.58825678,22,32,5,12,0.6875,0.4167,0,0,null,null,109.059,115.204,0.662516,43.4809,-3.23592,-1.59195,-1.64397,-4.30125,10.5065,-3.94392,-0.357332,0.6774,0.6129,1.2903,0.3226,0.5484,0.0968,2.9032,"Wing G",3.82149,"2003-10-15"],"games":28,"notes":"Wing G","projection":3.8215,"advanced_stats":{"tov_pg":0.5483870967741935,"usage_pct":0.149,"plus_minus_pg":-0.2903225806451613,"mins_pct":0.246,"is_qualified":true}}]}