{"bart_player_id":135634,"seasons":[{"year":2026,"team_name":"Bryant","team_conference":"AE","class":"Jr","raw_row":["Jaheim Nyam","Bryant","AE",4,0.4,0,13.2,0,0,0,0,0,100,0,0,0,0,0,0,0,0,0,0,0,0,"Jr","6-3",5,-0.378936,-0.570969,8.5,2026,135634,"Los Angeles, CA",null,"0.00000000",null,null,null,null,null,null,null,null,null,null,122.59,126.15,0.0335077,0.394149,-22.3354,-18.3282,-4.00713,-31.8667,"1.1800",-21.9878,-9.87887,"0.0000","0.0000","0.0000","0.0000","0.2000","0.0000","0.0000","PF/C",0,"2004-10-15"],"games":4,"notes":"PF/C","projection":0,"advanced_stats":{"tov_pg":0.2,"usage_pct":0.3362,"plus_minus_pg":-1.4,"mins_pct":0.005,"is_qualified":false}}]}