{"bart_player_id":135629,"seasons":[{"year":2026,"team_name":"Southern Miss","team_conference":"SB","class":"Jr","raw_row":["Isaac Taveras","Southern Miss","SB",20,39.7,96.8,33.1,53.1,54.1,8.8,20,21,22.5,53,94,0.564,120,216,0.556,5,24,0.208,1.3,5,39.2,"Jr","6-5",10,1.60186,109.95,4.9,2026,135629,"Santo Domingo, Dominican Republic",null,"0.69863180",103,176,17,40,0.5852,"0.4250",10,12,0.8333,null,98.638,100.346,3.09966,128.549,2.11146,-0.629681,2.74114,2.8473,25.8091,0.753002,2.0943,1.8636,4.9091,6.7727,2.3182,2.2273,0.3182,15.3182,"Wing G",2.59649,"2004-10-15"],"games":20,"notes":"Wing G","projection":2.5965,"advanced_stats":{"tov_pg":3.3181818181818183,"usage_pct":0.33699999999999997,"plus_minus_pg":3.409090909090909,"mins_pct":0.403,"is_qualified":true}}]}