{"bart_player_id":135602,"seasons":[{"year":2026,"team_name":"Notre Dame","team_conference":"ACC","class":"Fr","raw_row":["Brady Koehler","Notre Dame","ACC",30,38.1,106.6,17.8,53.6,57.25,4.8,18.7,4,18.2,34,46,0.739,35,69,0.507,21,55,0.382,6.2,2.5,37.1,"Fr","6-10",6,0.842104,107.798,6.2,2026,135602,"Fishers, IN",84.6,0.38456213,22,35,13,34,0.6286,0.3824,5,5,"1.0000",null,104.939,100.174,1.86618,103.707,3.07668,-0.583098,3.65978,1.69342,"15.9900",-0.829822,2.52324,0.6667,2.5667,3.2333,0.3333,0.6667,0.7333,5.5667,"PF/C",6.83317,"2006-10-15"],"games":30,"notes":"PF/C","projection":6.8332,"advanced_stats":{"tov_pg":0.8666666666666667,"usage_pct":0.18696666666666664,"plus_minus_pg":-1.2666666666666666,"mins_pct":0.381,"is_qualified":true}}]}