{"bart_player_id":135604,"seasons":[{"year":2026,"team_name":"American","team_conference":"Pat","class":"Fr","raw_row":["Luke Brown","American","Pat",18,7,105.1,10,36.4,41.84,8.4,17.4,8.2,14.4,2,2,1,4,9,0.444,0,2,0,1.5,2.1,18.2,"Fr","6-9",16,-0.0756778,87.6835,3.8,2026,135604,"Greenville, DE",null,1.60000002,2,4,2,5,"0.5000","0.4000",1,1,"1.0000",null,108.168,112.207,0.358004,14.5972,-3.80245,-4.24034,0.437896,-4.10144,"5.7350",-3.57802,-0.523417,"0.6500","0.7500","1.4000","0.4000","0.1500","0.1000","1.0500","Wing F",1.42926,"2006-10-15"],"games":18,"notes":"Wing F","projection":1.4293,"advanced_stats":{"tov_pg":0.25,"usage_pct":0.1163,"plus_minus_pg":3.6,"mins_pct":0.09,"is_qualified":false}}]}