{"bart_player_id":135638,"seasons":[{"year":2026,"team_name":"Connecticut","team_conference":"BE","class":"Fr","raw_row":["Rrezon Elezaj","Connecticut","BE",4,0.3,39,20.8,0,0,27.5,52.7,0,0,0,0,0,0,1,0,0,1,0,26.5,0,0,"Fr","7-1",10,-0.207027,38.1299,0,2026,135638,"Istanbul, Turkey",null,"0.00000000",0,1,0,0,"0.0000",null,0,0,null,null,75.8127,81.136,0.203187,1.54697,-10.4074,-15.6893,5.28197,-12.1344,"1.1000",-9.67187,-2.46256,"0.2500","0.5000","0.7500","0.0000","0.0000","0.2500","0.0000","C",12.5867,"2006-10-15"],"games":4,"notes":"C","projection":12.5867,"advanced_stats":{"tov_pg":0,"usage_pct":0.17625000000000002,"plus_minus_pg":0,"mins_pct":0.003,"is_qualified":false}}]}