{"bart_player_id":135630,"seasons":[{"year":2026,"team_name":"Bryant","team_conference":"AE","class":"Fr","raw_row":["Ty Tabales","Bryant","AE",28,67.4,84.6,25.2,37.9,41.38,2.7,6,27.1,20.8,39,49,0.796,43,114,0.377,42,166,0.253,0.7,3.1,17.5,"Fr","6-2",1,-0.482367,87.3846,2.9,2026,135630,"Worcester, MA",null,1.40539991,26,61,17,53,0.4262,0.3208,0,0,null,null,113.871,119.73,1.41687,116.653,-7.1414,-3.07792,-4.06348,-7.16668,27.8367,-4.47249,-2.6942,0.6667,"1.5000",2.1667,3.4667,"1.3000",0.1667,9.1333,"Scoring PG",12.9955,"2006-10-15"],"games":28,"notes":"Scoring PG","projection":12.9955,"advanced_stats":{"tov_pg":2.466666666666667,"usage_pct":0.2544666666666667,"plus_minus_pg":-3.5,"mins_pct":0.665,"is_qualified":true}}]}