{"bart_player_id":135622,"seasons":[{"year":2026,"team_name":"Texas A&M","team_conference":"SEC","class":"So","raw_row":["Ruben Dominguez","Texas A&M","SEC",34,57.1,130.5,16,57.7,61.25,1.8,9,10.2,5.7,54,62,0.871,17,38,0.447,86,215,0.4,0.6,1,24.5,"So","6-6",9,2.76772,127.303,2,2026,135622,"Puerto Real, Spain",null,"3.61506280",8,14,9,24,0.5714,"0.3750",0,0,null,null,113.009,105.639,2.27608,111.748,4.51904,4.60109,-0.0820482,4.89987,23.3353,4.54082,0.359052,0.3824,1.9412,2.3235,1.3824,0.4118,0.1176,10.1765,"Combo G",14.9766,"2005-10-15"],"games":34,"notes":"Combo G","projection":14.9766,"advanced_stats":{"tov_pg":0.38235294117647056,"usage_pct":0.17620588235294118,"plus_minus_pg":3.6470588235294117,"mins_pct":0.57,"is_qualified":true}}]}