{"bart_player_id":135619,"seasons":[{"year":2026,"team_name":"Lindenwood","team_conference":"OVC","class":"Fr","raw_row":["Tidiane d'Almeida","Lindenwood","OVC",8,2.4,61.7,12.9,0,25.32,3.6,7.4,20.7,43.3,2,2,1,0,2,0,0,1,0,0,1.9,66.7,"Fr","6-1",3,-0.496523,53.0306,1.4,2026,135619,"Serres-castet, France",null,1.42850411,0,0,0,2,null,"0.0000",0,0,null,null,107.839,113.804,0.259563,4.32773,-11.5178,-9.22321,-2.29458,-9.20393,6.6636,-6.71799,-2.48594,0.0909,0.4545,0.5455,0.9091,0.5455,"0.0000",1.5455,"Pure PG",1.88865,"2006-10-15"],"games":8,"notes":"Pure PG","projection":1.8887,"advanced_stats":{"tov_pg":0.6363636363636364,"usage_pct":0.18345454545454543,"plus_minus_pg":2.727272727272727,"mins_pct":0.056,"is_qualified":false}}]}