{"bart_player_id":135632,"seasons":[{"year":2026,"team_name":"Bryant","team_conference":"AE","class":"Fr","raw_row":["Ashley Sims, II","Bryant","AE",29,79.1,101.8,14.4,50,50.36,4.3,14.4,14.9,16.2,20,39,0.513,84,151,0.556,7,38,0.184,1.3,1.3,20.6,"Fr","6-8",0,-0.0300231,92.0945,1.9,2026,135632,"Glen Burnie, MD",null,1.70280681,78,131,6,20,0.5954,"0.3000",11,12,0.9167,null,114.413,120.758,1.49356,133.25,-4.55523,-2.68636,-1.86887,-4.67357,31.3742,-2.91519,-1.75838,1.1613,"3.8710",5.0323,2.0323,0.7097,0.3548,7.2258,"Wing F",2.53485,"2006-10-15"],"games":29,"notes":"Wing F","projection":2.5349,"advanced_stats":{"tov_pg":1.1935483870967742,"usage_pct":0.14254838709677417,"plus_minus_pg":-6,"mins_pct":0.774,"is_qualified":true}}]}