{"bart_player_id":137636,"seasons":[{"year":2026,"team_name":"South Carolina St.","team_conference":"MEAC","class":"Jr","raw_row":["Rayniel Wright","South Carolina St.","MEAC",30,39.8,72.2,19,40.1,42.34,1.7,9.9,22.9,35.1,22,44,0.5,37,90,0.411,1,6,0.167,0.2,4.1,45.8,"Jr","6-1",30,-1.30946,68.6691,3.5,2026,137636,null,null,0.93650955,22,40,15,50,"0.5500","0.3000",0,0,null,null,112.701,118.549,0.874061,87.5117,-9.12424,-7.85995,-1.26429,-8.48986,16.3781,-7.51429,-0.97557,"0.2500","1.3750","1.6250",1.8438,1.1562,0.0312,3.3438,"Scoring PG",0.716288,"2004-10-15"],"games":30,"notes":"Scoring PG","projection":0.7163,"advanced_stats":{"tov_pg":1.96875,"usage_pct":0.19571874999999997,"plus_minus_pg":-7.65625,"mins_pct":0.407,"is_qualified":true}}]}