{"bart_player_id":137658,"seasons":[{"year":2026,"team_name":"Princeton","team_conference":"Ivy","class":"Jr","raw_row":["William Kutzler","Princeton","Ivy",4,0.2,235.9,5.5,0,0,0,0,68.4,0,0,0,0,0,0,0,0,0,0,0,0,0,"Jr","6-7",0,0.200361,181.2,0,2026,137658,"Lakeville, MN",null,0.80000001,null,null,null,null,null,null,null,null,null,null,121.049,117.961,0.0370065,0.233024,-28.4324,-9.54331,-18.8891,9.28696,"1.1000",4.78583,4.50113,"0.0000","0.2000","0.2000","0.2000","0.2000","0.0000","0.0000","Pure PG",0,"2004-10-15"],"games":4,"notes":"Pure PG","projection":0,"advanced_stats":{"tov_pg":0,"usage_pct":0,"plus_minus_pg":1.6,"mins_pct":0.005,"is_qualified":false}}]}