{"bart_player_id":137640,"seasons":[{"year":2026,"team_name":"East Tennessee St.","team_conference":"SC","class":"Fr","raw_row":["Joseph Carter","East Tennessee St.","SC",5,0.7,0,16,0,0,0,40.4,0,41.8,0,0,0,0,0,0,0,2,0,0,6.7,0,"Fr","6-1",25,-0.577681,-0.120118,0,2026,137640,null,null,"1.00000000",0,0,0,0,null,null,0,0,null,null,87.2341,90.4396,0.274377,2.7588,-18.6196,-17.4867,-1.13284,-16.2387,2.4667,-17.4,1.16136,"0.0000","0.5000","0.5000",0.1667,0.1667,"0.0000","0.0000","Wing G",13.3325,"2006-10-15"],"games":5,"notes":"Wing G","projection":13.3325,"advanced_stats":{"tov_pg":0.16666666666666666,"usage_pct":0.25466666666666665,"plus_minus_pg":2.3333333333333335,"mins_pct":0.011,"is_qualified":false}}]}