{"bart_player_id":143670,"seasons":[{"year":2026,"team_name":"East Carolina","team_conference":"Amer","class":"Sr","raw_row":["Demitri Gardner","East Carolina","Amer",18,41.3,108.3,18.7,53.2,56.96,3.5,5.7,7.2,17.2,32,37,0.865,45,97,0.464,26,61,0.426,1.3,1.6,23.4,"Sr","6-4",15,1.3794,106.916,1.9,2026,143670,"Winchester, VA",null,0.60709693,21,45,24,52,0.4667,0.4615,0,1,"0.0000",null,115.729,114.966,1.83971,68.4402,-1.83551,-0.418654,-1.41686,-0.997483,27.8944,0.261125,-1.25861,0.8889,1.3889,2.2778,0.9444,0.7778,0.3333,11.1111,"Combo G",7.01615,null],"games":18,"notes":"Combo G","projection":7.0162,"advanced_stats":{"tov_pg":1.5555555555555556,"usage_pct":0.2061666666666667,"plus_minus_pg":-2.3333333333333335,"mins_pct":0.4,"is_qualified":true}}]}