{"bart_player_id":143665,"seasons":[{"year":2026,"team_name":"Florida A&M","team_conference":"SWAC","class":"So","raw_row":["Ja'Cobi Hall","Florida A&M","SWAC",1,0.2,0,0,0,0,0,0,0,0,0,0,0,0,0,0,0,0,0,0,0,0,"So","6-7",23,-0.614171,-5.96223,0,2026,143665,"Campbellton, FL",null,"0.00000000",null,null,null,null,null,null,null,null,null,null,118.097,120.94,0.0838698,0.157994,-7.50082,-5.41678,-2.08404,-15.1535,"1.8000",-8.95191,-6.20154,"0.0000","0.0000","0.0000","0.0000","0.0000","0.0000","0.0000","PF/C",0,null],"games":1,"notes":"PF/C","projection":0,"advanced_stats":{"tov_pg":0,"usage_pct":0,"plus_minus_pg":-6,"mins_pct":0.001,"is_qualified":false}}]}