{"bart_player_id":143655,"seasons":[{"year":2026,"team_name":"Gardner Webb","team_conference":"BSth","class":"Sr","raw_row":["Bo Barber","Gardner Webb","BSth",15,10.1,78,12.7,30.8,46.31,0.9,8.7,17.8,36.7,8,9,0.889,4,6,0.667,0,7,0,0,2.8,69.2,"Sr","5-10",35,-0.644299,69.2739,4.6,2026,143655,"Mountain Brook, AL",null,"1.00000000",2,4,2,2,"0.5000","1.0000",0,0,null,null,122.276,124.242,0.282501,19.3871,-8.93272,-6.04811,-2.88461,-10.1404,8.2176,-8.09657,-2.04386,0.0588,0.5294,0.5882,0.7647,0.3529,"0.0000",1.0588,"Combo G",3.25946,null],"games":15,"notes":"Combo G","projection":3.2595,"advanced_stats":{"tov_pg":0.7647058823529411,"usage_pct":0.10705882352941176,"plus_minus_pg":-2.5294117647058822,"mins_pct":0.106,"is_qualified":false}}]}