{"bart_player_id":143656,"seasons":[{"year":2026,"team_name":"Notre Dame","team_conference":"ACC","class":"Fr","raw_row":["Mark Zackery IV","Notre Dame","ACC",4,1.6,65.9,12.9,25,25,5.7,11.6,8.4,22.9,0,0,0,1,2,0.5,0,2,0,0,0,0,"Fr","5-11",24,-0.502074,63.7166,2,2026,143656,"Indianapolis, IN",null,"1.00000000",1,2,0,0,"0.5000",null,0,0,null,null,116.755,108.869,0.446825,2.61824,-7.11652,-5.3373,-1.77923,-8.3621,"5.0500",-6.66512,-1.69698,"0.2500","0.5000","0.7500","0.2500","0.0000","0.0000","0.5000","Wing G",5.91691,null],"games":4,"notes":"Wing G","projection":5.9169,"advanced_stats":{"tov_pg":0.25,"usage_pct":0.128,"plus_minus_pg":-0.5,"mins_pct":0.016,"is_qualified":false}}]}