{"bart_player_id":143675,"seasons":[{"year":2026,"team_name":"Southern","team_conference":"SWAC","class":"Sr","raw_row":["D'Mari Wiltz","Southern","SWAC",3,1.7,20.9,13.2,0,0,5,5.5,7,77.5,0,0,0,0,0,0,0,1,0,0,2.6,0,"Sr","6-0",30,-1.86929,18.5733,3.7,2026,143675,"New Orleans, LA",null,0.24998125,0,0,0,0,null,null,0,0,null,null,114.81,125.367,0.228001,3.24177,-12.8802,-12.2499,-0.630265,-18.6475,"7.3000",-14.0215,-4.62598,0.3333,0.3333,0.6667,0.3333,0.3333,"0.0000","0.0000","Scoring PG",2.6201,null],"games":3,"notes":"Scoring PG","projection":2.6201,"advanced_stats":{"tov_pg":1.3333333333333333,"usage_pct":0.14033333333333334,"plus_minus_pg":-2.6666666666666665,"mins_pct":0.016,"is_qualified":false}}]}