{"bart_player_id":27013,"seasons":[{"year":2013,"team_name":"Central Arkansas","team_conference":"Slnd","class":"N/A","raw_row":["Sean Young","Central Arkansas","Slnd",2,0.7,0,20,0,0,0,13.3,0,34.2,0,0,0,0,2,0,0,1,0,0,0,0,"N/A","-",40,-1.1832,0,10,2013,27013,null,null,"0.00000000",0,0,0,2,null,"0.0000",0,0,null,null,109.632,115.705,0.16018,1.21185,-27.1415,-18.8495,-8.29201,-32.0907,"4.0000",-22.879,-9.21169,"0.0000","0.5000","0.5000","0.0000","0.0000","0.0000","0.0000",null,6.77646,"1993-10-15"],"games":2,"notes":null,"projection":6.7765,"advanced_stats":{"tov_pg":0.5,"usage_pct":0.23775,"plus_minus_pg":null,"mins_pct":null,"is_qualified":null}}]}