{"bart_player_id":27662,"seasons":[{"year":2013,"team_name":"Southern Illinois","team_conference":"MVC","class":"N/A","raw_row":["Calvin Belts","Southern Illinois","MVC",5,0.7,0,16,0,0,0,15.7,0,0,0,2,0,0,2,0,0,0,0,0,0,100,"N/A","-",34,-0.535712,-0.523839,8.9,2013,27662,null,null,"0.00000000",0,0,0,2,null,"0.0000",0,0,null,null,108.007,101.283,0.16216,1.19526,-22.1567,-15.168,-6.98869,-27.0047,"1.8000",-19.0779,-7.92682,"0.0000","0.2000","0.2000","0.0000","0.0000","0.0000","0.0000",null,0,"1992-03-01"],"games":5,"notes":null,"projection":0,"advanced_stats":{"tov_pg":0,"usage_pct":0.28820000000000007,"plus_minus_pg":null,"mins_pct":null,"is_qualified":null}}]}