{"bart_player_id":30491,"seasons":[{"year":2014,"team_name":"St. John's","team_conference":"BE","class":"N/A","raw_row":["Tyler Walston","St. John's","BE",5,0.6,0,0,0,0,0,13.8,0,0,0,0,0,0,0,0,0,0,0,0,0,0,"N/A","-",40,-0.527866,-6.76729,5,2014,30491,null,null,"0.00000000",null,null,null,null,null,null,null,null,null,null,104.936,102.222,0.15594,1.09363,-5.04716,-4.01942,-1.02774,-5.15416,"1.6000",-5.79406,0.639905,"0.0000","0.2000","0.2000","0.0000","0.0000","0.0000","0.0000",null,0,"1994-10-15"],"games":5,"notes":null,"projection":0,"advanced_stats":{"tov_pg":0,"usage_pct":0,"plus_minus_pg":null,"mins_pct":null,"is_qualified":null}}]}