{"bart_player_id":30616,"seasons":[{"year":2014,"team_name":"Baylor","team_conference":"B12","class":"N/A","raw_row":["Josh Clemons","Baylor","B12",1,0.1,0,31,0,0,0,0,0,100,0,0,0,0,0,0,0,0,0,0,0,0,"N/A","-",55,-0.653258,-5.82006,0,2014,30616,null,null,"0.00000000",null,null,null,null,null,null,null,null,null,null,116.702,122.699,0.0528138,0.159367,-29.0788,-29.1961,0.117369,-35.3542,"2.0000",-24.9648,-10.3894,"0.0000","0.0000","0.0000","0.0000","0.0000","0.0000","0.0000",null,0,"1994-10-15"],"games":1,"notes":null,"projection":0,"advanced_stats":{"tov_pg":1,"usage_pct":0.248,"plus_minus_pg":null,"mins_pct":null,"is_qualified":null}}]}