{"bart_player_id":31466,"seasons":[{"year":2014,"team_name":"Cleveland St.","team_conference":"Horz","class":"So","raw_row":["Khyler Fields","Cleveland St.","Horz",6,0.5,0,6.7,0,0,0,19.8,0,0,0,0,0,0,1,0,0,0,0,0,0,0,"So","-",23,-0.317571,-3.20954,6.7,2014,31466,null,null,"0.00000000",0,0,0,1,null,"0.0000",0,0,null,null,103.687,105.992,0.0843806,0.952301,-13.4074,-9.53605,-3.87134,-14.4265,"1.0000",-11.5132,-2.91325,"0.0000",0.1667,0.1667,"0.0000","0.0000","0.0000","0.0000",null,0,"1994-07-16"],"games":6,"notes":null,"projection":0,"advanced_stats":{"tov_pg":0,"usage_pct":0.1105,"plus_minus_pg":null,"mins_pct":null,"is_qualified":null}}]}