{"bart_player_id":33117,"seasons":[{"year":2014,"team_name":"LIU","team_conference":"NEC","class":"N/A","raw_row":["Darien Best","LIU","NEC",3,0.3,0,0,0,0,0,0,0,0,0,0,0,0,0,0,0,0,0,0,0,0,"N/A","-",34,-0.438978,-6.57051,10,2014,33117,null,null,"0.00000000",null,null,null,null,null,null,null,null,null,null,123.907,126.287,0.0186113,0.409853,-6.23225,-3.45861,-2.77364,-17.917,1.3333,-12.0519,-5.86513,"0.0000","0.0000","0.0000","0.0000","0.0000","0.0000","0.0000",null,0,"1994-10-15"],"games":3,"notes":null,"projection":0,"advanced_stats":{"tov_pg":0,"usage_pct":0,"plus_minus_pg":null,"mins_pct":null,"is_qualified":null}}]}