{"bart_player_id":34834,"seasons":[{"year":2015,"team_name":"Western Carolina","team_conference":"SC","class":"N/A","raw_row":["Dexter Jenkins","Western Carolina","SC",1,0.2,0,29.9,0,0,0,0,0,100,0,0,0,0,0,0,0,0,0,0,0,0,"N/A","-",21,-0.636834,-4.38919,20,2015,34834,null,null,"1.00000000",null,null,null,null,null,null,null,null,null,null,116.011,121.448,0.0550072,0.19615,-34.6239,-31.6363,-2.98759,-57.5262,1.3333,-42.2161,-15.3101,0.3333,0.3333,0.6667,0.3333,"0.0000","0.0000","1.0000",null,0,"1995-10-15"],"games":1,"notes":null,"projection":0,"advanced_stats":{"tov_pg":0.3333333333333333,"usage_pct":0.47050000000000003,"plus_minus_pg":null,"mins_pct":null,"is_qualified":null}}]}