{"bart_player_id":38152,"seasons":[{"year":2015,"team_name":"Loyola Chicago","team_conference":"MVC","class":"N/A","raw_row":["Jay Jay Elvir","Loyola Chicago","MVC",1,0.1,0,23.1,0,0,0,64.3,0,0,0,0,0,0,1,0,0,0,0,0,0,0,"N/A","-","01",-0.612917,-0.942911,0,2015,38152,null,null,"0.00000000",0,0,0,1,null,"0.0000",0,0,null,null,83.8501,85.6601,0.303372,0.548846,-36.4755,-25.9999,-10.4756,-26.4153,"2.0000",-19.3765,-7.03878,"0.0000","1.0000","1.0000","0.0000","0.0000","0.0000","0.0000",null,0,"1995-10-15"],"games":1,"notes":null,"projection":0,"advanced_stats":{"tov_pg":0,"usage_pct":0.255,"plus_minus_pg":null,"mins_pct":null,"is_qualified":null}}]}