{"bart_player_id":49347,"seasons":[{"year":2017,"team_name":"Arizona St.","team_conference":"P12","class":"Fr","raw_row":["Chris Odionu","Arizona St.","P12",2,0.2,0,0,0,0,0,0,0,0,0,0,0,0,0,0,0,0,0,0,0,0,"Fr",null,34,-0.326917,-6.42097,20,2017,49347,null,null,"0.00000000",null,null,null,null,null,null,null,null,null,null,120.107,125.395,0.0152564,0.235227,-4.31907,-2.63593,-1.68313,-18.5304,"1.0000",-17.044,-1.48641,"0.0000","0.0000","0.0000","0.0000","0.0000","0.0000","0.0000",null,0,"1997-10-15"],"games":2,"notes":null,"projection":0,"advanced_stats":{"tov_pg":0,"usage_pct":0,"plus_minus_pg":null,"mins_pct":null,"is_qualified":null}}]}