{"bart_player_id":49643,"seasons":[{"year":2017,"team_name":"North Carolina A&T","team_conference":"MEAC","class":"Fr","raw_row":["Charles Carrington","North Carolina A&T","MEAC",11,2.4,38.5,18.1,0,14.39,12.2,12.2,0,35.2,2,2,1,0,6,0,0,0,0,8.4,0,33.3,"Fr",null,50,-0.461318,35.645,16.6,2017,49643,null,null,"0.00000000",0,6,0,0,"0.0000",null,0,0,null,null,115.613,126.055,0.0330526,4.78914,-19.6982,-14.7123,-4.98584,-25.2294,2.6364,-19.7474,-5.48199,0.2727,0.2727,0.5455,"0.0000","0.0000",0.1818,0.1818,null,0,"1996-06-01"],"games":11,"notes":null,"projection":0,"advanced_stats":{"tov_pg":0.2727272727272727,"usage_pct":0.1479090909090909,"plus_minus_pg":null,"mins_pct":null,"is_qualified":null}}]}