{"bart_player_id":65438,"seasons":[{"year":2020,"team_name":"Campbell","team_conference":"BSth","class":"Fr","raw_row":["Ladarius Knight","Campbell","BSth",25,16.4,85,25.2,50,52.1,2,11.8,3.4,21.3,9,12,0.75,14,23,0.609,15,50,0.3,0.6,3.1,16.4,"Fr","6-5",15,0.00504359,85.5322,4.4,2020,65438,"Ashford, AL",null,"0.19994600",8,11,6,12,0.7273,"0.5000",1,1,"1.0000",null,100.247,103.513,0.628555,35.0187,-7.1747,-4.00165,-3.17305,-4.71385,8.5556,-2.97202,-1.74183,0.1481,0.9259,1.0741,0.1481,0.4074,0.1111,4.0741,"Wing G",15.7527,"2000-03-25"],"games":25,"notes":"Wing G","projection":15.7527,"advanced_stats":{"tov_pg":0.7407407407407407,"usage_pct":0.27188461538461534,"plus_minus_pg":-2.6923076923076925,"mins_pct":0.182,"is_qualified":false}}]}