{"bart_player_id":65449,"seasons":[{"year":2021,"team_name":"Texas St.","team_conference":"SB","class":"So","raw_row":["Addison Wallace","Texas St.","SB",15,13,78.1,15.9,30,32.67,10,19.3,17.6,29.4,2,3,0.667,6,16,0.375,0,4,0,2.2,0,15,"So","6-4",15,-0.389896,71.0954,3,2021,65449,"Cleburne, TX",null,1.08329789,5,10,1,6,"0.5000",0.1667,0,1,"0.0000",null,98.8729,103.524,0.653443,19.5772,-5.71884,-5.61542,-0.10342,-5.52334,8.2941,-4.1226,-1.40074,0.5294,1.2353,1.7647,0.7647,0.0588,0.1176,0.8235,"PF/C",2.08202,"1999-10-15"],"games":15,"notes":"PF/C","projection":2.082,"advanced_stats":{"tov_pg":0.7647058823529411,"usage_pct":0.13617647058823526,"plus_minus_pg":0.47058823529411764,"mins_pct":0.136,"is_qualified":false}}]}