{"bart_player_id":65446,"seasons":[{"year":2021,"team_name":"Akron","team_conference":"MAC","class":"So","raw_row":["Taylor Currie","Akron","MAC",5,1.4,128.7,17.8,60,60,9.3,8.8,0,0,0,0,0,3,4,0.75,0,1,0,0,0,0,"So","6-8",33,0.271367,117.841,10,2021,65446,"Clarkston, MI",59.2,"0.00000000",2,3,1,1,0.6667,"1.0000",0,0,null,null,108.402,110.025,0.143495,1.6873,-5.30893,1.34852,-6.65745,-1.47871,2.6667,-0.754744,-0.723965,0.3333,0.3333,0.6667,"0.0000","0.0000","0.0000","1.5000","PF/C",4.81497,"2000-08-15"],"games":5,"notes":"PF/C","projection":4.815,"advanced_stats":{"tov_pg":0,"usage_pct":0.16866666666666666,"plus_minus_pg":-0.6666666666666666,"mins_pct":0.018,"is_qualified":false}}]}