{"bart_player_id":65452,"seasons":[{"year":2019,"team_name":"Towson","team_conference":"CAA","class":"Fr","raw_row":["Quinton Drayton","Towson","CAA",9,2.8,47.9,27.4,25,27.03,6.5,10.1,5.3,38,1,2,0.5,3,8,0.375,0,4,0,0,1.7,16.7,"Fr","6-4",13,-0.502831,50.225,6.7,2019,65452,"Bowie, MD",null,"0.50000000",2,2,1,6,"1.0000",0.1667,0,0,null,null,111.669,111.564,0.241661,5.48331,-17.6705,-13.703,-3.96751,-21.223,"4.9000",-15.2763,-5.94666,"0.3000","0.7000","1.0000","0.3000","0.2000","0.0000","2.8000","Stretch 4",7.02527,"1999-10-15"],"games":9,"notes":"Stretch 4","projection":7.0253,"advanced_stats":{"tov_pg":0.6,"usage_pct":0.2833,"plus_minus_pg":-2.5,"mins_pct":0.036,"is_qualified":false}}]}