{"bart_player_id":65490,"seasons":[{"year":2019,"team_name":"Brown","team_conference":"Ivy","class":"So","raw_row":["George Mawanda-Kalema","Brown","Ivy",24,23.4,101.6,19.5,51.6,54.56,3.3,14.7,7.7,15,15,18,0.833,31,58,0.534,12,37,0.324,0.4,1.6,18.9,"So","6-3",3,0.551129,100.998,3,2019,65490,"Burke, VA",null,0.86670133,23,37,8,21,0.6216,"0.3810",0,0,null,null,97.5093,98.6339,1.25471,53.1555,-2.81146,-1.77755,-1.03391,-0.191916,11.8462,-0.151749,-0.0401679,0.3462,1.5769,1.9231,"0.5000",0.3077,0.0385,4.8462,"Wing G",7.23883,"1998-10-15"],"games":24,"notes":"Wing G","projection":7.2388,"advanced_stats":{"tov_pg":0.5769230769230769,"usage_pct":0.21000000000000002,"plus_minus_pg":1,"mins_pct":0.147,"is_qualified":false}}]}