{"bart_player_id":65491,"seasons":[{"year":2019,"team_name":"Michigan","team_conference":"B10","class":"Fr","raw_row":["Ignas Brazdeikis","Michigan","B10",37,74.1,110.7,24.6,53.1,57.29,4.6,16.1,6.1,10.5,116,150,0.773,132,264,0.5,56,143,0.392,1.7,1.5,36.9,"Fr","6-7",13,3.82446,124.632,2.9,2019,65491,"Mono, ON",92.2,"0.67390610",103,166,29,98,0.6205,0.2959,14,14,"1.0000",47,90.4089,86.1141,4.45928,201.859,6.11654,3.37694,2.73959,7.73753,29.6486,4.64755,3.08998,1.1622,4.2703,5.4324,0.8378,0.7027,0.4865,14.8108,"Wing F",8.02275,"1999-01-08"],"games":37,"notes":"Wing F","projection":8.0228,"advanced_stats":{"tov_pg":1.2432432432432432,"usage_pct":0.25886486486486493,"plus_minus_pg":9.470588235294118,"mins_pct":0.754,"is_qualified":true}}]}