{"bart_player_id":65524,"seasons":[{"year":2019,"team_name":"Bradley","team_conference":"MVC","class":"Fr","raw_row":["Armon Brummett","Bradley","MVC",23,9.7,43,17.5,17.2,19.82,1.8,12.4,9.8,28.7,3,8,0.375,5,13,0.385,0,16,0,1.8,4.1,27.6,"Fr","6-4",4,-0.917956,41.7107,4.5,2019,65524,"Decatur, IL",null,0.58340001,2,5,3,8,"0.4000","0.3750",0,0,null,null,94.6567,95.9243,0.672883,28.653,-6.33918,-8.71823,2.37905,-8.94972,5.7917,-10.6172,1.6675,0.0833,0.5833,0.6667,0.2917,0.4583,0.0833,0.5417,"Wing G",7.3228,"2000-03-16"],"games":23,"notes":"Wing G","projection":7.3228,"advanced_stats":{"tov_pg":0.5,"usage_pct":0.16,"plus_minus_pg":0.2,"mins_pct":0.118,"is_qualified":false}}]}