{"bart_player_id":65560,"seasons":[{"year":2020,"team_name":"Saint Mary's","team_conference":"WCC","class":"So","raw_row":["Kristers Zoriks","Saint Mary's","WCC",22,18.7,121.5,14.6,64.4,66.06,0.5,10.2,8.7,15,13,18,0.722,11,26,0.423,15,26,0.577,0,2.4,34.6,"So","6-4",23,1.15338,114.948,3,2020,65560,"Jaunpils, Latvia","52.0",1.33341478,9,17,2,9,0.5294,0.2222,0,0,null,null,102.14,98.743,1.11407,41.43,3.19645,2.82678,0.369673,3.53895,11.5455,2.15015,1.3888,0.0455,0.9091,0.9545,0.5455,0.4545,"0.0000",3.6364,"Combo G",6.31225,"1998-05-25"],"games":22,"notes":"Combo G","projection":6.3123,"advanced_stats":{"tov_pg":0.391304347826087,"usage_pct":1.4137826086956522,"plus_minus_pg":4.434782608695652,"mins_pct":0.197,"is_qualified":true}}]}