{"bart_player_id":65585,"seasons":[{"year":2019,"team_name":"Oklahoma St.","team_conference":"B12","class":"Fr","raw_row":["Kentrevious Jones","Oklahoma St.","B12",8,4.3,79.1,14.1,57.1,50.76,6.3,16.5,3.5,30.9,2,6,0.333,4,7,0.571,0,0,0,0,1.1,85.7,"Fr","6-10","00",-0.312784,74.3471,10.2,2019,65585,"Macon, GA",29.4,"0.25000000",3,3,1,3,"1.0000",0.3333,0,0,null,null,107.111,102.339,0.64696,9.40417,-6.0767,-4.56088,-1.51582,-8.02132,"6.8750",-8.0516,0.0302816,"0.3750","1.0000","1.3750","0.1250","0.1250","0.0000","1.2500","C",0,"1999-10-15"],"games":8,"notes":"C","projection":0,"advanced_stats":{"tov_pg":0.5,"usage_pct":0.11075,"plus_minus_pg":-1.3333333333333333,"mins_pct":0.029,"is_qualified":false}}]}