{"bart_player_id":65601,"seasons":[{"year":2020,"team_name":"Presbyterian","team_conference":"BSth","class":"So","raw_row":["Jordan Gibson","Presbyterian","BSth",7,3.1,32.7,10.9,20,20,0,22.2,4.8,43,0,0,0,1,3,0.333,0,2,0,0,1.6,0,"So","6-5",23,-1.07416,27.2994,1.1,2020,65601,"Bristow, VA",null,0.33333335,0,1,1,2,"0.0000","0.5000",0,0,null,null,108.72,108.487,0.348927,6.91013,-12.1574,-9.73784,-2.41961,-13.5083,"5.0000",-9.97223,-3.53606,"0.0000","1.0000","1.0000",0.1111,0.1111,"0.0000",0.2222,"Wing G",3.16199,"2000-04-29"],"games":7,"notes":"Wing G","projection":3.162,"advanced_stats":{"tov_pg":0.3333333333333333,"usage_pct":0.13266666666666668,"plus_minus_pg":-2.3333333333333335,"mins_pct":0.044,"is_qualified":false}}]}