{"bart_player_id":65620,"seasons":[{"year":2019,"team_name":"Cal St. Bakersfield","team_conference":"WAC","class":"Fr","raw_row":["Jeremiah Dickerson","Cal St. Bakersfield","WAC",14,3.3,95.1,11.3,100,60.87,2.6,0,8,25.6,5,10,0.5,1,1,1,0,0,0,0,1.4,1000,"Fr","5-10",5,-0.0642008,81.0843,5.9,2019,65620,"Bakersfield, CA",null,3.50170061,1,1,0,0,"1.0000",null,0,0,null,null,112.966,114.769,0.147953,4.96901,-5.52754,-2.41044,-3.1171,-6.8106,4.1176,-5.19325,-1.61735,0.1176,"0.0000",0.1176,0.4118,0.2353,"0.0000",0.6471,"Pure PG",0,"1999-09-26"],"games":14,"notes":"Pure PG","projection":0,"advanced_stats":{"tov_pg":0.11764705882352941,"usage_pct":0.09350000000000001,"plus_minus_pg":1.1666666666666667,"mins_pct":0.055,"is_qualified":false}}]}