{"bart_player_id":65621,"seasons":[{"year":2020,"team_name":"Columbia","team_conference":"Ivy","class":"Jr","raw_row":["Jake Klores","Columbia","Ivy",9,1.4,200,2.4,100,100,0,6.8,0,0,0,0,0,1,1,1,0,0,0,0,0,0,"Jr","6-0",25,0.44642,153.451,0,2020,65621,"New York, NY",null,"0.00000000",1,1,0,0,"1.0000",null,0,0,null,null,112.051,112.755,0.0956035,2.09754,-6.53981,-3.75393,-2.78588,-7.84918,"2.7000",-4.66606,-3.18312,"0.0000","0.2000","0.2000","0.0000","0.0000","0.0000","0.2000","Wing G",0,"1997-12-18"],"games":9,"notes":"Wing G","projection":0,"advanced_stats":{"tov_pg":0.1,"usage_pct":0.0188,"plus_minus_pg":-1.125,"mins_pct":0.022,"is_qualified":false}}]}