{"bart_player_id":65643,"seasons":[{"year":2019,"team_name":"Jacksonville","team_conference":"ASun","class":"Fr","raw_row":["KJ Fitzgerald","Jacksonville","ASun",12,3.1,49,18.7,27.3,27.27,3,9.3,4.6,31.7,0,0,0,3,8,0.375,0,3,0,0,1.5,0,"Fr","5-11",12,-0.42836,47.0045,5.4,2019,65643,"West Palm Beach, FL",null,1.44439264,3,8,0,0,"0.3750",null,0,0,null,null,108.054,108.337,0.22365,5.84619,-14.5475,-10.9591,-3.58843,-16.6238,5.0714,-12.8692,-3.75458,0.0714,0.5714,0.6429,0.9286,0.2857,"0.0000",1.8571,"Wing G",4.40265,"1999-10-15"],"games":12,"notes":"Wing G","projection":4.4027,"advanced_stats":{"tov_pg":0.8181818181818182,"usage_pct":0.22063636363636363,"plus_minus_pg":2.4285714285714284,"mins_pct":0.066,"is_qualified":false}}]}