{"bart_player_id":65646,"seasons":[{"year":2020,"team_name":"Jacksonville","team_conference":"ASun","class":"So","raw_row":["Donovan Forte","Jacksonville","ASun",8,0.7,75.5,14.6,33.3,33.33,0,24.3,0,0,0,0,0,1,2,0.5,0,1,0,0,0,0,"So","6-7",15,-0.0674214,67.5304,4.4,2020,65646,"Cleveland, OH",null,"0.00000000",1,2,0,0,"0.5000",null,0,0,null,null,98.6643,103.453,0.0904285,1.64439,-14.5458,-8.22456,-6.32123,-8.90722,"1.1250",-7.10294,-1.80428,"0.0000","0.2500","0.2500","0.0000","0.0000","0.0000","0.2500","Wing F",7.01429,"1999-10-15"],"games":8,"notes":"Wing F","projection":7.0143,"advanced_stats":{"tov_pg":0,"usage_pct":0.22228571428571428,"plus_minus_pg":-1.5714285714285714,"mins_pct":0.005,"is_qualified":false}}]}