{"bart_player_id":65673,"seasons":[{"year":2019,"team_name":"North Texas","team_conference":"CUSA","class":"Fr","raw_row":["Shakeem Alcindor","North Texas","CUSA",4,2.1,134,11.3,75,75,13.5,27.7,8.2,20.9,0,0,0,3,4,0.75,0,0,0,0,2.4,0,"Fr","6-8",35,0.607969,115.491,8,2019,65673,"Saint Croix, U.S. Virgin Islands",null,"0.50000000",2,3,1,1,0.6667,"1.0000",1,2,"0.5000",null,89.2684,96.599,0.712637,5.8279,2.45963,0.274612,2.18502,2.44993,"7.8000",-1.55777,4.0077,"0.8000","1.4000","2.2000","0.2000","0.2000","0.2000","1.8000","C",0,"1998-05-20"],"games":4,"notes":"C","projection":0,"advanced_stats":{"tov_pg":0.4,"usage_pct":0.08459999999999998,"plus_minus_pg":6,"mins_pct":0.041,"is_qualified":false}}]}