{"bart_player_id":65711,"seasons":[{"year":2020,"team_name":"Duquesne","team_conference":"A10","class":"Fr","raw_row":["James Ellis","Duquesne","A10",5,0.9,96.8,21,40,40,0,10.3,20.6,0,0,0,0,2,4,0.5,0,1,0,30.4,0,0,"Fr","6-11",1,0.0655111,93.9225,7.3,2020,65711,"Pittsburgh, PA",null,1.00000001,1,1,1,3,"1.0000",0.3333,0,0,null,null,88.9509,90.1639,0.28381,2.75583,8.8875,-3.73862,12.6261,6.19213,"2.2000",-4.43507,10.6272,"0.0000","0.2000","0.2000","0.2000","0.0000","0.6000","0.8000","C",5.40457,"2000-04-11"],"games":5,"notes":"C","projection":5.4046,"advanced_stats":{"tov_pg":0,"usage_pct":0.3026,"plus_minus_pg":-1,"mins_pct":0.009,"is_qualified":false}}]}