{"bart_player_id":65729,"seasons":[{"year":2019,"team_name":"UC Irvine","team_conference":"BW","class":"Fr","raw_row":["Solomon Ruddell","UC Irvine","BW",18,4.2,118.3,17.2,57.1,63.49,7.7,8.6,3.1,17.4,6,7,0.857,8,14,0.571,0,0,0,8.7,0,50,"Fr","7-1",35,0.272617,110.802,11.1,2019,65729,"Los Osos, CA","18.0",0.19984801,6,9,2,5,0.6667,"0.4000",1,1,"1.0000",null,97.4837,100.227,0.341371,10.5725,1.79134,-0.834742,2.62609,-3.31967,3.7895,-5.96857,2.6489,0.2105,0.4211,0.6316,0.0526,"0.0000",0.2632,1.3158,"C",0,"1998-06-10"],"games":18,"notes":"C","projection":0,"advanced_stats":{"tov_pg":0.2631578947368421,"usage_pct":0.14642105263157895,"plus_minus_pg":-2.6666666666666665,"mins_pct":0.054,"is_qualified":false}}]}