{"bart_player_id":65795,"seasons":[{"year":2019,"team_name":"Mississippi","team_conference":"SEC","class":"Jr","raw_row":["Brian Halums","Mississippi","SEC",12,3.2,91.9,33.1,29.5,37.91,11.8,2.8,9.2,4.2,8,12,0.667,5,16,0.313,1,6,0.167,0,0,54.5,"Jr","6-5",5,0.240575,107.267,5.7,2019,65795,"Hollandale, MS",null,"2.00120050",5,9,0,7,0.5556,"0.0000",1,1,"1.0000",null,111.876,108.658,0.252615,4.69412,-9.628,-2.38884,-7.23916,-8.78317,"3.5000",-2.98191,-5.80127,0.3333,0.0833,0.4167,0.1667,"0.0000","0.0000","1.7500","Wing F",8.26438,"1997-09-18"],"games":12,"notes":"Wing F","projection":8.2644,"advanced_stats":{"tov_pg":0.08333333333333333,"usage_pct":0.3821666666666667,"plus_minus_pg":6,"mins_pct":0.041,"is_qualified":false}}]}