{"bart_player_id":65845,"seasons":[{"year":2019,"team_name":"Wagner","team_conference":"NEC","class":"Fr","raw_row":["Jonathan Norfleet","Wagner","NEC",26,38.7,90.2,17.5,45.3,47.51,1.2,9.2,17.5,23.9,12,15,0.8,24,59,0.407,19,57,0.333,1.2,1.5,12.9,"Fr","6-1",3,-0.218857,83.6704,3.4,2019,65845,"Virginia Beach, VA",null,1.13337688,18,39,6,20,0.4615,"0.3000",0,0,null,null,107.502,111.012,1.06581,65.437,-6.40987,-4.33473,-2.07515,-5.09129,16.1071,-3.95913,-1.13216,0.1786,"1.2500",1.4286,1.2143,0.4643,0.1429,"4.2500","Combo G",7.93936,"1999-10-15"],"games":26,"notes":"Combo G","projection":7.9394,"advanced_stats":{"tov_pg":1.0714285714285714,"usage_pct":0.16589285714285712,"plus_minus_pg":2.4,"mins_pct":0.428,"is_qualified":true}}]}