{"bart_player_id":65939,"seasons":[{"year":2019,"team_name":"Saint Louis","team_conference":"A10","class":"Fr","raw_row":["Ingvi Gudmundsson","Saint Louis","A10",2,0.3,0,14.5,0,0,0,23.1,0,0,0,0,0,0,0,0,0,2,0,0,0,0,"Fr","6-4",24,-0.764708,-0.692478,8,2019,65939,"Grindavik, Iceland",null,"0.00000000",0,0,0,0,null,null,0,0,null,null,98.0906,97.1577,0.280208,0.848819,-18.8521,-12.3228,-6.52928,-26.6268,"2.5000",-21.6674,-4.95944,"0.0000","0.5000","0.5000","0.0000","0.0000","0.0000","0.0000","Wing G",27.3392,"1998-07-13"],"games":2,"notes":"Wing G","projection":27.3392,"advanced_stats":{"tov_pg":0,"usage_pct":0.1995,"plus_minus_pg":3,"mins_pct":0.003,"is_qualified":false}}]}