{"bart_player_id":65945,"seasons":[{"year":2019,"team_name":"Morehead St.","team_conference":"OVC","class":"Fr","raw_row":["Ja'Cori Wilson","Morehead St.","OVC",26,15.2,87.2,15.1,40.2,43.07,9.5,17.9,3.8,21.7,6,9,0.667,6,15,0.4,7,26,0.269,3.8,1.2,22,"Fr","6-7",34,-0.170225,80.7484,6.3,2019,65945,"Atlanta, GA",null,0.30777515,6,12,0,3,"0.5000","0.0000",2,2,"1.0000",null,107.522,106.79,0.575074,37.0605,-4.71125,-3.5737,-1.13755,-5.58918,7.9286,-4.70921,-0.879974,"0.7500","1.2500","2.0000",0.1429,"0.2500","0.2500","2.0000","PF/C",7.76717,"1999-10-15"],"games":26,"notes":"PF/C","projection":7.7672,"advanced_stats":{"tov_pg":0.4642857142857143,"usage_pct":0.15371428571428575,"plus_minus_pg":-3.5,"mins_pct":0.053,"is_qualified":false}}]}