{"bart_player_id":65977,"seasons":[{"year":2019,"team_name":"USC Upstate","team_conference":"BSth","class":"Fr","raw_row":["Ross Ryan","USC Upstate","BSth",24,19.7,80.1,15.9,42.7,45.09,5.3,11.9,8.8,26.7,7,11,0.636,19,46,0.413,1,2,0.5,2.9,2.5,22.9,"Fr","6-9",10,-0.447691,73.8554,4.5,2019,65977,null,null,0.80946255,15,23,4,23,0.6522,0.1739,3,3,"1.0000",null,108.052,109.465,0.657992,42.8201,-5.80057,-6.15937,0.3588,-6.00306,10.2593,-6.06324,0.0601728,0.5556,"1.0370",1.5926,0.6296,0.4444,0.2963,2.2963,"Wing F",0.499271,"1999-09-07"],"games":24,"notes":"Wing F","projection":0.4993,"advanced_stats":{"tov_pg":0.7777777777777778,"usage_pct":0.16744444444444445,"plus_minus_pg":-4.8,"mins_pct":0.423,"is_qualified":true}}]}