{"bart_player_id":66020,"seasons":[{"year":2019,"team_name":"San Diego","team_conference":"WCC","class":"Fr","raw_row":["Andrew Ferguson","San Diego","WCC",16,6.5,114.5,20.6,70.8,71.43,1.3,20.8,29.2,27.7,3,4,0.75,5,10,0.5,8,14,0.571,7.1,1.3,16.7,"Fr","7-0",14,0.605516,117.949,9,2019,66020,"Perth, Australia",null,1.55553455,2,4,3,6,"0.5000","0.5000",1,1,"1.0000",null,95.4337,94.7941,0.688399,20.2925,5.47844,1.23851,4.23992,7.57782,6.2941,1.27373,6.3041,0.1176,"1.0000",1.1176,0.8235,0.1765,0.3529,2.4706,"PF/C",8.91958,"1998-09-17"],"games":16,"notes":"PF/C","projection":8.9196,"advanced_stats":{"tov_pg":0.5294117647058824,"usage_pct":0.23805882352941174,"plus_minus_pg":5.5,"mins_pct":0.063,"is_qualified":false}}]}