{"bart_player_id":66047,"seasons":[{"year":2019,"team_name":"IU Indy","team_conference":"Horz","class":"Fr","raw_row":["Jack Hansen","IU Indy","Horz",29,20.6,109.4,17.2,45.9,52.43,6.1,13,6.4,14.1,22,25,0.88,14,35,0.4,13,38,0.342,1.4,1.3,34.2,"Fr","6-7",4,0.476765,103.084,4.4,2019,66047,"Noblesville, IN",null,0.91655897,10,22,4,13,0.4545,0.3077,0,0,null,null,106.498,106.397,0.703661,43.4387,-2.95327,-0.654303,-2.29897,-1.82686,9.1935,-0.636829,-1.19003,0.4839,1.0968,1.5806,0.3548,0.1935,"0.1290","2.8710","Wing F",8.3862,"1999-10-15"],"games":29,"notes":"Wing F","projection":8.3862,"advanced_stats":{"tov_pg":0.3870967741935484,"usage_pct":0.1804193548387097,"plus_minus_pg":0.05555555555555555,"mins_pct":0.214,"is_qualified":true}}]}