{"bart_player_id":66042,"seasons":[{"year":2019,"team_name":"Central Connecticut","team_conference":"NEC","class":"Fr","raw_row":["Will Ellis","Central Connecticut","NEC",9,2.9,62.1,20.7,30,30.63,6.7,13.6,5.5,24.5,1,3,0.333,0,7,0,2,3,0.667,0,3.4,30,"Fr","6-2",10,-0.34574,61.0838,1.2,2019,66042,"Valley Stream, NY",null,"0.50000000",0,0,0,7,null,"0.0000",0,0,null,null,106.509,106.208,0.304786,6.82288,-11.5768,-8.79373,-2.78311,-6.98181,3.9091,-4.15129,-2.83052,0.2727,0.5455,0.8182,0.1818,0.2727,"0.0000",0.9091,"Wing G",5.02272,"1999-10-15"],"games":9,"notes":"Wing G","projection":5.0227,"advanced_stats":{"tov_pg":0.5,"usage_pct":0.21387499999999998,"plus_minus_pg":-1.5714285714285714,"mins_pct":0.042,"is_qualified":false}}]}