{"bart_player_id":66086,"seasons":[{"year":2019,"team_name":"Louisiana","team_conference":"SB","class":"Fr","raw_row":["R.J. Gladney","Louisiana","SB",12,3.3,104.8,12.5,75,72.99,8,20.3,0,32.2,4,6,0.667,3,4,0.75,0,0,0,2.6,0,150,"Fr","6-6",32,0.0565286,92.3455,6,2019,66086,"DeRidder, LA",null,"0.00000000",2,3,1,1,0.6667,"1.0000",1,1,"1.0000",null,109.268,108.805,0.238889,7.05486,-8.58319,-4.57077,-4.01242,-5.97154,3.3846,-3.36059,-2.61096,0.2308,0.5385,0.7692,"0.0000","0.0000",0.2308,0.7692,"PF/C",0,"1999-10-15"],"games":12,"notes":"PF/C","projection":0,"advanced_stats":{"tov_pg":0.23076923076923078,"usage_pct":0.12736363636363637,"plus_minus_pg":-3,"mins_pct":0.084,"is_qualified":false}}]}