{"bart_player_id":66109,"seasons":[{"year":2020,"team_name":"Southern Illinois","team_conference":"MVC","class":"Fr","raw_row":["Karrington Davis","Southern Illinois","MVC",25,23.4,85.6,17.9,43.5,46.99,5.7,11.4,0,16.8,16,25,0.64,21,48,0.438,6,21,0.286,0.8,1.5,36.2,"Fr","6-6",2,-0.0850917,83.2238,3.2,2020,66109,"St. Louis, MO","28.0","0.00000000",18,36,3,12,"0.5000","0.2500",1,2,"0.5000",null,99.9081,99.816,1.10623,46.6204,-8.39507,-5.56982,-2.82525,-3.33945,"11.6400",-3.17753,-0.161914,"0.5200","1.0800","1.6000","0.0000","0.2800","0.0800","3.0400","Wing G",4.48848,"1999-11-18"],"games":25,"notes":"Wing G","projection":4.4885,"advanced_stats":{"tov_pg":0.56,"usage_pct":0.23408,"plus_minus_pg":1.263157894736842,"mins_pct":0.225,"is_qualified":false}}]}