{"bart_player_id":66137,"seasons":[{"year":2020,"team_name":"Gardner Webb","team_conference":"BSth","class":"Fr","raw_row":["Gabe Bryant","Gardner Webb","BSth",16,5.5,93.5,12,71.4,75.47,10.6,18.4,0,44.1,2,2,1,5,7,0.714,0,0,0,1.8,1.8,28.6,"Fr","6-9",32,-0.0950688,78.7435,6.5,2020,66137,"Spartanburg, SC",null,"0.00000000",5,6,0,1,0.8333,"0.0000",3,3,"1.0000",null,102.139,104.568,0.328149,13.0679,-8.60011,-5.22337,-3.37674,-5.06092,4.1667,-5.17141,0.110495,"0.5000",0.6667,1.1667,"0.0000",0.1111,0.0556,0.8333,"C",0,"1999-10-15"],"games":16,"notes":"C","projection":0,"advanced_stats":{"tov_pg":0.3333333333333333,"usage_pct":0.09177777777777778,"plus_minus_pg":-2.3,"mins_pct":0.065,"is_qualified":false}}]}