{"bart_player_id":66134,"seasons":[{"year":2019,"team_name":"Portland","team_conference":"WCC","class":"Fr","raw_row":["Josh Phillips","Portland","WCC",4,2.1,87.1,22.3,50,44.44,18.8,4.6,8.2,21,4,10,0.4,1,2,0.5,0,0,0,4.6,0,500,"Fr","6-9",21,0.0657108,90.4882,8,2019,66134,"Huntington Beach, CA",null,"0.50000000",1,2,0,0,"0.5000",null,1,1,"1.0000",null,114.858,115.979,0.292341,3.20914,-6.59894,-4.01311,-2.58584,-8.24965,"6.2500",-4.87619,-3.37346,"1.0000","0.2500","1.2500","0.2500","0.0000","0.2500","1.5000","C",0,"2000-06-08"],"games":4,"notes":"C","projection":0,"advanced_stats":{"tov_pg":0.5,"usage_pct":0.1545,"plus_minus_pg":-5.5,"mins_pct":0.032,"is_qualified":false}}]}