{"bart_player_id":66160,"seasons":[{"year":2019,"team_name":"Loyola MD","team_conference":"Pat","class":"Fr","raw_row":["Jan Dornik","Loyola MD","Pat",6,1.9,98.8,18.9,80,75.63,0,43.6,15.9,37.6,1,2,0.5,1,2,0.5,2,3,0.667,4.6,0,40,"Fr","6-6",24,0.0982931,94.5399,5,2019,66160,"Kranj, Slovenia",null,0.66659999,1,1,0,1,"1.0000","0.0000",1,1,"1.0000",null,104.232,107.746,0.301374,5.20853,-4.23058,-4.73379,0.50321,0.65698,"4.0000",-0.892925,1.5499,"0.0000",1.3333,1.3333,0.3333,"0.0000",0.1667,"1.5000","PF/C",6.93357,"1998-03-24"],"games":6,"notes":"PF/C","projection":6.9336,"advanced_stats":{"tov_pg":0.5,"usage_pct":0.17166666666666666,"plus_minus_pg":1,"mins_pct":0.008,"is_qualified":false}}]}