{"bart_player_id":66176,"seasons":[{"year":2019,"team_name":"Georgia Southern","team_conference":"SB","class":"Fr","raw_row":["Tyshaun Crawford","Georgia Southern","SB",8,0.9,111.8,31.7,71.4,66.89,21.9,30.3,0,15.4,0,1,0,5,7,0.714,0,0,0,0,0,14.3,"Fr","7-1",35,0.18521,126.276,18.2,2019,66176,"Griffin, GA",null,"0.00000000",5,6,0,1,0.8333,"0.0000",1,1,"1.0000",null,100.504,100.248,0.139371,2.36124,-11.1014,-0.34579,-10.7556,-1.45142,"3.4000",-1.52538,0.0739603,"0.6000","0.8000","1.4000","0.0000","0.0000","0.2000","2.4000","C",0,"1999-08-10"],"games":8,"notes":"C","projection":0,"advanced_stats":{"tov_pg":0.1,"usage_pct":0.20833333333333334,"plus_minus_pg":4,"mins_pct":0.034,"is_qualified":false}}]}