{"bart_player_id":66187,"seasons":[{"year":2019,"team_name":"Long Beach St.","team_conference":"BW","class":"Fr","raw_row":["Milos Apic","Long Beach St.","BW",7,0.8,0,13.1,0,0,0,0,0,37.9,0,2,0,0,0,0,0,1,0,0,0,200,"Fr","6-10",35,-0.48239,-1.00726,18.2,2019,66187,"Novi Sad, Serbia",null,"1.00000000",0,0,0,0,null,null,0,0,null,null,113.669,117.079,0.0675049,1.32116,-15.1929,-11.2623,-3.93059,-26.0075,"2.8750",-23.4334,-2.57414,"0.0000","0.1250","0.1250","0.2500","0.2500","0.0000","0.5000","PF/C",5.27409,"1999-10-15"],"games":7,"notes":"PF/C","projection":5.2741,"advanced_stats":{"tov_pg":0.25,"usage_pct":0.1115,"plus_minus_pg":-2,"mins_pct":0.007,"is_qualified":false}}]}