{"bart_player_id":66206,"seasons":[{"year":2020,"team_name":"Lipscomb","team_conference":"ASun","class":"Fr","raw_row":["Jaxson Strates","Lipscomb","ASun",12,2.3,63.3,16,33.3,33.9,8.3,8.2,12.1,39.2,1,3,0.333,1,3,0.333,0,0,0,4.2,0,100,"Fr","6-9",4,-0.211692,59.1955,11.4,2020,66206,"Winter Park, FL",null,"2.00000000",1,3,0,0,0.3333,null,0,0,null,null,107.439,110.484,0.136486,4.37785,-10.2524,-8.53821,-1.71418,-12.6817,3.3571,-11.3923,-1.28946,0.2857,0.5714,0.8571,0.4286,"0.0000",0.1429,0.7857,"C",0,"1999-10-15"],"games":12,"notes":"C","projection":0,"advanced_stats":{"tov_pg":0.21428571428571427,"usage_pct":0.15021428571428572,"plus_minus_pg":-0.42857142857142855,"mins_pct":0.022,"is_qualified":false}}]}