{"bart_player_id":66270,"seasons":[{"year":2019,"team_name":"Rider","team_conference":"MAAC","class":"Fr","raw_row":["Ryan O'Leary","Rider","MAAC",5,0.8,65.1,27.5,37.5,31.37,0,0,0,0,1,5,0.2,0,1,0,1,3,0.333,0,0,125,"Fr","6-5",24,-0.154187,65.2412,4,2019,66270,"Sayreville, NJ",null,"0.00000000",0,0,0,1,null,"0.0000",0,0,null,null,112.401,118.888,0.0733552,1.11081,-16.6578,-6.06916,-10.5886,-19.1537,"2.0000",-10.3242,-8.82942,"0.0000","0.0000","0.0000","0.0000","0.0000","0.0000","0.8000","Scoring PG",16.1536,"1999-10-15"],"games":5,"notes":"Scoring PG","projection":16.1536,"advanced_stats":{"tov_pg":0,"usage_pct":0.30500000000000005,"plus_minus_pg":-8.333333333333334,"mins_pct":0.007,"is_qualified":false}}]}