{"bart_player_id":66271,"seasons":[{"year":2019,"team_name":"Toledo","team_conference":"MAC","class":"Fr","raw_row":["Logan Hill","Toledo","MAC",13,1.4,47.7,10,0,52.63,0,17.4,8.3,63.8,1,2,0.5,0,0,0,0,0,0,0,3.2,0,"Fr","6-7",41,-0.229036,39.7882,4.4,2019,66271,"Massillon, OH",null,"0.49965010",0,0,0,0,null,null,0,0,null,null,94.7136,95.9697,0.1609,3.9442,-4.34181,-7.50651,3.1647,-4.78136,"2.0000",-7.96987,3.1885,"0.0000",0.2857,0.2857,0.0714,0.0714,"0.0000",0.3571,"PF/C",0,"1999-10-15"],"games":13,"notes":"PF/C","projection":0,"advanced_stats":{"tov_pg":0.14285714285714285,"usage_pct":0.07484615384615384,"plus_minus_pg":1,"mins_pct":0.028,"is_qualified":false}}]}