{"bart_player_id":66290,"seasons":[{"year":2019,"team_name":"Florida","team_conference":"SEC","class":"Fr","raw_row":["Isaiah Stokes","Florida","SEC",26,12.7,87.1,26.4,45.9,49.31,5.8,10.4,13.6,25.5,14,21,0.667,28,57,0.491,0,4,0,1.3,1.7,34.4,"Fr","6-8",15,0.273704,98.7036,8.2,2019,66290,"Memphis, TN","76.0",0.55005198,18,29,10,28,0.6207,0.3571,1,2,"0.5000",null,99.562,93.8243,0.867308,30.3513,-2.91719,-3.98765,1.07046,-4.30355,7.1154,-5.50376,1.20021,0.3462,0.6154,0.9615,0.4231,0.1923,0.0769,2.6923,"PF/C",1.34499,"1999-06-18"],"games":26,"notes":"PF/C","projection":1.345,"advanced_stats":{"tov_pg":0.7692307692307693,"usage_pct":0.264,"plus_minus_pg":-6,"mins_pct":0.035,"is_qualified":false}}]}