{"bart_player_id":66306,"seasons":[{"year":2019,"team_name":"Incarnate Word","team_conference":"Slnd","class":"Fr","raw_row":["Romello Wilbert","Incarnate Word","Slnd",14,17.7,50.5,21.1,30.6,30.32,8.8,16,9.1,42.6,3,11,0.273,8,20,0.4,2,16,0.125,2.6,2.2,30.6,"Fr","6-2",5,-1.76297,50.1395,6.2,2019,66306,"The Woodlands, TX",null,0.39999028,8,18,0,2,0.4444,"0.0000",0,0,null,null,115.003,120.427,0.426628,33.6631,-11.9549,-9.75281,-2.20212,-13.3206,15.2941,-9.87523,-3.44539,0.9412,"2.0000",2.9412,0.8235,0.5882,0.2353,2.1765,"Wing G",4.9701,"1999-04-16"],"games":14,"notes":"Wing G","projection":4.9701,"advanced_stats":{"tov_pg":2.0588235294117645,"usage_pct":0.22347058823529414,"plus_minus_pg":0,"mins_pct":0.223,"is_qualified":true}}]}