{"bart_player_id":66415,"seasons":[{"year":2019,"team_name":"Montana","team_conference":"BSky","class":"Fr","raw_row":["Ben Carter","Montana","BSky",8,2.6,36.7,16.7,14.3,14.29,3.6,17.4,8.7,40.1,0,0,0,1,6,0.167,0,1,0,0,1.7,0,"Fr","6-10",13,-0.811251,34.0206,9.1,2019,66415,"Adelaide, Australia",null,0.33333333,1,5,0,1,"0.2000","0.0000",0,0,null,null,101.676,103.867,0.388505,6.36048,-13.2501,-12.3865,-0.86357,-16.3944,"4.3000",-15.0131,-1.38132,"0.1000","0.7000","0.8000","0.2000","0.1000","0.0000","0.4000","PF/C",1.70133,"1999-09-18"],"games":8,"notes":"PF/C","projection":1.7013,"advanced_stats":{"tov_pg":0.6,"usage_pct":0.18133333333333335,"plus_minus_pg":-6.5,"mins_pct":0.111,"is_qualified":false}}]}