{"bart_player_id":66436,"seasons":[{"year":2019,"team_name":"South Dakota","team_conference":"Sum","class":"Fr","raw_row":["Nathan Robinson","South Dakota","Sum",16,13.5,61.9,19.1,14.9,26.6,3.9,9.8,7,12.2,15,25,0.6,4,15,0.267,1,22,0.045,0,0.4,67.6,"Fr","6-4",24,-0.918865,59.3666,1.8,2019,66436,"Walnut Creek, CA",null,"1.00000000",4,9,0,6,0.4444,"0.0000",0,1,"0.0000",null,111.092,109.726,0.64543,20.7298,-11.5374,-7.50692,-4.03049,-10.6215,9.8333,-6.76313,-3.85833,0.3889,0.9444,1.3333,0.3333,0.0556,"0.0000",1.6111,"Wing G",8.50603,"2000-02-28"],"games":16,"notes":"Wing G","projection":8.506,"advanced_stats":{"tov_pg":0.3333333333333333,"usage_pct":0.15438888888888885,"plus_minus_pg":-1,"mins_pct":0.266,"is_qualified":false}}]}