{"bart_player_id":66497,"seasons":[{"year":2019,"team_name":"James Madison","team_conference":"CAA","class":"So","raw_row":["Alex Schulz","James Madison","CAA",1,0.1,0,41.4,0,0,0,0,0,0,0,0,0,0,1,0,0,0,0,0,0,0,"So","6-11",33,-0.369136,-18.9211,0,2019,66497,"Herndon, VA",null,"0.00000000",0,1,0,0,"0.0000",null,0,0,null,null,120.672,129.694,-0.000817884,0.086366,-48.4097,-33.5965,-14.8132,-45.189,2.3333,-24.2667,-20.9222,0.3333,"0.0000",0.3333,"0.0000","0.0000",0.3333,1.3333,"C",0,"1998-10-15"],"games":1,"notes":"C","projection":0,"advanced_stats":{"tov_pg":0,"usage_pct":0.375,"plus_minus_pg":-1,"mins_pct":0.004,"is_qualified":false}}]}