{"bart_player_id":66523,"seasons":[{"year":2019,"team_name":"North Dakota","team_conference":"Sum","class":"Fr","raw_row":["Jal Bijiek","North Dakota","Sum",14,4.8,81.7,16.8,45.8,45.83,6.9,24,7,26.8,0,0,0,1,4,0.25,3,8,0.375,2,1.1,0,"Fr","6-7",20,-0.150108,75.3458,7.2,2019,66523,"Des Moines, IA",null,0.19993201,1,3,0,1,0.3333,"0.0000",0,0,null,null,104.47,103.782,0.318201,10.0208,-5.53948,-5.23547,-0.304002,-4.51428,5.3529,-4.6766,0.162312,0.4706,0.7647,1.2353,0.1176,0.0588,0.3529,1.9412,"PF/C",9.01189,"1999-10-15"],"games":14,"notes":"PF/C","projection":9.0119,"advanced_stats":{"tov_pg":0.5882352941176471,"usage_pct":0.17331249999999998,"plus_minus_pg":-2.5,"mins_pct":0.055,"is_qualified":false}}]}