{"bart_player_id":66520,"seasons":[{"year":2019,"team_name":"Arizona","team_conference":"P12","class":"Fr","raw_row":["Brandon Williams","Arizona","P12",26,56.7,105.4,22.9,45.5,52.69,0.8,11.1,23.7,16.1,86,105,0.819,51,117,0.436,36,114,0.316,0.8,1.7,45.5,"Fr","6-2",2,2.40426,112.221,2.8,2019,66520,"Los Angeles, CA",93.4,1.86960207,45,79,6,38,0.5696,0.1579,2,2,"1.0000",null,100.922,97.1106,3.14075,129.489,2.70488,1.92008,0.784799,3.27207,28.1154,1.61178,1.66028,0.1923,2.5769,2.7692,3.3077,0.8077,0.1923,11.3846,"Scoring PG",9.13242,"1999-11-22"],"games":26,"notes":"Scoring PG","projection":9.1324,"advanced_stats":{"tov_pg":1.7692307692307692,"usage_pct":0.22865384615384615,"plus_minus_pg":2.9583333333333335,"mins_pct":0.576,"is_qualified":true}}]}