{"bart_player_id":66521,"seasons":[{"year":2019,"team_name":"Pepperdine","team_conference":"WCC","class":"Fr","raw_row":["Erik Mailliard","Pepperdine","WCC",2,0.2,63.3,19.5,0,0,39,41.2,0,0,0,0,0,0,1,0,0,0,0,0,0,0,"Fr","6-10",33,-0.132801,61.9442,0,2019,66521,"Dallas, TX",null,"0.00000000",0,1,0,0,"0.0000",null,0,0,null,null,102.008,111.846,0.0916716,0.627966,-26.1319,-13.4206,-12.7113,-18.1838,1.6667,-5.50714,-12.6767,0.3333,0.3333,0.6667,"0.0000","0.0000","0.0000","0.0000","C",0,"1999-10-15"],"games":2,"notes":"C","projection":0,"advanced_stats":{"tov_pg":0,"usage_pct":0.10533333333333333,"plus_minus_pg":-4.666666666666667,"mins_pct":0.007,"is_qualified":false}}]}