{"bart_player_id":66577,"seasons":[{"year":2020,"team_name":"Purdue Fort Wayne","team_conference":"Sum","class":"Fr","raw_row":["Tionne Rollins","Purdue Fort Wayne","Sum",27,16.4,67.5,20.9,30.5,31.49,2.3,8.9,15.1,21.2,4,9,0.444,9,22,0.409,7,42,0.167,1.2,1.8,14.1,"Fr","6-2",5,-0.506511,65.3352,4.1,2020,66577,"Tallahassee, FL",null,"1.12507040",8,15,1,7,0.5333,0.1429,0,0,null,null,107.375,106.861,0.518528,31.861,-9.61066,-6.87308,-2.73759,-10.5879,8.1667,-8.30877,-2.27918,"0.2000",0.6667,0.8667,"0.6000",0.3333,0.0667,"2.0000","Combo G",12.3871,"1999-10-15"],"games":27,"notes":"Combo G","projection":12.3871,"advanced_stats":{"tov_pg":0.5333333333333333,"usage_pct":0.19526666666666664,"plus_minus_pg":1.0344827586206897,"mins_pct":0.181,"is_qualified":false}}]}