{"bart_player_id":66625,"seasons":[{"year":2021,"team_name":"Utah Tech","team_conference":"WAC","class":"So","raw_row":["Mikey Frazier","Utah Tech","WAC",2,3,128.1,12.4,68.8,68.75,0,14.2,0,0,0,0,0,4,6,0.667,1,2,0.5,0,0,0,"So","6-11",42,0.813865,105.651,0,2021,66625,"Salt Lake City, UT","15.0","0.00000000",2,2,2,4,"1.0000","0.5000",0,0,null,null,110.402,117.275,0.398269,3.46151,-6.95873,-1.65919,-5.29954,4.98922,12.6667,5.12672,-0.1375,0.3333,"2.0000",2.3333,"0.0000","0.0000","0.0000","6.0000","Wing F",4.7458,"2000-05-07"],"games":2,"notes":"Wing F","projection":4.7458,"advanced_stats":{"tov_pg":0.6666666666666666,"usage_pct":0.20866666666666667,"plus_minus_pg":-2,"mins_pct":0.005,"is_qualified":false}}]}