{"bart_player_id":66637,"seasons":[{"year":2019,"team_name":"Binghamton","team_conference":"AE","class":"Fr","raw_row":["Calistus Anyichie","Binghamton","AE",30,22.3,96.2,13.2,52.8,55.46,7.9,18,4.9,26.2,13,21,0.619,19,36,0.528,0,0,0,7.5,2.4,58.3,"Fr","6-9",14,-0.0490848,85.9263,6.9,2019,66637,"Short Hills, NJ",null,0.41189758,18,28,1,8,0.6429,"0.1250",1,1,"1.0000",null,101.83,105.303,0.773921,61.711,-1.58541,-4.17704,2.59163,-3.81319,"9.1250",-5.26909,1.45589,0.6562,1.4688,"2.1250",0.2188,0.3438,0.6562,"1.8750","C",0,"1999-08-20"],"games":30,"notes":"C","projection":0,"advanced_stats":{"tov_pg":0.53125,"usage_pct":0.13415625,"plus_minus_pg":-3.5,"mins_pct":0.304,"is_qualified":true}}]}