{"bart_player_id":66653,"seasons":[{"year":2019,"team_name":"Arizona St.","team_conference":"P12","class":"Fr","raw_row":["Luguentz Dort","Arizona St.","P12",34,77.8,98.9,27.1,46.7,51.77,4.5,10,15,18.7,145,207,0.7,120,254,0.472,54,176,0.307,0.8,2.7,48.1,"Fr","6-4",0,2.45867,110.24,3.8,2019,66653,"Mono, ON",94.2,0.79796002,107,209,13,45,"0.5120",0.2889,36,43,0.8372,null,100.209,97.3089,3.46963,212.483,2.59491,1.73007,0.864837,2.32672,31.5588,1.21369,1.11303,1.2941,2.9706,4.2647,2.3235,1.5294,0.2059,16.0882,"Combo G",8.97904,"1999-04-19"],"games":34,"notes":"Combo G","projection":8.979,"advanced_stats":{"tov_pg":2.911764705882353,"usage_pct":0.27667647058823536,"plus_minus_pg":0.6363636363636364,"mins_pct":0.723,"is_qualified":true}}]}