{"bart_player_id":66701,"seasons":[{"year":2019,"team_name":"Missouri St.","team_conference":"MVC","class":"Fr","raw_row":["Jan Wojcik","Missouri St.","MVC",17,7.8,88.7,12.3,54.2,53.73,2.6,16.7,3.8,25.4,5,10,0.5,2,4,0.5,3,8,0.375,5.1,3.7,83.3,"Fr","6-10",15,-0.188794,77.923,8.2,2019,66701,"Pelczyce, Poland",null,"0.42864490",2,3,0,1,0.6667,"0.0000",1,2,"0.5000",null,95.8663,97.0789,0.641094,21.8425,0.763568,-2.79068,3.55425,-3.01221,6.2222,-5.60726,2.59506,0.1111,0.7778,0.8889,0.1667,0.3889,0.2222,1.3889,"Wing F",4.98279,"1999-11-11"],"games":17,"notes":"Wing F","projection":4.9828,"advanced_stats":{"tov_pg":0.3888888888888889,"usage_pct":0.13505555555555557,"plus_minus_pg":-2.3333333333333335,"mins_pct":0.061,"is_qualified":false}}]}