{"bart_player_id":66712,"seasons":[{"year":2020,"team_name":"UAB","team_conference":"CUSA","class":"Fr","raw_row":["Jude Akabueze","UAB","CUSA",5,1.7,58.8,16.8,40,40,0,11.4,0,35.5,0,0,0,2,5,0.4,0,0,0,0,0,0,"Fr","6-8",34,-0.394134,56.9452,2,2020,66712,"Lagos, Nigeria",52.2,"0.00000000",2,3,0,2,0.6667,"0.0000",1,1,"1.0000",null,105.117,103.574,0.329882,2.78059,-15.2276,-10.508,-4.71958,-10.6128,4.5714,-7.29047,-3.32231,0.1429,0.4286,0.5714,"0.0000","0.0000","0.0000",1.7143,"PF/C",0,"1999-10-15"],"games":5,"notes":"PF/C","projection":0,"advanced_stats":{"tov_pg":1,"usage_pct":0.29571428571428576,"plus_minus_pg":3,"mins_pct":0.024,"is_qualified":false}}]}