{"bart_player_id":67486,"seasons":[{"year":2019,"team_name":"Mississippi Valley St.","team_conference":"SWAC","class":"Jr","raw_row":["Fritz Lucien","Mississippi Valley St.","SWAC",17,5.9,57.8,14.2,23.5,25.75,4.1,10.9,8.2,22,1,1,1,4,7,0.571,0,10,0,2.9,2.3,5.9,"Jr","6-7",20,-0.52191,52.1746,5.5,2019,67486,"Montreal, PQ",null,0.75022503,2,2,2,5,"1.0000","0.4000",1,1,"1.0000",null,109.596,113.59,0.234727,13.8998,-7.5907,-6.95108,-0.639621,-9.28923,4.1667,-8.09484,-1.1944,0.1667,0.3889,0.5556,0.1667,0.1667,0.1111,"0.5000","PF/C",7.7372,"1997-10-15"],"games":17,"notes":"PF/C","projection":7.7372,"advanced_stats":{"tov_pg":0.2222222222222222,"usage_pct":0.12825000000000003,"plus_minus_pg":-12,"mins_pct":0.111,"is_qualified":false}}]}