{"bart_player_id":67498,"seasons":[{"year":2019,"team_name":"FIU","team_conference":"CUSA","class":"So","raw_row":["Cordell Veira","FIU","CUSA",18,10.3,82.2,9.2,39.5,38.07,0,9.8,10.3,13.3,2,7,0.286,6,12,0.5,1,7,0.143,1.6,1.2,36.8,"So","6-4",2,-0.404625,70.3939,2.9,2019,67498,"Etobioke, ON",null,1.83351661,4,9,2,3,0.4444,0.6667,0,0,null,null,108.019,110.559,0.448134,20.5667,-5.23146,-4.06728,-1.16419,-5.28863,7.7273,-4.26752,-1.02111,0.0455,0.9545,"1.0000","0.5000",0.1818,0.1818,1.4545,"Combo G",2.83912,"1998-10-15"],"games":18,"notes":"Combo G","projection":2.8391,"advanced_stats":{"tov_pg":0.2727272727272727,"usage_pct":0.09868181818181818,"plus_minus_pg":4,"mins_pct":0.037,"is_qualified":false}}]}