{"bart_player_id":67519,"seasons":[{"year":2019,"team_name":"USC","team_conference":"P12","class":"Jr","raw_row":["McKay Anderson","USC","P12",5,0.5,121.6,14.1,50,50,15.9,0,0,0,0,0,0,1,2,0.5,0,0,0,0,0,0,"Jr","6-5",15,0.131506,114.528,0,2019,67519,"La Canada, CA",null,"0.00000000",1,2,0,0,"0.5000",null,0,0,null,null,112.755,112.192,0.083882,0.710976,-5.27713,0.572973,-5.85011,-3.0033,"1.4000",0.255529,-3.25883,"0.2000","0.0000","0.2000","0.0000","0.0000","0.0000","0.4000","PF/C",0,"1994-11-30"],"games":5,"notes":"PF/C","projection":0,"advanced_stats":{"tov_pg":0,"usage_pct":0.11240000000000001,"plus_minus_pg":-1.4,"mins_pct":0.008,"is_qualified":false}}]}