{"bart_player_id":67539,"seasons":[{"year":2019,"team_name":"San Diego","team_conference":"WCC","class":"So","raw_row":["Simon Stringer","San Diego","WCC",4,0.6,0,5.5,0,0,0,0,0,0,0,0,0,0,1,0,0,0,0,0,0,0,"So","6-4",null,-0.633549,-3.8312,0,2019,67539,"Portland, OR",null,"0.00000000",0,0,0,1,null,"0.0000",0,0,null,null,109.573,111.164,0.126959,0.862126,-8.91373,-7.16815,-1.74558,-10.9555,"2.0000",-7.37829,-3.57716,"0.2000","0.0000","0.2000","0.0000","0.0000","0.0000","0.0000","PF/C",0,"1998-10-15"],"games":4,"notes":"PF/C","projection":0,"advanced_stats":{"tov_pg":0,"usage_pct":0.029199999999999997,"plus_minus_pg":-3,"mins_pct":0.014,"is_qualified":false}}]}