{"bart_player_id":67568,"seasons":[{"year":2019,"team_name":"Troy","team_conference":"SB","class":"Jr","raw_row":["Devante Foster","Troy","SB",17,11.2,98.5,19.7,50,54.64,9.2,20.6,1.6,20.6,10,13,0.769,13,21,0.619,3,14,0.214,4.3,2.3,37.1,"Jr","6-8",0,0.28484,98.5271,7.2,2019,67568,"Stockbridge, GA",null,"0.25000000",7,9,5,11,0.7778,0.4545,2,2,"1.0000",null,103.849,103.813,0.659954,27.8316,-4.52867,-3.03269,-1.49597,-2.17505,7.8947,-2.24009,0.0650402,0.6316,1.5263,2.1579,0.1579,0.2632,0.3158,2.5789,"PF/C",6.3523,"1998-06-14"],"games":17,"notes":"PF/C","projection":6.3523,"advanced_stats":{"tov_pg":0.6666666666666666,"usage_pct":0.16833333333333333,"plus_minus_pg":5,"mins_pct":0.21,"is_qualified":false}}]}