{"bart_player_id":67585,"seasons":[{"year":2019,"team_name":"Stephen F. Austin","team_conference":"Slnd","class":"Jr","raw_row":["Aaron Walton","Stephen F. Austin","Slnd",4,1.6,19.5,8.8,0,0,0,0,9.9,38.5,0,0,0,0,2,0,0,0,0,0,0,0,"Jr",null,20,-1.04718,14.2322,4.7,2019,67585,"Dallas, TX",null,2.99940002,0,1,0,1,"0.0000","0.0000",0,0,null,null,116.2,113.19,0.232645,1.75116,-18.0645,-11.3925,-6.67195,-18.0887,"4.0000",-11.7945,-6.29423,"0.0000",0.1667,0.1667,"0.5000","0.0000","0.0000","0.0000","PF/C",0,"1998-02-24"],"games":4,"notes":"PF/C","projection":0,"advanced_stats":{"tov_pg":0.25,"usage_pct":0.1,"plus_minus_pg":0.3333333333333333,"mins_pct":0.018,"is_qualified":false}}]}