{"bart_player_id":67593,"seasons":[{"year":2019,"team_name":"Pacific","team_conference":"WCC","class":"Jr","raw_row":["Brandon McGhee","Pacific","WCC",26,29,100.8,12.2,45.9,47.62,7.3,11.3,16.6,21.1,8,14,0.571,21,43,0.488,1,6,0.167,1.2,3.3,28.6,"Jr","6-3",10,0.132333,90.3104,2.6,2019,67593,"Oakland, CA",null,"2.06265310",15,27,6,16,0.5556,"0.3750",0,0,null,null,103.404,101.055,1.31788,66.1761,2.3356,-0.544838,2.88044,1.12293,13.9286,-0.773005,1.89594,0.8929,1.1429,2.0357,1.1786,"0.7500",0.1429,"2.0000","Combo G",1.03239,"1997-10-15"],"games":26,"notes":"Combo G","projection":1.0324,"advanced_stats":{"tov_pg":0.5714285714285714,"usage_pct":0.10792857142857146,"plus_minus_pg":-2.75,"mins_pct":0.219,"is_qualified":false}}]}