{"bart_player_id":67611,"seasons":[{"year":2019,"team_name":"Wichita St.","team_conference":"Amer","class":"Jr","raw_row":["Eli Farrakhan","Wichita St.","Amer",11,2.2,28.5,14,10,10,3.2,6.8,0,12.5,0,0,0,1,8,0.125,0,2,0,0,0,0,"Jr","5-11",11,-0.638725,26.1014,3.6,2019,67611,"Melbourne, FL",null,"0.00000000",0,2,1,6,"0.0000",0.1667,0,0,null,null,106.433,105.918,0.245059,4.31359,-12.5254,-9.8421,-2.68333,-15.9729,"3.0000",-12.9438,-3.02909,0.0909,0.1818,0.2727,"0.0000","0.0000","0.0000",0.1818,"Wing G",3.54192,"1996-12-02"],"games":11,"notes":"Wing G","projection":3.5419,"advanced_stats":{"tov_pg":0.09090909090909091,"usage_pct":0.1739090909090909,"plus_minus_pg":-1.8571428571428572,"mins_pct":0.022,"is_qualified":false}}]}