{"bart_player_id":67620,"seasons":[{"year":2019,"team_name":"East Tennessee St.","team_conference":"SC","class":"Fr","raw_row":["Myles Rasnick","East Tennessee St.","SC",6,1.1,98.2,24,41.7,50.36,0,0,0,17.1,2,2,1,1,3,0.333,1,3,0.333,0,0,33.3,"Fr","6-1",23,0.104102,100.316,11.4,2019,67620,"Knoxville, TN",null,"0.00000000",0,0,1,3,null,0.3333,0,0,null,null,110.763,112.816,0.13475,1.63259,-11.6963,-4.32245,-7.37384,-14.5448,"3.7500",-8.74696,-5.79782,"0.0000","0.1250","0.1250","0.0000","0.0000","0.0000","2.2500","Scoring PG",12.0741,"1999-11-04"],"games":6,"notes":"Scoring PG","projection":12.0741,"advanced_stats":{"tov_pg":0.125,"usage_pct":0.35187499999999994,"plus_minus_pg":-3.5,"mins_pct":0.018,"is_qualified":false}}]}