{"bart_player_id":67631,"seasons":[{"year":2019,"team_name":"Texas St.","team_conference":"SB","class":"So","raw_row":["Akiem Daschner","Texas St.","SB",14,8.4,88.2,12.4,34.2,38.07,6.3,20,8,17.5,4,7,0.571,2,11,0.182,3,8,0.375,0,1.1,36.8,"So","6-7",24,-0.298523,76.3063,3,2019,67631,"Lake Worth, FL",null,0.88888889,1,6,1,5,0.1667,"0.2000",0,0,null,null,98.1248,99.7462,0.79535,19.609,-3.91448,-4.05002,0.135531,-1.42701,"8.8750",-2.51154,1.08453,"0.5000",1.4375,1.9375,"0.5000","0.3750",0.0625,1.1875,"Wing F",4.32953,"1998-10-15"],"games":14,"notes":"Wing F","projection":4.3295,"advanced_stats":{"tov_pg":0.5625,"usage_pct":0.09993750000000001,"plus_minus_pg":-0.25,"mins_pct":0.075,"is_qualified":false}}]}