{"bart_player_id":67663,"seasons":[{"year":2019,"team_name":"Colorado St.","team_conference":"MWC","class":"Fr","raw_row":["Sam Bannec","Colorado St.","MWC",7,1,113.5,15.4,100,76.92,10.3,9.6,14.2,31.4,1,2,0.5,1,1,1,0,0,0,0,0,200,"Fr","6-3",2,0.0943814,103.325,0,2019,67663,"Aurora, CO",null,"1.00000000",1,1,0,0,"1.0000",null,0,0,null,null,116.088,120.629,0.05252,1.47576,-3.33075,0.0672511,-3.398,-2.86691,"2.0000",1.15098,-4.01789,"0.1250","0.2500","0.3750","0.1250","0.0000","0.0000","0.7500","Wing G",0,"1999-10-15"],"games":7,"notes":"Wing G","projection":0,"advanced_stats":{"tov_pg":0.125,"usage_pct":0.114375,"plus_minus_pg":3,"mins_pct":0.004,"is_qualified":false}}]}