{"bart_player_id":67698,"seasons":[{"year":2019,"team_name":"Stetson","team_conference":"ASun","class":"Jr","raw_row":["Ricardo Lynch","Stetson","ASun",28,28.7,85.4,24.1,38.8,43.89,4.2,13.1,6,16,32,45,0.711,26,62,0.419,16,67,0.239,1.4,2,34.9,"Jr","6-7",13,0.075991,89.3024,4.1,2019,67698,"Fort Lauderdale, FL",null,0.47828353,17,39,9,23,0.4359,0.3913,5,5,"1.0000",null,111.164,113.311,0.665405,59.5777,-6.68461,-3.15369,-3.53093,-5.80637,"12.2000",-3.08848,-2.71789,0.5667,"1.4000",1.9667,0.3667,"0.4000",0.1667,"5.3000","Wing F",11.2686,"1998-11-09"],"games":28,"notes":"Wing F","projection":11.2686,"advanced_stats":{"tov_pg":0.7666666666666667,"usage_pct":0.27363333333333334,"plus_minus_pg":-6,"mins_pct":0.288,"is_qualified":true}}]}