{"bart_player_id":67700,"seasons":[{"year":2019,"team_name":"Stetson","team_conference":"ASun","class":"Jr","raw_row":["Marques Sumner","Stetson","ASun",29,58.1,94.2,20.7,44.8,47,2.8,10.5,17,16.5,24,30,0.8,34,105,0.324,49,135,0.363,0.3,1.3,12.5,"Jr","6-1",5,0.587952,94.7477,3.1,2019,67700,"North Augusta, SC",null,1.44447517,19,42,15,63,0.4524,0.2381,0,0,null,null,114.303,116.912,1.01199,103.912,-3.63209,-0.36711,-3.26498,-3.28455,23.0968,-0.568245,-2.7163,0.7097,2.1613,"2.8710",2.0968,0.6129,0.0645,8.3548,"Combo G",11.2159,"1997-01-21"],"games":29,"notes":"Combo G","projection":11.2159,"advanced_stats":{"tov_pg":1.4516129032258065,"usage_pct":0.21564516129032255,"plus_minus_pg":-10.75,"mins_pct":0.504,"is_qualified":true}}]}