{"bart_player_id":67706,"seasons":[{"year":2020,"team_name":"Florida Gulf Coast","team_conference":"ASun","class":"So","raw_row":["Malik Hardy","Florida Gulf Coast","ASun",17,20.7,93.8,20.1,46,51.4,8.4,14.5,11.3,23.9,18,23,0.783,17,35,0.486,8,28,0.286,1.4,2.2,36.5,"So","6-3",12,0.315137,91.5127,4.3,2020,67706,"Miramar, FL",null,0.56519017,15,26,2,9,0.5769,0.2222,1,2,"0.5000",null,99.2839,102.361,1.27553,46.5532,-2.39677,-2.14004,-0.256735,-2.13582,14.7222,-2.19631,0.0604849,1.0556,1.7222,2.7778,0.7222,0.5556,0.1667,"4.5000","Wing G",6.74285,"1998-10-15"],"games":17,"notes":"Wing G","projection":6.7429,"advanced_stats":{"tov_pg":1.2777777777777777,"usage_pct":0.16699999999999998,"plus_minus_pg":-3.6666666666666665,"mins_pct":0.19,"is_qualified":false}}]}