{"bart_player_id":67710,"seasons":[{"year":2019,"team_name":"Evansville","team_conference":"MVC","class":"Sr","raw_row":["Jared Chestnut","Evansville","MVC",12,0.7,235.7,1.5,0,0,0,12.4,19.5,0,0,0,0,0,0,0,0,0,0,0,0,0,"Sr","6-2",12,0.244932,183.533,4.4,2019,67710,"Evansville, IN",null,0.85680002,null,null,null,null,null,null,null,null,null,null,107.657,108.735,0.0528321,1.29795,-6.71424,-4.54568,-2.16856,-8.22578,0.9286,-6.24749,-1.97829,"0.0000",0.1429,0.1429,0.0714,"0.0000","0.0000","0.0000","PF/C",0,"1996-10-15"],"games":12,"notes":"PF/C","projection":0,"advanced_stats":{"tov_pg":0,"usage_pct":0.017666666666666667,"plus_minus_pg":2.5,"mins_pct":0.015,"is_qualified":false}}]}