{"bart_player_id":67720,"seasons":[{"year":2019,"team_name":"William & Mary","team_conference":"CAA","class":"Sr","raw_row":["Chris Clark","William & Mary","CAA",6,0.7,102.2,20.8,33.3,33.33,0,14.7,47,0,0,0,0,1,3,0.333,0,0,0,0,0,0,"Sr","6-6",33,0.0682794,102.216,15,2019,67720,"Chester, VA",null,1.71419997,0,1,1,2,"0.0000","0.5000",0,0,null,null,113.26,109.438,0.0926274,1.15628,-9.82769,-3.82237,-6.00532,-4.71394,1.4286,-6.79318,2.07923,"0.0000",0.1429,0.1429,0.2857,"0.0000","0.0000",0.5714,"Pure PG",0,"1995-12-12"],"games":6,"notes":"Pure PG","projection":0,"advanced_stats":{"tov_pg":0,"usage_pct":0.2532857142857143,"plus_minus_pg":-0.3333333333333333,"mins_pct":0.012,"is_qualified":false}}]}