{"bart_player_id":67731,"seasons":[{"year":2019,"team_name":"Houston","team_conference":"Amer","class":"Sr","raw_row":["Landon Goesling","Houston","Amer",18,7.3,90.8,28.7,25.6,41.38,2.1,7.8,11.2,11.5,28,40,0.7,7,19,0.368,2,20,0.1,0,2.2,102.6,"Sr","6-0",2,0.265706,100.22,3.3,2019,67731,"Dallas, TX",null,1.16681674,5,11,2,8,0.4545,"0.2500",0,0,null,null,95.0403,96.4257,0.687739,17.88,-3.13482,-1.41815,-1.71667,-6.62615,"6.0000",-5.85705,-0.769095,0.1111,0.4444,0.5556,0.3889,0.2222,"0.0000",2.6667,"Combo G",10.9804,"1995-08-19"],"games":18,"notes":"Combo G","projection":10.9804,"advanced_stats":{"tov_pg":0.35294117647058826,"usage_pct":0.27152941176470585,"plus_minus_pg":0.7857142857142857,"mins_pct":0.069,"is_qualified":true}}]}