{"bart_player_id":67741,"seasons":[{"year":2019,"team_name":"FIU","team_conference":"CUSA","class":"Jr","raw_row":["Marcus Burwell","FIU","CUSA",10,12.4,86.4,20.1,38.5,41.76,2,6.6,20.8,18.5,7,9,0.778,8,19,0.421,8,33,0.242,0,2.4,17.3,"Jr","6-2",11,-0.0756828,85.9945,5.4,2019,67741,"Richmond, VA",null,2.20001858,7,13,1,6,0.5385,0.1667,0,0,null,null,107.159,110.002,1.00593,26.0681,-5.02591,-1.86883,-3.15708,-5.15509,16.3571,-3.45499,-1.7001,0.4286,1.5714,"2.0000",2.3571,"1.0000",0.0714,5.8571,"Scoring PG",11.1177,"1999-09-18"],"games":10,"notes":"Scoring PG","projection":11.1177,"advanced_stats":{"tov_pg":1.1538461538461537,"usage_pct":0.18792307692307691,"plus_minus_pg":-1.5,"mins_pct":0.381,"is_qualified":false}}]}