{"bart_player_id":67756,"seasons":[{"year":2019,"team_name":"Saint Peter's","team_conference":"MAAC","class":"So","raw_row":["Cameron Underwood","Saint Peter's","MAAC",18,3.4,100.6,7.1,50,51.28,6,8.7,4.4,19.9,2,4,0.5,1,2,0.5,0,0,0,3,0,200,"So","6-6",22,-0.0703771,79.1037,6.4,2019,67756,"Spokane, WA",null,"1.00000000",1,2,0,0,"0.5000",null,0,0,null,null,111.194,112.795,0.140366,5.59461,-5.60498,-3.62954,-1.97545,-7.41071,2.4444,-5.44884,-1.96186,0.1111,0.1667,0.2778,0.0556,"0.0000",0.0556,0.2222,"PF/C",0,"1998-05-14"],"games":18,"notes":"PF/C","projection":0,"advanced_stats":{"tov_pg":0.05555555555555555,"usage_pct":0.0563125,"plus_minus_pg":1.3333333333333333,"mins_pct":0.041,"is_qualified":false}}]}