{"bart_player_id":67777,"seasons":[{"year":2019,"team_name":"Alabama A&M","team_conference":"SWAC","class":"Jr","raw_row":["Tre Todd","Alabama A&M","SWAC",24,42,92.3,21.7,53.7,56.52,1.9,6.2,11,26.1,44,66,0.667,28,59,0.475,35,91,0.385,0.2,2.3,44,"Jr","5-11",3,0.322482,91.6224,4.1,2019,67777,"Phenix City, AL",null,0.51922281,21,42,6,13,"0.5000",0.4615,0,0,null,null,107.44,112.207,1.33601,84.2856,-5.0842,-2.46665,-2.61755,-4.52627,22.6667,-2.81971,-1.70656,"0.3750","1.1250","1.5000","1.1250","0.8750",0.0417,8.5417,"Combo G",9.90167,"1997-10-15"],"games":24,"notes":"Combo G","projection":9.9017,"advanced_stats":{"tov_pg":2.1666666666666665,"usage_pct":0.22583333333333336,"plus_minus_pg":-13.75,"mins_pct":0.516,"is_qualified":true}}]}