{"bart_player_id":67781,"seasons":[{"year":2019,"team_name":"Western Illinois","team_conference":"Sum","class":"Jr","raw_row":["Perion Little","Western Illinois","Sum",8,1.3,29.8,18.8,0,25.64,0,7.4,10.3,61.4,1,2,0.5,0,1,0,0,0,0,0,7.7,200,"Jr","6-4",14,-0.388483,27.7492,2.7,2019,67781,"Kenosha, WI",null,0.74999997,0,1,0,0,"0.0000",null,0,0,null,null,97.65,98.0584,0.204295,3.82315,-10.3481,-13.9995,3.65136,-10.9341,3.1111,-12.2382,1.3041,"0.0000",0.3333,0.3333,0.3333,0.3333,"0.0000",0.1111,"Pure PG",0,"1997-10-15"],"games":8,"notes":"Pure PG","projection":0,"advanced_stats":{"tov_pg":0.4444444444444444,"usage_pct":0.09787499999999999,"plus_minus_pg":-2,"mins_pct":0.009,"is_qualified":false}}]}