{"bart_player_id":67799,"seasons":[{"year":2019,"team_name":"Southeastern Louisiana","team_conference":"Slnd","class":"So","raw_row":["Patrick Bossetta","Southeastern Louisiana","Slnd",12,1.3,94.3,5.4,150,150,0,0,0,68.6,0,0,0,0,0,0,1,1,1,0,0,0,"So","6-3",22,-0.0640891,73.6062,7.5,2019,67799,"Folsom, LA",null,"0.00000000",0,0,0,0,null,null,0,0,null,null,110.433,111.59,0.0826706,1.7388,-6.1692,-4.20623,-1.96297,-6.81411,1.3846,-5.26994,-1.54417,"0.0000","0.0000","0.0000","0.0000","0.0000","0.0000",0.2308,"Combo G",3.6925,"1998-10-15"],"games":12,"notes":"Combo G","projection":3.6925,"advanced_stats":{"tov_pg":0.07692307692307693,"usage_pct":0.03209090909090909,"plus_minus_pg":0,"mins_pct":0.011,"is_qualified":false}}]}