{"bart_player_id":67797,"seasons":[{"year":2019,"team_name":"Murray St.","team_conference":"OVC","class":"Jr","raw_row":["Mike Davis","Murray St.","OVC",25,28.9,98.4,12.8,47.9,49.01,5.6,14.2,5.2,18.4,9,16,0.563,17,27,0.63,12,46,0.261,1.4,1.3,21.9,"Jr","6-7",0,-0.0243963,86.9673,5.8,2019,67797,"East Brewton, AL",null,0.94123253,15,22,2,5,0.6818,"0.4000",2,2,"1.0000",null,98.7027,100.26,1.45087,65.7016,-1.73862,-1.67601,-0.0626153,-3.03789,14.6296,-3.77856,0.74067,0.8148,"2.0000",2.8148,0.5926,0.3704,0.1852,3.2222,"Stretch 4",7.17621,"1998-08-22"],"games":25,"notes":"Stretch 4","projection":7.1762,"advanced_stats":{"tov_pg":0.6296296296296297,"usage_pct":0.15081481481481482,"plus_minus_pg":5.666666666666667,"mins_pct":0.289,"is_qualified":true}}]}