{"bart_player_id":67813,"seasons":[{"year":2019,"team_name":"Delaware St.","team_conference":"MEAC","class":"Fr","raw_row":["Justin Ryder","Delaware St.","MEAC",28,17.3,58.4,8.8,28,27.88,1.4,9.5,9.8,28.3,1,4,0.25,4,14,0.286,2,11,0.182,0.6,2.5,16,"Fr","6-0",0,-1.02769,46.2015,5,2019,67813,"Blackwood, NJ",null,1.20012005,3,5,1,5,"0.6000","0.2000",0,0,null,null,108.741,116.197,0.330332,36.3224,-9.12984,-8.13481,-0.995029,-10.2348,7.2667,-9.80862,-0.426174,0.1333,0.5667,"0.7000","0.4000",0.3333,0.0333,"0.8000","Wing G",3.05686,"1999-10-15"],"games":28,"notes":"Wing G","projection":3.0569,"advanced_stats":{"tov_pg":0.3333333333333333,"usage_pct":0.1307333333333333,"plus_minus_pg":-12.25,"mins_pct":0.188,"is_qualified":false}}]}