{"bart_player_id":67833,"seasons":[{"year":2019,"team_name":"Arkansas Pine Bluff","team_conference":"SWAC","class":"Jr","raw_row":["Trevor Banks","Arkansas Pine Bluff","SWAC",9,12.4,93.4,17.8,47.2,48.86,10.1,13.3,1.5,17.2,10,19,0.526,17,36,0.472,0,0,0,1.5,1.2,52.8,"Jr","6-8",13,0.221722,91.2983,5.9,2019,67833,"Milwaukee, WI",null,0.12498594,14,23,3,13,0.6087,0.2308,1,1,"1.0000",null,106.636,106.856,1.30509,25.1355,-8.73505,-4.55991,-4.17514,-6.96376,17.3333,-4.38819,-2.57557,1.4444,1.8889,3.3333,0.1111,0.3333,0.2222,4.8889,"C",0,"1997-10-15"],"games":9,"notes":"C","projection":0,"advanced_stats":{"tov_pg":0.8888888888888888,"usage_pct":0.16033333333333336,"plus_minus_pg":-23,"mins_pct":0.383,"is_qualified":false}}]}