{"bart_player_id":67835,"seasons":[{"year":2019,"team_name":"Austin Peay","team_conference":"OVC","class":"Jr","raw_row":["Isaiah Hart","Austin Peay","OVC",20,21.9,103.2,14.3,48.5,49.52,2.8,8.5,9.5,15.7,7,12,0.583,10,23,0.435,15,44,0.341,0.8,2.2,17.9,"Jr","6-2",0,0.186396,91.365,4.9,2019,67835,"Murfreesboro, TN",null,1.45454544,7,15,4,9,0.4667,0.4444,0,0,null,null,105.695,107.378,1.05349,48.1077,-0.743049,0.460127,-1.20318,-3.3974,"13.7500",-3.06239,-0.335003,"0.3500","1.0000","1.3500","0.8000","0.5500","0.1000","3.6000","Combo G",8.97935,"1997-10-15"],"games":20,"notes":"Combo G","projection":8.9794,"advanced_stats":{"tov_pg":0.55,"usage_pct":0.1366,"plus_minus_pg":-5.6,"mins_pct":0.271,"is_qualified":false}}]}