{"bart_player_id":67848,"seasons":[{"year":2019,"team_name":"Utah Valley","team_conference":"WAC","class":"Fr","raw_row":["Drew Cotton","Utah Valley","WAC",20,7.8,52.3,7.6,11.1,10.05,1.2,6.4,12,28.9,0,2,0,1,5,0.2,0,4,0,0,2.8,22.2,"Fr","6-2",20,-0.83425,40.7752,3.1,2019,67848,"Tuscon, AZ",null,"2.00000000",1,5,0,0,"0.2000",null,0,0,null,null,103.347,104.484,0.446295,18.096,-3.45312,-4.18655,0.733427,-4.71156,5.0909,-6.31324,1.60168,0.0455,0.3182,0.3636,0.3636,0.2273,"0.0000",0.0909,"Combo G",2.207,"1999-10-15"],"games":20,"notes":"Combo G","projection":2.207,"advanced_stats":{"tov_pg":0.18181818181818182,"usage_pct":0.07377272727272727,"plus_minus_pg":-2.7142857142857144,"mins_pct":0.038,"is_qualified":false}}]}