{"bart_player_id":67847,"seasons":[{"year":2019,"team_name":"Valparaiso","team_conference":"MVC","class":"Fr","raw_row":["Langston Stalling","Valparaiso","MVC",5,0.5,0,7.3,0,0,0,20.5,0,0,0,0,0,0,0,0,0,1,0,0,0,0,"Fr","6-3",12,-0.377209,-3.12982,0,2019,67847,"Gary, IN",null,0.71450002,0,0,0,0,null,null,0,0,null,null,103.938,107.383,0.0919216,0.910565,-13.7385,-9.43179,-4.30676,-13.9617,3.1429,-10.5481,-3.41356,0.1429,0.4286,0.5714,0.1429,"0.0000",0.1429,0.5714,"Wing G",9.72692,"1999-10-15"],"games":5,"notes":"Wing G","projection":9.7269,"advanced_stats":{"tov_pg":0,"usage_pct":0.12216666666666669,"plus_minus_pg":5,"mins_pct":0.021,"is_qualified":false}}]}