{"bart_player_id":67863,"seasons":[{"year":2019,"team_name":"Denver","team_conference":"Sum","class":"Jr","raw_row":["Drew Joiner","Denver","Sum",6,1.3,51,22.2,14.3,14.29,7.9,16.4,12.1,0,0,0,0,1,2,0.5,0,5,0,0,7.8,0,"Jr","6-3",20,-0.30764,51.9955,2.7,2019,67863,"Centennial, CO",null,"1.00000000",0,1,1,1,"0.0000","1.0000",0,0,null,null,98.758,98.7044,0.26679,4.16886,-3.66333,-4.19104,0.52771,-6.81149,2.5714,-8.85734,2.04585,0.2857,0.2857,0.5714,0.1429,0.2857,0.1429,0.5714,"Stretch 4",19.2971,"1997-10-15"],"games":6,"notes":"Stretch 4","projection":19.2971,"advanced_stats":{"tov_pg":0.14285714285714285,"usage_pct":0.2815714285714286,"plus_minus_pg":1.4,"mins_pct":0.021,"is_qualified":false}}]}