{"bart_player_id":67870,"seasons":[{"year":2019,"team_name":"Detroit Mercy","team_conference":"Horz","class":"Sr","raw_row":["Musial Gjysma","Detroit Mercy","Horz",6,1.1,0,2.8,0,0,0,0,0,0,0,0,0,0,0,0,0,1,0,0,4.1,0,"Sr","6-6",55,-0.751513,-5.35927,14.3,2019,67870,"Sterling Heights, MI",null,"0.00000000",0,0,0,0,null,null,0,0,null,null,113.702,109.777,0.159352,2.36556,-2.97053,-2.90032,-0.0702166,-14.0682,2.3333,-13.2305,-0.837744,"0.0000","0.0000","0.0000","0.0000",0.1667,"0.0000","0.0000","Pure PG",4.20314,"1996-10-15"],"games":6,"notes":"Pure PG","projection":4.2031,"advanced_stats":{"tov_pg":0,"usage_pct":0.027333333333333334,"plus_minus_pg":-2,"mins_pct":0.014,"is_qualified":false}}]}