{"bart_player_id":67880,"seasons":[{"year":2019,"team_name":"Florida A&M","team_conference":"MEAC","class":"Jr","raw_row":["Gabriel Steele","Florida A&M","MEAC",10,1.9,16.9,16.3,0,0,0,0,15.9,0,0,0,0,0,0,0,0,8,0,0,2.7,0,"Jr","6-1",11,-0.550373,15.3634,7.3,2019,67880,"Panama City, FL",null,1.81799993,0,0,0,0,null,null,0,0,null,null,104.368,110.035,0.14828,3.15002,-16.9837,-10.2007,-6.78305,-19.9383,2.3636,-16.4873,-3.45103,"0.0000","0.0000","0.0000",0.1818,0.0909,"0.0000","0.0000","Pure PG",21.2855,"1997-10-15"],"games":10,"notes":"Pure PG","projection":21.2855,"advanced_stats":{"tov_pg":0,"usage_pct":0.1689090909090909,"plus_minus_pg":5.5,"mins_pct":0.014,"is_qualified":false}}]}