{"bart_player_id":67887,"seasons":[{"year":2020,"team_name":"Buffalo","team_conference":"MAC","class":"Sr","raw_row":["Giambattista Davis","Buffalo","MAC",5,0.2,0,29.2,0,0,0,34.7,0,61.4,0,0,0,0,1,0,0,0,0,0,0,0,"Sr","6-3",31,-0.185441,-3.72756,0,2020,67887,"Buffalo, NY",null,"0.00000000",0,1,0,0,"0.0000",null,0,0,null,null,98.869,98.6315,0.0597733,0.656026,-37.445,-31.2509,-6.1941,-23.9632,1.8333,-16.8014,-7.16174,"0.5000",0.3333,0.8333,"0.0000","0.0000","0.0000","0.0000","PF/C",0,"1994-12-05"],"games":5,"notes":"PF/C","projection":0,"advanced_stats":{"tov_pg":0.3333333333333333,"usage_pct":0.16066666666666665,"plus_minus_pg":-2.8333333333333335,"mins_pct":0.01,"is_qualified":false}}]}