{"bart_player_id":67897,"seasons":[{"year":2019,"team_name":"North Alabama","team_conference":"ASun","class":"Sr","raw_row":["Kendarius Smith","North Alabama","ASun",29,83.6,94.5,20.9,46,48.82,1.9,12.8,17.7,18,57,85,0.671,55,129,0.426,60,186,0.323,0,2.4,27,"Sr","5-10",11,0.932205,95.4915,2.8,2019,67897,"Camden, MS",null,1.24288003,52,102,3,27,0.5098,0.1111,0,0,null,null,106.308,107.076,2.59733,174.526,-0.0702112,0.000529024,-0.0707403,-0.644899,33.4062,-0.853028,0.208128,0.6875,3.5625,"4.2500",2.7188,1.4375,"0.0000","12.2500","Combo G",10.7594,"1996-02-22"],"games":29,"notes":"Combo G","projection":10.7594,"advanced_stats":{"tov_pg":2.1875,"usage_pct":0.21015625,"plus_minus_pg":-13.75,"mins_pct":0.84,"is_qualified":true}}]}