{"bart_player_id":67890,"seasons":[{"year":2019,"team_name":"Lamar","team_conference":"Slnd","class":"Jr","raw_row":["Christian Barrett","Lamar","Slnd",23,40,116.3,19.9,54.9,60.66,16.2,27.5,6.6,18.1,69,99,0.697,55,101,0.545,1,2,0.5,1.2,0.8,96.1,"Jr","6-6",22,1.6157,110.517,4.2,2019,67890,"Houston, TX",null,0.54049915,51,85,4,16,"0.6000","0.2500",21,21,"1.0000",null,102.306,107.27,1.55466,91.8315,-0.831911,0.927049,-1.75896,-0.763227,19.1481,1.46304,-2.22626,"3.0000",4.4444,7.4444,0.7407,0.4074,0.1852,7.5185,"PF/C",0.240305,"1997-10-15"],"games":23,"notes":"PF/C","projection":0.2403,"advanced_stats":{"tov_pg":1.3703703703703705,"usage_pct":0.19855555555555554,"plus_minus_pg":7.75,"mins_pct":0.235,"is_qualified":false}}]}