{"bart_player_id":67929,"seasons":[{"year":2019,"team_name":"LSU","team_conference":"SEC","class":"So","raw_row":["Will Reese","LSU","SEC",10,1.7,95.8,14.4,33.3,33.33,9,9,19.7,15.7,0,0,0,2,4,0.5,0,2,0,0,2.3,0,"So","6-3",13,0.0312926,91.1106,1.6,2019,67929,"Leesville, LA",null,3.00000007,2,3,0,1,0.6667,"0.0000",0,0,null,null,105.227,103.078,0.226023,4.00628,0.938635,0.922539,0.0160964,-1.70064,"2.5000",-1.17093,-0.529708,"0.2000","0.2000","0.4000","0.3000","0.1000","0.0000","0.4000","Wing G",4.6443,"1997-08-08"],"games":10,"notes":"Wing G","projection":4.6443,"advanced_stats":{"tov_pg":0.1,"usage_pct":0.0765,"plus_minus_pg":-2,"mins_pct":0.006,"is_qualified":false}}]}