{"bart_player_id":67938,"seasons":[{"year":2021,"team_name":"New Mexico","team_conference":"MWC","class":"Jr","raw_row":["Valdir Manuel","New Mexico","MWC",18,45.9,90.9,21.5,46.2,46.26,6.8,14.1,8.1,16,5,11,0.455,58,118,0.492,6,27,0.222,8.6,0.8,7.6,"Jr","6-10",22,0.462993,91.8016,3.1,2021,67938,"Luanda, Angola",null,"0.60000000",19,28,39,90,0.6786,0.4333,5,5,"1.0000",null,104.325,103.876,1.65367,69.36,-0.245943,-2.58471,2.33877,-0.640853,"20.2000",-1.01805,0.377201,"1.4500","2.5500","4.0000","0.7500","0.2500","1.4000","7.9000","PF/C",4.21717,"1999-05-05"],"games":18,"notes":"PF/C","projection":4.2172,"advanced_stats":{"tov_pg":1.25,"usage_pct":0.24375000000000005,"plus_minus_pg":-1.5,"mins_pct":0.425,"is_qualified":true}}]}