{"bart_player_id":67933,"seasons":[{"year":2019,"team_name":"UC Davis","team_conference":"BW","class":"Jr","raw_row":["Jonah Underwood","UC Davis","BW",4,2.2,204.2,5.1,100,101.69,0,30.1,0,0,2,2,1,2,2,1,0,0,0,0,2.3,100,"Jr","6-8",42,1.73603,164.427,12.3,2019,67933,"San Jose, CA",null,0.66680002,2,2,0,0,"1.0000",null,0,0,null,null,95.7821,95.9168,0.75653,5.84739,-4.42936,-3.11577,-1.31359,-1.5618,"6.5000",-4.8265,3.26469,0.3333,1.1667,"1.5000",0.1667,0.1667,"0.0000",1.6667,"Wing F",0,"1997-10-15"],"games":4,"notes":"Wing F","projection":0,"advanced_stats":{"tov_pg":0,"usage_pct":0.1665,"plus_minus_pg":5,"mins_pct":0.032,"is_qualified":false}}]}