{"bart_player_id":67946,"seasons":[{"year":2019,"team_name":"Montana","team_conference":"BSky","class":"Sr","raw_row":["Donaven Dorsey","Montana","BSky",30,33.8,118.5,17.1,65,65.46,2,10.6,5.8,14.5,18,27,0.667,26,47,0.553,39,83,0.47,2.6,1.4,20.8,"Sr","6-7",2,1.14772,109.699,5.7,2019,67946,"Lacey, WA",null,0.73678005,20,35,6,12,0.5714,"0.5000",6,6,"1.0000",null,103.157,105.013,1.26146,76.2936,0.379824,1.27021,-0.890381,0.884744,15.3438,1.33416,-0.449411,0.2188,1.3125,1.5312,0.4375,0.3438,0.3125,6.1875,"Wing F",10.8623,"1996-10-15"],"games":30,"notes":"Wing F","projection":10.8623,"advanced_stats":{"tov_pg":0.59375,"usage_pct":0.1800625,"plus_minus_pg":-6,"mins_pct":0.225,"is_qualified":false}}]}