{"bart_player_id":67954,"seasons":[{"year":2019,"team_name":"West Virginia","team_conference":"B12","class":"Fr","raw_row":["Taevon Horton","West Virginia","B12",11,2.3,115.3,13.7,45,45.66,0,10.2,17.7,0,1,2,0.5,3,3,1,1,7,0.143,0,1.6,20,"Fr","6-1",20,0.24021,110.873,3.5,2019,67954,"Fairmont, WV",null,2.99970016,2,2,1,1,"1.0000","1.0000",1,1,"1.0000",null,109.426,103.737,0.263876,5.51252,0.434734,2.60751,-2.17278,-0.331412,3.0909,-0.343365,0.0119529,"0.0000",0.2727,0.2727,0.2727,0.0909,"0.0000",0.9091,"Stretch 4",11.5475,"1999-10-15"],"games":11,"notes":"Stretch 4","projection":11.5475,"advanced_stats":{"tov_pg":0,"usage_pct":0.1040909090909091,"plus_minus_pg":-2,"mins_pct":0.018,"is_qualified":false}}]}