{"bart_player_id":67959,"seasons":[{"year":2019,"team_name":"Georgia St.","team_conference":"SB","class":"Fr","raw_row":["James Wall","Georgia St.","SB",6,0.5,0,22.8,0,0,0,18,0,41.2,0,3,0,0,0,0,0,0,0,0,0,0,"Fr","6-8",21,-0.306348,-0.826381,13.3,2019,67959,"Canton, GA",null,"0.00000000",0,0,0,0,null,null,0,0,null,null,105.948,105.089,0.0845629,1.03468,-29.8092,-23.557,-6.25216,-29.2913,1.5714,-23.6641,-5.62729,"0.0000",0.1429,0.1429,"0.0000","0.0000","0.0000","0.0000","C",0,"1999-10-12"],"games":6,"notes":"C","projection":0,"advanced_stats":{"tov_pg":0.14285714285714285,"usage_pct":0.2146666666666667,"plus_minus_pg":-1,"mins_pct":0.005,"is_qualified":false}}]}