{"bart_player_id":67963,"seasons":[{"year":2019,"team_name":"Kennesaw St.","team_conference":"ASun","class":"Jr","raw_row":["Bobby Parker","Kennesaw St.","ASun",26,51,98.3,19.7,48.6,50.05,2.1,12.5,13.1,14.1,20,29,0.69,50,115,0.435,38,105,0.362,0.7,1.5,13.2,"Jr","6-4",0,0.947142,99.0165,1.6,2019,67963,"Crete, IL",null,1.06252111,15,28,35,87,0.5357,0.4023,0,0,null,null,111.501,111.448,1.47586,100.041,-2.81694,-0.342988,-2.47395,-0.762383,23.3704,0.633402,-1.39578,0.5185,2.5926,3.1111,1.2593,0.5926,0.1481,8.8148,"Wing G",9.66584,"1997-10-15"],"games":26,"notes":"Wing G","projection":9.6658,"advanced_stats":{"tov_pg":1.1851851851851851,"usage_pct":0.2205185185185185,"plus_minus_pg":-15,"mins_pct":0.417,"is_qualified":false}}]}