{"bart_player_id":67985,"seasons":[{"year":2019,"team_name":"Northern Illinois","team_conference":"MAC","class":"Jr","raw_row":["Alize Travis","Northern Illinois","MAC",6,5.1,46,9.2,0,25.64,0,12.3,15.7,68,1,2,0.5,0,0,0,0,1,0,2,0.9,200,"Jr","6-0",21,-1.85071,36.9521,4.8,2019,67985,"Victorville, CA",null,1.09093801,0,0,0,0,null,null,0,0,null,null,106.835,109.116,0.745422,10.9204,-6.20497,-6.88939,0.684426,-7.27763,12.4286,-7.23324,-0.0443876,"0.0000",1.1429,1.1429,1.7143,0.4286,0.1429,0.8571,"Pure PG",0.891235,"1998-01-11"],"games":6,"notes":"Pure PG","projection":0.8912,"advanced_stats":{"tov_pg":1.5714285714285714,"usage_pct":0.06242857142857144,"plus_minus_pg":0.14285714285714285,"mins_pct":0.09,"is_qualified":true}}]}