{"bart_player_id":68015,"seasons":[{"year":2020,"team_name":"Elon","team_conference":"CAA","class":"So","raw_row":["John Stubbs","Elon","CAA",2,0.2,60,20,0,41.24,0,63.4,0,32.4,2,3,0.667,0,0,0,0,1,0,0,0,300,"So","6-4",30,-0.0712373,64.8116,0,2020,68015,"Houston, TX",null,"0.00000000",0,0,0,0,null,null,0,0,null,null,97.1618,94.5456,0.1138,0.50937,-24.2232,-15.0243,-9.19893,-12.7872,1.6667,-6.64278,-6.14446,"0.0000",0.3333,0.3333,"0.0000","0.0000","0.0000",0.6667,"Wing G",24.2895,"1999-12-29"],"games":2,"notes":"Wing G","projection":24.2895,"advanced_stats":{"tov_pg":0.3333333333333333,"usage_pct":0.6143333333333333,"plus_minus_pg":-2,"mins_pct":0.002,"is_qualified":false}}]}