{"bart_player_id":68024,"seasons":[{"year":2019,"team_name":"Southern","team_conference":"SWAC","class":"Jr","raw_row":["Destin Dunton","Southern","SWAC",19,25.9,86.5,14.3,36.2,45.92,3,8.1,14.7,26.8,24,34,0.706,17,39,0.436,0,8,0,0.4,2.9,72.3,"Jr","6-3",11,-0.680575,75.8092,4.2,2019,68024,"Panama City, FL",null,1.19044604,14,27,3,12,0.5185,"0.2500",0,0,null,null,108.448,117.804,0.680891,54.7477,-4.4101,-3.64735,-0.762754,-5.38462,16.9474,-4.99689,-0.387732,0.4211,1.0526,1.4737,1.3158,0.8421,0.0526,3.0526,"Combo G",1.45643,"1997-10-15"],"games":19,"notes":"Combo G","projection":1.4564,"advanced_stats":{"tov_pg":1.105263157894737,"usage_pct":0.12783333333333335,"plus_minus_pg":-16,"mins_pct":0.426,"is_qualified":false}}]}