{"bart_player_id":68026,"seasons":[{"year":2019,"team_name":"Quinnipiac","team_conference":"MAAC","class":"Fr","raw_row":["Kyle Atkins","Quinnipiac","MAAC",2,0.2,0,0,0,0,0,0,0,0,0,0,0,0,0,0,0,0,0,0,0,0,"Fr","6-0",23,-0.326969,-6.76904,0,2019,68026,"White Plains, NY",null,"0.00000000",null,null,null,null,null,null,null,null,null,null,115.65,127.508,0.00676923,0.19658,-6.10854,-3.44966,-2.65889,-10.4479,"1.0000",-5.89993,-4.54794,"0.0000","0.0000","0.0000","0.0000","0.0000","0.0000","0.0000","PF/C",0,"1999-10-15"],"games":2,"notes":"PF/C","projection":0,"advanced_stats":{"tov_pg":0,"usage_pct":0,"plus_minus_pg":-1.5,"mins_pct":0.003,"is_qualified":false}}]}