{"bart_player_id":68040,"seasons":[{"year":2019,"team_name":"Portland St.","team_conference":"BSky","class":"Jr","raw_row":["Robert McCoy","Portland St.","BSky",29,54.2,94.1,18.5,40.9,44.58,9.6,18.8,7.5,19.4,43,71,0.606,48,99,0.485,16,77,0.208,3.2,2.2,40.3,"Jr","6-7",10,0.101911,88.8133,5,2019,68040,"Chicago, IL",null,0.67435632,39,66,9,33,0.5909,0.2727,9,10,"0.9000",null,106.183,108.733,1.55883,123.799,-1.9267,-1.55504,-0.371664,-3.53341,21.9375,-2.50042,-1.033,2.2812,3.4688,"5.7500",0.9062,"1.0000","0.6250","7.3750","Stretch 4",6.91066,"1997-10-15"],"games":29,"notes":"Stretch 4","projection":6.9107,"advanced_stats":{"tov_pg":1.34375,"usage_pct":0.18609374999999995,"plus_minus_pg":-6.25,"mins_pct":0.442,"is_qualified":false}}]}