{"bart_player_id":68052,"seasons":[{"year":2020,"team_name":"North Carolina A&T","team_conference":"MEAC","class":"Fr","raw_row":["Elijah Joyner","North Carolina A&T","MEAC",13,2.9,0,8.1,0,0,0,8.7,0,36.5,0,0,0,0,1,0,0,4,0,3.1,0,0,"Fr","6-5",24,-0.841519,-3.0751,2.2,2020,68052,"Greensboro, NC",null,"0.00000000",0,0,0,1,null,"0.0000",0,0,null,null,102.586,103.773,0.224315,5.45777,-12.169,-10.843,-1.32601,-14.5907,2.9286,-10.4768,-4.1139,"0.0000",0.2143,0.2143,"0.0000","0.0000",0.0714,0.4286,"PF/C",5.8668,"1999-10-15"],"games":13,"notes":"PF/C","projection":5.8668,"advanced_stats":{"tov_pg":0.14285714285714285,"usage_pct":0.10385714285714286,"plus_minus_pg":-1.1666666666666667,"mins_pct":0.023,"is_qualified":false}}]}