{"bart_player_id":68061,"seasons":[{"year":2019,"team_name":"Washington St.","team_conference":"P12","class":"Jr","raw_row":["Isaiah Wade","Washington St.","P12",29,32.7,98.8,18.7,56.1,53.77,10.1,17.6,7.5,19.3,16,41,0.39,60,102,0.588,0,5,0,0.8,1.7,38.3,"Jr","6-7",0,0.542545,98.3058,6,2019,68061,"Minneapolis, MN",null,0.59258861,54,81,6,21,0.6667,0.2857,16,16,"1.0000",null,108.23,106.611,1.14273,81.6717,-3.21357,-1.76636,-1.44721,-3.3107,14.4138,-2.47094,-0.839757,1.2414,2.2414,3.4828,0.5517,0.4483,0.1034,4.6897,"PF/C",0.667292,"1998-01-24"],"games":29,"notes":"PF/C","projection":0.6673,"advanced_stats":{"tov_pg":0.9310344827586207,"usage_pct":0.15689655172413788,"plus_minus_pg":-3.3043478260869565,"mins_pct":0.318,"is_qualified":true}}]}