{"bart_player_id":68085,"seasons":[{"year":2019,"team_name":"Drexel","team_conference":"CAA","class":"Fr","raw_row":["Jesse Reid III","Drexel","CAA",1,0.1,0,0,0,0,0,0,0,0,0,0,0,0,0,0,0,0,0,0,0,0,"Fr","6-2",12,-0.32769,-6.9769,0,2019,68085,"Bloomfield, NJ",null,"0.50000000",null,null,null,null,null,null,null,null,null,null,121.247,114.834,0.0507457,0.103858,-6.00287,-3.31577,-2.6871,-13.3692,"3.0000",-6.70895,-6.66021,"0.0000","1.5000","1.5000","0.5000","0.0000","0.0000","1.0000","PF/C",0,"1999-10-15"],"games":1,"notes":"PF/C","projection":0,"advanced_stats":{"tov_pg":0,"usage_pct":0.044,"plus_minus_pg":-1,"mins_pct":0.001,"is_qualified":false}}]}