{"bart_player_id":68101,"seasons":[{"year":2019,"team_name":"IU Indy","team_conference":"Horz","class":"Fr","raw_row":["Daniel Alston","IU Indy","Horz",2,0.2,0,28.2,0,0,0,59.4,0,100,0,0,0,0,0,0,0,0,0,0,0,0,"Fr","6-0",55,-0.31517,-3.36866,0,2019,68101,"Champaign, IL",null,"0.00000000",null,null,null,null,null,null,null,null,null,null,95.0284,99.61,0.103574,0.521952,-40.5113,-36.0735,-4.43774,-29.47,"2.0000",-22.9443,-6.52573,"0.0000","0.2500","0.2500","0.0000","0.0000","0.0000","0.5000","PF/C",0,"1999-10-15"],"games":2,"notes":"PF/C","projection":0,"advanced_stats":{"tov_pg":0.5,"usage_pct":0.1885,"plus_minus_pg":3,"mins_pct":0.01,"is_qualified":false}}]}