{"bart_player_id":68119,"seasons":[{"year":2019,"team_name":"American","team_conference":"Pat","class":"Jr","raw_row":["Justin Perez","American","Pat",4,0.2,0,28.3,0,0,0,38.8,0,0,0,0,0,0,1,0,0,1,0,0,0,0,"Jr","6-1",14,-0.236752,-3.51265,0,2019,68119,"Miami, FL",null,"0.00000000",0,1,0,0,"0.0000",null,0,0,null,null,98.0646,109.341,0.0523551,0.592569,-38.4335,-25.4361,-12.9974,-31.9716,"0.7500",-22.6311,-9.34055,"0.0000","0.2500","0.2500","0.0000","0.0000","0.0000","0.0000","Wing G",24.1683,"1997-10-15"],"games":4,"notes":"Wing G","projection":24.1683,"advanced_stats":{"tov_pg":0,"usage_pct":0.26025,"plus_minus_pg":0,"mins_pct":0.003,"is_qualified":false}}]}