{"bart_player_id":68128,"seasons":[{"year":2020,"team_name":"UC Irvine","team_conference":"BW","class":"Fr","raw_row":["Devin Cole","UC Irvine","BW",19,6.6,40.7,18,19.4,18.02,0,8.2,14,37.1,0,3,0,2,10,0.2,1,8,0.125,0,3,16.7,"Fr","5-11",1,-0.667323,39.0887,4.1,2020,68128,"Ventura, CA",null,0.90912562,1,3,1,7,0.3333,0.1429,0,0,null,null,97.8688,98.0603,0.422459,14.1841,-10.2594,-9.80216,-0.457282,-12.5378,5.4286,-11.0085,-1.52931,"0.0000",0.4286,0.4286,0.4762,0.2857,"0.0000",0.9524,"Combo G",5.9319,"1999-10-15"],"games":19,"notes":"Combo G","projection":5.9319,"advanced_stats":{"tov_pg":0.5238095238095238,"usage_pct":0.2186,"plus_minus_pg":2,"mins_pct":0.093,"is_qualified":false}}]}