{"bart_player_id":68134,"seasons":[{"year":2019,"team_name":"Ohio","team_conference":"MAC","class":"Jr","raw_row":["Antonio Cowart, Jr.","Ohio","MAC",30,64.9,81.1,14.8,44.6,46.21,2.8,11.4,11,28.4,15,22,0.682,31,66,0.47,29,101,0.287,0.6,1.7,13.2,"Jr","6-2",23,-1.02851,76.033,3.1,2019,68134,"McComb, MS",null,0.88333762,21,39,6,23,0.5385,0.2609,0,0,null,null,105.335,102.687,2.40993,137.137,-2.61357,-3.08928,0.475715,-3.63865,26.1613,-4.14885,0.510202,0.6452,2.7097,3.3548,1.7097,0.8065,"0.1290",5.5806,"Wing G",7.17729,"1997-02-25"],"games":30,"notes":"Wing G","projection":7.1773,"advanced_stats":{"tov_pg":1.9666666666666666,"usage_pct":0.14626666666666666,"plus_minus_pg":-1.8,"mins_pct":0.651,"is_qualified":true}}]}