{"bart_player_id":68135,"seasons":[{"year":2019,"team_name":"Austin Peay","team_conference":"OVC","class":"Sr","raw_row":["Jarrett Givens","Austin Peay","OVC",31,50.8,119.1,14.9,53.5,56.28,5.4,13.3,6.5,11.2,27,33,0.818,22,52,0.423,46,118,0.39,1.2,2.4,19.4,"Sr","6-5",10,1.42777,107.693,3,2019,68135,"Tempe, AZ",null,1.38089251,13,18,9,34,0.7222,0.2647,1,1,"1.0000",null,103.733,104.723,1.74536,121.745,2.75821,3.08889,-0.330677,2.21461,20.5758,2.02564,0.18897,1.0303,2.4242,3.4545,0.8788,1.0303,0.2121,7.2424,"Wing G",10.3814,"1996-01-15"],"games":31,"notes":"Wing G","projection":10.3814,"advanced_stats":{"tov_pg":0.6363636363636364,"usage_pct":0.16451515151515153,"plus_minus_pg":1.1666666666666667,"mins_pct":0.417,"is_qualified":true}}]}