{"bart_player_id":68147,"seasons":[{"year":2019,"team_name":"South Florida","team_conference":"Amer","class":"Sr","raw_row":["Ron Lubin","South Florida","Amer",3,0.4,0,24.8,0,0,0,19.8,0,76.6,0,0,0,0,1,0,0,0,0,0,0,0,"Sr","5-10",14,-0.617956,-1.58439,0,2019,68147,"Fort Lauderdale, FL",null,"0.50000000",0,0,0,1,null,"0.0000",0,0,null,null,100.373,103.998,0.176691,0.930763,-29.6447,-27.3274,-2.31733,-29.3384,"2.5000",-21.5851,-7.75336,"0.0000","0.5000","0.5000","0.2500","0.0000","0.0000","0.5000","PF/C",0,"1996-02-13"],"games":3,"notes":"PF/C","projection":0,"advanced_stats":{"tov_pg":0.4,"usage_pct":0.11125,"plus_minus_pg":-1,"mins_pct":0,"is_qualified":false}}]}