{"bart_player_id":68163,"seasons":[{"year":2019,"team_name":"Marquette","team_conference":"BE","class":"Fr","raw_row":["Buddy Jaffee","Marquette","BE",2,0.1,0,0,0,0,0,0,0,0,0,0,0,0,0,0,0,0,0,0,0,0,"Fr","6-3",42,-0.163592,-6.83083,40,2019,68163,"Michigan City, IN",null,"0.00000000",null,null,null,null,null,null,null,null,null,null,102.494,105.737,0.041157,0.154211,-1.2086,-1.31006,0.101465,-19.5979,"0.5000",-20.698,1.10007,"0.0000","0.0000","0.0000","0.0000","0.0000","0.0000","0.0000","PF/C",0,"1999-11-15"],"games":2,"notes":"PF/C","projection":0,"advanced_stats":{"tov_pg":0,"usage_pct":0,"plus_minus_pg":0,"mins_pct":0.001,"is_qualified":false}}]}