{"bart_player_id":68186,"seasons":[{"year":2019,"team_name":"Detroit Mercy","team_conference":"Horz","class":"Jr","raw_row":["Tra'Quan Knight","Detroit Mercy","Horz",9,11,87.4,18.5,37.9,40.19,6.2,13.6,10.6,13.6,12,28,0.429,11,24,0.458,0,5,0,0.8,3.3,96.6,"Jr","6-3",2,-0.0133387,87.2058,3.2,2019,68186,"Pensacola, FL",null,"1.33328330",10,17,1,7,0.5882,0.1429,0,0,null,null,110.431,107.674,1.15065,26.6736,-3.76137,-2.66117,-1.1002,-4.30916,15.2222,-3.45756,-0.851596,0.8889,1.7778,2.6667,0.8889,0.8889,0.1111,3.7778,"Wing G",2.10157,"1997-10-15"],"games":9,"notes":"Wing G","projection":2.1016,"advanced_stats":{"tov_pg":0.6666666666666666,"usage_pct":0.18144444444444444,"plus_minus_pg":-12.2,"mins_pct":0.111,"is_qualified":true}}]}