{"bart_player_id":68183,"seasons":[{"year":2019,"team_name":"Syracuse","team_conference":"ACC","class":"Sr","raw_row":["Antonio Balandi","Syracuse","ACC",10,0.7,0,11.8,0,0,0,33.7,0,100,0,0,0,0,0,0,0,0,0,14.2,0,0,"Sr","6-6",4,-0.308632,-1.48474,0,2019,68183,"Portland, OR",null,"0.00000000",null,null,null,null,null,null,null,null,null,null,89.711,85.9227,0.151069,2.5306,-11.0782,-17.4151,6.33688,-7.21147,"1.0000",-9.54884,2.33737,"0.0000","0.3000","0.3000","0.0000","0.0000","0.1000","0.0000","PF/C",0,"1996-10-15"],"games":10,"notes":"PF/C","projection":0,"advanced_stats":{"tov_pg":0.2,"usage_pct":0.09344444444444444,"plus_minus_pg":0,"mins_pct":0.004,"is_qualified":false}}]}