{"bart_player_id":68184,"seasons":[{"year":2019,"team_name":"Southern","team_conference":"SWAC","class":"Jr","raw_row":["Bryan Assie","Southern","SWAC",31,39,88.3,18.1,52.4,54.27,12.7,16.4,4.2,30.8,36,64,0.563,43,82,0.524,0,0,0,5.3,1.1,78,"Jr","6-7",21,-0.208713,83.5983,6.8,2019,68184,"Stamford, CT",null,0.23406864,27,45,17,39,"0.6000",0.4359,5,6,0.8333,null,107.085,111.797,0.954976,87.6366,-4.17303,-4.52949,0.35646,-6.28803,15.7188,-5.19268,-1.09535,1.5938,1.9688,3.5625,0.3438,0.3125,0.7188,3.9688,"PF/C",0,"1997-10-15"],"games":31,"notes":"PF/C","projection":0,"advanced_stats":{"tov_pg":1.46875,"usage_pct":0.16665624999999998,"plus_minus_pg":-14.333333333333334,"mins_pct":0.313,"is_qualified":false}}]}