{"bart_player_id":68193,"seasons":[{"year":2019,"team_name":"UT Rio Grande Valley","team_conference":"WAC","class":"Jr","raw_row":["Ndene Gueye","UT Rio Grande Valley","WAC",20,16,79.3,17.7,42.4,42.96,7.7,20,4.6,22.3,6,13,0.462,25,59,0.424,0,0,0,5.1,1.5,22,"Jr","6-10",12,-0.434803,76.2506,8.2,2019,68193,"Dakar, Senegal",null,0.35293391,13,23,12,36,0.5652,0.3333,1,1,"1.0000",null,96.2922,96.8052,1.26678,47.7548,-5.2286,-6.78278,1.55418,-6.65544,11.3333,-7.06358,0.408138,0.9048,1.8095,2.7143,0.2857,0.2857,0.5238,2.9524,"C",0,"1997-10-15"],"games":20,"notes":"C","projection":0,"advanced_stats":{"tov_pg":0.8095238095238095,"usage_pct":0.17538095238095236,"plus_minus_pg":-3.125,"mins_pct":0.104,"is_qualified":true}}]}