{"bart_player_id":68195,"seasons":[{"year":2020,"team_name":"Arkansas Pine Bluff","team_conference":"SWAC","class":"Jr","raw_row":["Zavian Jackson","Arkansas Pine Bluff","SWAC",20,18.7,76.3,25.7,43.5,49.53,1.2,11.4,13.4,32.2,22,31,0.71,15,31,0.484,8,31,0.258,2.2,1.9,50,"Jr","6-3",1,-0.198927,80.0487,4,2020,68195,"Burlington, NC",null,0.41931989,12,16,3,15,"0.7500","0.2000",2,3,0.6667,null,102.242,106.664,0.777216,36.9309,-8.91201,-7.11453,-1.79748,-6.65176,10.7143,-4.89871,-1.75305,0.0952,1.0476,1.1429,"0.6190","0.3810",0.1905,3.9048,"Wing G",8.53941,"1997-10-15"],"games":20,"notes":"Wing G","projection":8.5394,"advanced_stats":{"tov_pg":1.4761904761904763,"usage_pct":0.2682380952380952,"plus_minus_pg":-5.055555555555555,"mins_pct":0.188,"is_qualified":false}}]}