{"bart_player_id":68205,"seasons":[{"year":2019,"team_name":"Purdue","team_conference":"B10","class":"Fr","raw_row":["Kyle King","Purdue","B10",8,1.1,23.1,9.5,0,0,0,29.4,9.4,39.9,0,0,0,0,2,0,0,0,0,0,0,0,"Fr","6-6",23,-0.479829,18.3187,2.5,2019,68205,"St. Charles, IL",null,"1.00000000",0,1,0,1,"0.0000","0.0000",0,0,null,null,100.564,100.243,0.202755,2.94489,-7.15579,-8.07025,0.914456,-8.07618,"2.0000",-7.6783,-0.397888,"0.0000","0.5000","0.5000","0.1250","0.0000","0.0000","0.0000","PF/C",0,"1999-11-11"],"games":8,"notes":"PF/C","projection":0,"advanced_stats":{"tov_pg":0.125,"usage_pct":0.1365,"plus_minus_pg":-1.6666666666666667,"mins_pct":0.01,"is_qualified":false}}]}