{"bart_player_id":68210,"seasons":[{"year":2019,"team_name":"Georgia Southern","team_conference":"SB","class":"Fr","raw_row":["Daniel Cooper","Georgia Southern","SB",3,0.2,0,18.9,0,0,0,0,0,0,0,0,0,0,0,0,0,1,0,0,0,0,"Fr","6-3",30,-0.202424,-0.0447001,0,2019,68210,"Statesboro, GA",null,"0.75000000",null,null,null,null,null,null,null,null,null,null,113.2,115.127,0.0331536,0.21668,-17.9579,-10.9821,-6.97579,-16.888,"1.5000",-10.357,-6.53103,"0.0000","0.2500","0.2500","0.2500","0.2500","0.0000","0.5000","Scoring PG",21.4417,"2000-07-06"],"games":3,"notes":"Scoring PG","projection":21.4417,"advanced_stats":{"tov_pg":0,"usage_pct":0.082,"plus_minus_pg":10,"mins_pct":0.005,"is_qualified":false}}]}