{"bart_player_id":68248,"seasons":[{"year":2020,"team_name":"Grambling St.","team_conference":"SWAC","class":"Jr","raw_row":["David Loville","Grambling St.","SWAC",1,0.2,0,20,0,0,0,0,0,0,0,0,0,0,0,0,0,1,0,0,0,0,"Jr","6-3",32,-0.592267,0,20,2020,68248,"San Francisco, CA",null,"0.00000000",0,0,0,0,null,null,0,0,null,null,107.325,99.2773,0.194762,0.248514,-21.4913,-12.8157,-8.6756,-37.9003,"2.5000",-28.9056,-8.99475,"0.0000","1.0000","1.0000","0.0000","0.0000","0.0000","1.0000","PF/C",25.4777,"1999-10-15"],"games":1,"notes":"PF/C","projection":25.4777,"advanced_stats":{"tov_pg":0,"usage_pct":0.23,"plus_minus_pg":-3,"mins_pct":0.003,"is_qualified":false}}]}