{"bart_player_id":68246,"seasons":[{"year":2019,"team_name":"Tulsa","team_conference":"Amer","class":"So","raw_row":["Simon Falokun","Tulsa","Amer",21,9.5,77.9,23,43.5,48.21,10.8,17,3.1,30.4,15,28,0.536,10,23,0.435,0,0,0,6.8,0.9,121.7,"So","6-8",44,-0.122876,81.3766,7.8,2019,68246,"Houston, TX",null,0.13327734,10,18,0,5,0.5556,"0.0000",0,0,null,null,98.183,96.6766,0.662323,26.4061,-5.76139,-7.77522,2.01384,-7.33745,5.8571,-8.08418,0.746735,0.5238,0.9524,1.4762,0.0952,0.0952,0.3333,1.6667,"C",0,"1998-10-15"],"games":21,"notes":"C","projection":0,"advanced_stats":{"tov_pg":0.7142857142857143,"usage_pct":0.18842857142857142,"plus_minus_pg":-5,"mins_pct":0.052,"is_qualified":false}}]}