{"bart_player_id":68252,"seasons":[{"year":2019,"team_name":"Nicholls St.","team_conference":"Slnd","class":"Jr","raw_row":["Danny Garrick","Nicholls St.","Slnd",27,55,115.8,15,59.9,60.01,2.2,9.9,3.4,7,5,8,0.625,10,19,0.526,66,163,0.405,0.9,0.7,4.4,"Jr","6-6",21,1.21181,103.319,2.1,2019,68252,"Hadley St. Parker, CO",null,0.52635013,8,14,2,5,0.5714,"0.4000",0,0,null,null,112.044,115.317,1.08042,83.4499,-2.44007,1.20957,-3.64964,-0.557391,22.1613,2.3711,-2.92849,0.5484,"2.0000",2.5484,0.3226,0.3226,0.2258,8.2581,"Wing G",15.6476,"1997-10-15"],"games":27,"notes":"Wing G","projection":15.6476,"advanced_stats":{"tov_pg":0.6129032258064516,"usage_pct":0.17399999999999996,"plus_minus_pg":-11,"mins_pct":0.568,"is_qualified":true}}]}