{"bart_player_id":68250,"seasons":[{"year":2019,"team_name":"Chicago St.","team_conference":"WAC","class":"Jr","raw_row":["Eugene Witherspoon","Chicago St.","WAC",24,20.3,67.1,15.3,40.2,41.79,5.7,17.8,2.6,30.3,10,22,0.455,15,34,0.441,1,7,0.143,1.9,1.2,53.7,"Jr","6-6",32,-0.864972,62.9398,5.6,2019,68250,"Chicago, IL",null,0.14287484,14,24,1,10,0.5833,"0.1000",0,0,null,null,118.792,119.228,0.360905,42.9636,-11.4062,-7.90582,-3.50041,-10.8594,9.5769,-7.69143,-3.16796,0.4615,1.4231,1.8846,0.1154,0.1923,0.1923,1.8077,"Wing F",1.62406,"1997-10-15"],"games":24,"notes":"Wing F","projection":1.6241,"advanced_stats":{"tov_pg":0.8076923076923077,"usage_pct":0.17311538461538462,"plus_minus_pg":-11,"mins_pct":0.23,"is_qualified":true}}]}