{"bart_player_id":68265,"seasons":[{"year":2019,"team_name":"Chicago St.","team_conference":"WAC","class":"Sr","raw_row":["Delshon Strickland","Chicago St.","WAC",25,47.2,90,19.3,48,50.36,2,11,6.5,16.6,26,37,0.703,51,96,0.531,23,82,0.28,0.8,1.2,20.8,"Sr","6-4",2,0.224788,90.3196,3.3,2019,68265,"Minneapolis, MN",null,0.51349973,24,38,27,58,0.6316,0.4655,5,5,"1.0000",null,122.019,121.546,0.621574,85.2686,-6.90116,-2.35517,-4.54598,-5.76399,22.4815,-2.11129,-3.6527,0.3704,2.1852,2.5556,0.7037,0.4444,0.1852,7.5185,"Wing G",8.18221,"1996-10-15"],"games":25,"notes":"Wing G","projection":8.1822,"advanced_stats":{"tov_pg":1.3846153846153846,"usage_pct":0.17961538461538462,"plus_minus_pg":-21,"mins_pct":0.552,"is_qualified":true}}]}