{"bart_player_id":68273,"seasons":[{"year":2019,"team_name":"North Carolina Central","team_conference":"MEAC","class":"Sr","raw_row":["Rashann London","North Carolina Central","MEAC",20,28.5,83.3,18.9,40.7,44.6,3.7,8,24.7,31.9,19,32,0.594,27,63,0.429,1,7,0.143,0,0.7,45.7,"Sr","6-2",10,-0.522589,78.9207,2.8,2019,68273,"Philadelphia, PA",null,1.38463191,19,37,8,26,0.5135,0.3077,0,0,null,null,106.742,112.461,1.04039,48.9531,-8.24761,-5.25576,-2.99185,-6.72381,17.8571,-4.35889,-2.36491,0.5714,1.1905,1.7619,2.5714,0.1905,"0.0000",3.8095,"Scoring PG",1.17189,"1995-12-23"],"games":20,"notes":"Scoring PG","projection":1.1719,"advanced_stats":{"tov_pg":1.8571428571428572,"usage_pct":0.16695238095238096,"plus_minus_pg":-10,"mins_pct":0.348,"is_qualified":false}}]}