{"bart_player_id":68286,"seasons":[{"year":2019,"team_name":"Chicago St.","team_conference":"WAC","class":"So","raw_row":["Jordan Reed","Chicago St.","WAC",17,11.3,128.4,9.7,65.9,67.54,1.7,3.5,14.2,12.9,2,2,1,1,5,0.2,9,17,0.529,0,0.8,9.1,"So","6-0",5,0.662294,111.316,3.5,2019,68286,"Plainfield, IL",null,"2.99943350",0,2,1,3,"0.0000",0.3333,0,0,null,null,125.989,125.63,0.106267,16.2334,-5.64361,0.237634,-5.88124,-5.19666,"8.0000",-0.934941,-4.26171,0.1176,0.2353,0.3529,0.5294,0.1176,"0.0000",1.8235,"Pure PG",7.08548,"1998-10-15"],"games":17,"notes":"Pure PG","projection":7.0855,"advanced_stats":{"tov_pg":0.17647058823529413,"usage_pct":0.11893750000000002,"plus_minus_pg":-7.222222222222222,"mins_pct":0.14,"is_qualified":true}}]}