{"bart_player_id":68295,"seasons":[{"year":2019,"team_name":"Alcorn St.","team_conference":"SWAC","class":"So","raw_row":["Noah Plain","Alcorn St.","SWAC",15,7.3,107.1,14.1,52.9,57.93,5.8,9.3,0,16,5,6,0.833,9,15,0.6,0,2,0,2.9,0,35.3,"So","6-8",13,0.138289,95.0883,6.6,2019,68295,"Baton Rouge, LA",null,"0.00000000",8,12,1,3,0.6667,0.3333,3,3,"1.0000",null,113.523,117.766,0.211923,10.2819,-10.8588,-4.96866,-5.89011,-8.09032,5.3125,-5.05431,-3.03601,"0.2500","0.3750","0.6250","0.0000","0.0000","0.1250",1.4375,"C",1.49793,"1996-10-01"],"games":15,"notes":"C","projection":1.4979,"advanced_stats":{"tov_pg":0.1875,"usage_pct":0.11573333333333331,"plus_minus_pg":1.5,"mins_pct":0.088,"is_qualified":false}}]}