{"bart_player_id":68297,"seasons":[{"year":2019,"team_name":"Jackson St.","team_conference":"SWAC","class":"Sr","raw_row":["Chris McIntosh","Jackson St.","SWAC",10,1.6,119.8,10.4,33.3,50.63,5.9,6.4,0,0,2,2,1,1,3,0.333,0,0,0,0,3.1,66.7,"Sr","6-3",2,0.0710892,98.3756,6.3,2019,68297,"Jackson, MS",null,"0.00000000",0,1,1,2,"0.0000","0.5000",0,0,null,null,100.086,107.943,0.140101,3.31655,-5.61759,-3.14866,-2.46892,-5.76242,"1.9000",-6.65357,0.891146,"0.1000","0.1000","0.2000","0.0000","0.1000","0.0000","0.4000","PF/C",0,"1996-01-25"],"games":10,"notes":"PF/C","projection":0,"advanced_stats":{"tov_pg":0,"usage_pct":0.0762,"plus_minus_pg":0.5,"mins_pct":0.014,"is_qualified":false}}]}