{"bart_player_id":68304,"seasons":[{"year":2020,"team_name":"Jackson St.","team_conference":"SWAC","class":"Fr","raw_row":["Kelvin Wesley","Jackson St.","SWAC",3,0.5,0,20.3,0,0,0,0,0,0,0,0,0,0,2,0,0,1,0,0,0,0,"Fr","6-5",23,-0.592656,-0.0561029,6.7,2020,68304,"Houston, TX",null,"0.00000000",0,0,0,1,null,"0.0000",0,0,null,null,107.528,112.757,0.101215,0.633871,-23.3419,-16.0886,-7.25333,-33.3594,"2.5000",-23.2137,-10.1457,"0.5000","0.0000","0.5000","0.0000","0.0000","0.0000","0.5000","PF/C",9.47525,"1999-10-15"],"games":3,"notes":"PF/C","projection":9.4753,"advanced_stats":{"tov_pg":0,"usage_pct":0.2838,"plus_minus_pg":1.75,"mins_pct":0.008,"is_qualified":false}}]}