{"bart_player_id":68308,"seasons":[{"year":2019,"team_name":"Texas Southern","team_conference":"SWAC","class":"Fr","raw_row":["Michael Dobbins","Texas Southern","SWAC",19,3.8,105.6,12.4,50,57.4,9.4,7.5,2.9,22.4,5,7,0.714,4,8,0.5,0,0,0,1.8,1.9,87.5,"Fr","6-6",44,0.0615663,93.5573,4.3,2019,68308,null,null,"0.19991600",4,7,0,1,0.5714,"0.0000",0,0,null,null,105.639,107.816,0.218474,9.91426,-3.44186,-1.93064,-1.51122,-4.60201,3.2381,-2.77441,-1.8276,0.2857,"0.3810",0.6667,0.0476,0.0952,0.0952,0.8095,"PF/C",0,"1999-10-15"],"games":19,"notes":"PF/C","projection":0,"advanced_stats":{"tov_pg":0.23809523809523808,"usage_pct":0.10130000000000002,"plus_minus_pg":-0.5,"mins_pct":0.145,"is_qualified":false}}]}