{"bart_player_id":68311,"seasons":[{"year":2019,"team_name":"Middle Tennessee","team_conference":"CUSA","class":"Fr","raw_row":["Lawrence Mosley","Middle Tennessee","CUSA",21,8.9,116.7,9.6,73.1,71.68,5,25.3,11.1,28.1,1,2,0.5,8,9,0.889,1,4,0.25,3.3,1.1,15.4,"Fr","6-2",11,0.23414,100.701,5.2,2019,68311,null,null,1.20009196,6,6,2,3,"1.0000",0.6667,0,0,null,null,101.12,102.132,0.483146,22.7008,0.904863,-1.26938,2.17424,0.663783,4.9565,-1.64325,2.30703,0.2174,"1.0870",1.3043,0.2609,"0.0870",0.1304,0.8696,"Stretch 4",2.15464,"1999-10-15"],"games":21,"notes":"Stretch 4","projection":2.1546,"advanced_stats":{"tov_pg":0.21739130434782608,"usage_pct":0.0736818181818182,"plus_minus_pg":-0.6666666666666666,"mins_pct":0.054,"is_qualified":false}}]}