{"bart_player_id":68317,"seasons":[{"year":2019,"team_name":"Middle Tennessee","team_conference":"CUSA","class":"Fr","raw_row":["KJ Lewis","Middle Tennessee","CUSA",9,0.8,0,4.2,0,0,0,12.6,0,0,0,0,0,0,1,0,0,0,0,0,0,0,"Fr","5-11",13,-0.319645,-4.65845,0,2019,68317,"Frederiksted, St. Croix",null,"0.00000000",null,null,null,null,null,null,null,null,null,null,110.714,114.057,0.0534415,1.24163,-10.6974,-7.50218,-3.19521,-14.3643,"1.2000",-9.61666,-4.74768,"0.0000","0.1000","0.1000","0.0000","0.0000","0.0000","0.0000","Wing G",0,"1999-10-15"],"games":9,"notes":"Wing G","projection":0,"advanced_stats":{"tov_pg":0,"usage_pct":0.032875,"plus_minus_pg":4,"mins_pct":0.005,"is_qualified":false}}]}