{"bart_player_id":68320,"seasons":[{"year":2019,"team_name":"Southern","team_conference":"SWAC","class":"Jr","raw_row":["Marcel Burton","Southern","SWAC",16,8.6,97.6,20,50,53.19,5.7,4.9,15.9,24.7,4,4,1,5,11,0.455,7,20,0.35,0,1.1,12.9,"Jr","6-4",23,0.200024,96.0779,5.2,2019,68320,"Los Angeles, CA",null,0.88888889,2,3,2,7,0.6667,0.2857,0,0,null,null,113.519,114.002,0.358672,13.9436,-5.56715,-1.16667,-4.40048,-5.19013,6.6875,-1.60977,-3.58036,0.3125,"0.2500",0.5625,"0.5000","0.1250","0.0000",2.1875,"Combo G",10.9656,"1997-10-15"],"games":16,"notes":"Combo G","projection":10.9656,"advanced_stats":{"tov_pg":0.5625,"usage_pct":0.20793333333333333,"plus_minus_pg":-8.5,"mins_pct":0.093,"is_qualified":false}}]}