{"bart_player_id":68329,"seasons":[{"year":2019,"team_name":"North Texas","team_conference":"CUSA","class":"Fr","raw_row":["John Weger","North Texas","CUSA",4,0.5,0,19.9,0,0,0,0,0,0,0,0,0,0,1,0,0,2,0,0,0,0,"Fr",null,15,-0.455231,-0.00200415,0,2019,68329,null,null,"0.00000000",0,0,0,1,null,"0.0000",0,0,null,null,105.495,111.426,0.0938585,0.652266,-21.2355,-14.8574,-6.37816,-26.9442,"3.4000",-18.6149,-8.32937,"0.0000","0.2000","0.2000","0.0000","0.4000","0.0000","0.2000","Combo G",19.6775,"1999-10-15"],"games":4,"notes":"Combo G","projection":19.6775,"advanced_stats":{"tov_pg":0,"usage_pct":0.25060000000000004,"plus_minus_pg":4.333333333333333,"mins_pct":0.021,"is_qualified":false}}]}