{"bart_player_id":68342,"seasons":[{"year":2019,"team_name":"La Salle","team_conference":"A10","class":"Fr","raw_row":["Jayson Brower","La Salle","A10",7,0.6,74.4,22.9,0,25.32,0,30.2,21.6,0,2,2,1,0,0,0,0,3,0,0,0,66.7,"Fr","6-5",23,-0.0293989,80.045,10,2019,68342,"Syracuse, NY",0.2,1.00030004,0,0,0,0,null,null,0,0,null,null,103.704,106.074,0.0927362,1.47448,-6.56356,-2.81735,-3.74621,-11.9803,1.1429,-10.0678,-1.91251,"0.0000",0.2857,0.2857,0.1429,"0.0000","0.0000",0.2857,"Wing F",23.3334,"1999-10-15"],"games":7,"notes":"Wing F","projection":23.3334,"advanced_stats":{"tov_pg":0,"usage_pct":0.16466666666666666,"plus_minus_pg":-4.5,"mins_pct":0.007,"is_qualified":false}}]}