{"bart_player_id":68359,"seasons":[{"year":2019,"team_name":"Bowling Green","team_conference":"MAC","class":"Sr","raw_row":["Austin Gardner","Bowling Green","MAC",1,0.5,0,30.5,0,0,0,0,0,59.8,0,0,0,0,1,0,0,1,0,0,9.2,0,"Sr","6-1",33,-1.91805,-4.66718,6.7,2019,68359,"Bowling Green, OH",null,"0.00000000",0,0,0,0,null,null,0,0,null,null,91.2752,90.1207,0.81901,1.70983,-18.8854,-23.1095,4.22412,-32.0639,"6.0000",-28.0036,-4.06023,"0.0000","0.0000","0.0000","0.0000","1.0000","0.0000","0.0000","Pure PG",8.49622,"1994-03-04"],"games":1,"notes":"Pure PG","projection":8.4962,"advanced_stats":{"tov_pg":2,"usage_pct":0.314,"plus_minus_pg":-15,"mins_pct":0.006,"is_qualified":false}}]}