{"bart_player_id":68362,"seasons":[{"year":2019,"team_name":"Iona","team_conference":"MAAC","class":"Jr","raw_row":["Malik Rhem","Iona","MAAC",6,0.4,0,27,0,0,0,0,0,0,0,2,0,0,2,0,0,0,0,0,0,100,"Jr","6-3",24,-0.260942,-2.78107,0,2019,68362,"Bronx, NY",null,"0.00000000",0,2,0,0,"0.0000",null,0,0,null,null,117.764,121.548,0.0228729,0.500396,-34.1244,-23.7059,-10.4185,-37.5728,0.8333,-22.6288,-14.944,"0.0000","0.0000","0.0000","0.0000","0.0000","0.0000","0.0000","Combo G",0,"1997-10-15"],"games":6,"notes":"Combo G","projection":0,"advanced_stats":{"tov_pg":0,"usage_pct":0.26399999999999996,"plus_minus_pg":-2,"mins_pct":0.005,"is_qualified":false}}]}