{"bart_player_id":68365,"seasons":[{"year":2019,"team_name":"Arkansas St.","team_conference":"SB","class":"So","raw_row":["Jonathan Adams Jr.","Arkansas St.","SB",3,0.9,0,3.3,0,0,0,21.3,0,0,0,0,0,0,1,0,0,0,0,0,0,0,"So","6-3",22,-1.17668,-5.02379,18.2,2019,68365,"Jonesboro, AR",null,"0.00000000",0,1,0,0,"0.0000",null,0,0,null,null,110.577,110.529,0.240843,1.8796,-12.0236,-7.63183,-4.39181,-18.9939,3.6667,-18.0427,-0.951136,"0.0000",0.6667,0.6667,"0.0000","0.0000","0.0000","0.0000","PF/C",0,"1999-01-21"],"games":3,"notes":"PF/C","projection":0,"advanced_stats":{"tov_pg":0,"usage_pct":0.15066666666666667,"plus_minus_pg":-3,"mins_pct":0.003,"is_qualified":false}}]}