{"bart_player_id":68384,"seasons":[{"year":2020,"team_name":"Central Connecticut","team_conference":"NEC","class":"Sr","raw_row":["Tyler Rowe","Central Connecticut","NEC",19,25,80.1,18.8,35.5,37.34,1.8,5.6,20.2,15,7,10,0.7,21,65,0.323,8,28,0.286,0,2.6,10.8,"Sr","5-9",40,-0.525016,75.7586,4,2020,68384,"East Hartford, CT",null,1.87499997,5,13,16,52,0.3846,0.3077,0,0,null,null,112.8,116.907,0.571677,48.1645,-7.7199,-3.22171,-4.49819,-8.77448,"15.8000",-5.93155,-2.84294,"0.2500","0.8000","1.0500","1.5000","0.8500","0.0000","4.1000","Scoring PG",5.28456,"1999-10-15"],"games":19,"notes":"Scoring PG","projection":5.2846,"advanced_stats":{"tov_pg":0.8888888888888888,"usage_pct":0.19983333333333334,"plus_minus_pg":-0.8333333333333334,"mins_pct":0.264,"is_qualified":true}}]}