{"bart_player_id":70245,"seasons":[{"year":2022,"team_name":"Sacramento St.","team_conference":"BSky","class":"Fr","raw_row":["Rick Barros III","Sacramento St.","BSky",19,25.5,97,10.2,55.6,54.93,0.8,7.3,3.5,17.2,1,3,0.333,7,18,0.389,12,27,0.444,0.4,0.7,6.7,"Fr","6-5",3,-0.346178,78.5099,4.2,2022,70245,"Sacramento, CA",null,0.62502973,3,8,4,10,"0.3750","0.4000",0,0,null,null,112.723,115.567,0.594587,35.5829,-6.37354,-3.32018,-3.05336,-7.85102,14.5789,-4.94202,-2.909,0.1053,0.8421,0.9474,0.2632,0.1579,0.0526,2.6842,"Wing G",5.90689,"2000-10-15"],"games":19,"notes":"Wing G","projection":5.9069,"advanced_stats":{"tov_pg":0.42105263157894735,"usage_pct":0.10963157894736841,"plus_minus_pg":-1.2105263157894737,"mins_pct":0.238,"is_qualified":true}}]}