{"bart_player_id":70250,"seasons":[{"year":2020,"team_name":"Kent St.","team_conference":"MAC","class":"Jr","raw_row":["Anyeuri Castillo","Kent St.","MAC",12,4.3,102,22,60,57.55,6.7,6.4,17.5,24.7,2,5,0.4,3,4,0.75,4,11,0.364,4.1,3.3,33.3,"Jr","6-7",22,0.262066,102.975,3,2020,70250,"Santo Domingo, ",null,"1.00000000",2,3,1,1,0.6667,"1.0000",0,0,null,null,99.6498,100.908,0.392839,10.2748,2.5233,1.72366,0.799641,4.91233,4.4286,3.008,1.90433,0.3571,0.2143,0.5714,0.3571,0.2143,0.1429,1.5714,"Combo G",12.072,"1997-11-15"],"games":12,"notes":"Combo G","projection":12.072,"advanced_stats":{"tov_pg":0.35714285714285715,"usage_pct":0.136,"plus_minus_pg":1.2727272727272727,"mins_pct":0.039,"is_qualified":false}}]}