{"bart_player_id":70251,"seasons":[{"year":2020,"team_name":"Kent St.","team_conference":"MAC","class":"Fr","raw_row":["Kalin Bennett","Kent St.","MAC",15,2.6,82.6,15.1,66.7,59.83,7.4,17.6,0,35.7,3,6,0.5,2,3,0.667,0,0,0,10.3,0,200,"Fr","6-11",50,-0.067906,76.015,11.3,2020,70251,"Little Rock, AR",null,"0.00000000",1,1,1,2,"1.0000","0.5000",0,0,null,null,98.243,97.1558,0.219788,6.55732,-6.91265,-7.53321,0.620561,-5.41677,2.7647,-7.7291,2.31233,0.1176,0.4706,0.5882,"0.0000","0.0000",0.2353,0.6471,"C",0,"2000-10-15"],"games":15,"notes":"C","projection":0,"advanced_stats":{"tov_pg":0.17647058823529413,"usage_pct":0.12217647058823529,"plus_minus_pg":0.06666666666666667,"mins_pct":0.037,"is_qualified":false}}]}