{"bart_player_id":70313,"seasons":[{"year":2020,"team_name":"Tennessee Martin","team_conference":"OVC","class":"Jr","raw_row":["Jordan Pierce","Tennessee Martin","OVC",17,8,76.9,24.1,37.5,42.41,11.9,13.8,2.1,27.4,8,14,0.571,9,24,0.375,0,0,0,3.9,0,58.3,"Jr","7-0",31,-0.113551,78.8997,8.7,2020,70313,"Union, NJ",null,0.18180331,7,17,2,7,0.4118,0.2857,1,1,"1.0000",null,120.773,123.351,0.0703382,13.5362,-15.8668,-8.73932,-7.12745,-16.0198,"5.0000",-10.1609,-5.85892,0.6111,0.5556,1.1667,0.1111,"0.0000",0.1667,1.4444,"C",0,"1999-01-12"],"games":17,"notes":"C","projection":0,"advanced_stats":{"tov_pg":0.6111111111111112,"usage_pct":0.25605555555555554,"plus_minus_pg":-0.6666666666666666,"mins_pct":0.075,"is_qualified":false}}]}