{"bart_player_id":70317,"seasons":[{"year":2020,"team_name":"Southern","team_conference":"SWAC","class":"Jr","raw_row":["Montese Blake","Southern","SWAC",25,24.1,84,26.1,42.2,43.42,2,6,15.3,19.1,11,19,0.579,33,73,0.452,14,55,0.255,0,1.2,14.8,"Jr","5-11",11,0.0579757,86.7786,2.6,2020,70317,"Atlanta, GA",null,0.84004159,13,25,20,48,"0.5200",0.4167,0,0,null,null,103.134,110.321,0.686369,41.2672,-7.92726,-3.95199,-3.97527,-5.99924,11.8462,-2.71042,-3.28883,0.2308,0.5769,0.8077,0.8077,0.2692,"0.0000",4.6538,"Combo G",11.0082,"1998-10-15"],"games":25,"notes":"Combo G","projection":11.0082,"advanced_stats":{"tov_pg":0.9230769230769231,"usage_pct":0.3066153846153846,"plus_minus_pg":-2.4545454545454546,"mins_pct":0.229,"is_qualified":true}}]}