{"bart_player_id":70328,"seasons":[{"year":2020,"team_name":"Western Illinois","team_conference":"Sum","class":"Fr","raw_row":["Jaeden King","Western Illinois","Sum",14,17.1,61.7,18.4,29.6,33.14,1.3,17.5,3.1,20.1,6,8,0.75,4,15,0.267,7,34,0.206,1.9,2.3,16.3,"Fr","6-6",2,-1.08451,58.9824,1.9,2020,70328,"Minneapolis, MN",null,0.45454545,2,6,2,9,0.3333,0.2222,0,0,null,null,111.553,110.091,0.709737,32.9421,-9.54762,-6.99989,-2.54773,-9.48785,"13.1250",-6.37509,-3.11276,"0.2500",2.0625,2.3125,0.3125,0.4375,0.1875,"3.5000","Wing G",11.4319,"2000-10-15"],"games":14,"notes":"Wing G","projection":11.4319,"advanced_stats":{"tov_pg":0.6875,"usage_pct":0.25131250000000005,"plus_minus_pg":-3.625,"mins_pct":0.199,"is_qualified":false}}]}