{"bart_player_id":70331,"seasons":[{"year":2020,"team_name":"Santa Clara","team_conference":"WCC","class":"Jr","raw_row":["David Thompson","Santa Clara","WCC",26,18.2,73.1,17.4,25,39.24,1.1,8.4,23.5,34.7,19,25,0.76,4,11,0.364,3,23,0.13,0,0.5,73.5,"Jr","6-0",1,-0.459105,70.187,5.1,2020,70331,"Milwaukee, WI",null,1.38452751,4,6,0,5,0.6667,"0.0000",0,0,null,null,105.996,105.717,0.65511,32.9371,-8.54896,-5.58611,-2.96285,-8.84612,9.0741,-6.5074,-2.33872,0.0741,0.7407,0.8148,1.3333,0.1481,"0.0000",1.5556,"Combo G",5.56722,"1998-10-15"],"games":26,"notes":"Combo G","projection":5.5672,"advanced_stats":{"tov_pg":0.9285714285714286,"usage_pct":0.1377857142857143,"plus_minus_pg":-1.1071428571428572,"mins_pct":0.198,"is_qualified":true}}]}