{"bart_player_id":70338,"seasons":[{"year":2020,"team_name":"North Carolina","team_conference":"ACC","class":"Fr","raw_row":["Cole Anthony","North Carolina","ACC",22,57.2,97.6,29,45.1,50.15,1.4,16.4,23.9,19.6,96,128,0.75,82,204,0.402,49,141,0.348,0.9,2.1,37.1,"Fr","6-3",2,3.44625,113.99,3.3,2020,70338,"New York, NY",99.4,1.12985713,37,69,45,135,0.5362,0.3333,3,3,"1.0000",15,101.245,95.2872,3.85586,152.426,3.22163,2.61659,0.605034,4.33284,34.8636,2.96994,1.36291,0.4545,5.2273,5.6818,3.9545,1.3182,0.2727,"18.5000","Combo G",10.4405,"2000-05-15"],"games":22,"notes":"Combo G","projection":10.4405,"advanced_stats":{"tov_pg":3.5,"usage_pct":0.30281818181818176,"plus_minus_pg":2.5,"mins_pct":0.573,"is_qualified":true}}]}