{"bart_player_id":70384,"seasons":[{"year":2020,"team_name":"Tennessee Martin","team_conference":"OVC","class":"Fr","raw_row":["Isaac Aguiar","Tennessee Martin","OVC",22,14.5,87.3,8.9,36.1,33.46,9.5,15.3,5.2,20.6,0,3,0,5,15,0.333,1,3,0.333,2.1,1.1,16.7,"Fr","6-10",24,-0.346922,71.3314,5.1,2020,70384,"North Arlington, NJ",null,"1.50000000",5,13,0,2,0.3846,"0.0000",0,0,null,null,119.027,120.904,0.159408,26.5433,-6.64264,-2.91222,-3.73043,-6.92912,7.2917,-3.53914,-3.38998,0.5417,"0.8750",1.4167,"0.3750","0.1250",0.1667,0.6667,"PF/C",1.09496,"2000-02-11"],"games":22,"notes":"PF/C","projection":1.095,"advanced_stats":{"tov_pg":0.25,"usage_pct":0.11704347826086954,"plus_minus_pg":-0.9,"mins_pct":0.175,"is_qualified":false}}]}