{"bart_player_id":70407,"seasons":[{"year":2020,"team_name":"Northwestern St.","team_conference":"Slnd","class":"Fr","raw_row":["Nikos Chougkaz","Northwestern St.","Slnd",26,60.5,90.2,21.8,43.1,46.77,9,21.2,9.4,22.2,43,61,0.705,67,150,0.447,18,68,0.265,2.8,2.2,28,"Fr","6-9",33,0.283826,88.5985,4.4,2020,70407,"Athens, Greece",null,0.55556067,44,72,23,78,0.6111,0.2949,11,11,"1.0000",null,98.4798,100.465,2.34175,159.125,-0.95256,-2.1069,1.15434,-2.01141,24.6552,-1.98011,-0.0313071,"2.0000",5.2414,7.2414,1.2069,"1.0000",0.6897,9.1724,"Stretch 4",5.58191,"2000-10-04"],"games":26,"notes":"Stretch 4","projection":5.5819,"advanced_stats":{"tov_pg":2.1724137931034484,"usage_pct":0.22355172413793103,"plus_minus_pg":1.4827586206896552,"mins_pct":0.593,"is_qualified":true}}]}