{"bart_player_id":70443,"seasons":[{"year":2021,"team_name":"Niagara","team_conference":"MAAC","class":"Sr","raw_row":["Kobi Nwandu","Niagara","MAAC",20,85.3,99.2,25.1,48.5,52.49,2.3,8.6,18.6,15.3,66,95,0.695,80,173,0.462,22,60,0.367,1.5,1.8,40.8,"Sr","6-6",1,2.34563,105.079,2.7,2021,70443,"York, PA",null,1.20930223,67,117,13,56,0.5726,0.2321,5,5,"1.0000",null,102.049,107.956,2.28373,111.339,-1.38987,0.254143,-1.64401,-0.122863,"34.1000",1.08392,-1.20678,"0.7000","2.4000","3.1000","2.6000","1.0000","0.4000","14.6000","Combo G",5.34471,"1998-10-15"],"games":20,"notes":"Combo G","projection":5.3447,"advanced_stats":{"tov_pg":2.15,"usage_pct":0.25225000000000003,"plus_minus_pg":0.25,"mins_pct":0.854,"is_qualified":true}}]}