{"bart_player_id":70473,"seasons":[{"year":2020,"team_name":"Maryland Eastern Shore","team_conference":"MEAC","class":"Jr","raw_row":["Ty Gibson","Maryland Eastern Shore","MEAC",18,30.7,84.1,22.5,41.7,45.98,2.1,8.2,21.6,22.8,26,36,0.722,19,46,0.413,21,75,0.28,1.8,1.2,29.8,"Jr","6-4",2,0.164501,87.5786,4.6,2020,70473,"Reading, PA",null,"1.00000000",13,27,6,19,0.4815,0.3158,1,1,"1.0000",null,107.416,110.421,1.24386,58.7656,-6.62963,-3.41782,-3.21181,-5.13541,21.2105,-2.61129,-2.52412,0.4737,1.5789,2.0526,1.8947,0.5789,0.3158,7.3158,"Combo G",11.3259,"1998-10-15"],"games":18,"notes":"Combo G","projection":11.3259,"advanced_stats":{"tov_pg":1.894736842105263,"usage_pct":0.22673684210526315,"plus_minus_pg":-16,"mins_pct":0.4,"is_qualified":false}}]}