{"bart_player_id":70504,"seasons":[{"year":2020,"team_name":"Prairie View A&M","team_conference":"SWAC","class":"Fr","raw_row":["Murray Grant","Prairie View A&M","SWAC",2,0.3,0,23.5,0,0,0,0,0,58.8,0,0,0,0,1,0,0,0,0,0,0,0,"Fr","6-1",24,-0.599055,-0.978106,10,2020,70504,"Fulshear, TX",null,"0.00000000",0,1,0,0,"0.0000",null,0,1,"0.0000",null,103.926,110.185,0.119065,0.467893,-27.7631,-23.6802,-4.08285,-37.7668,"2.0000",-25.9444,-11.8223,"0.0000","0.0000","0.0000","0.0000","0.0000","0.0000","0.0000","PF/C",0,"2000-10-15"],"games":2,"notes":"PF/C","projection":0,"advanced_stats":{"tov_pg":0.5,"usage_pct":0.5345,"plus_minus_pg":-3,"mins_pct":0.003,"is_qualified":false}}]}