{"bart_player_id":70515,"seasons":[{"year":2021,"team_name":"St. Francis NY","team_conference":"NEC","class":"So","raw_row":["Alex May","St. Francis NY","NEC",6,0.4,0,0,0,0,0,0,0,0,0,0,0,0,0,0,0,0,0,0,0,0,"So","6-1",30,-0.160223,-7.09156,0,2021,70515,"Englewood, NJ",null,"0.00000000",null,null,null,null,null,null,null,null,null,null,118.502,126.4,0.00148431,0.289451,-8.05098,-3.73445,-4.31653,-14.1608,"0.5000",-6.50514,-7.65571,"0.0000","0.0000","0.0000","0.0000","0.0000","0.0000","0.0000","PF/C",0,"2000-10-15"],"games":6,"notes":"PF/C","projection":0,"advanced_stats":{"tov_pg":0,"usage_pct":0,"plus_minus_pg":1.2,"mins_pct":0.005,"is_qualified":false}}]}