{"bart_player_id":70558,"seasons":[{"year":2020,"team_name":"Memphis","team_conference":"Amer","class":"Fr","raw_row":["Precious Achiuwa","Memphis","Amer",31,75.3,98.2,27.2,51.1,53.4,11.4,24.7,7.5,18.6,112,187,0.599,169,329,0.514,13,40,0.325,6.4,2,50.7,"Fr","6-9",55,2.59547,110.181,3.1,2020,70558,"Bronx, NY",97.2,0.34480671,148,231,21,98,0.6407,0.2143,47,52,0.9038,20,81.6111,79.6562,4.98252,256.167,3.93534,-0.850608,4.78595,5.13189,30.3548,2.18191,2.94998,"3.0000",7.7742,10.7742,0.9677,1.0968,"1.8710",15.7742,"PF/C",2.31943,"1999-09-19"],"games":31,"notes":"PF/C","projection":2.3194,"advanced_stats":{"tov_pg":2.806451612903226,"usage_pct":0.2808064516129033,"plus_minus_pg":5.533333333333333,"mins_pct":0.752,"is_qualified":true}}]}