{"bart_player_id":70556,"seasons":[{"year":2020,"team_name":"Idaho","team_conference":"BSky","class":"Jr","raw_row":["Keyshaad Dixon","Idaho","BSky",29,51.2,70.2,15.7,35.9,39.76,0.2,13.2,16.1,30.5,20,29,0.69,24,69,0.348,12,48,0.25,1.3,2.4,24.8,"Jr","6-1",4,-1.53114,64.5121,2.7,2020,70556,"Boston, ID",null,1.15090368,13,30,11,39,0.4333,0.2821,0,0,null,null,104.975,105.564,1.60081,114.905,-4.81971,-4.94367,0.123959,-5.74778,21.5484,-5.50533,-0.242446,0.0323,2.3548,2.3871,1.9677,0.9032,0.2258,3.5484,"Combo G",4.51242,"1998-10-15"],"games":29,"notes":"Combo G","projection":4.5124,"advanced_stats":{"tov_pg":1.7096774193548387,"usage_pct":0.14716129032258066,"plus_minus_pg":-5.225806451612903,"mins_pct":0.52,"is_qualified":true}}]}