{"bart_player_id":70577,"seasons":[{"year":2020,"team_name":"Arkansas Pine Bluff","team_conference":"SWAC","class":"So","raw_row":["Kaezron Washington","Arkansas Pine Bluff","SWAC",2,0.3,0,15,0,0,0,0,0,100,0,0,0,0,0,0,0,0,0,0,0,0,"So","6-8",35,-0.597427,-0.743531,10,2020,70577,"Pine Bluff, AR",null,"0.00000000",null,null,null,null,null,null,null,null,null,null,110.757,108.722,0.129219,0.412008,-22.2295,-20.0258,-2.20369,-22.9461,1.6667,-19.0292,-3.91699,"0.0000","0.0000","0.0000","0.0000","0.0000","0.0000","0.0000","C",0,"1999-10-15"],"games":2,"notes":"C","projection":0,"advanced_stats":{"tov_pg":0.5,"usage_pct":0.0975,"plus_minus_pg":-3,"mins_pct":0.003,"is_qualified":false}}]}