{"bart_player_id":70589,"seasons":[{"year":2020,"team_name":"Youngstown St.","team_conference":"Horz","class":"So","raw_row":["Mohamed Konate","Youngstown St.","Horz",1,0.1,0,0,0,0,0,0,0,0,0,0,0,0,0,0,0,0,0,0,0,0,"So","6-4",25,-0.324038,-8.04165,0,2020,70589,"bamko, Mali",null,"0.00000000",null,null,null,null,null,null,null,null,null,null,114.966,102.094,0.0876056,0.0972494,-5.79496,-3.37843,-2.41654,-7.55862,"2.0000",-5.85494,-1.70367,"0.0000","0.0000","0.0000","0.0000","0.0000","0.0000","1.0000","PF/C",0,"1999-10-15"],"games":1,"notes":"PF/C","projection":0,"advanced_stats":{"tov_pg":0,"usage_pct":0.10933333333333334,"plus_minus_pg":0.3333333333333333,"mins_pct":0.004,"is_qualified":false}}]}