{"bart_player_id":70584,"seasons":[{"year":2020,"team_name":"Green Bay","team_conference":"Horz","class":"Fr","raw_row":["Jiovanni Miles","Green Bay","Horz",7,1.6,199.2,7,100,100,5.5,5.3,8.4,0,0,0,0,0,0,0,2,3,0.667,0,0,0,"Fr","6-2",4,0.738878,161.199,6,2020,70584,"Novi, MI",null,3.50000002,0,0,0,0,null,null,0,0,null,null,116.101,118.324,0.0878327,2.50872,1.6247,5.77485,-4.15016,-1.01783,"5.6250",1.98462,-3.00244,"0.1250","0.3750","0.5000","0.5000","0.1250","0.0000","2.1250","Scoring PG",8.06675,"2000-10-15"],"games":7,"notes":"Scoring PG","projection":8.0668,"advanced_stats":{"tov_pg":0,"usage_pct":0.048999999999999995,"plus_minus_pg":6.666666666666667,"mins_pct":0.031,"is_qualified":false}}]}