{"bart_player_id":70588,"seasons":[{"year":2020,"team_name":"Morgan St.","team_conference":"MEAC","class":"Fr","raw_row":["Cameron Shaw","Morgan St.","MEAC",10,2.4,15.3,12.4,0,0,8,12.2,0,50,0,0,0,0,2,0,0,2,0,0,2.1,0,"Fr","6-3",22,-0.68405,12.329,3,2020,70588,"Baltimore, MD",null,"0.00000000",0,1,0,1,"0.0000","0.0000",0,0,null,null,101.878,103.179,0.226378,4.97459,-16.0832,-12.3123,-3.77092,-17.3939,3.2308,-12.3152,-5.07862,0.1538,0.3077,0.4615,"0.0000",0.0769,"0.0000",0.1538,"PF/C",4.10446,"2000-06-15"],"games":10,"notes":"PF/C","projection":4.1045,"advanced_stats":{"tov_pg":0.38461538461538464,"usage_pct":0.1089090909090909,"plus_minus_pg":-1.3333333333333333,"mins_pct":0.02,"is_qualified":false}}]}