{"bart_player_id":70606,"seasons":[{"year":2020,"team_name":"Fresno St.","team_conference":"MWC","class":"Jr","raw_row":["C.J Hyder","Fresno St.","MWC",3,0.6,60.7,7.9,0,0,0,0,24.8,0,0,0,0,0,0,0,0,1,0,0,0,0,"Jr","6-2",14,-0.328359,44.7862,0,2020,70606,"San Bernerdino, ",null,"0.75000000",0,0,0,0,null,null,0,0,null,null,116.058,122.083,0.0425702,0.676794,-15.4659,-6.22425,-9.24169,-11.0294,"3.2500",-6.73402,-4.2954,"0.0000","0.0000","0.0000","0.2500","0.0000","0.0000","0.5000","Pure PG",8.62677,"1998-10-15"],"games":3,"notes":"Pure PG","projection":8.6268,"advanced_stats":{"tov_pg":0,"usage_pct":0.0555,"plus_minus_pg":0,"mins_pct":0.004,"is_qualified":false}}]}