{"bart_player_id":70612,"seasons":[{"year":2020,"team_name":"Milwaukee","team_conference":"Horz","class":"Sr","raw_row":["Lincoln Wieseman","Milwaukee","Horz",3,0.3,130.6,25.5,0,51.28,26.3,29.9,0,0,2,2,1,0,1,0,0,0,0,0,0,200,"Sr","6-5",21,0.281142,146.107,10,2020,70612,"Lake Geneva, WI",null,0.60000001,0,1,0,0,"0.0000",null,0,0,null,null,100.873,98.6539,0.132726,0.801555,-12.9687,-1.2275,-11.7412,2.1516,"1.8000",5.16934,-3.01774,"0.2000","0.4000","0.6000","0.2000","0.0000","0.0000","0.4000","PF/C",0,"1996-08-30"],"games":3,"notes":"PF/C","projection":0,"advanced_stats":{"tov_pg":0,"usage_pct":0.1436,"plus_minus_pg":1.3333333333333333,"mins_pct":0.006,"is_qualified":false}}]}