{"bart_player_id":70634,"seasons":[{"year":2020,"team_name":"Jackson St.","team_conference":"SWAC","class":"Fr","raw_row":["Kenneth Lewis","Jackson St.","SWAC",7,3.2,80.7,17.2,35,36.36,3,0,10.2,8.7,2,5,0.4,2,4,0.5,1,6,0.167,0,1.5,50,"Fr","6-1",20,-0.215735,73.8884,6.3,2020,70634,"Olive Branch, MS",null,1.99930009,0,0,2,4,null,"0.5000",0,0,null,null,104.325,118.824,0.160444,5.00212,-7.49447,-3.25906,-4.23541,-8.85997,5.4286,-6.7424,-2.11757,0.1429,"0.0000",0.1429,0.2857,0.1429,"0.0000",1.2857,"Pure PG",8.88305,"2000-10-15"],"games":7,"notes":"Pure PG","projection":8.8831,"advanced_stats":{"tov_pg":0.1,"usage_pct":0.16399999999999998,"plus_minus_pg":1,"mins_pct":0.041,"is_qualified":false}}]}