{"bart_player_id":70685,"seasons":[{"year":2020,"team_name":"Loyola Marymount","team_conference":"WCC","class":"Fr","raw_row":["Lazar Zivanovic","Loyola Marymount","WCC",22,15.2,69.7,18.3,48.6,48.01,0.7,6.9,8.8,36,5,12,0.417,15,26,0.577,2,11,0.182,2.3,1.3,32.4,"Fr","6-7",22,-0.492686,68.7198,5.7,2020,70685,"Sabac, Yugoslavia",null,"0.50000000",11,21,4,5,0.5238,"0.8000",2,2,"1.0000",null,108.945,105.304,0.65323,27.3353,-7.72048,-6.85082,-0.869666,-8.8704,8.6087,-6.95943,-1.91097,0.0435,0.4783,0.5217,0.4348,0.2174,0.1304,"1.9130","Wing G",3.61421,"1999-08-21"],"games":22,"notes":"Wing G","projection":3.6142,"advanced_stats":{"tov_pg":0.8695652173913043,"usage_pct":0.16769565217391305,"plus_minus_pg":-2.782608695652174,"mins_pct":0.152,"is_qualified":false}}]}