{"bart_player_id":70694,"seasons":[{"year":2020,"team_name":"Towson","team_conference":"CAA","class":"Fr","raw_row":["Nigel Haughton","Towson","CAA",4,0.4,0,0,0,0,0,0,0,0,0,0,0,0,0,0,0,0,0,0,0,0,"Fr","6-1",4,-0.401255,-7.16742,0,2020,70694,"Bel Air, MD",null,"1.00000000",null,null,null,null,null,null,null,null,null,null,114.539,113.102,0.0617598,0.478166,-3.7837,-2.04931,-1.73439,-9.61468,"4.6000",-4.60751,-5.00718,"0.2000","0.4000","0.6000","0.2000","0.2000","0.0000","3.4000","PF/C",0,"2000-10-15"],"games":4,"notes":"PF/C","projection":0,"advanced_stats":{"tov_pg":0.16666666666666666,"usage_pct":0.08833333333333333,"plus_minus_pg":2.6666666666666665,"mins_pct":0.026,"is_qualified":false}}]}