{"bart_player_id":70697,"seasons":[{"year":2021,"team_name":"Gardner Webb","team_conference":"BSth","class":"Fr","raw_row":["Sammy Itodo","Gardner Webb","BSth",12,4.6,85.8,13,80,65.22,9.7,16.6,0,38.2,1,4,0.25,4,5,0.8,0,0,0,10.2,1.2,80,"Fr","6-8",25,-0.133478,75.6392,8.3,2021,70697,"Kaduna, Nigeria",null,"0.00000000",3,3,1,2,"1.0000","0.5000",0,0,null,null,98.4584,100.029,0.377914,10.0712,-4.86425,-5.86507,1.00082,-2.93073,"4.0000",-5.21293,2.28221,0.3333,0.5833,0.9167,"0.0000",0.0833,0.3333,"0.7500","C",0,"2000-10-15"],"games":12,"notes":"C","projection":0,"advanced_stats":{"tov_pg":0.3333333333333333,"usage_pct":0.22345454545454546,"plus_minus_pg":-1,"mins_pct":0.068,"is_qualified":false}}]}