{"bart_player_id":70699,"seasons":[{"year":2020,"team_name":"Fresno St.","team_conference":"MWC","class":"Fr","raw_row":["Niven Hart","Fresno St.","MWC",25,36.2,103.2,25.4,54.7,56.12,5.1,11.4,5.3,16.3,30,47,0.638,44,87,0.506,33,84,0.393,1.1,1.1,27.5,"Fr","6-5",4,1.41219,109.65,2.4,2020,70699,"Orlando, FL",null,0.30005199,35,58,9,29,0.6034,0.3103,8,10,"0.8000",null,108.049,105.723,1.25586,65.9038,-2.63682,0.619162,-3.25598,1.03221,17.5769,2.99362,-1.9614,0.7692,1.6923,2.4615,0.3462,0.3462,0.1538,8.7308,"Wing G",12.0107,"2000-07-21"],"games":25,"notes":"Wing G","projection":12.0107,"advanced_stats":{"tov_pg":1.1538461538461537,"usage_pct":0.2455769230769231,"plus_minus_pg":-5.5,"mins_pct":0.425,"is_qualified":false}}]}