{"bart_player_id":70705,"seasons":[{"year":2020,"team_name":"Northwestern","team_conference":"B10","class":"Sr","raw_row":["Pat Spencer","Northwestern","B10",31,72.6,96.4,23.8,45.7,50.55,2.7,12.9,29.2,19.4,66,81,0.815,110,229,0.48,12,51,0.235,0.9,1.6,28.9,"Sr","6-3",12,2.22688,107.428,2.8,2020,70705,"Davidsonville, MD",null,1.74283683,67,111,43,118,0.6036,0.3644,5,5,"1.0000",null,104.813,99.7741,2.77942,159.375,2.05823,1.41202,0.646207,1.23668,29.2903,0.783663,0.453017,0.6774,3.4516,"4.1290",3.9355,0.7742,0.2258,10.3871,"Scoring PG",3.37166,"1996-07-04"],"games":31,"notes":"Scoring PG","projection":3.3717,"advanced_stats":{"tov_pg":2.2580645161290325,"usage_pct":0.23216129032258062,"plus_minus_pg":-4,"mins_pct":0.726,"is_qualified":true}}]}