{"bart_player_id":70727,"seasons":[{"year":2020,"team_name":"Eastern Washington","team_conference":"BSky","class":"Fr","raw_row":["Abdullahi Mohamed","Eastern Washington","BSky",11,3.3,83.6,35.3,33.3,40.34,22.1,8.4,0,15.7,9,18,0.5,5,14,0.357,0,1,0,2.5,0,120,"Fr","6-8",44,0.137774,96.6669,10.3,2020,70727,"Seattle, WA",null,0.19994799,3,11,2,3,0.2727,0.6667,0,0,null,null,104.81,104.368,0.279452,6.05965,-18.9518,-9.03821,-9.91363,-13.7814,3.9231,-7.97582,-5.80556,0.8462,0.3846,1.2308,0.0769,0.0769,0.1538,2.3846,"C",1.40499,"2000-09-09"],"games":11,"notes":"C","projection":1.405,"advanced_stats":{"tov_pg":0.38461538461538464,"usage_pct":0.31584615384615383,"plus_minus_pg":-0.38461538461538464,"mins_pct":0.04,"is_qualified":false}}]}