{"bart_player_id":70759,"seasons":[{"year":2020,"team_name":"NJIT","team_conference":"ASun","class":"Fr","raw_row":["Xavier Mayo","NJIT","ASun",28,19.7,127.1,12.7,61.5,67.22,13.5,11.9,8.8,18.7,17,22,0.773,16,26,0.615,0,0,0,3,1.6,84.6,"Fr","6-7",32,0.739716,111.52,9.6,2020,70759,"Wappingers Falls, NY",null,1.11107662,13,17,3,9,0.7647,0.3333,0,0,null,null,102.907,105.328,0.622003,40.1629,1.53204,0.736291,0.795754,-3.57647,8.1429,-3.75718,0.180704,"1.0000",0.7857,1.7857,0.3571,0.2143,0.2143,"1.7500","PF/C",0,"2000-10-15"],"games":28,"notes":"PF/C","projection":0,"advanced_stats":{"tov_pg":0.32142857142857145,"usage_pct":0.1023214285714286,"plus_minus_pg":-1.48,"mins_pct":0.193,"is_qualified":false}}]}