{"bart_player_id":70822,"seasons":[{"year":2021,"team_name":"Murray St.","team_conference":"OVC","class":"Fr","raw_row":["Matt Smith","Murray St.","OVC",3,1.1,107.2,23.3,0,51.72,33.8,32.3,0,23.1,3,4,0.75,0,1,0,0,0,0,0,0,400,"Fr","6-6",11,0.299584,108.802,7.3,2021,70822,"Charlotte, NC",null,"0.50000000",0,1,0,0,"0.0000",null,0,0,null,null,97.4823,101.036,0.333606,2.12895,-15.2631,-4.56418,-10.6989,-5.98537,"5.7500",-2.13318,-3.85219,"1.0000","1.7500","2.7500","0.2500","0.0000","0.0000","2.7500","PF/C",0,"1999-12-23"],"games":3,"notes":"PF/C","projection":0,"advanced_stats":{"tov_pg":0.5,"usage_pct":0.20700000000000002,"plus_minus_pg":7,"mins_pct":0.024,"is_qualified":false}}]}