{"bart_player_id":70823,"seasons":[{"year":2020,"team_name":"Florida Atlantic","team_conference":"CUSA","class":"Sr","raw_row":["Cornelius Taylor","Florida Atlantic","CUSA",29,71,87.2,25.1,44.1,45.82,2,9.3,14.9,20.1,33,49,0.673,58,141,0.411,61,198,0.308,0.1,2.3,14.5,"Sr","6-0",0,0.689739,92.3422,3,2020,70823,"Claxton, GA",null,0.79013909,23,46,35,95,"0.5000",0.3684,0,0,null,null,100.897,101.796,2.51668,148.952,-2.13977,-1.23163,-0.908139,-2.92449,27.8125,-2.0798,-0.844685,"0.5000",2.1875,2.6875,"2.0000",1.1875,0.0312,"11.6250","Combo G",13.7123,"1996-09-21"],"games":29,"notes":"Combo G","projection":13.7123,"advanced_stats":{"tov_pg":2.53125,"usage_pct":0.27190625000000007,"plus_minus_pg":-5.3,"mins_pct":0.693,"is_qualified":true}}]}