{"bart_player_id":70839,"seasons":[{"year":2021,"team_name":"Texas A&M Corpus Chris","team_conference":"Slnd","class":"So","raw_row":["Evan Smith","Texas A&M Corpus Chris","Slnd",5,2,80.7,17,50,50.85,0,6.8,35.9,38.8,1,2,0.5,1,2,0.5,0,0,0,0,0,100,"So","6-0",21,-0.133016,73.9814,2.4,2021,70839,"Spring, TX",null,1.50017509,1,1,0,1,"1.0000","0.0000",0,0,null,null,112.461,116.728,0.124211,2.08712,-15.2586,-7.88824,-7.37031,-11.5617,3.2857,-6.31262,-5.24909,"0.0000",0.2857,0.2857,0.4286,"0.0000","0.0000",0.5714,"Pure PG",0,"2000-10-15"],"games":5,"notes":"Pure PG","projection":0,"advanced_stats":{"tov_pg":0.2857142857142857,"usage_pct":0.1117142857142857,"plus_minus_pg":1,"mins_pct":0.024,"is_qualified":false}}]}