{"bart_player_id":70848,"seasons":[{"year":2020,"team_name":"Brown","team_conference":"Ivy","class":"Fr","raw_row":["Carsten Kogelnik","Brown","Ivy",7,1.3,65.4,15.4,37.5,37.5,0,24.7,0,26.5,0,0,0,0,1,0,1,3,0.333,0,0,0,"Fr","6-6",3,-0.168464,61.0666,0,2020,70848,"Bethesda, MD",null,"0.00000000",0,0,0,1,null,"0.0000",0,0,null,null,101.672,100.932,0.183281,2.42686,-15.8277,-9.9494,-5.87832,-7.52775,"3.1250",-4.45127,-3.07649,"0.1250","0.5000","0.6250","0.0000","0.0000","0.0000","0.7500","Wing G",12.704,"2000-10-15"],"games":7,"notes":"Wing G","projection":12.704,"advanced_stats":{"tov_pg":0.25,"usage_pct":0.12250000000000001,"plus_minus_pg":0.5,"mins_pct":0.009,"is_qualified":false}}]}