{"bart_player_id":70851,"seasons":[{"year":2021,"team_name":"Youngstown St.","team_conference":"Horz","class":"Fr","raw_row":["Kenny Ganley, Jr.","Youngstown St.","Horz",6,5,104.7,13.8,46.2,43.01,9.2,0,0,0,0,2,0,3,6,0.5,2,7,0.286,0,0,15.4,"Fr","6-4",4,0.203512,92.7429,3.4,2021,70851,"Brecksville, OH",null,"0.66666670",1,3,2,3,0.3333,0.6667,0,0,null,null,116.978,117.467,0.26608,5.10568,-7.22023,-0.881363,-6.33886,-6.16492,12.7778,-0.8399,-5.32502,0.7778,0.5556,1.3333,0.2222,0.5556,"0.0000",3.3333,"Wing G",8.75422,"2000-10-15"],"games":6,"notes":"Wing G","projection":8.7542,"advanced_stats":{"tov_pg":0.375,"usage_pct":0.146,"plus_minus_pg":1.25,"mins_pct":0.107,"is_qualified":false}}]}