{"bart_player_id":70854,"seasons":[{"year":2021,"team_name":"Northern Illinois","team_conference":"MAC","class":"So","raw_row":["Daniel Filippone","Northern Illinois","MAC",4,1.6,30.1,7.4,0,0,0,0,14,0,0,0,0,0,2,0,0,0,0,0,4.9,0,"So","6-1",20,-0.653494,22.4801,0,2021,70854,"Antioch, IL",null,"1.00000000",0,0,0,2,null,"0.0000",0,0,null,null,113.665,103.713,0.245085,2.04857,-10.8817,-6.81089,-4.07082,-5.80235,"3.0000",-5.60476,-0.197588,"0.0000","0.0000","0.0000","0.2500","0.2500","0.0000","0.0000","Pure PG",0,"2000-10-15"],"games":4,"notes":"Pure PG","projection":0,"advanced_stats":{"tov_pg":0,"usage_pct":0.1075,"plus_minus_pg":0,"mins_pct":0.015,"is_qualified":false}}]}