{"bart_player_id":70871,"seasons":[{"year":2020,"team_name":"Maine","team_conference":"AE","class":"Fr","raw_row":["Agah Kizilkaya","Maine","AE",5,3.1,11.8,13.1,0,0,3.1,3.1,4.9,60.8,0,0,0,0,1,0,0,3,0,0,3.2,0,"Fr","6-3",11,-1.98962,9.8966,1.1,2020,70871,"Copenhagen, ",null,0.80007201,0,0,0,1,null,"0.0000",0,0,null,null,106.681,107.028,0.535683,5.85098,-13.8143,-12.6086,-1.20566,-13.6865,7.6667,-11.7786,-1.90789,0.1667,0.3333,"0.5000",0.6667,"0.5000","0.0000",1.3333,"Scoring PG",4.84814,"1999-04-29"],"games":5,"notes":"Scoring PG","projection":4.8481,"advanced_stats":{"tov_pg":0.8333333333333334,"usage_pct":0.2303333333333333,"plus_minus_pg":-1,"mins_pct":0.04,"is_qualified":false}}]}