{"bart_player_id":70888,"seasons":[{"year":2020,"team_name":"Austin Peay","team_conference":"OVC","class":"Fr","raw_row":["Pavle Djurisic","Austin Peay","OVC",10,6.6,86.4,22,51.9,51.11,4.1,19.2,4.8,25.5,3,7,0.429,8,14,0.571,4,13,0.308,1.3,0.7,25.9,"Fr","6-8",10,-0.0129231,84.8869,6.8,2020,70888,"Podgorica, Montenegro",null,0.33329261,6,7,2,7,0.8571,0.2857,1,1,"1.0000",null,104.443,105.058,0.634031,14.4873,-7.52112,-4.311,-3.21012,-6.40262,8.5455,-4.57747,-1.82515,0.2727,1.3636,1.6364,0.2727,0.0909,0.1818,3.0909,"Stretch 4",9.07102,"2000-06-01"],"games":10,"notes":"Stretch 4","projection":9.071,"advanced_stats":{"tov_pg":0.8181818181818182,"usage_pct":0.22563636363636366,"plus_minus_pg":1.2,"mins_pct":0.072,"is_qualified":false}}]}