{"bart_player_id":70889,"seasons":[{"year":2020,"team_name":"Long Beach St.","team_conference":"BW","class":"Fr","raw_row":["Max de Geest","Long Beach St.","BW",29,30.7,89.6,15.7,43.1,46.86,1.9,10.6,12.5,20.3,15,19,0.789,6,24,0.25,21,63,0.333,0,1.4,21.8,"Fr","6-3",10,-0.0475515,84.2606,1.6,2020,70889,"Oamaru, New Zealand",null,"1.07690470",1,5,5,19,"0.2000",0.2632,0,0,null,null,109.146,108.986,0.807874,60.4004,-4.09839,-1.60388,-2.49451,-3.70636,13.2581,-1.78639,-1.91997,0.1935,1.2258,1.4194,0.9032,0.3226,"0.0000",3.4194,"Combo G",9.52936,"2000-01-21"],"games":29,"notes":"Combo G","projection":9.5294,"advanced_stats":{"tov_pg":0.8387096774193549,"usage_pct":0.14993548387096772,"plus_minus_pg":-1.6666666666666667,"mins_pct":0.318,"is_qualified":true}}]}