{"bart_player_id":70890,"seasons":[{"year":2021,"team_name":"Long Beach St.","team_conference":"BW","class":"Fr","raw_row":["Shaden Knight","Long Beach St.","BW",8,16.4,108.5,15.1,63,65.3,3.8,3.5,15.3,26.5,6,8,0.75,4,9,0.444,7,14,0.5,0,1.8,34.8,"Fr","5-10",5,0.658377,98.1922,5,2021,70890,"Rancho Cucamonga, CA",null,1.11111111,3,6,1,3,"0.5000",0.3333,0,0,null,null,109.197,107.717,0.994418,18.6709,-1.14344,0.858815,-2.00225,-2.79798,"15.1250",-1.40987,-1.3881,"0.5000","0.5000","1.0000","1.2500","0.5000","0.0000","4.3750","Scoring PG",6.20061,"2000-10-15"],"games":8,"notes":"Scoring PG","projection":6.2006,"advanced_stats":{"tov_pg":1.125,"usage_pct":0.146875,"plus_minus_pg":-3.625,"mins_pct":0.164,"is_qualified":false}}]}