{"bart_player_id":70908,"seasons":[{"year":2021,"team_name":"Charleston","team_conference":"CAA","class":"So","raw_row":["Jeffrey Pizano-McInnis","Charleston","CAA",1,0.3,0,0,0,0,0,0,0,0,0,0,0,0,0,0,0,0,0,0,0,0,"So","6-1",32,-0.644134,-7.55892,20,2021,70908,"Moline, IL",null,"0.00000000",null,null,null,null,null,null,null,null,null,null,114.222,119.062,0.0568614,0.225344,-5.33313,-2.93775,-2.39538,-22.0829,"2.0000",-19.2671,-2.81588,"0.0000","0.0000","0.0000","0.0000","0.0000","0.0000","0.0000","PF/C",0,"2000-11-07"],"games":1,"notes":"PF/C","projection":0,"advanced_stats":{"tov_pg":0,"usage_pct":0,"plus_minus_pg":-2,"mins_pct":0.003,"is_qualified":false}}]}