{"bart_player_id":70900,"seasons":[{"year":2021,"team_name":"Northwestern","team_conference":"B10","class":"Jr","raw_row":["Eric Zalewski","Northwestern","B10",6,0.6,232.5,2.3,0,0,0,0,27.1,0,0,0,0,0,0,0,0,0,0,0,9.6,0,"Jr","6-0",55,0.319816,181.262,6.7,2021,70900,"Buffalo Groove, IL",null,1.71419997,null,null,null,null,null,null,null,null,null,null,90.0402,91.1665,0.12022,1.66472,-0.111896,-2.15909,2.0472,3.92664,1.4286,-3.93582,7.86246,0.1429,0.1429,0.2857,0.2857,0.1429,"0.0000","0.0000","Pure PG",0,"1999-02-16"],"games":6,"notes":"Pure PG","projection":0,"advanced_stats":{"tov_pg":0,"usage_pct":0.030571428571428572,"plus_minus_pg":-0.14285714285714285,"mins_pct":0.011,"is_qualified":false}}]}