{"bart_player_id":70912,"seasons":[{"year":2020,"team_name":"Weber St.","team_conference":"BSky","class":"Fr","raw_row":["Austin Galuppo","Weber St.","BSky",9,5.4,58.5,25.5,29.5,33.47,0,11.6,9.1,25.9,3,4,0.75,2,7,0.286,3,15,0.2,0,1.9,18.2,"Fr","6-5",2,-0.576575,61.6039,3.2,2020,70912,"Santa Clarita, ",null,0.81815206,1,3,1,4,0.3333,"0.2500",0,0,null,null,108.451,109.416,0.435402,10.3139,-13.0537,-8.73822,-4.31546,-13.3337,"9.0000",-9.37945,-3.9542,0.0833,"1.2500",1.3333,"0.7500","0.2500","0.0000",2.9167,"Wing G",14.117,"1998-10-26"],"games":9,"notes":"Wing G","projection":14.117,"advanced_stats":{"tov_pg":0.9166666666666666,"usage_pct":0.2785,"plus_minus_pg":3.6666666666666665,"mins_pct":0.068,"is_qualified":false}}]}