{"bart_player_id":70952,"seasons":[{"year":2021,"team_name":"Radford","team_conference":"BSth","class":"Fr","raw_row":["Kobe Tigney","Radford","BSth",4,0.7,48.5,16.6,0,52.63,0,17.1,0,52.9,1,2,0.5,0,0,0,0,0,0,0,0,0,"Fr","6-3",21,-0.248574,44.3214,5.7,2021,70952,"Winchester, VA",null,"0.00000000",0,0,0,0,null,null,0,0,null,null,103.999,112.523,0.0894675,1.0702,-16.718,-12.8122,-3.90578,-18.0128,"2.0000",-13.5088,-4.50407,0.1667,0.3333,"0.5000","0.0000","0.0000","0.0000",0.1667,"PF/C",0,"1999-12-31"],"games":4,"notes":"PF/C","projection":0,"advanced_stats":{"tov_pg":0.2,"usage_pct":0.0948,"plus_minus_pg":1,"mins_pct":0.012,"is_qualified":false}}]}