{"bart_player_id":70956,"seasons":[{"year":2022,"team_name":"Louisiana","team_conference":"SB","class":"So","raw_row":["Durey Cadwell","Louisiana","SB",22,14.9,96.4,12.8,41.9,42.77,2,11.4,9.8,12.8,2,3,0.667,3,10,0.3,10,33,0.303,0.6,1.3,7,"So","6-5",11,0.0489983,87.1934,4.1,2022,70956,"Houston, TX",null,1.66680002,0,1,3,9,"0.0000",0.3333,0,0,null,null,102.633,104.953,0.6125,28.4991,-2.12681,-0.783943,-1.34287,-2.68856,"7.6250",-2.73528,0.0467297,"0.1250",0.8333,0.9583,0.4167,0.1667,0.0417,1.6667,"Combo G",10.8036,"1999-12-10"],"games":22,"notes":"Combo G","projection":10.8036,"advanced_stats":{"tov_pg":0.25,"usage_pct":0.13704166666666667,"plus_minus_pg":1.5833333333333333,"mins_pct":0.145,"is_qualified":false}}]}