{"bart_player_id":70959,"seasons":[{"year":2020,"team_name":"Texas St.","team_conference":"SB","class":"Jr","raw_row":["DeShawn Davidson","Texas St.","SB",14,12.1,92.7,14.5,39.1,45.49,0,7.2,12.3,16.9,8,9,0.889,5,11,0.455,5,21,0.238,0,1.2,28.1,"Jr","6-3",0,0.02579,86.0489,3.5,2020,70959,"Waukegan, IL",null,1.66674999,1,2,4,9,"0.5000",0.4444,0,0,null,null,101.594,102.265,0.91366,21.5988,-2.63808,-1.42297,-1.2151,-2.71798,"10.8000",-2.92128,0.2033,"0.0000",0.7333,0.7333,0.6667,"0.2000","0.0000",2.5333,"Combo G",8.56764,"1998-10-15"],"games":14,"notes":"Combo G","projection":8.5676,"advanced_stats":{"tov_pg":0.4,"usage_pct":0.13260000000000002,"plus_minus_pg":0.4,"mins_pct":0.127,"is_qualified":false}}]}