{"bart_player_id":70964,"seasons":[{"year":2022,"team_name":"Lamar","team_conference":"WAC","class":"Fr","raw_row":["Clayton Carpenter","Lamar","WAC",23,24.7,87.4,11.8,51.5,52.33,9,14.2,5.2,31.8,7,13,0.538,17,33,0.515,0,0,0,4.7,0.7,39.4,"Fr","6-9",35,-0.364664,76.3451,6.3,2022,70964,"Beaumont, TX",null,0.36842106,13,22,4,11,0.5909,0.3636,0,0,null,null,110.913,113.244,0.57016,43.9782,-4.90006,-4.73754,-0.162519,-7.93417,"10.9600",-6.45552,-1.47865,"0.9200","1.2800","2.2000","0.2800","0.1200","0.4000","1.6400","C",0,"2000-10-15"],"games":23,"notes":"C","projection":0,"advanced_stats":{"tov_pg":0.76,"usage_pct":0.09476,"plus_minus_pg":-4.56,"mins_pct":0.236,"is_qualified":true}}]}