{"bart_player_id":70989,"seasons":[{"year":2020,"team_name":"Norfolk St.","team_conference":"MEAC","class":"Jr","raw_row":["Spirit Ricks","Norfolk St.","MEAC",23,31,73.9,18.9,35.5,41.07,4.2,20.7,8.3,29,19,24,0.792,17,41,0.415,9,45,0.2,0.4,0.7,27.9,"Jr","6-8",22,-0.79613,69.5505,5.4,2020,70989,"Patterson, CA",null,0.41179169,11,22,6,19,"0.5000",0.3158,1,1,"1.0000",null,95.7306,102.331,1.26097,63.737,-8.77298,-7.36094,-1.41204,-9.71776,14.6538,-8.20564,-1.51212,0.5385,2.6538,3.1923,0.5385,0.1538,0.0385,3.6923,"Stretch 4",7.69997,"1998-02-16"],"games":23,"notes":"Stretch 4","projection":7.7,"advanced_stats":{"tov_pg":1.3076923076923077,"usage_pct":0.19130769230769232,"plus_minus_pg":-5,"mins_pct":0.274,"is_qualified":false}}]}