{"bart_player_id":70997,"seasons":[{"year":2020,"team_name":"Jackson St.","team_conference":"SWAC","class":"Jr","raw_row":["Miles Daniels","Jackson St.","SWAC",25,25.2,80.7,16.7,36.2,35.85,1.5,4.5,10.5,7.9,2,8,0.25,10,25,0.4,17,73,0.233,0.4,2.1,8.2,"Jr","6-3",13,-0.45608,74.4606,3.3,2020,70997,"Gulfport, MS",null,2.12479686,4,8,6,17,"0.5000",0.3529,0,0,null,null,101.643,106.506,0.873347,46.3257,-4.84981,-2.42332,-2.42649,-5.34317,12.2692,-4.10797,-1.2352,0.2308,0.4231,0.6538,0.6538,0.4231,0.0385,3.2308,"Combo G",13.7241,"1999-07-06"],"games":25,"notes":"Combo G","projection":13.7241,"advanced_stats":{"tov_pg":0.4074074074074074,"usage_pct":0.20029629629629625,"plus_minus_pg":-2.75,"mins_pct":0.286,"is_qualified":true}}]}