{"bart_player_id":71001,"seasons":[{"year":2022,"team_name":"Eastern Kentucky","team_conference":"ASun","class":"Fr","raw_row":["Jordan Reeves-Young","Eastern Kentucky","ASun",1,0.1,0,0,0,0,0,0,0,0,0,0,0,0,0,0,0,0,0,0,0,0,"Fr","6-3",30,-0.320491,-6.96255,40,2022,71001,"Brooklyn, NY",null,"0.00000000",null,null,null,null,null,null,null,null,null,null,112.678,138.936,-0.0400368,0.126286,-8.14575,-4.94334,-3.20241,-33.3533,"1.2000",-31.9977,-1.35555,"0.0000","0.0000","0.0000","0.0000","0.0000","0.0000","0.6000","PF/C",0,"2000-10-15"],"games":1,"notes":"PF/C","projection":0,"advanced_stats":{"tov_pg":0.2,"usage_pct":0.27759999999999996,"plus_minus_pg":-0.4,"mins_pct":0.006,"is_qualified":false}}]}