{"bart_player_id":71019,"seasons":[{"year":2020,"team_name":"Old Dominion","team_conference":"CUSA","class":"Sr","raw_row":["Drew Lakey","Old Dominion","CUSA",5,0.5,88.8,23.6,33.3,33.33,17.7,19.1,0,0,0,0,0,1,1,1,0,2,0,0,0,0,"Sr","6-4",35,0.0346946,93.6731,6.7,2020,71019,"Alexandria, VA",null,"0.00000000",0,0,1,1,null,"1.0000",0,0,null,null,100.729,99.4564,0.116112,0.975907,-12.2534,-2.39877,-9.85466,-4.7853,"1.2000",-2.44419,-2.34111,"0.2000","0.2000","0.4000","0.0000","0.0000","0.0000","0.4000","PF/C",18.3615,"1997-10-15"],"games":5,"notes":"PF/C","projection":18.3615,"advanced_stats":{"tov_pg":0,"usage_pct":0.15175,"plus_minus_pg":3,"mins_pct":0.007,"is_qualified":false}}]}