{"bart_player_id":71012,"seasons":[{"year":2020,"team_name":"Sacramento St.","team_conference":"BSky","class":"Fr","raw_row":["Ryan Blackmon","Sacramento St.","BSky",2,0.3,212.7,22.4,0,105.26,0,0,59.5,0,2,2,1,0,0,0,0,0,0,0,0,0,"Fr","6-0",12,0.674082,214.848,26.7,2020,71012,"Inglewood, CA",null,"4.00000000",0,0,0,0,null,null,0,0,null,null,105.403,108.851,0.0962429,0.328693,5.14006,18.4057,-13.2657,13.2263,"3.7500",4.78863,8.43764,"0.0000","0.2500","0.2500","1.0000","0.0000","0.0000","1.0000","PF/C",0,"2000-10-15"],"games":2,"notes":"PF/C","projection":0,"advanced_stats":{"tov_pg":0.25,"usage_pct":0.2855,"plus_minus_pg":4.25,"mins_pct":0.012,"is_qualified":false}}]}