{"bart_player_id":71052,"seasons":[{"year":2020,"team_name":"UMass Lowell","team_conference":"AE","class":"Jr","raw_row":["Jordyn Owens","UMass Lowell","AE",24,44.1,82.5,20.3,33.6,40.79,1.1,8.1,22.6,23.7,45,64,0.703,26,80,0.325,14,60,0.233,0.2,2,45.7,"Jr","6-1",3,-0.264197,81.9851,3.7,2020,71052,"Montclair, NJ",null,1.51020407,21,66,5,14,0.3182,0.3571,0,0,null,null,109.835,115.002,0.971414,89.8684,-8.463,-3.50105,-4.96195,-8.12219,"22.7200",-4.83848,-3.28371,"0.2000","1.5200","1.7200","2.9600","0.8400","0.0400","5.8000","Scoring PG",6.12375,"1998-10-15"],"games":24,"notes":"Scoring PG","projection":6.1238,"advanced_stats":{"tov_pg":1.96,"usage_pct":0.19471999999999998,"plus_minus_pg":-0.5652173913043478,"mins_pct":0.418,"is_qualified":true}}]}