{"bart_player_id":71072,"seasons":[{"year":2020,"team_name":"Cornell","team_conference":"Ivy","class":"Fr","raw_row":["Chuks Uzoka","Cornell","Ivy",2,0.2,0,0,0,0,0,0,0,0,0,0,0,0,0,0,0,0,0,0,0,0,"Fr","6-6",10,-0.323068,-7.76202,0,2020,71072,"Richmond, TX",null,"0.00000000",null,null,null,null,null,null,null,null,null,null,119.345,122.543,0.0166481,0.181109,-6.88001,-3.62409,-3.25592,-10.0051,"1.0000",-4.80475,-5.20036,"0.0000","0.0000","0.0000","0.0000","0.0000","0.0000","0.0000","PF/C",0,"2000-10-15"],"games":2,"notes":"PF/C","projection":0,"advanced_stats":{"tov_pg":0,"usage_pct":0,"plus_minus_pg":0,"mins_pct":0.002,"is_qualified":false}}]}