{"bart_player_id":71086,"seasons":[{"year":2020,"team_name":"Stetson","team_conference":"ASun","class":"So","raw_row":["Cyriaque Foucart","Stetson","ASun",17,5.5,16.8,20,5.3,9.57,0,8.8,0,32.1,2,4,0.5,1,9,0.111,0,10,0,0,0,21.1,"So","6-9",20,-0.956191,16.4512,5.9,2020,71086,"Paris, ",null,0.11104075,0,1,1,3,"0.0000",0.3333,0,0,null,null,111.651,115.215,0.168307,8.45506,-22.7049,-15.8,-6.90486,-23.1524,4.7895,-16.8045,-6.34794,0.0526,0.4737,0.5263,0.0526,0.0526,0.1053,0.3684,"PF/C",9.12096,"1999-10-15"],"games":17,"notes":"PF/C","projection":9.121,"advanced_stats":{"tov_pg":0.5,"usage_pct":0.1198888888888889,"plus_minus_pg":-0.3125,"mins_pct":0.067,"is_qualified":false}}]}