{"bart_player_id":71114,"seasons":[{"year":2020,"team_name":"North Alabama","team_conference":"ASun","class":"Fr","raw_row":["Austin Meloche","North Alabama","ASun",5,0.6,35.5,21.1,0,25.64,0,0,0,38.5,1,2,0.5,0,0,0,0,1,0,0,0,200,"Fr","6-1",22,-0.247938,34.3039,0,2020,71114,"Palm Harbor, FL",null,"1.00000000",0,0,0,0,null,null,0,0,null,null,110.711,119.585,0.0376796,0.750075,-18.143,-12.4451,-5.6979,-19.1249,1.8571,-11.5735,-7.55139,"0.0000","0.0000","0.0000",0.1429,"0.0000","0.0000",0.1429,"Scoring PG",8.44272,"2000-03-12"],"games":5,"notes":"Scoring PG","projection":8.4427,"advanced_stats":{"tov_pg":0.14285714285714285,"usage_pct":0.13357142857142856,"plus_minus_pg":-2.5,"mins_pct":0.012,"is_qualified":false}}]}