{"bart_player_id":71127,"seasons":[{"year":2020,"team_name":"Presbyterian","team_conference":"BSth","class":"Fr","raw_row":["CJ Melton","Presbyterian","BSth",27,13.3,90,14.2,57.1,58.47,9.9,10.5,8.5,36.3,5,8,0.625,9,16,0.563,2,5,0.4,1.6,1.5,38.1,"Fr","6-4",3,-0.135672,78.7234,5.7,2020,71127,"Hoover, AL",null,0.43755665,7,12,2,4,0.5833,"0.5000",1,1,"1.0000",null,111.603,115.471,0.243355,25.8357,-4.95477,-2.79012,-2.16465,-6.27626,6.7586,-3.68095,-2.59531,0.5862,0.5862,1.1724,0.2414,0.1724,0.1034,1.1379,"Wing G",1.84251,"2000-10-15"],"games":27,"notes":"Wing G","projection":1.8425,"advanced_stats":{"tov_pg":0.5517241379310345,"usage_pct":0.10058620689655172,"plus_minus_pg":-0.17391304347826086,"mins_pct":0.144,"is_qualified":false}}]}