{"bart_player_id":71135,"seasons":[{"year":2020,"team_name":"Tennessee Martin","team_conference":"OVC","class":"Jr","raw_row":["Steve Wooten Jr.","Tennessee Martin","OVC",4,8.9,107.6,19.7,52.7,54.02,4.7,27.3,4.4,12,2,2,1,12,20,0.6,5,17,0.294,1.2,4.1,5.4,"Jr","6-6",23,1.68329,105.345,4.9,2020,71135,"Madison, WI",null,0.60000002,8,10,4,10,"0.8000","0.4000",0,0,null,null,108.247,109.591,1.49359,24.4674,-3.50555,0.0309634,-3.53652,0.414877,"22.2000",1.00985,-0.594975,"1.0000","5.0000","6.0000","0.6000","1.6000","0.2000","8.2000","Wing F",10.1089,"1998-12-16"],"games":4,"notes":"Wing F","projection":10.1089,"advanced_stats":{"tov_pg":1,"usage_pct":0.18439999999999998,"plus_minus_pg":2.8,"mins_pct":0.111,"is_qualified":false}}]}