{"bart_player_id":71145,"seasons":[{"year":2020,"team_name":"Marist","team_conference":"MAAC","class":"Fr","raw_row":["Jack Cavanaugh","Marist","MAAC",22,21.6,73.5,19.9,45.4,47.16,1.3,9,14.7,34.8,5,6,0.833,7,20,0.35,15,45,0.333,2.1,0.5,9.2,"Fr","6-4",2,-0.567142,71.334,3.3,2020,71145,"Sparta, NJ",null,0.56666178,3,9,4,11,0.3333,0.3636,0,1,"0.0000",null,104.202,109.13,0.737347,37.2076,-9.75218,-7.07936,-2.67282,-9.48147,"12.0000",-5.99441,-3.48705,0.1364,0.8636,"1.0000",0.7727,0.0909,0.1818,2.9091,"Combo G",10.3701,"2000-10-15"],"games":22,"notes":"Combo G","projection":10.3701,"advanced_stats":{"tov_pg":1.3636363636363635,"usage_pct":0.21831818181818177,"plus_minus_pg":-3,"mins_pct":0.222,"is_qualified":true}}]}