{"bart_player_id":71156,"seasons":[{"year":2020,"team_name":"Merrimack","team_conference":"NEC","class":"Sr","raw_row":["Jaleel Lord","Merrimack","NEC",28,74,92.8,20,45.5,48.46,2.3,14.2,7.7,13.3,38,47,0.809,48,110,0.436,53,170,0.312,0.9,1.9,16.8,"Sr","6-4",13,0.468577,89.6032,2.8,2020,71156,"Jersey City, NJ",null,0.79491375,23,46,25,64,"0.5000",0.3906,0,0,null,null,96.9662,100.249,2.97852,148.76,-2.39588,-2.02106,-0.374819,-1.77034,31.6207,-1.40346,-0.366873,0.6207,3.4828,4.1034,"1.0690","1.0000",0.2414,10.6897,"Wing G",11.8803,"1997-10-15"],"games":28,"notes":"Wing G","projection":11.8803,"advanced_stats":{"tov_pg":1.3448275862068966,"usage_pct":0.22079310344827588,"plus_minus_pg":3.8518518518518516,"mins_pct":0.748,"is_qualified":true}}]}