{"bart_player_id":71151,"seasons":[{"year":2020,"team_name":"Merrimack","team_conference":"NEC","class":"Jr","raw_row":["Khalief Crawford","Merrimack","NEC",11,4.9,59.6,25.6,28.1,38.81,0,11,7.1,33.3,6,7,0.857,3,9,0.333,1,7,0.143,0,1.1,43.8,"Jr","6-1",1,-0.466403,60.2815,4.1,2020,71151,"Linden, NJ",null,0.62501875,2,6,1,3,0.3333,0.3333,0,0,null,null,100.504,103.82,0.437765,8.21374,-16.2175,-12.9443,-3.27313,-13.5405,6.0833,-9.56146,-3.97903,0.0833,0.4167,"0.5000",0.4167,0.1667,"0.0000",1.5833,"Wing G",7.38775,"1998-10-15"],"games":11,"notes":"Wing G","projection":7.3878,"advanced_stats":{"tov_pg":0.7272727272727273,"usage_pct":0.19781818181818178,"plus_minus_pg":1.8,"mins_pct":0.05,"is_qualified":false}}]}