{"bart_player_id":71222,"seasons":[{"year":2021,"team_name":"Nebraska","team_conference":"B10","class":"Fr","raw_row":["Bret Porter","Nebraska","B10",7,1,42.8,6.7,0,0,0,10.7,16.6,81.7,0,0,0,0,0,0,0,0,0,11.8,0,0,"Fr","6-5",44,-0.255379,33.7383,4,2021,71222,"Omaha, NE",null,"1.00000000",null,null,null,null,null,null,null,null,null,null,103.83,96.4012,0.152951,1.85666,-2.13394,-9.02747,6.89353,-1.70213,1.4286,-5.56966,3.86753,"0.0000",0.1429,0.1429,0.1429,"0.0000",0.1429,"0.0000","PF/C",0,"2000-09-10"],"games":7,"notes":"PF/C","projection":0,"advanced_stats":{"tov_pg":0.14285714285714285,"usage_pct":0.03628571428571429,"plus_minus_pg":0,"mins_pct":0.009,"is_qualified":false}}]}