{"bart_player_id":71268,"seasons":[{"year":2020,"team_name":"Mississippi","team_conference":"SEC","class":"Jr","raw_row":["Conner McKay","Mississippi","SEC",2,0.2,0,0,0,0,0,0,0,0,0,0,0,0,0,0,0,0,0,0,0,0,"Jr","5-11",34,-0.48128,-7.12383,0,2020,71268,"Baldwyn, MS",null,"0.00000000",null,null,null,null,null,null,null,null,null,null,110.193,108.948,0.095737,0.29253,-3.31766,-2.96496,-0.352697,-9.17518,"1.5000",-6.01449,-3.16069,"0.0000","0.0000","0.0000","0.0000","0.0000","0.0000","0.0000","PF/C",0,"1997-10-31"],"games":2,"notes":"PF/C","projection":0,"advanced_stats":{"tov_pg":0,"usage_pct":0,"plus_minus_pg":1.5,"mins_pct":0.002,"is_qualified":false}}]}