{"bart_player_id":71276,"seasons":[{"year":2020,"team_name":"Lamar","team_conference":"Slnd","class":"Jr","raw_row":["Anthony Cameron","Lamar","Slnd",8,4.4,87.8,8.3,28.6,37.74,4.3,6.6,3.3,12.9,2,2,1,2,7,0.286,0,0,0,0,1.1,28.6,"Jr","6-8",25,-0.317542,71.0425,10.8,2020,71276,"Chicago, IL",null,"0.50000000",2,5,0,2,"0.4000","0.0000",0,0,null,null,105.497,108.081,0.427729,7.70981,-6.20938,-4.2667,-1.94268,-8.45898,"7.1000",-8.05688,-0.402104,"0.3000","0.5000","0.8000","0.1000","0.1000","0.0000","1.0000","C",0,"1998-10-15"],"games":8,"notes":"C","projection":0,"advanced_stats":{"tov_pg":0.2,"usage_pct":0.13110000000000002,"plus_minus_pg":-2.5555555555555554,"mins_pct":0.046,"is_qualified":false}}]}