{"bart_player_id":71369,"seasons":[{"year":2020,"team_name":"Western Illinois","team_conference":"Sum","class":"Jr","raw_row":["Kyle Arrington","Western Illinois","Sum",23,30.6,107.8,17.8,57.4,59.34,11.4,23.2,5.7,21.1,21,33,0.636,35,59,0.593,0,2,0,4.2,1.5,54.1,"Jr","6-10",42,0.718353,101.547,7.9,2020,71369,"Council Bluffs, IA",null,0.45000001,28,44,7,15,0.6364,0.4667,4,4,"1.0000",null,109.901,110.347,0.753291,62.9172,-2.36675,-1.93765,-0.429097,-3.77844,"12.6400",-3.10618,-0.67226,"1.3200","2.4400","3.7600","0.3600","0.3200","0.4800","4.1200","C",0.375789,"1998-10-15"],"games":23,"notes":"C","projection":0.3758,"advanced_stats":{"tov_pg":0.8,"usage_pct":0.18940000000000004,"plus_minus_pg":-3.08,"mins_pct":0.298,"is_qualified":true}}]}