{"bart_player_id":71378,"seasons":[{"year":2020,"team_name":"Chattanooga","team_conference":"SC","class":"Jr","raw_row":["Stefan Kenic","Chattanooga","SC",25,30.7,110.4,22.9,57.4,62.58,4.6,14.5,9.4,19.4,47,59,0.797,33,63,0.524,22,52,0.423,0.9,1.2,51.3,"Jr","6-9",null,1.45451,112.911,4.9,2020,71378,"Belgrade, Serbia",null,0.76671768,25,39,8,24,"0.6410",0.3333,1,1,"1.0000",null,102.661,103.629,1.25101,68.2259,0.193825,1.63363,-1.4398,1.19723,15.5185,1.5127,-0.31547,0.7037,1.8889,2.5926,0.8519,0.3333,0.1111,7.1852,"Wing F",7.9542,"1997-04-27"],"games":25,"notes":"Wing F","projection":7.9542,"advanced_stats":{"tov_pg":1.1111111111111112,"usage_pct":0.24059259259259258,"plus_minus_pg":1.7083333333333333,"mins_pct":0.306,"is_qualified":true}}]}