{"bart_player_id":71403,"seasons":[{"year":2020,"team_name":"Alabama A&M","team_conference":"SWAC","class":"Fr","raw_row":["Mason Ellison","Alabama A&M","SWAC",8,1.5,171.6,6.8,75,80.81,0,52.6,11.4,0,1,1,1,0,1,0,1,1,1,0,0,50,"Fr","6-6",1,0.425761,139.873,6.7,2020,71403,"Huntsville, AL",null,"1.00000000",0,1,0,0,"0.0000",null,0,0,null,null,94.1269,99.1605,0.220019,4.48757,-4.12247,-3.51658,-0.605895,0.267066,"2.2500",-0.698235,0.965301,"0.0000","1.0000","1.0000","0.1250","0.0000","0.0000","0.5000","PF/C",3.16911,"1999-09-17"],"games":8,"notes":"PF/C","projection":3.1691,"advanced_stats":{"tov_pg":0,"usage_pct":0.025166666666666667,"plus_minus_pg":-1,"mins_pct":0.016,"is_qualified":false}}]}