{"bart_player_id":71401,"seasons":[{"year":2021,"team_name":"Northern Arizona","team_conference":"BSky","class":"Fr","raw_row":["Jackson Larsen","Northern Arizona","BSky",17,10.1,98,15.6,57.9,54.92,4,15.9,7.5,17.5,2,6,0.333,11,19,0.579,0,0,0,0,3.4,31.6,"Fr","6-7",11,0.114396,91.5992,1.8,2021,71401,"El Cajon, CA",null,"0.75010620",6,9,5,10,0.6667,"0.5000",2,4,"0.5000",null,110.46,110.455,0.302982,16.3993,-4.25901,-2.67139,-1.58762,-1.17481,5.2353,-0.488667,-0.686139,0.1765,0.5882,0.7647,0.1765,0.2941,"0.0000",1.4118,"Wing G",0,"2001-04-20"],"games":17,"notes":"Wing G","projection":0,"advanced_stats":{"tov_pg":0.2222222222222222,"usage_pct":0.10394444444444445,"plus_minus_pg":-1.7222222222222223,"mins_pct":0.101,"is_qualified":false}}]}