{"bart_player_id":71412,"seasons":[{"year":2020,"team_name":"Indiana","team_conference":"B10","class":"Jr","raw_row":["Jacquez Henderson","Indiana","B10",1,0.1,0,0,0,0,0,0,0,0,0,0,0,0,0,0,0,0,0,0,0,0,"Jr","6-2",22,-0.319034,-6.59972,0,2020,71412,"Winter Park, FL",null,"0.00000000",null,null,null,null,null,null,null,null,null,null,108.038,112.965,0.0498859,0.105498,-0.771654,-1.38914,0.617484,-7.16349,"1.0000",-5.06913,-2.09436,"0.0000","0.0000","0.0000","0.0000","0.0000","0.0000","0.0000","PF/C",0,"1997-12-27"],"games":1,"notes":"PF/C","projection":0,"advanced_stats":{"tov_pg":0,"usage_pct":0,"plus_minus_pg":-2,"mins_pct":0,"is_qualified":false}}]}