{"bart_player_id":71460,"seasons":[{"year":2021,"team_name":"Oregon St.","team_conference":"P12","class":"Jr","raw_row":["Joey Potts","Oregon St.","P12",4,0.5,102.9,7.7,0,52.63,0,16.9,0,0,1,2,0.5,0,0,0,0,0,0,0,0,0,"Jr","6-10",23,0.0249843,89.3701,5.7,2021,71460,"Petaluma, CA",null,"0.00000000",0,0,0,0,null,null,0,0,null,null,106.783,97.5931,0.180127,1.03554,-5.85755,-3.12682,-2.73073,-6.16091,"2.4000",-3.48172,-2.6792,"0.4000","0.4000","0.8000","0.0000","0.0000","0.0000","1.2000","C",0,"1999-08-11"],"games":4,"notes":"C","projection":0,"advanced_stats":{"tov_pg":0,"usage_pct":0.0924,"plus_minus_pg":0.6,"mins_pct":0.009,"is_qualified":false}}]}