{"bart_player_id":71472,"seasons":[{"year":2022,"team_name":"Wake Forest","team_conference":"ACC","class":"Sr","raw_row":["Anthony Mathis Jr.","Wake Forest","ACC",4,0.4,0,13.3,0,0,0,17.8,0,0,0,0,0,0,0,0,0,2,0,0,9.4,0,"Sr","6-0",45,-0.450431,-1.14028,6.7,2022,71472,"Louisville, KY",null,"0.00000000",0,0,0,0,null,null,0,0,null,null,80.2792,80.1111,0.246127,2.00887,-3.93498,-7.08289,3.1479,-11.5991,"1.5000",-16.4809,4.88179,"0.0000","0.2500","0.2500","0.0000","0.2500","0.0000","0.0000","Scoring PG",19.7293,"1998-12-15"],"games":4,"notes":"Scoring PG","projection":19.7293,"advanced_stats":{"tov_pg":0,"usage_pct":0.16275,"plus_minus_pg":-1.75,"mins_pct":0.005,"is_qualified":false}}]}