{"bart_player_id":71542,"seasons":[{"year":2020,"team_name":"Wofford","team_conference":"SC","class":"Fr","raw_row":["Zion Richardson","Wofford","SC",30,17,86,14,38.3,44.65,7.9,8.6,8.3,28.6,11,17,0.647,7,16,0.438,3,14,0.214,0,1.9,56.7,"Fr","6-4",0,-0.205647,77.4109,3.7,2020,71542,"Plano, TX",null,0.89457727,6,10,1,6,"0.6000",0.1667,0,0,null,null,105.548,105.969,0.554226,35.666,-3.29762,-2.70215,-0.595465,-5.10061,8.0938,-4.21758,-0.88303,0.4688,0.6875,1.1562,0.5312,"0.2500","0.0000",1.1875,"Wing G",3.72805,"2001-01-23"],"games":30,"notes":"Wing G","projection":3.7281,"advanced_stats":{"tov_pg":0.59375,"usage_pct":0.11134375000000002,"plus_minus_pg":1.6,"mins_pct":0.19,"is_qualified":true}}]}