{"bart_player_id":71549,"seasons":[{"year":2020,"team_name":"North Carolina A&T","team_conference":"MEAC","class":"Fr","raw_row":["Darus Maddox","North Carolina A&T","MEAC",23,10.1,64.5,16.9,37.1,38.79,4.1,3.3,3,29.9,4,8,0.5,10,18,0.556,1,13,0.077,0,2.1,25.8,"Fr","6-0",15,-0.502744,58.7504,5.7,2020,71549,"Lusby, MD",null,0.30773492,7,12,3,6,0.5833,"0.5000",1,1,"1.0000",null,100.961,105.826,0.406773,20.874,-9.15125,-7.29875,-1.8525,-10.7413,5.8333,-8.85894,-1.88231,0.2917,0.2917,0.5833,0.1667,0.3333,"0.0000","1.3750","Wing G",5.47471,"2000-10-15"],"games":23,"notes":"Wing G","projection":5.4747,"advanced_stats":{"tov_pg":0.5416666666666666,"usage_pct":0.2202380952380952,"plus_minus_pg":-1.4,"mins_pct":0.106,"is_qualified":false}}]}