{"bart_player_id":71592,"seasons":[{"year":2020,"team_name":"Niagara","team_conference":"MAAC","class":"Fr","raw_row":["Damani Thomas","Niagara","MAAC",17,9.3,133.5,10.2,73.3,71.94,6,17.9,9.6,14.7,3,5,0.6,5,9,0.556,4,6,0.667,0,4,33.3,"Fr","6-2",21,0.707223,114.427,2.3,2020,71592,"kingston, NY",null,"1.99943350",5,7,0,2,0.7143,"0.0000",0,0,null,null,102.008,107.778,0.475672,26.034,1.73773,1.6942,0.0435318,2.16079,7.0588,1.61363,0.547167,0.3529,1.0588,1.4118,0.3529,0.4706,"0.0000",1.4706,"Wing G",3.01989,"2000-10-15"],"games":17,"notes":"Wing G","projection":3.0199,"advanced_stats":{"tov_pg":0.17647058823529413,"usage_pct":0.10311764705882352,"plus_minus_pg":0.6470588235294118,"mins_pct":0.096,"is_qualified":false}}]}