{"bart_player_id":71598,"seasons":[{"year":2020,"team_name":"Pepperdine","team_conference":"WCC","class":"Jr","raw_row":["Skylar Chavez","Pepperdine","WCC",31,72,111.9,14.6,53.9,57.14,2.2,6.8,6.2,11,46,55,0.836,50,103,0.485,55,143,0.385,1.4,1,22.4,"Jr","6-5",33,2.07848,105.493,2.5,2020,71598,"Woodacre, CA",null,1.14810564,23,36,27,67,0.6389,"0.4030",2,2,"1.0000",null,110.298,107.866,2.00869,140.46,0.529512,1.89535,-1.36584,0.259449,30.3226,1.19662,-0.937169,0.5806,1.7419,2.3226,"1.0000",0.5484,0.3871,10.0323,"Wing G",8.52017,"1998-10-15"],"games":31,"notes":"Wing G","projection":8.5202,"advanced_stats":{"tov_pg":0.8709677419354839,"usage_pct":0.15825806451612906,"plus_minus_pg":-1.032258064516129,"mins_pct":0.719,"is_qualified":true}}]}