{"bart_player_id":71593,"seasons":[{"year":2020,"team_name":"High Point","team_conference":"BSth","class":"Jr","raw_row":["Brendan Quinlan-Huertas","High Point","BSth",6,1,200,3.1,100,100,0,0,0,0,0,0,0,1,1,1,0,0,0,0,0,0,"Jr","5-11",4,0.492192,156.262,0,2020,71593,null,null,"0.00000000",0,0,1,1,null,"1.0000",0,0,null,null,121.645,121.99,0.0371385,1.15567,-7.33762,-2.36846,-4.96916,-6.00353,2.1429,-1.26277,-4.74077,"0.0000",0.1429,0.1429,"0.0000","0.0000","0.0000",0.2857,"PF/C",0,"1999-08-20"],"games":6,"notes":"PF/C","projection":0,"advanced_stats":{"tov_pg":0,"usage_pct":0.050499999999999996,"plus_minus_pg":-1,"mins_pct":0.009,"is_qualified":false}}]}