{"bart_player_id":71612,"seasons":[{"year":2020,"team_name":"Little Rock","team_conference":"SB","class":"Jr","raw_row":["Sydney Agudah","Little Rock","SB",3,0.2,300,6.5,150,150,0,56.1,0,0,0,0,0,0,0,0,1,1,1,0,0,0,"Jr","6-2",5,0.358203,240.184,0,2020,71612,"Fort Worth, TX",null,"0.00000000",0,0,0,0,null,null,0,0,null,null,88.8936,90.3217,0.085638,0.553997,-4.27246,2.11614,-6.3886,39.7377,0.6667,32.0892,7.64841,"0.0000",0.3333,0.3333,"0.0000","0.0000","0.0000","1.0000","Stretch 4",23.5174,"1998-10-15"],"games":3,"notes":"Stretch 4","projection":23.5174,"advanced_stats":{"tov_pg":0,"usage_pct":0.425,"plus_minus_pg":0,"mins_pct":0.001,"is_qualified":false}}]}