{"bart_player_id":71614,"seasons":[{"year":2020,"team_name":"Illinois St.","team_conference":"MVC","class":"Sr","raw_row":["Hank Beard","Illinois St.","MVC",4,0.7,220.7,1.6,0,0,12.9,13.3,0,0,0,0,0,0,0,0,0,0,0,0,0,0,"Sr","6-0",14,0.637342,166.973,0,2020,71614,"Seminole, FL",null,0.80000001,null,null,null,null,null,null,null,null,null,null,108.255,109.432,0.139821,1.28235,-5.75157,-2.89577,-2.85579,-3.84772,"3.6000",-1.41229,-2.43543,"0.2000","0.2000","0.4000","0.2000","0.4000","0.0000","0.4000","PF/C",0,"1997-01-22"],"games":4,"notes":"PF/C","projection":0,"advanced_stats":{"tov_pg":0,"usage_pct":0.0208,"plus_minus_pg":-0.5,"mins_pct":0.01,"is_qualified":false}}]}