{"bart_player_id":71629,"seasons":[{"year":2020,"team_name":"Texas A&M Corpus Chris","team_conference":"Slnd","class":"So","raw_row":["Edgars Kaufmanis","Texas A&M Corpus Chris","Slnd",10,4.6,49.4,14.7,23.1,23.08,2.3,6.3,6.8,28.9,0,0,0,0,3,0,2,10,0.2,0,3.2,0,"So","6-4",24,-0.79014,43.94,2.2,2020,71629,"Valmiera, Latvia",null,"0.40004800",0,2,0,1,"0.0000","0.0000",0,0,null,null,102.877,104.928,0.427743,9.56795,-8.50227,-6.89046,-1.61181,-7.14654,"5.0000",-6.61981,-0.526724,0.0833,0.3333,0.4167,0.1667,"0.2500","0.0000","0.5000","Scoring PG",10.5738,"1999-01-01"],"games":10,"notes":"Scoring PG","projection":10.5738,"advanced_stats":{"tov_pg":0.45454545454545453,"usage_pct":0.11781818181818182,"plus_minus_pg":-2,"mins_pct":0.047,"is_qualified":false}}]}