{"bart_player_id":71650,"seasons":[{"year":2023,"team_name":"Army","team_conference":"Pat","class":"Sr","raw_row":["Ben Jensen","Army","Pat",1,0.1,0,0,0,0,0,0,0,0,0,0,0,0,0,0,0,0,0,0,0,0,"Sr","6-10",52,-0.326349,-6.81812,0,2023,71650,"Fairfax, VA",null,"0.00000000",null,null,null,null,null,null,null,null,null,null,113.266,122.489,0.0233938,0.106584,-5.1612,-3.35366,-1.80754,-7.92953,"1.0000",-4.05337,-3.87616,"0.0000","0.0000","0.0000","0.0000","0.0000","0.0000","0.0000","C",0,"2000-10-15"],"games":1,"notes":"C","projection":0,"advanced_stats":{"tov_pg":0,"usage_pct":0,"plus_minus_pg":0,"mins_pct":0.001,"is_qualified":false}}]}