{"bart_player_id":71660,"seasons":[{"year":2020,"team_name":"Loyola Marymount","team_conference":"WCC","class":"Fr","raw_row":["Reilly Seebold","Loyola Marymount","WCC",15,8,100.5,13.4,63.2,65.16,0,2.7,4.1,28.2,2,2,1,0,1,0,8,18,0.444,0,0.6,10.5,"Fr","6-1",15,0.110365,90.2002,5.3,2020,71660,"Dallas, TX",null,0.33333333,0,1,0,0,"0.0000",null,0,0,null,null,113.087,113.62,0.311637,11.3889,-4.61657,-1.33854,-3.27803,-6.75093,"6.8750",-3.64149,-3.10945,"0.0000","0.1250","0.1250","0.1250",0.0625,"0.0000","1.6250","Scoring PG",11.2369,"2000-10-15"],"games":15,"notes":"Scoring PG","projection":11.2369,"advanced_stats":{"tov_pg":0.4,"usage_pct":0.13113333333333332,"plus_minus_pg":0.9333333333333333,"mins_pct":0.086,"is_qualified":false}}]}