{"bart_player_id":71780,"seasons":[{"year":2020,"team_name":"Bryant","team_conference":"NEC","class":"Jr","raw_row":["Ayo Dada","Bryant","NEC",14,5.8,35.2,11.9,22.7,22.73,0,14.3,4.8,46.1,0,0,0,1,2,0.5,1,9,0.111,0,2.4,0,"Jr","6-2",2,-0.989682,29.3882,5,2020,71780,"Houston, TX",null,0.42854084,0,0,1,2,null,"0.5000",0,0,null,null,98.6358,102.282,0.443243,13.9038,-9.93931,-9.60638,-0.33293,-13.2852,6.2667,-11.9214,-1.36375,"0.0000",0.7333,0.7333,"0.2000",0.3333,"0.0000","0.8000","Combo G",7.03681,"1998-10-15"],"games":14,"notes":"Combo G","projection":7.0368,"advanced_stats":{"tov_pg":0.5384615384615384,"usage_pct":0.14176923076923081,"plus_minus_pg":2.5384615384615383,"mins_pct":0.073,"is_qualified":false}}]}