{"bart_player_id":71802,"seasons":[{"year":2021,"team_name":"Alabama St.","team_conference":"SWAC","class":"Fr","raw_row":["Malik Smiley","Alabama St.","SWAC",2,0.3,0,0,0,0,0,0,0,0,0,0,0,0,0,0,0,0,0,0,0,0,"Fr","6-4",12,-0.3224,-7.65483,0,2021,71802,"Birmingham, AL",null,"0.00000000",null,null,null,null,null,null,null,null,null,null,109.106,121.456,0.0201258,0.221771,-8.63968,-5.46031,-3.17937,-11.0054,"1.0000",-5.44826,-5.55712,"0.0000","0.0000","0.0000","0.0000","0.0000","0.0000","0.0000","PF/C",0,"2000-10-15"],"games":2,"notes":"PF/C","projection":0,"advanced_stats":{"tov_pg":0,"usage_pct":0,"plus_minus_pg":0,"mins_pct":0.005,"is_qualified":false}}]}