{"bart_player_id":71819,"seasons":[{"year":2020,"team_name":"Southern Miss","team_conference":"CUSA","class":"Sr","raw_row":["Jerrod Rigby","Southern Miss","CUSA",11,1.5,75.3,20.3,66.7,71.94,0,13.4,12.1,51,1,1,1,2,3,0.667,0,0,0,0,3.4,33.3,"Sr","5-11",25,-0.0420469,77.4114,0,2020,71819,"Bay St. Louis, MS",null,0.50017504,2,2,0,1,"1.0000","0.0000",0,0,null,null,102.991,98.6188,0.152299,3.4285,-7.755,-8.28001,0.52501,-2.48607,1.7143,-3.31938,0.833313,"0.0000",0.1429,0.1429,0.1429,0.0714,"0.0000","0.5000","Combo G",0,"1997-10-15"],"games":11,"notes":"Combo G","projection":0,"advanced_stats":{"tov_pg":0.2857142857142857,"usage_pct":0.15528571428571428,"plus_minus_pg":-0.7142857142857143,"mins_pct":0.026,"is_qualified":false}}]}