{"bart_player_id":71813,"seasons":[{"year":2021,"team_name":"Weber St.","team_conference":"BSky","class":"Fr","raw_row":["Mitch Brizee","Weber St.","BSky",1,0.1,0,0,0,0,0,0,0,0,0,0,0,0,0,0,0,0,0,0,0,0,"Fr","6-9",50,-0.319245,-6.74581,0,2021,71813,"Twin Falls, ID",null,"0.00000000",null,null,null,null,null,null,null,null,null,null,109.528,115.055,0.0423357,0.112899,-3.90787,-2.14724,-1.76063,-6.61691,"3.0000",-3.89293,-2.72398,"0.5000","0.5000","1.0000","0.0000","0.5000","0.0000","1.0000","C",0,"2001-01-17"],"games":1,"notes":"C","projection":0,"advanced_stats":{"tov_pg":0.5,"usage_pct":0.1695,"plus_minus_pg":3.5,"mins_pct":0.007,"is_qualified":false}}]}