{"bart_player_id":71828,"seasons":[{"year":2020,"team_name":"Jacksonville St.","team_conference":"OVC","class":"Fr","raw_row":["Marek Welsch","Jacksonville St.","OVC",25,22.8,80,16.4,58,58.58,0.4,9.2,21,44.9,5,8,0.625,6,20,0.3,13,24,0.542,0.4,2.3,18.2,"Fr","5-11",31,-0.479801,72.7081,2.2,2020,71828,"Holice, ",null,1.07499153,5,14,1,6,0.3571,0.1667,0,0,null,null,102.568,105.309,0.836791,48.5104,-6.29113,-5.23229,-1.05884,-5.55309,11.5185,-4.48502,-1.06807,0.0741,0.8148,0.8889,1.5926,0.5926,"0.0370",2.2593,"Scoring PG",5.05514,"1999-10-22"],"games":25,"notes":"Scoring PG","projection":5.0551,"advanced_stats":{"tov_pg":1.4814814814814814,"usage_pct":0.14277777777777778,"plus_minus_pg":2.5714285714285716,"mins_pct":0.256,"is_qualified":true}}]}