{"bart_player_id":71860,"seasons":[{"year":2020,"team_name":"Texas A&M Corpus Chris","team_conference":"Slnd","class":"Fr","raw_row":["Aristotelis Sotiriou","Texas A&M Corpus Chris","Slnd",5,2.4,42.4,23.6,28.6,25.16,8.7,27.8,6.9,42.7,0,2,0,2,7,0.286,0,0,0,3.9,0,28.6,"Fr","6-8",0,-0.837717,43.7174,1.4,2020,71860,"Athens, Greece",null,"0.39997600",1,5,1,2,"0.2000","0.5000",0,0,null,null,99.619,97.0761,0.609111,5.78548,-17.2501,-16.0372,-1.2129,-14.8748,5.3333,-10.4014,-4.47332,0.3333,1.1667,"1.5000",0.3333,"0.0000",0.1667,0.6667,"C",0,"2001-07-13"],"games":5,"notes":"C","projection":0,"advanced_stats":{"tov_pg":0.8333333333333334,"usage_pct":0.15666666666666668,"plus_minus_pg":-2,"mins_pct":0.025,"is_qualified":false}}]}