{"bart_player_id":71864,"seasons":[{"year":2020,"team_name":"Louisiana Monroe","team_conference":"SB","class":"Jr","raw_row":["Dadou Traore","Louisiana Monroe","SB",14,12.4,100.4,5.2,55.6,50.25,6.3,12.7,0,17.3,0,2,0,5,9,0.556,0,0,0,9.2,0,22.2,"Jr","6-10",24,-0.259795,77.5075,7.4,2020,71864,"Brazzaville, Congo",null,"0.00000000",5,8,0,1,"0.6250","0.0000",3,4,"0.7500",null,102.881,103.398,0.794054,24.1557,-2.51102,-4.7951,2.28409,-3.79854,9.9375,-5.98928,2.19075,0.5625,1.3125,"1.8750","0.0000","0.0000",0.9375,"0.7500","C",0,"1998-05-19"],"games":14,"notes":"C","projection":0,"advanced_stats":{"tov_pg":0.1875,"usage_pct":0.07175,"plus_minus_pg":1.5,"mins_pct":0.137,"is_qualified":false}}]}