{"bart_player_id":71881,"seasons":[{"year":2020,"team_name":"Georgia","team_conference":"SEC","class":"Fr","raw_row":["Stan Turnier","Georgia","SEC",8,0.8,21.3,14.3,0,0,11.1,21.8,0,38.7,0,0,0,0,0,0,0,2,0,10.1,0,0,"Fr","6-4",32,-0.288186,18.9005,0,2020,71881,"Louisville, KY",null,"0.00000000",0,0,0,0,null,null,0,0,null,null,100.807,95.5129,0.138054,2.09743,-10.7354,-11.0708,0.335367,-9.34744,"1.2500",-7.0791,-2.26834,"0.1250","0.2500","0.3750","0.0000","0.0000","0.1250","0.0000","PF/C",10.9719,"2000-08-28"],"games":8,"notes":"PF/C","projection":10.9719,"advanced_stats":{"tov_pg":0.125,"usage_pct":0.15837500000000002,"plus_minus_pg":0.75,"mins_pct":0.008,"is_qualified":false}}]}