{"bart_player_id":71903,"seasons":[{"year":2022,"team_name":"Utah St.","team_conference":"MWC","class":"So","raw_row":["Travis Wagstaff","Utah St.","MWC",11,1.6,67,13,0,25.32,6,16.8,7.2,21.7,2,2,1,0,1,0,0,2,0,0,0,66.7,"So","6-7",1,-0.172413,59.3714,1.9,2022,71903,"Salt Lake City, UT",null,"1.00000000",0,1,0,0,"0.0000",null,0,0,null,null,102.951,105.261,0.146649,3.21051,-6.43243,-5.32762,-1.10481,-7.39247,2.0833,-5.63021,-1.76226,0.0833,0.3333,0.4167,0.0833,"0.0000","0.0000",0.1667,"PF/C",5.54388,"2000-10-15"],"games":11,"notes":"PF/C","projection":5.5439,"advanced_stats":{"tov_pg":0.08333333333333333,"usage_pct":0.15383333333333332,"plus_minus_pg":-2,"mins_pct":0.019,"is_qualified":false}}]}