{"bart_player_id":71955,"seasons":[{"year":2021,"team_name":"Sam Houston St.","team_conference":"Slnd","class":"Fr","raw_row":["DJ Kelley","Sam Houston St.","Slnd",4,1.7,86.4,15.2,50,50,6.7,0,31.4,44.6,0,0,0,1,2,0.5,0,0,0,0,0,0,"Fr","6-3",21,-0.134501,75.5655,2.5,2021,71955,"Cantonment, FL",null,1.66666667,1,1,0,1,"1.0000","0.0000",0,0,null,null,110.508,117.37,0.13722,1.67863,-11.3211,-5.73805,-5.58309,-8.90516,"4.8750",-4.26301,-4.64215,"0.1250","0.3750","0.5000","0.6250","0.1250","0.0000","0.8750","Pure PG",0,"2000-10-15"],"games":4,"notes":"Pure PG","projection":0,"advanced_stats":{"tov_pg":0.375,"usage_pct":0.1195,"plus_minus_pg":2.25,"mins_pct":0.034,"is_qualified":false}}]}