{"bart_player_id":71951,"seasons":[{"year":2021,"team_name":"Howard","team_conference":"MEAC","class":"So","raw_row":["Cam Timmons","Howard","MEAC",4,28.1,107.1,18.1,70,67.23,7.3,15.9,19.2,26.7,2,4,0.5,7,10,0.7,0,0,0,7.4,3.6,40,"So","6-11",22,0.646297,101.812,5.3,2021,71951,"Warrenton, VA",null,"1.00000000",3,5,4,5,"0.6000","0.8000",0,0,null,null,108.009,106.821,0.797709,10.9021,2.66943,-0.598492,3.26792,2.16889,"10.0000",-0.259982,2.42887,"0.8000","1.6000","2.4000","0.8000","0.6000","0.6000","3.8000","C",0,"2000-10-15"],"games":4,"notes":"C","projection":0,"advanced_stats":{"tov_pg":0.8,"usage_pct":0.22560000000000002,"plus_minus_pg":-1.3333333333333333,"mins_pct":0.149,"is_qualified":false}}]}