{"bart_player_id":71960,"seasons":[{"year":2020,"team_name":"Troy","team_conference":"SB","class":"Fr","raw_row":["Tyrek Williams","Troy","SB",17,8.5,62,33.4,39.2,41.93,11.4,16.6,2.2,37.9,8,15,0.533,10,30,0.333,3,7,0.429,1.2,1.7,40.5,"Fr","6-8",1,-0.337567,68.5133,15.8,2020,71960,"Chesterfield, VA",null,0.08335972,7,23,3,8,0.3043,"0.3750",0,0,null,null,102.649,103.552,0.47721,20.3443,-18.6649,-14.261,-4.40396,-20.0238,6.3684,-17.0134,-3.01037,0.7368,0.8947,1.6316,0.1053,0.1579,0.0526,2.8947,"PF/C",4.00678,"2000-10-15"],"games":17,"notes":"PF/C","projection":4.0068,"advanced_stats":{"tov_pg":1.2105263157894737,"usage_pct":0.3848947368421052,"plus_minus_pg":-0.3888888888888889,"mins_pct":0.098,"is_qualified":false}}]}