{"bart_player_id":71966,"seasons":[{"year":2020,"team_name":"Western Illinois","team_conference":"Sum","class":"Fr","raw_row":["Jack Hallee","Western Illinois","Sum",2,0.3,0,0,0,0,0,40.3,0,0,0,0,0,0,0,0,0,0,0,0,0,0,"Fr","6-1",12,-0.484207,-7.68629,0,2020,71966,"Indian Creek, IL",null,0.66659999,null,null,null,null,null,null,null,null,null,null,111.805,110.744,0.0863864,0.589184,-12.9735,-8.17557,-4.79795,-10.4798,4.3333,-8.44189,-2.03787,0.3333,0.6667,"1.0000",0.3333,"0.0000","0.0000","0.0000","PF/C",0,"2000-10-15"],"games":2,"notes":"PF/C","projection":0,"advanced_stats":{"tov_pg":0,"usage_pct":0.02766666666666667,"plus_minus_pg":1,"mins_pct":0.011,"is_qualified":false}}]}