{"bart_player_id":71961,"seasons":[{"year":2021,"team_name":"Air Force","team_conference":"MWC","class":"So","raw_row":["CJ Haut","Air Force","MWC",8,2.6,73.7,15.5,50,50.51,0,10.6,8.6,31,1,2,0.5,2,4,0.5,0,0,0,0,2.4,50,"So","6-8",31,-0.136151,73.183,4.6,2021,71961,"Monroe, WI",null,"0.50000000",2,2,0,2,"1.0000","0.0000",0,0,null,null,113.306,106.967,0.228812,3.95464,-10.3809,-7.63826,-2.74264,-9.55175,"3.2500",-6.53983,-3.01191,"0.0000","0.2500","0.2500","0.1250","0.1250","0.0000","0.6250","Wing F",0,"2000-10-15"],"games":8,"notes":"Wing F","projection":0,"advanced_stats":{"tov_pg":0.25,"usage_pct":0.19625,"plus_minus_pg":1.75,"mins_pct":0.025,"is_qualified":false}}]}