{"bart_player_id":71976,"seasons":[{"year":2021,"team_name":"Colgate","team_conference":"Pat","class":"Fr","raw_row":["Nicholas Evtimov","Colgate","Pat",2,0.8,99.3,30.5,50,50,0,40.1,0,0,0,0,0,2,4,0.5,0,0,0,0,0,0,"Fr","6-7",12,0.201808,108.519,16,2021,71976,"King, NC",null,"0.00000000",1,1,1,3,"1.0000",0.3333,0,0,null,null,89.1281,91.4661,0.310475,1.27372,-20.3124,-9.4281,-10.8843,-14.6242,"2.5000",-12.5768,-2.04739,"0.0000","1.0000","1.0000","0.0000","0.0000","0.0000","2.0000","PF/C",0,"2000-05-08"],"games":2,"notes":"PF/C","projection":0,"advanced_stats":{"tov_pg":0,"usage_pct":0.4295,"plus_minus_pg":-1,"mins_pct":0.008,"is_qualified":false}}]}