{"bart_player_id":71980,"seasons":[{"year":2020,"team_name":"Western Carolina","team_conference":"SC","class":"Jr","raw_row":["Malik McCrimmon","Western Carolina","SC",6,0.4,83.6,26.1,75,75,0,43.8,0,42.5,0,0,0,0,1,0,1,1,1,0,0,0,"Jr","5-10",23,0.00472418,86.9748,8,2020,71980,"Robbins, NC",null,"2.00000000",0,1,0,0,"0.0000",null,0,0,null,null,98.21,101.048,0.0760311,1.22365,-19.4824,-11.539,-7.9434,-6.49021,"1.3750",-3.57832,-2.91189,"0.0000","0.2500","0.2500","0.2500","0.0000","0.0000","0.3750","Wing G",11.872,"1998-10-15"],"games":6,"notes":"Wing G","projection":11.872,"advanced_stats":{"tov_pg":0.125,"usage_pct":0.09012500000000001,"plus_minus_pg":-0.375,"mins_pct":0.01,"is_qualified":false}}]}