{"bart_player_id":72020,"seasons":[{"year":2020,"team_name":"McNeese St.","team_conference":"Slnd","class":"So","raw_row":["Truman Moore","McNeese St.","Slnd",25,19.1,108.8,16.7,61.9,63.31,12.8,12.7,13.6,27.8,9,13,0.692,26,42,0.619,0,0,0,2.5,2.1,31,"So","6-8",44,0.447481,100.416,6.7,2020,72020,"Gilbert, AZ",null,0.95452148,22,32,4,10,0.6875,"0.4000",6,6,"1.0000",null,107.821,110.536,0.498849,40.9826,-0.894729,0.32113,-1.21586,-2.26198,9.7586,-1.65407,-0.607909,0.8621,1.2414,2.1034,0.7241,0.3448,0.3448,"3.0000","C",0,"1996-06-17"],"games":25,"notes":"C","projection":0,"advanced_stats":{"tov_pg":0.7586206896551724,"usage_pct":0.15382758620689657,"plus_minus_pg":2.413793103448276,"mins_pct":0.216,"is_qualified":true}}]}