{"bart_player_id":72036,"seasons":[{"year":2021,"team_name":"UT Arlington","team_conference":"SB","class":"Fr","raw_row":["Tre Jones","UT Arlington","SB",20,20.2,123.3,7.1,43.8,46.57,11.3,7.8,4.7,8.5,4,7,0.571,7,16,0.438,0,0,0,3.2,3.4,43.8,"Fr","6-5",21,0.482447,100.219,6.2,2021,72036,"Arlington, TX",null,1.99926696,7,15,0,1,0.4667,"0.0000",0,1,"0.0000",null,101.885,105.188,0.711537,35.7982,1.34373,-0.691528,2.03526,-1.98034,9.7273,-3.44336,1.46302,"1.0000",0.8182,1.8182,0.2727,"0.5000",0.2727,1.0909,"PF/C",0,"2000-11-30"],"games":20,"notes":"PF/C","projection":0,"advanced_stats":{"tov_pg":0.13636363636363635,"usage_pct":0.06377272727272729,"plus_minus_pg":-2.727272727272727,"mins_pct":0.204,"is_qualified":true}}]}