{"bart_player_id":72054,"seasons":[{"year":2020,"team_name":"Florida Atlantic","team_conference":"CUSA","class":"Fr","raw_row":["D.J. Robertson","Florida Atlantic","CUSA",25,20.5,90.1,19.9,35.6,42.75,3.6,8.2,24.8,21.7,19,26,0.731,18,38,0.474,2,21,0.095,0.5,1.4,44.1,"Fr","6-1",4,0.143676,89.7006,3.3,2020,72054,"Raleigh, NC",null,1.84992313,15,28,3,10,0.5357,"0.3000",0,0,null,null,102.938,103.908,0.772255,39.1813,-4.54981,-2.78521,-1.76459,-4.33294,9.7857,-3.09484,-1.23811,0.2857,0.8571,1.1429,1.3214,0.3571,0.0357,2.6071,"Scoring PG",5.03697,"2000-10-15"],"games":25,"notes":"Scoring PG","projection":5.037,"advanced_stats":{"tov_pg":0.7142857142857143,"usage_pct":0.19010714285714286,"plus_minus_pg":0.1111111111111111,"mins_pct":0.23,"is_qualified":false}}]}