{"bart_player_id":72067,"seasons":[{"year":2020,"team_name":"TCU","team_conference":"B12","class":"Fr","raw_row":["Anthony Lucenti","TCU","B12",3,0.1,0,20,0,0,0,0,0,100,0,0,0,0,0,0,0,0,0,0,0,0,"Fr","6-3",20,-0.0987111,0,0,2020,72067,"Manhattan Beach, CA",null,"0.00000000",null,null,null,null,null,null,null,null,null,null,109.912,112.592,0.0170593,0.0923007,-21.8196,-21.356,-0.463608,-39.9714,"0.5000",-25.7697,-14.2017,"0.0000","0.0000","0.0000","0.0000","0.0000","0.0000","0.0000","PF/C",0,"2000-08-28"],"games":3,"notes":"PF/C","projection":0,"advanced_stats":{"tov_pg":0.25,"usage_pct":0.11525,"plus_minus_pg":-0.5,"mins_pct":0.002,"is_qualified":false}}]}