{"bart_player_id":72069,"seasons":[{"year":2020,"team_name":"McNeese St.","team_conference":"Slnd","class":"Jr","raw_row":["Sam Baker","McNeese St.","Slnd",28,34.2,88.7,14,44.3,45.45,1,8.8,8.8,20.7,4,4,1,5,10,0.5,25,86,0.291,0.3,1.6,4.2,"Jr","6-4",2,-0.325742,78.4707,3.6,2020,72069,"Rochester, MN",null,0.96147691,3,6,2,4,"0.5000","0.5000",1,1,"1.0000",null,111.905,114.994,0.585421,60.8526,-5.89017,-1.8379,-4.05228,-5.72975,14.4375,-3.24316,-2.48658,"0.1250",1.0625,1.1875,0.7812,"0.5000",0.0312,4.6562,"Combo G",12.4368,"1998-01-31"],"games":28,"notes":"Combo G","projection":12.4368,"advanced_stats":{"tov_pg":0.8125,"usage_pct":0.16528125,"plus_minus_pg":0.03125,"mins_pct":0.359,"is_qualified":true}}]}