{"bart_player_id":72071,"seasons":[{"year":2021,"team_name":"McNeese St.","team_conference":"Slnd","class":"Fr","raw_row":["Evan Palmquist","McNeese St.","Slnd",3,0.8,21.2,24.9,0,0,0,0,25.9,37.5,0,0,0,0,0,0,0,2,0,0,0,0,"Fr","6-4",5,-0.447427,20.785,6.7,2021,72071,"Houston, TX",null,1.33333333,0,0,0,0,null,null,0,0,null,null,117.879,124.447,0.019495,0.681699,-31.6518,-18.71,-12.9418,-32.0023,"6.0000",-19.2003,-12.802,"0.2500","0.5000","0.7500","1.0000","0.7500","0.0000","3.1250","Pure PG",19.4182,"2001-01-21"],"games":3,"notes":"Pure PG","projection":19.4182,"advanced_stats":{"tov_pg":0.75,"usage_pct":0.300375,"plus_minus_pg":7.875,"mins_pct":0.049,"is_qualified":false}}]}