{"bart_player_id":72130,"seasons":[{"year":2020,"team_name":"North Carolina Central","team_conference":"MEAC","class":"Fr","raw_row":["Joshua Dawkins","North Carolina Central","MEAC",6,0.5,0,16.5,0,0,0,0,0,59,0,0,0,0,1,0,0,0,0,0,0,0,"Fr","5-9",4,-0.297421,-0.371055,0,2020,72130,"Miami, FL",null,"2.00000000",0,0,0,1,null,"0.0000",0,0,null,null,109.748,115.755,0.0402029,0.588578,-21.9678,-18.2064,-3.76133,-27.0104,2.4444,-17.8057,-9.20469,"0.0000",0.1111,0.1111,0.2222,"0.0000","0.0000",0.2222,"PF/C",0,"2000-10-15"],"games":6,"notes":"PF/C","projection":0,"advanced_stats":{"tov_pg":0.1111111111111111,"usage_pct":0.1556666666666667,"plus_minus_pg":1.625,"mins_pct":0.022,"is_qualified":false}}]}