{"bart_player_id":72143,"seasons":[{"year":2020,"team_name":"Kentucky","team_conference":"SEC","class":"So","raw_row":["Ben Jordan","Kentucky","SEC",4,0.8,0,3.9,0,0,0,0,0,0,0,0,0,0,1,0,0,0,0,0,0,0,"So","6-9",33,-0.78297,-4.91492,0,2020,72143,"Olive Hill, KY",null,"0.00000000",0,0,0,1,null,"0.0000",0,0,null,null,108.058,110.512,0.145991,0.989149,-4.11495,-3.15301,-0.96194,-5.37007,"2.5000",-4.45037,-0.919695,"0.0000","0.0000","0.0000","0.0000","0.0000","0.0000","0.0000","C",0,"1999-10-15"],"games":4,"notes":"C","projection":0,"advanced_stats":{"tov_pg":0,"usage_pct":0.5315,"plus_minus_pg":-1,"mins_pct":0.001,"is_qualified":false}}]}