{"bart_player_id":72155,"seasons":[{"year":2021,"team_name":"Cincinnati","team_conference":"Amer","class":"Sr","raw_row":["Adam Cook","Cincinnati","Amer",4,0.3,0,0,0,0,0,0,0,0,0,0,0,0,0,0,0,0,0,36.3,0,0,"Sr","6-6",44,-0.24288,-8.06979,0,2021,72155,"Marysville, OH",null,"0.00000000",null,null,null,null,null,null,null,null,null,null,91.2719,88.6068,0.100584,0.818681,15.3081,-4.94637,20.2544,8.70321,"0.7500",1.8073,6.89591,"0.0000","0.0000","0.0000","0.0000","0.0000","0.2500","0.0000","PF/C",0,"1997-05-22"],"games":4,"notes":"PF/C","projection":0,"advanced_stats":{"tov_pg":0,"usage_pct":0,"plus_minus_pg":-3.5,"mins_pct":0.005,"is_qualified":false}}]}