{"bart_player_id":72160,"seasons":[{"year":2020,"team_name":"Howard","team_conference":"MEAC","class":"So","raw_row":["Garon Jones","Howard","MEAC",14,2.5,96.1,27.5,50,54.79,10.4,3.5,40,31.7,2,2,1,2,7,0.286,2,3,0.667,0,5.2,20,"So",null,12,0.137861,102.723,10,2020,72160,null,null,1.20012005,2,7,1,1,0.2857,"1.0000",0,0,null,null,109.041,114.537,0.101558,6.76821,-3.30196,0.686843,-3.9888,-3.91591,2.5333,-2.179,-1.73691,0.2667,0.1333,"0.4000","0.4000","0.2000","0.0000",0.9333,"Pure PG",5.3384,"1999-10-15"],"games":14,"notes":"Pure PG","projection":5.3384,"advanced_stats":{"tov_pg":0.3125,"usage_pct":0.29086666666666666,"plus_minus_pg":2.6,"mins_pct":0.026,"is_qualified":false}}]}