{"bart_player_id":72170,"seasons":[{"year":2021,"team_name":"Liberty","team_conference":"ASun","class":"Sr","raw_row":["Luke McKay","Liberty","ASun",7,1.3,0,13.2,0,0,0,0,0,72.7,0,0,0,0,0,0,0,1,0,0,0,0,"Sr","6-2",21,-0.556792,-1.14518,6.2,2021,72170,"Lynchburg, VA",null,"0.50000000",0,0,0,0,null,null,0,0,null,null,105.168,113.347,0.0896344,1.53491,-14.4884,-12.9582,-1.53016,-23.1452,3.9091,-16.3981,-6.74711,"0.0000",0.1818,0.1818,0.0909,0.1818,"0.0000",0.7273,"Scoring PG",4.78601,"2000-10-15"],"games":7,"notes":"Scoring PG","projection":4.786,"advanced_stats":{"tov_pg":0.18181818181818182,"usage_pct":0.0900909090909091,"plus_minus_pg":1.9090909090909092,"mins_pct":0.039,"is_qualified":false}}]}