{"bart_player_id":72218,"seasons":[{"year":2020,"team_name":"Niagara","team_conference":"MAAC","class":"Fr","raw_row":["Mariano Baldon","Niagara","MAAC",1,0.1,0,48.9,0,0,0,0,0,0,0,0,0,0,1,0,0,0,0,0,0,0,"Fr","5-11",30,-0.414715,-34.1733,0,2020,72218,"Buffalo, NY",null,"0.00000000",0,0,0,1,null,"0.0000",0,0,null,null,119.423,114.041,0.0461495,0.0882486,-55.5653,-38.1381,-17.4272,-39.9085,"1.0000",-22.4688,-17.4397,"0.0000","0.0000","0.0000","0.0000","0.0000","0.0000","0.0000","PF/C",0,"2000-10-15"],"games":1,"notes":"PF/C","projection":0,"advanced_stats":{"tov_pg":0,"usage_pct":0.422,"plus_minus_pg":4,"mins_pct":0.001,"is_qualified":false}}]}