{"bart_player_id":72212,"seasons":[{"year":2020,"team_name":"Idaho","team_conference":"BSky","class":"Fr","raw_row":["Jaxon Woodward","Idaho","BSky",10,2.2,32.6,9.7,0,12.66,0,4.5,6.5,23,1,2,0.5,0,3,0,0,0,0,0,4.5,66.7,"Fr","6-0",22,-0.537853,25.7253,6.2,2020,72212,"Seattle, WA",null,"1.00000000",0,1,0,2,"0.0000","0.0000",0,0,null,null,103.499,104.406,0.206916,5.14113,-7.21254,-7.3606,0.148055,-13.0872,"2.6000",-11.4484,-1.63879,"0.0000","0.1000","0.1000","0.1000","0.2000","0.0000","0.1000","Scoring PG",0,"2000-10-15"],"games":10,"notes":"Scoring PG","projection":0,"advanced_stats":{"tov_pg":0.1,"usage_pct":0.060399999999999995,"plus_minus_pg":-0.2,"mins_pct":0.021,"is_qualified":false}}]}