{"bart_player_id":72237,"seasons":[{"year":2021,"team_name":"Iowa St.","team_conference":"B12","class":"Fr","raw_row":["Dudley Blackwell","Iowa St.","B12",11,10.9,67.5,15.6,23.7,35.75,0,7.8,9.9,24.3,9,13,0.692,3,12,0.25,1,7,0.143,2,1.1,68.4,"Fr","6-6",11,-0.632878,66.1487,2.3,2021,72237,"Miami, FL",66.8,"0.85716530",2,3,1,9,0.6667,0.1111,0,0,null,null,112.891,106.361,0.692094,15.0962,-6.70619,-5.70489,-1.00129,-5.4768,9.5455,-4.2142,-1.26259,"0.0000",0.6364,0.6364,0.5455,0.1818,0.1818,1.6364,"Wing G",3.80528,"2001-09-26"],"games":11,"notes":"Wing G","projection":3.8053,"advanced_stats":{"tov_pg":0.6363636363636364,"usage_pct":0.11800000000000001,"plus_minus_pg":-5.090909090909091,"mins_pct":0.111,"is_qualified":false}}]}