{"bart_player_id":72243,"seasons":[{"year":2021,"team_name":"UC Davis","team_conference":"BW","class":"Fr","raw_row":["Ran Pehka","UC Davis","BW",6,3.3,93.2,21.2,0,55.36,5.2,0,0,23.4,8,11,0.727,0,1,0,0,1,0,5.1,0,550,"Fr","6-3",null,0.0736785,90.9102,5.2,2021,72243,"Tallinn, Estonia",null,"0.00000000",0,1,0,0,"0.0000",null,0,0,null,null,107.455,108.546,0.243797,3.07956,-7.41991,-4.11526,-3.30466,-5.92066,3.7143,-3.47412,-2.44654,0.1429,"0.0000",0.1429,"0.0000",0.1429,0.1429,1.1429,"PF/C",2.48136,"2001-06-15"],"games":6,"notes":"PF/C","projection":2.4814,"advanced_stats":{"tov_pg":0.2857142857142857,"usage_pct":0.16657142857142856,"plus_minus_pg":0.42857142857142855,"mins_pct":0.037,"is_qualified":false}}]}