{"bart_player_id":72265,"seasons":[{"year":2021,"team_name":"Howard","team_conference":"MEAC","class":"Fr","raw_row":["Spencer Hayes","Howard","MEAC",2,3.8,0,14.1,0,0,0,0,0,0,0,0,0,0,2,0,0,0,0,0,0,0,"Fr","6-5",14,-0.897363,-0.946284,6.7,2021,72265,"Upper Marlboro, MD",null,"0.00000000",0,0,0,2,null,"0.0000",0,0,null,null,126.438,123.67,0.0373307,0.561783,-21.9782,-14.1156,-7.86256,-30.9765,2.6667,-19.0623,-11.9142,"0.0000","0.0000","0.0000","0.0000","0.0000",0.3333,0.6667,"PF/C",0,"2001-10-15"],"games":2,"notes":"PF/C","projection":0,"advanced_stats":{"tov_pg":0,"usage_pct":0.21666666666666665,"plus_minus_pg":1,"mins_pct":0.034,"is_qualified":false}}]}