{"bart_player_id":72270,"seasons":[{"year":2022,"team_name":"Green Bay","team_conference":"Horz","class":"Jr","raw_row":["Blayton Williams","Green Bay","Horz",6,1.6,0,7.9,0,0,0,7.3,0,41.1,0,0,0,0,1,0,0,1,0,0,0,0,"Jr","6-3",4,-0.973144,-3.16365,2.1,2022,72270,"West Memphis, AR",null,"0.00000000",0,0,0,1,null,"0.0000",0,0,null,null,114.618,114.904,0.137286,2.13891,-14.6354,-10.8047,-3.83069,-17.8983,3.7143,-12.2163,-5.68201,"0.0000",0.2857,0.2857,"0.0000","0.0000","0.0000",0.2857,"PF/C",3.31259,"1999-10-15"],"games":6,"notes":"PF/C","projection":3.3126,"advanced_stats":{"tov_pg":0.42857142857142855,"usage_pct":0.075,"plus_minus_pg":-0.14285714285714285,"mins_pct":0.021,"is_qualified":false}}]}