{"bart_player_id":72275,"seasons":[{"year":2021,"team_name":"Green Bay","team_conference":"Horz","class":"Fr","raw_row":["Jacob Jones","Green Bay","Horz",6,1.5,46.2,29.2,50,67.8,0,16.5,0,67.8,2,2,1,1,2,0.5,0,0,0,0,0,100,"Fr","5-10",11,-0.30678,48.4186,5.3,2021,72275,"Jeffersonville, IN",null,"0.00000000",1,1,0,1,"1.0000","0.0000",0,0,null,null,113.831,113.804,0.112024,2.08774,-27.2265,-21.5364,-5.69008,-23.1389,"2.5000",-15.394,-7.74494,"0.0000",0.3333,0.3333,"0.0000","0.0000","0.0000",0.6667,"Wing G",0,"2001-10-15"],"games":6,"notes":"Wing G","projection":0,"advanced_stats":{"tov_pg":0.8333333333333334,"usage_pct":0.22633333333333336,"plus_minus_pg":-4,"mins_pct":0.015,"is_qualified":false}}]}