{"bart_player_id":72308,"seasons":[{"year":2021,"team_name":"Grambling St.","team_conference":"SWAC","class":"So","raw_row":["Dwayne Walker","Grambling St.","SWAC",13,9.8,67,25.6,32.3,37.56,3.9,6,6.8,23.8,9,16,0.563,7,18,0.389,2,13,0.154,0,1.2,51.6,"So","6-3",1,-0.40209,68.5429,3.1,2021,72308,"Milwaukee, WI",null,0.30001402,4,12,3,6,0.3333,"0.5000",0,0,null,null,103.087,111.626,0.376025,13.1578,-14.0915,-8.4831,-5.60837,-12.3906,6.6429,-7.53956,-4.85105,0.2143,0.4286,0.6429,0.2143,0.1429,"0.0000",2.0714,"Wing G",7.97941,"2000-10-15"],"games":13,"notes":"Wing G","projection":7.9794,"advanced_stats":{"tov_pg":0.7142857142857143,"usage_pct":0.2976428571428572,"plus_minus_pg":-2.7857142857142856,"mins_pct":0.104,"is_qualified":false}}]}