{"bart_player_id":72322,"seasons":[{"year":2021,"team_name":"Valparaiso","team_conference":"MVC","class":"So","raw_row":["Steven Helm","Valparaiso","MVC",16,6.3,123.5,10.5,50,64.69,3.5,8.9,14,17.2,7,9,0.778,1,1,1,1,4,0.25,0,0,180,"So","6-2",3,0.312254,107.412,4.2,2021,72322,"Valparaiso, IN",null,3.33293323,1,1,0,0,"1.0000",null,0,0,null,null,108.522,108.378,0.266062,8.41316,-2.21693,-0.14806,-2.06887,-3.57232,5.1667,-2.32045,-1.25187,0.1667,0.2778,0.4444,0.5556,0.1111,"0.0000",0.9444,"Combo G",3.60491,"2000-10-15"],"games":16,"notes":"Combo G","projection":3.6049,"advanced_stats":{"tov_pg":0.16666666666666666,"usage_pct":2.5279444444444445,"plus_minus_pg":1.2777777777777777,"mins_pct":0.087,"is_qualified":false}}]}