{"bart_player_id":72324,"seasons":[{"year":2021,"team_name":"North Alabama","team_conference":"ASun","class":"So","raw_row":["Jonathan Breeland, Jr.","North Alabama","ASun",16,20,93.4,15.7,51.4,53.4,0,9.2,14.8,24.7,5,7,0.714,11,27,0.407,5,9,0.556,0.8,1.4,19.4,"So","6-3",2,-0.0392744,84.1292,4.2,2021,72324,"Columbia, SC",null,1.24988749,8,17,3,10,0.4706,"0.3000",0,0,null,null,104.485,107.339,0.694313,27.7262,-5.67474,-3.64362,-2.03112,-5.51421,10.7778,-4.336,-1.17821,0.0556,1.1111,1.1667,0.8333,0.3889,0.1111,2.9444,"Combo G",3.1709,"2000-05-17"],"games":16,"notes":"Combo G","projection":3.1709,"advanced_stats":{"tov_pg":0.6666666666666666,"usage_pct":0.14933333333333332,"plus_minus_pg":0.2777777777777778,"mins_pct":0.2,"is_qualified":true}}]}