{"bart_player_id":72325,"seasons":[{"year":2021,"team_name":"Coppin St.","team_conference":"MEAC","class":"Fr","raw_row":["Kaelon Harkema","Coppin St.","MEAC",8,8.6,48.4,13.6,30,25.36,0,2.5,16.4,34,1,8,0.125,3,5,0.6,0,5,0,0,2.7,80,"Fr","6-2",24,-1.40368,42.6749,4.2,2021,72325,"Louisville, KY",null,"1.00000000",2,4,1,1,"0.5000","1.0000",0,0,null,null,104.641,105.044,0.732214,13.3944,-11.59,-9.31636,-2.27367,-10.987,"9.5000",-9.17006,-1.81695,"0.0000","0.2500","0.2500","0.8750","0.5000","0.0000","0.8750","Scoring PG",3.31328,"2001-06-26"],"games":8,"notes":"Scoring PG","projection":3.3133,"advanced_stats":{"tov_pg":0.875,"usage_pct":0.13237500000000002,"plus_minus_pg":-7,"mins_pct":0.162,"is_qualified":false}}]}