{"bart_player_id":72328,"seasons":[{"year":2021,"team_name":"Radford","team_conference":"BSth","class":"Jr","raw_row":["Dante Moses","Radford","BSth",18,10.8,111.1,22.1,53,59.65,4.7,12,6.5,17.7,14,17,0.824,13,26,0.5,3,7,0.429,0,2.8,51.5,"Jr","6-4",5,0.53784,110.619,4,2021,72328,"Riviera Beach, FL",null,0.88888893,12,17,1,9,0.7059,0.1111,2,2,"1.0000",null,99.5661,102.501,0.524946,20.2582,-2.03334,-0.503505,-1.52984,2.52966,"6.6000",1.37597,1.1537,"0.2500","0.7500","1.0000","0.4000","0.3000","0.0500","3.0000","Wing G",3.90587,"1999-10-15"],"games":18,"notes":"Wing G","projection":3.9059,"advanced_stats":{"tov_pg":0.45,"usage_pct":0.23615,"plus_minus_pg":1.368421052631579,"mins_pct":0.131,"is_qualified":false}}]}