{"bart_player_id":72336,"seasons":[{"year":2021,"team_name":"Duquesne","team_conference":"A10","class":"Fr","raw_row":["Andre Harris","Duquesne","A10",17,26.3,92.3,21.3,45.8,47.12,6.3,11.3,12.5,17.4,11,21,0.524,27,52,0.519,0,7,0,2.5,0.9,35.6,"Fr","6-7",30,0.406636,95.7963,6.6,2021,72336,"Mesa, AZ",null,0.91670202,11,20,16,32,"0.5500","0.5000",3,3,"1.0000",null,101.458,100.717,1.02381,30.7258,-2.71494,-2.27468,-0.440265,-3.83277,11.1176,-3.74596,-0.0868111,0.6471,1.1176,1.7647,0.6471,0.1765,0.2353,3.8235,"PF/C",2.15252,"2001-06-06"],"games":17,"notes":"PF/C","projection":2.1525,"advanced_stats":{"tov_pg":0.7058823529411765,"usage_pct":0.21017647058823527,"plus_minus_pg":-1.1176470588235294,"mins_pct":0.263,"is_qualified":true}}]}