{"bart_player_id":72338,"seasons":[{"year":2021,"team_name":"Colorado","team_conference":"P12","class":"Fr","raw_row":["Owen Koonce","Colorado","P12",2,0.2,0,20.3,0,0,0,59.6,0,0,0,0,0,0,1,0,0,0,0,0,0,0,"Fr","6-5",15,-0.296051,-0.0613874,0,2021,72338,"Lafayette, CO",null,"0.00000000",0,1,0,0,"0.0000",null,0,0,null,null,85.0228,87.812,0.13687,0.541925,-29.1196,-21.9328,-7.18677,-25.9554,"1.0000",-21.7083,-4.24711,"0.0000","0.5000","0.5000","0.0000","0.0000","0.0000","0.0000","PF/C",0,"2001-10-21"],"games":2,"notes":"PF/C","projection":0,"advanced_stats":{"tov_pg":0,"usage_pct":0.1925,"plus_minus_pg":1.5,"mins_pct":0.002,"is_qualified":false}}]}