{"bart_player_id":72342,"seasons":[{"year":2021,"team_name":"Chicago St.","team_conference":"WAC","class":"Jr","raw_row":["Levelle Zeigler","Chicago St.","WAC",7,60.3,87.4,22,43.6,47.23,0.5,6.9,20.9,15.3,15,22,0.682,20,44,0.455,7,26,0.269,0,1,31.4,"Jr","6-1",2,0.490395,89.8146,1.5,2021,72342,"Oakland, CA",null,"1.30773790",14,25,6,19,"0.5600",0.3158,0,0,null,null,128.481,130.179,-0.314447,26.7622,-7.32336,-1.60817,-5.71518,-7.76862,"31.0000",-2.10057,-5.66805,0.1429,1.7143,1.8571,2.4286,0.5714,"0.0000",10.8571,"Combo G",6.73015,"1999-10-15"],"games":7,"notes":"Combo G","projection":6.7302,"advanced_stats":{"tov_pg":1.8571428571428572,"usage_pct":0.2044285714285714,"plus_minus_pg":-21.5,"mins_pct":0.566,"is_qualified":true}}]}