{"bart_player_id":72366,"seasons":[{"year":2021,"team_name":"Abilene Christian","team_conference":"Slnd","class":"Fr","raw_row":["Jameson Richardson","Abilene Christian","Slnd",15,4.4,85.4,26.4,64.7,62.42,10.3,16.4,5.2,33.8,1,3,0.333,8,13,0.615,2,4,0.5,2.7,0,17.6,"Fr","6-8",21,0.0279442,88.0011,10,2021,72366,"Duke, OK",null,"0.20007600",8,13,0,0,0.6154,null,0,0,null,null,90.7242,95.8225,0.319949,7.90022,-7.48562,-6.2254,-1.26022,-8.85116,4.2105,-7.05874,-1.79242,0.4211,0.6316,1.0526,0.1053,"0.0000",0.1053,1.9474,"PF/C",5.09579,"2001-10-15"],"games":15,"notes":"PF/C","projection":5.0958,"advanced_stats":{"tov_pg":0.5263157894736842,"usage_pct":0.25194736842105264,"plus_minus_pg":-1.2352941176470589,"mins_pct":0.075,"is_qualified":false}}]}