{"bart_player_id":72368,"seasons":[{"year":2021,"team_name":"Iona","team_conference":"MAAC","class":"Fr","raw_row":["Omar Rowe","Iona","MAAC",6,3.3,109.9,11.1,75,64.1,5,14.1,7.2,21.5,2,4,0.5,0,1,0,1,1,1,0,2.4,200,"Fr","6-5",13,0.148207,95.9335,10,2021,72368,"Queens, NY",null,"1.00000000",0,1,0,0,"0.0000",null,0,0,null,null,94.8583,99.9554,0.378929,4.69426,-0.171758,-0.0875397,-0.0842185,-3.64456,"4.0000",-4.47081,0.826246,0.1667,"0.5000",0.6667,0.1667,0.1667,"0.0000",0.8333,"Scoring PG",2.40349,"2001-10-15"],"games":6,"notes":"Scoring PG","projection":2.4035,"advanced_stats":{"tov_pg":0.14285714285714285,"usage_pct":0.08014285714285715,"plus_minus_pg":2.142857142857143,"mins_pct":0.035,"is_qualified":false}}]}