{"bart_player_id":72378,"seasons":[{"year":2021,"team_name":"North Dakota","team_conference":"Sum","class":"Fr","raw_row":["Andrew Bergan","North Dakota","Sum",3,0.9,0,16,0,0,0,13.7,0,40.1,0,0,0,0,1,0,0,1,0,0,0,0,"Fr","6-8",3,-0.892757,-0.503822,4.4,2021,72378,"Aberdeen, SD",null,"0.00000000",0,1,0,0,"0.0000",null,0,0,null,null,112.946,105.472,0.226771,1.25856,-22.0061,-16.5694,-5.43669,-25.2924,"3.0000",-17.1054,-8.187,"0.0000",0.3333,0.3333,"0.0000","0.0000","0.0000","0.0000","C",6.0924,"2001-10-15"],"games":3,"notes":"C","projection":6.0924,"advanced_stats":{"tov_pg":0.3333333333333333,"usage_pct":0.17400000000000002,"plus_minus_pg":-0.3333333333333333,"mins_pct":0.008,"is_qualified":false}}]}