{"bart_player_id":72384,"seasons":[{"year":2021,"team_name":"Grambling St.","team_conference":"SWAC","class":"Jr","raw_row":["Reyhan Cobb","Grambling St.","SWAC",22,22.5,79.3,23.3,37.3,41.42,11.5,13.6,8.1,21.8,17,30,0.567,22,57,0.386,1,6,0.167,2.7,2.4,47.6,"Jr","6-9",4,-0.16155,80.3036,7.1,2021,72384,"Atlanta, GA",null,0.39995399,18,31,4,26,0.5806,0.1538,5,7,0.7143,null,95.1201,103.912,0.761531,43.5144,-7.07763,-5.75475,-1.32288,-7.98173,9.2174,-6.59565,-1.38608,0.8696,1.1304,"2.0000",0.3478,0.3913,0.2174,2.7826,"PF/C",1.60407,"1999-10-15"],"games":22,"notes":"PF/C","projection":1.6041,"advanced_stats":{"tov_pg":0.8695652173913043,"usage_pct":0.23286956521739127,"plus_minus_pg":-2.4761904761904763,"mins_pct":0.208,"is_qualified":true}}]}