{"bart_player_id":72392,"seasons":[{"year":2021,"team_name":"UMass Lowell","team_conference":"AE","class":"Fr","raw_row":["Richie Greaves","UMass Lowell","AE",1,0.2,0,28.8,0,0,0,0,0,100,0,0,0,0,0,0,0,0,0,0,0,0,"Fr","6-1",21,-0.615268,-3.39961,20,2021,72392,"Staten Island, NY",null,"0.00000000",null,null,null,null,null,null,null,null,null,null,110.759,119.962,0.0506211,0.236098,-31.9279,-29.8354,-2.09248,-47.5946,"2.0000",-36.8908,-10.7038,"0.0000","0.0000","0.0000","0.0000","0.0000","0.0000","0.0000","PF/C",0,"2001-10-15"],"games":1,"notes":"PF/C","projection":0,"advanced_stats":{"tov_pg":1,"usage_pct":0.205,"plus_minus_pg":0,"mins_pct":0.003,"is_qualified":false}}]}