{"bart_player_id":72390,"seasons":[{"year":2021,"team_name":"Grambling St.","team_conference":"SWAC","class":"So","raw_row":["Sarion McGee","Grambling St.","SWAC",23,39.8,100.5,22.1,58.5,61.16,7.5,19.5,8.9,23.3,29,39,0.744,66,114,0.579,2,4,0.5,0.6,1.5,33.1,"So","6-8",23,0.823305,100.165,2.9,2021,72390,"Milwaukee, WI",null,0.38236748,54,76,11,34,0.7105,0.3235,0,1,"0.0000",null,95.9379,104.928,1.23295,74.5465,-4.56144,-2.46591,-2.09554,-2.79632,15.4167,-0.888533,-1.90779,0.9583,"2.7500",3.7083,0.5417,0.4167,0.0833,6.9583,"Wing F",0.604548,"2000-10-15"],"games":23,"notes":"Wing F","projection":0.6045,"advanced_stats":{"tov_pg":1.4166666666666667,"usage_pct":0.2228333333333333,"plus_minus_pg":-1.5909090909090908,"mins_pct":0.383,"is_qualified":true}}]}