{"bart_player_id":72408,"seasons":[{"year":2021,"team_name":"Jacksonville St.","team_conference":"OVC","class":"Fr","raw_row":["Marvin Hughes","Jacksonville St.","OVC",2,0.3,60.7,17.9,0,0,39.5,0,0,0,0,0,0,0,1,0,0,0,0,0,0,0,"Fr","6-1",31,-0.129995,60.2808,0,2021,72408,"Nashville, TN",null,"0.00000000",0,0,0,1,null,"0.0000",0,0,null,null,112.575,110.726,0.0860383,0.305836,-17.0913,-6.99012,-10.1012,-13.0978,1.6667,-4.23094,-8.86683,0.3333,"0.0000",0.3333,"0.0000","0.0000","0.0000","0.0000","PF/C",0,"2001-10-15"],"games":2,"notes":"PF/C","projection":0,"advanced_stats":{"tov_pg":0,"usage_pct":0.08266666666666667,"plus_minus_pg":-0.6666666666666666,"mins_pct":0.005,"is_qualified":false}}]}