{"bart_player_id":72428,"seasons":[{"year":2021,"team_name":"Georgia","team_conference":"SEC","class":"Jr","raw_row":["Jonathan Ned","Georgia","SEC",13,7.3,90.5,12.8,42.1,42.11,5.9,16.7,4.4,16.9,0,0,0,2,6,0.333,4,13,0.308,2.8,1.5,0,"Jr","6-8",13,-0.011726,84.654,2.2,2021,72428,"Brentwood, CA",null,0.33341111,1,3,1,3,0.3333,0.3333,0,0,null,null,103.724,103.195,0.468843,14.478,-0.549579,-1.09367,0.544087,0.0912805,6.6429,0.27506,-0.18378,0.3571,"1.0000",1.3571,0.1429,0.1429,0.2143,1.6429,"Stretch 4",9.3254,"2000-05-12"],"games":13,"notes":"Stretch 4","projection":9.3254,"advanced_stats":{"tov_pg":0.42857142857142855,"usage_pct":0.13999999999999999,"plus_minus_pg":-1.0714285714285714,"mins_pct":0.089,"is_qualified":false}}]}