{"bart_player_id":72481,"seasons":[{"year":2021,"team_name":"San Diego","team_conference":"WCC","class":"Fr","raw_row":["Jack Vaske","San Diego","WCC",1,0.2,0,0,0,0,0,0,0,0,0,0,0,0,0,0,0,0,0,0,0,0,"Fr","6-10",null,-0.322545,-7.69678,0,2021,72481,null,null,"0.00000000",null,null,null,null,null,null,null,null,null,null,115.889,112.317,0.0518371,0.104151,-3.83946,-3.38714,-0.452317,-8.37126,"1.0000",-6.9175,-1.45377,"0.0000","0.0000","0.0000","0.0000","0.0000","0.0000","0.0000","C",0,"2001-10-15"],"games":1,"notes":"C","projection":0,"advanced_stats":{"tov_pg":0,"usage_pct":0,"plus_minus_pg":0,"mins_pct":0.001,"is_qualified":false}}]}