{"bart_player_id":72490,"seasons":[{"year":2021,"team_name":"North Dakota","team_conference":"Sum","class":"Fr","raw_row":["Nate Shockey","North Dakota","Sum",15,10.3,62.1,14.4,29.5,36.22,0,7.9,3.4,25.8,5,6,0.833,2,7,0.286,3,15,0.2,0,1.6,27.3,"Fr","6-3",10,-0.737699,55.5122,4.4,2021,72490,"Elmhurst, IL",null,0.28562248,2,7,0,0,0.2857,null,0,0,null,null,111.16,109.468,0.441162,16.7583,-9.1145,-6.47043,-2.64407,-10.415,7.2667,-8.22434,-2.1907,"0.0000",0.4667,0.4667,0.1333,"0.2000","0.0000","1.2000","Combo G",7.98519,"2001-10-15"],"games":15,"notes":"Combo G","projection":7.9852,"advanced_stats":{"tov_pg":0.4666666666666667,"usage_pct":0.1496,"plus_minus_pg":-2.2142857142857144,"mins_pct":0.091,"is_qualified":false}}]}