{"bart_player_id":72513,"seasons":[{"year":2021,"team_name":"Fordham","team_conference":"A10","class":"Fr","raw_row":["Julian Dozier","Fordham","A10",5,3.9,21.7,24.1,0,0,5.2,11.1,29.7,23.4,0,2,0,0,6,0,0,0,0,0,2.8,33.3,"Fr","5-10",4,-0.963295,22.1634,0,2021,72513,"Detroit, MI",null,1.50000004,0,4,0,2,"0.0000","0.0000",0,0,null,null,104.251,103.337,0.365186,3.76199,-16.2969,-15.646,-0.650873,-15.0472,"4.4000",-10.9563,-4.09088,"0.2000","0.4000","0.6000","0.6000","0.2000","0.0000","0.0000","Pure PG",0,"2001-10-15"],"games":5,"notes":"Pure PG","projection":0,"advanced_stats":{"tov_pg":0.4,"usage_pct":0.202,"plus_minus_pg":-2,"mins_pct":0.039,"is_qualified":false}}]}