{"bart_player_id":72547,"seasons":[{"year":2021,"team_name":"Nicholls St.","team_conference":"Slnd","class":"Jr","raw_row":["Anquaevious Pollard","Nicholls St.","Slnd",16,8.9,115.4,18.5,54.4,54.41,12.3,16.2,0,6.8,0,0,0,14,20,0.7,3,14,0.214,2.4,0.6,0,"Jr","6-7",10,0.397793,106.75,7.4,2021,72547,"Lanett, AL",null,"0.00000000",12,16,2,4,"0.7500","0.5000",0,0,null,null,100.966,105.902,0.395183,15.9777,-7.90829,-1.47818,-6.43012,-3.13157,6.0588,-0.664308,-2.46726,0.7059,"1.0000",1.7059,"0.0000",0.0588,0.1176,2.5882,"PF/C",8.76143,"1999-10-15"],"games":16,"notes":"PF/C","projection":8.7614,"advanced_stats":{"tov_pg":0.17647058823529413,"usage_pct":0.24064705882352944,"plus_minus_pg":-0.47058823529411764,"mins_pct":0.103,"is_qualified":false}}]}