{"bart_player_id":72557,"seasons":[{"year":2021,"team_name":"Morehead St.","team_conference":"OVC","class":"So","raw_row":["Jacob Rice","Morehead St.","OVC",10,1,115.7,14.5,75,75,10.5,0,16,34.2,0,0,0,0,0,0,1,2,0.5,0,0,0,"So","5-11",20,0.0842217,105.482,0,2021,72557,"Paintsville, KY",null,"1.00000000",0,0,0,0,null,null,0,0,null,null,106.713,104.925,0.0929835,1.31564,-0.191417,2.96091,-3.15233,0.0524135,1.4167,2.55744,-2.50503,0.1667,0.0833,"0.2500",0.0833,"0.0000","0.0000","0.2500","Scoring PG",10.1658,"2000-10-15"],"games":10,"notes":"Scoring PG","projection":10.1658,"advanced_stats":{"tov_pg":0.09090909090909091,"usage_pct":0.1312,"plus_minus_pg":-0.2857142857142857,"mins_pct":0.016,"is_qualified":false}}]}