{"bart_player_id":72572,"seasons":[{"year":2021,"team_name":"Prairie View A&M","team_conference":"SWAC","class":"Jr","raw_row":["Myles Washington","Prairie View A&M","SWAC",2,1.9,109.5,12.4,66.7,50.63,13.8,21.4,0,0,0,2,0,2,3,0.667,0,0,0,7.2,0,66.7,"Jr","6-5",5,0.362219,98.304,5,2021,72572,"Charlotte, NC",null,"0.00000000",1,2,1,1,"0.5000","1.0000",0,0,null,null,90.9352,89.4015,1.05083,3.23985,-7.78812,-4.58189,-3.20622,-0.379337,"8.0000",0.946636,-1.32597,"1.0000","1.5000","2.5000","0.0000","0.0000","0.5000","2.0000","PF/C",0,"1999-10-15"],"games":2,"notes":"PF/C","projection":0,"advanced_stats":{"tov_pg":0,"usage_pct":0.117,"plus_minus_pg":-1.5,"mins_pct":0.02,"is_qualified":false}}]}