{"bart_player_id":72574,"seasons":[{"year":2021,"team_name":"North Carolina A&T","team_conference":"MEAC","class":"Jr","raw_row":["David Greer","North Carolina A&T","MEAC",3,1.3,91.3,18.4,33.3,37.97,10.1,0,0,0,1,2,0.5,1,3,0.333,0,0,0,0,0,66.7,"Jr","7-0",33,0.138561,97.2351,8,2021,72574,"Ocean Springs, MS",null,0.60000001,0,0,1,3,null,0.3333,0,0,null,null,112.675,106.616,0.238736,1.12091,-12.2971,-4.97541,-7.32169,-10.434,"4.6000",-5.44252,-4.99152,"0.4000","0.2000","0.6000","0.2000","0.0000","0.0000","1.4000","C",0,"1999-10-15"],"games":3,"notes":"C","projection":0,"advanced_stats":{"tov_pg":0,"usage_pct":0.1068,"plus_minus_pg":1.8,"mins_pct":0.03,"is_qualified":false}}]}