{"bart_player_id":72593,"seasons":[{"year":2021,"team_name":"Louisiana Tech","team_conference":"CUSA","class":"Jr","raw_row":["Jace Bass","Louisiana Tech","CUSA",9,6.5,118.2,16.8,48.2,53.48,0,11.9,7.4,0,6,6,1,6,13,0.462,5,15,0.333,0,2.1,21.4,"Jr","6-3",0,0.858477,112.745,3,2021,72593,"Carson, CA",null,2.99969995,6,10,0,2,"0.6000","0.0000",2,3,0.6667,null,94.8153,95.8438,0.980995,15.3683,1.3086,1.8209,-0.512298,4.72015,"9.0000",2.15773,2.56242,"0.0000","1.0000","1.0000",0.3333,0.3333,"0.0000",3.6667,"Wing G",10.5035,"1999-12-16"],"games":9,"notes":"Wing G","projection":10.5035,"advanced_stats":{"tov_pg":0,"usage_pct":0.12200000000000001,"plus_minus_pg":-0.5555555555555556,"mins_pct":0.064,"is_qualified":false}}]}