{"bart_player_id":72628,"seasons":[{"year":2021,"team_name":"Clemson","team_conference":"ACC","class":"Fr","raw_row":["Olivier-Maxence Prosper","Clemson","ACC",22,22.1,94.4,18.3,37.5,43.23,10.4,13.2,5.7,12.7,15,22,0.682,15,34,0.441,3,18,0.167,1.8,1.2,42.3,"Fr","6-8",10,0.39298,97.0195,3.9,2021,72628,"Montreal, PQ",80.6,0.75000006,14,26,1,8,0.5385,"0.1250",3,4,"0.7500",null,97.2959,91.5252,1.19362,36.2935,0.0267687,-0.934457,0.961226,-0.942238,9.6818,-1.67731,0.735068,0.8182,1.0455,1.8636,0.2727,0.1818,0.1364,2.4545,"Wing F",5.237,"2002-07-03"],"games":22,"notes":"Wing F","projection":5.237,"advanced_stats":{"tov_pg":0.36363636363636365,"usage_pct":0.16059090909090912,"plus_minus_pg":-0.7727272727272727,"mins_pct":0.224,"is_qualified":true}}]}