{"bart_player_id":72632,"seasons":[{"year":2021,"team_name":"Florida A&M","team_conference":"MEAC","class":"So","raw_row":["Trejan Davis","Florida A&M","MEAC",10,6.5,100.6,13.4,75,70.71,4.5,25.2,7.5,32.3,2,4,0.5,6,8,0.75,0,0,0,0,3.3,50,"So","6-4",14,0.0457843,87.7931,13.1,2021,72632,"Tallahassee, FL",null,"0.50000000",4,5,2,3,"0.8000",0.6667,0,0,null,null,87.7435,92.3437,0.629954,13.9897,-2.44302,-3.99576,1.55274,-5.33502,"5.2000",-8.64713,3.31212,"0.2000","1.2000","1.4000","0.2000","0.3000","0.0000","1.4000","Wing G",0,"2000-10-15"],"games":10,"notes":"Wing G","projection":0,"advanced_stats":{"tov_pg":0.36363636363636365,"usage_pct":0.08881818181818181,"plus_minus_pg":3.7777777777777777,"mins_pct":0.071,"is_qualified":false}}]}