{"bart_player_id":72693,"seasons":[{"year":2021,"team_name":"Youngstown St.","team_conference":"Horz","class":"Fr","raw_row":["Carson Ryan","Youngstown St.","Horz",3,0.3,0,12.6,0,0,0,0,0,0,0,0,0,0,1,0,0,0,0,0,0,0,"Fr","6-4",null,-0.300491,-1.34113,0,2021,72693,"Struthers, OH",null,"1.00000000",0,0,0,1,null,"0.0000",0,0,null,null,117.293,117.273,0.0346419,0.31868,-17.691,-12.3417,-5.34925,-18.0364,3.6667,-9.79552,-8.24092,0.1667,0.3333,"0.5000",0.3333,"0.0000","0.0000",0.8333,"PF/C",0,"2001-10-15"],"games":3,"notes":"PF/C","projection":0,"advanced_stats":{"tov_pg":0.4,"usage_pct":0.19540000000000002,"plus_minus_pg":4.6,"mins_pct":0.02,"is_qualified":false}}]}