{"bart_player_id":72695,"seasons":[{"year":2021,"team_name":"Washington","team_conference":"P12","class":"Fr","raw_row":["Griff Hopkins","Washington","P12",2,0.2,42.7,34.7,0,0,0,0,81.1,81.5,0,0,0,0,0,0,0,0,0,0,0,0,"Fr","6-4",15,-0.133224,46.8626,0,2021,72695,"Syracuse, NY",null,"1.00000000",null,null,null,null,null,null,null,null,null,null,120.038,115.153,0.0419949,0.176506,-53.932,-33.7554,-20.1766,-18.7753,"1.0000",-10.3448,-8.43053,"0.0000","0.0000","0.0000","0.5000","0.0000","0.0000","0.0000","Pure PG",0,"2001-10-15"],"games":2,"notes":"Pure PG","projection":0,"advanced_stats":{"tov_pg":0.5,"usage_pct":0.2735,"plus_minus_pg":-1,"mins_pct":0.002,"is_qualified":false}}]}