{"bart_player_id":72691,"seasons":[{"year":2023,"team_name":"North Carolina A&T","team_conference":"CAA","class":"Fr","raw_row":["Trey Crews","North Carolina A&T","CAA",1,0.1,0,0,0,0,0,0,0,0,0,0,0,0,0,0,0,0,0,0,0,0,"Fr","6-1",15,-0.324525,-6.29272,0,2023,72691,"Durham, NC",null,"1.00000000",null,null,null,null,null,null,null,null,null,null,119.103,128.058,0.00406878,0.089884,-8.11113,-5.20504,-2.90609,-10.7701,2.6667,-6.67459,-4.09551,"0.0000",0.6667,0.6667,0.6667,"0.0000",0.3333,"0.0000","PF/C",0,"2001-10-15"],"games":1,"notes":"PF/C","projection":0,"advanced_stats":{"tov_pg":0.6666666666666666,"usage_pct":0.25133333333333335,"plus_minus_pg":2,"mins_pct":0.006,"is_qualified":false}}]}