{"bart_player_id":72690,"seasons":[{"year":2021,"team_name":"Mississippi St.","team_conference":"SEC","class":"Fr","raw_row":["Reggie Morris","Mississippi St.","SEC",5,0.9,20.6,12.1,0,0,0,9.1,13.2,40.6,0,0,0,0,0,0,0,2,0,0,0,0,"Fr","6-1",33,-0.568783,16.9581,3.3,2021,72690,"Grandview, MO",null,"1.00000000",0,0,0,0,null,null,0,0,null,null,106.482,115.219,0.100241,1.53544,-10.3621,-8.1665,-2.19555,-16.9888,"2.4000",-12.8315,-4.15728,"0.0000","0.2000","0.2000","0.2000","0.0000","0.0000","0.0000","Scoring PG",9.78066,"2002-06-13"],"games":5,"notes":"Scoring PG","projection":9.7807,"advanced_stats":{"tov_pg":0.2,"usage_pct":0.10880000000000001,"plus_minus_pg":-0.2,"mins_pct":0.009,"is_qualified":false}}]}