{"bart_player_id":72722,"seasons":[{"year":2021,"team_name":"Eastern Washington","team_conference":"BSky","class":"Fr","raw_row":["Isaiah Amato","Eastern Washington","BSky",10,5.4,71.8,18.7,38.5,37.85,0,17.2,10.1,18,2,6,0.333,5,9,0.556,0,4,0,0,0,46.2,"Fr","6-5",null,-0.310605,67.3535,6.4,2021,72722,"Portland, OR",null,"1.00000000",2,3,3,6,0.6667,"0.5000",0,0,null,null,102.741,107.018,0.351127,8.50798,-8.39186,-6.14391,-2.24795,-12.9497,4.6364,-9.45822,-3.49145,"0.0000",0.7273,0.7273,0.2727,"0.0000","0.0000",1.0909,"Wing F",4.51771,"2001-10-15"],"games":10,"notes":"Wing F","projection":4.5177,"advanced_stats":{"tov_pg":0.2727272727272727,"usage_pct":0.1567,"plus_minus_pg":-1.8181818181818181,"mins_pct":0.051,"is_qualified":false}}]}