{"bart_player_id":72738,"seasons":[{"year":2021,"team_name":"Sacramento St.","team_conference":"BSky","class":"Jr","raw_row":["Samaad Hector","Sacramento St.","BSky",15,29.1,123.2,11.3,57.1,57.29,10.5,22.6,0.9,7.5,5,9,0.556,11,17,0.647,6,18,0.333,3.7,1.1,25.7,"Jr","6-6",0,1.02481,106.474,6,2021,72738,"Vancouver, WA",null,0.60013601,11,17,0,0,0.6471,null,2,2,"1.0000",null,108.339,109.828,0.841736,37.8319,-2.78611,-0.207101,-2.57901,-2.40487,14.8235,-0.635169,-1.7697,1.6471,2.6471,4.2941,0.1765,0.2353,0.4118,4.0588,"PF/C",5.10702,"1999-10-15"],"games":15,"notes":"PF/C","projection":5.107,"advanced_stats":{"tov_pg":0.29411764705882354,"usage_pct":0.11476470588235296,"plus_minus_pg":1.3529411764705883,"mins_pct":0.309,"is_qualified":true}}]}