{"bart_player_id":72735,"seasons":[{"year":2021,"team_name":"IU Indy","team_conference":"Horz","class":"Jr","raw_row":["Acton Shirley","IU Indy","Horz",9,3.5,92.1,15.7,42.9,42.86,8.7,0,7.9,14.1,0,0,0,3,7,0.429,0,0,0,4.2,0,0,"Jr","7-0",50,-0.00464837,84.7735,17.6,2021,72735,"Zebulon, GA",null,"1.00000000",3,5,0,2,"0.6000","0.0000",1,1,"1.0000",null,109.642,111.273,0.154052,3.58887,-6.04204,-4.10945,-1.93259,-11.7366,2.7778,-11.4852,-0.251476,0.2222,"0.0000",0.2222,0.1111,"0.0000",0.1111,0.6667,"C",0,"1999-10-15"],"games":9,"notes":"C","projection":0,"advanced_stats":{"tov_pg":0.1111111111111111,"usage_pct":0.13033333333333333,"plus_minus_pg":-3.5555555555555554,"mins_pct":0.035,"is_qualified":false}}]}