{"bart_player_id":72758,"seasons":[{"year":2021,"team_name":"Arizona St.","team_conference":"P12","class":"Fr","raw_row":["Josh Christopher","Arizona St.","P12",15,44.2,99.2,24.3,48.3,52.94,2.4,16.2,9.8,13.2,44,55,0.8,58,117,0.496,18,59,0.305,1.9,2.7,31.3,"Fr","6-5",13,2.47953,109.488,4.3,2021,72758,"Carson, CA","98.0",0.80770784,32,44,26,73,0.7273,0.3562,10,11,0.9091,24,103.024,96.7535,3.12105,93.0764,2.53401,1.33991,1.19411,3.36661,29.7333,2.07743,1.28917,0.6667,4.0667,4.7333,"1.4000",1.4667,0.5333,14.2667,"Wing G",7.28567,"2001-12-08"],"games":15,"notes":"Wing G","projection":7.2857,"advanced_stats":{"tov_pg":1.7333333333333334,"usage_pct":0.24659999999999999,"plus_minus_pg":-2.7333333333333334,"mins_pct":0.443,"is_qualified":true}}]}