{"bart_player_id":72782,"seasons":[{"year":2021,"team_name":"Auburn","team_conference":"SEC","class":"Fr","raw_row":["Sharife Cooper","Auburn","SEC",12,36.4,107.5,34.4,42.7,51.95,2.2,11.3,51.9,19.9,85,103,0.825,59,127,0.465,13,57,0.228,0.7,1.6,56,"Fr","6-1",2,5.69772,135.405,3.2,2021,72782,"Powder Springs, GA",95.6,1.93997645,46,93,13,34,0.4946,0.3824,1,1,"1.0000",48,105.524,97.4909,3.38175,69.382,4.29689,5.65557,-1.35868,3.08749,33.0833,4.13977,-1.05228,0.6667,3.5833,"4.2500",8.0833,"1.0000","0.2500",20.1667,"Pure PG",7.82064,"2001-06-11"],"games":12,"notes":"Pure PG","projection":7.8206,"advanced_stats":{"tov_pg":4.166666666666667,"usage_pct":0.31416666666666665,"plus_minus_pg":2.8333333333333335,"mins_pct":0.366,"is_qualified":true}}]}