{"bart_player_id":72807,"seasons":[{"year":2021,"team_name":"Sam Houston St.","team_conference":"Slnd","class":"Jr","raw_row":["Manny Crump","Sam Houston St.","Slnd",23,27.7,98.8,18.8,54.3,55.64,10.4,11.1,7.2,23.8,15,25,0.6,33,63,0.524,3,6,0.5,4.9,1.8,36.2,"Jr","6-8",1,0.397735,95.1666,10.1,2021,72807,"Miami, FL",null,0.53842157,21,34,12,29,0.6176,0.4138,6,7,0.8571,null,98.8579,101.879,1.01839,54.0214,-0.478447,-2.03816,1.55971,-3.9216,11.6667,-4.75499,0.833384,"1.0370",1.4074,2.4444,0.5185,0.5556,0.5185,"4.0370","PF/C",1.22419,"1999-10-15"],"games":23,"notes":"PF/C","projection":1.2242,"advanced_stats":{"tov_pg":0.9629629629629629,"usage_pct":0.17314814814814816,"plus_minus_pg":2.8518518518518516,"mins_pct":0.281,"is_qualified":true}}]}