{"bart_player_id":72818,"seasons":[{"year":2021,"team_name":"Albany","team_conference":"AE","class":"Fr","raw_row":["Jackson Brown","Albany","AE",1,0.3,0,43.9,0,0,0,0,0,0,0,0,0,0,1,0,0,1,0,0,0,0,"Fr","6-3",33,-0.741551,-21.596,20,2021,72818,"Latham, NY",null,"0.00000000",0,0,0,1,null,"0.0000",0,0,null,null,106.616,113.49,0.095537,0.25983,-43.8619,-29.1243,-14.7377,-67.4855,"2.0000",-47.443,-20.0426,"0.0000","0.0000","0.0000","0.0000","0.0000","0.0000","0.0000","PF/C",30.0174,"2001-10-15"],"games":1,"notes":"PF/C","projection":30.0174,"advanced_stats":{"tov_pg":0,"usage_pct":0.525,"plus_minus_pg":-2,"mins_pct":0.003,"is_qualified":false}}]}