{"bart_player_id":72856,"seasons":[{"year":2021,"team_name":"Stanford","team_conference":"P12","class":"Fr","raw_row":["Ziaire Williams","Stanford","P12",20,50.7,85,25.8,43.1,47.29,2.4,16.4,16.4,23.2,39,49,0.796,53,124,0.427,23,79,0.291,2.2,1.7,24.1,"Fr","6-8",3,0.986638,95.638,3.4,2021,72856,"Lancaster, CA",99.2,0.75862068,26,49,27,75,0.5306,"0.3600",10,11,0.9091,10,97.9783,92.0734,3.34342,110.371,0.160526,-1.89355,2.05407,-0.298922,"27.9000",-1.55108,1.25215,"0.5000","4.0500","4.5500","2.2000","0.8500","0.5500","10.7000","Wing F",8.16993,"2001-09-12"],"games":20,"notes":"Wing F","projection":8.1699,"advanced_stats":{"tov_pg":2.9,"usage_pct":0.25959999999999994,"plus_minus_pg":0.65,"mins_pct":0.508,"is_qualified":true}}]}