{"bart_player_id":72866,"seasons":[{"year":2023,"team_name":"Idaho St.","team_conference":"BSky","class":"Fr","raw_row":["Tommy Ball","Idaho St.","BSky",2,0.2,0,15.1,0,0,0,0,0,0,0,0,0,0,0,0,0,1,0,0,0,0,"Fr","6-0",2,-0.456901,-0.550646,13.3,2023,72866,"El Dorado Hills, CA",null,0.66659999,0,0,0,0,null,null,0,0,null,null,115.87,112.982,0.0845755,0.307839,-17.9199,-11.0153,-6.90464,-29.3602,1.6667,-20.5908,-8.76938,"0.0000","0.0000","0.0000",0.3333,"0.0000","0.0000","1.0000","Scoring PG",24.9244,"2001-10-15"],"games":2,"notes":"Scoring PG","projection":24.9244,"advanced_stats":{"tov_pg":0,"usage_pct":0.1416666666666667,"plus_minus_pg":-0.3333333333333333,"mins_pct":0.004,"is_qualified":false}}]}