{"bart_player_id":72877,"seasons":[{"year":2021,"team_name":"LIU","team_conference":"NEC","class":"Fr","raw_row":["Christian Jeanty","LIU","NEC",2,0.1,0,0,0,0,0,0,0,0,0,0,0,0,0,0,0,0,0,0,0,0,"Fr","6-3",5,-0.159777,-6.83448,0,2021,72877,"Brooklyn, NY",null,"0.00000000",null,null,null,null,null,null,null,null,null,null,109.782,114.341,0.0224079,0.105212,-7.98028,-5.55708,-2.42319,-13.341,"0.5000",-8.85289,-4.48809,"0.0000","0.0000","0.0000","0.0000","0.0000","0.0000","0.0000","PF/C",0,"2001-10-15"],"games":2,"notes":"PF/C","projection":0,"advanced_stats":{"tov_pg":0,"usage_pct":0,"plus_minus_pg":-3,"mins_pct":0.002,"is_qualified":false}}]}