{"bart_player_id":72878,"seasons":[{"year":2021,"team_name":"Minnesota","team_conference":"B10","class":"Fr","raw_row":["David Mutaf","Minnesota","B10",3,0.8,108.4,33.8,71.4,71.43,0,37,0,18.5,0,0,0,2,3,0.667,2,4,0.5,0,6.3,0,"Fr","6-5",3,0.527965,135.973,0,2021,72878,"Istanbul, Turkey","64.0","0.00000000",1,1,1,2,"1.0000","0.5000",0,0,null,null,84.8421,81.2533,0.478886,2.95632,-0.947712,2.40943,-3.35715,24.9385,"3.0000",16.7929,8.1456,"0.0000","1.0000","1.0000","0.0000",0.3333,"0.0000",3.3333,"Wing G",23.9161,"2002-06-14"],"games":3,"notes":"Wing G","projection":23.9161,"advanced_stats":{"tov_pg":0.3333333333333333,"usage_pct":0.38233333333333336,"plus_minus_pg":3.3333333333333335,"mins_pct":0.008,"is_qualified":false}}]}