{"bart_player_id":72883,"seasons":[{"year":2021,"team_name":"Western Illinois","team_conference":"Sum","class":"Jr","raw_row":["Erik Talton","Western Illinois","Sum",15,16.7,105.7,11.4,44.2,55.13,0,5,1.3,13.5,13,14,0.929,4,12,0.333,5,14,0.357,0,3.1,53.8,"Jr","6-1",35,0.142195,89.6463,3.7,2021,72883,"DeSota, TX",null,"0.25000000",2,5,2,7,"0.4000",0.2857,0,0,null,null,109.554,107.83,0.629141,25.6924,-2.53048,-1.42982,-1.10066,-3.18396,"8.8750",-3.54349,0.359538,"0.0000","0.3750","0.3750",0.0625,"0.5000","0.0000","2.2500","Combo G",5.3833,"1999-10-15"],"games":15,"notes":"Combo G","projection":5.3833,"advanced_stats":{"tov_pg":0.25,"usage_pct":0.2745,"plus_minus_pg":-4.1875,"mins_pct":0.161,"is_qualified":false}}]}