{"bart_player_id":72939,"seasons":[{"year":2021,"team_name":"Xavier","team_conference":"BE","class":"Sr","raw_row":["Bryan Griffin","Xavier","BE",18,23.5,104.9,18.8,58.8,57.77,11.4,26.1,4.6,18.3,11,22,0.5,30,50,0.6,0,1,0,7.2,0.6,43.1,"Sr","6-8",13,0.815276,106.695,4.2,2021,72939,"Pomona, NY",null,0.41667915,24,32,6,18,"0.7500",0.3333,6,6,"1.0000",null,95.1582,91.2317,1.3699,45.8351,0.700209,-1.75617,2.45637,0.488566,11.1111,-0.452327,0.940893,1.1111,2.7778,3.8889,0.2778,0.1111,0.7778,3.9444,"C",0.288005,"1998-04-30"],"games":18,"notes":"C","projection":0.288,"advanced_stats":{"tov_pg":0.6666666666666666,"usage_pct":0.18944444444444444,"plus_minus_pg":1,"mins_pct":0.231,"is_qualified":true}}]}