{"bart_player_id":72944,"seasons":[{"year":2021,"team_name":"Arkansas","team_conference":"SEC","class":"Fr","raw_row":["Moses Moody","Arkansas","SEC",32,84.2,116,21.6,50.3,56.81,6.3,11.8,8,11.8,151,186,0.812,107,224,0.478,58,162,0.358,2,1.6,48.2,"Fr","6-6",5,4.3672,122.623,2.7,2021,72944,"LIttle Rock, AR",91.4,0.96153846,62,110,45,114,0.5636,0.3947,10,11,0.9091,14,97.3739,92.4315,4.07001,203.79,5.47923,4.03732,1.44191,6.14535,33.8125,4.53165,1.61371,"2.0000","3.7500","5.7500",1.5625,"1.0000",0.6562,16.8438,"Wing G",7.95191,"2002-05-31"],"games":32,"notes":"Wing G","projection":7.9519,"advanced_stats":{"tov_pg":1.625,"usage_pct":0.22184375,"plus_minus_pg":9.28125,"mins_pct":0.841,"is_qualified":true}}]}