{"bart_player_id":72957,"seasons":[{"year":2021,"team_name":"Detroit Mercy","team_conference":"Horz","class":"Fr","raw_row":["Joey Liedel","Detroit Mercy","Horz",4,1.7,36.4,28.1,21.4,21.43,0,8,0,28.1,0,0,0,0,0,0,1,7,0.143,0,3.9,0,"Fr","6-1",30,-0.62969,36.8646,5.3,2021,72957,"Erie, MI",null,"0.00000000",0,0,0,0,null,null,0,0,null,null,106.493,102.914,0.316746,2.85011,-20.3032,-14.1333,-6.16986,-22.8977,"3.7500",-16.6768,-6.22089,"0.0000","0.2500","0.2500","0.0000","0.2500","0.0000","0.7500","Combo G",27.5107,"2001-10-15"],"games":4,"notes":"Combo G","projection":27.5107,"advanced_stats":{"tov_pg":0.5,"usage_pct":0.30974999999999997,"plus_minus_pg":0,"mins_pct":0.018,"is_qualified":false}}]}