{"bart_player_id":72953,"seasons":[{"year":2021,"team_name":"Canisius","team_conference":"MAAC","class":"So","raw_row":["Malik Brooks","Canisius","MAAC",3,4.6,128.8,19.6,57.1,62.89,13.3,5,18.5,11.9,2,2,1,4,6,0.667,0,1,0,0,2.3,28.6,"So","6-2",25,1.15373,126.817,5,2021,72953,"Lockport, NY",null,2.00030008,4,5,0,1,"0.8000","0.0000",0,0,null,null,102.21,108.081,0.53229,4.12004,3.28213,5.26735,-1.98522,1.31811,"8.0000",2.86923,-1.55112,"1.0000",0.3333,1.3333,0.6667,0.3333,"0.0000",3.3333,"Wing G",2.34446,"2000-08-15"],"games":3,"notes":"Wing G","projection":2.3445,"advanced_stats":{"tov_pg":0.3333333333333333,"usage_pct":0.10333333333333333,"plus_minus_pg":-0.3333333333333333,"mins_pct":0.046,"is_qualified":false}}]}