{"bart_player_id":72961,"seasons":[{"year":2021,"team_name":"Tarleton St.","team_conference":"WAC","class":"Fr","raw_row":["Roman Garcia","Tarleton St.","WAC",1,0.3,0,0,0,0,0,0,0,0,0,0,0,0,0,0,0,0,0,0,0,0,"Fr","5-10",30,-0.64251,-7.32498,0,2021,72961,"El Paso, TX",null,"0.50000000",null,null,null,null,null,null,null,null,null,null,114.902,111.776,0.107428,0.19323,-4.99659,-3.32908,-1.66751,-9.65017,"2.5000",-4.55298,-5.09719,"0.0000","0.0000","0.0000","0.5000","0.0000","0.0000","0.0000","PF/C",0,"2001-07-07"],"games":1,"notes":"PF/C","projection":0,"advanced_stats":{"tov_pg":0,"usage_pct":0.084,"plus_minus_pg":3,"mins_pct":0.005,"is_qualified":false}}]}