{"bart_player_id":72963,"seasons":[{"year":2021,"team_name":"UMKC","team_conference":"Sum","class":"Fr","raw_row":["Devon House","UMKC","Sum",6,3.5,118.9,28,50,61.59,4.6,30.3,0,7.9,7,8,0.875,2,5,0.4,2,5,0.4,9.7,2.2,80,"Fr","6-7",40,0.703719,128.713,7.1,2021,72963,"Sterling, IL",null,"4.00000000",1,3,1,2,0.3333,"0.5000",0,0,null,null,91.9541,90.7291,0.591489,6.62808,-3.49516,-1.14396,-2.3512,4.56731,"5.7500",2.97111,1.5962,"0.1250","1.7500","1.8750","0.5000","0.5000","0.2500","3.5000","PF/C",11.1102,"2001-10-15"],"games":6,"notes":"PF/C","projection":11.1102,"advanced_stats":{"tov_pg":0.125,"usage_pct":0.256625,"plus_minus_pg":0.375,"mins_pct":0.048,"is_qualified":false}}]}