{"bart_player_id":72996,"seasons":[{"year":2021,"team_name":"Liberty","team_conference":"ASun","class":"Sr","raw_row":["Chris Parker","Liberty","ASun",25,74.2,106.9,22.9,51.2,55.97,1.6,7.1,22.5,18.7,57,69,0.826,71,145,0.49,25,67,0.373,0,1.4,32.5,"Sr","6-1",1,2.32881,107.868,1.6,2021,72996,"Plano, TX",null,1.60658939,47,86,24,59,0.5465,0.4068,0,0,null,null,100.313,103.473,2.44942,114.127,-1.067,0.454503,-1.5215,-0.396282,28.3448,0.46649,-0.862772,0.3448,1.7931,2.1379,3.3793,0.6897,"0.0000",10.3103,"Scoring PG",5.61808,"1998-04-15"],"games":25,"notes":"Scoring PG","projection":5.6181,"advanced_stats":{"tov_pg":2.103448275862069,"usage_pct":0.225,"plus_minus_pg":10.962962962962964,"mins_pct":0.708,"is_qualified":true}}]}