{"bart_player_id":73044,"seasons":[{"year":2021,"team_name":"Tarleton St.","team_conference":"WAC","class":"Fr","raw_row":["Caleb Golden","Tarleton St.","WAC",5,10,103.6,20.3,47.4,51.41,4.2,12.6,16.7,9.9,3,3,1,9,18,0.5,0,1,0,2.6,3,15.8,"Fr","6-4",10,0.742578,103.089,6.7,2021,73044,"Austin, TX",null,"2.50000000",7,11,2,7,0.6364,0.2857,0,0,null,null,101.033,105.702,0.897486,11.8128,0.402695,-0.212464,0.615159,-0.0816503,"11.1250",-1.95645,1.8748,"0.6250","1.2500","1.8750","1.2500","1.2500","0.1250","4.6250","Wing G",1.00633,"2001-10-15"],"games":5,"notes":"Wing G","projection":1.0063,"advanced_stats":{"tov_pg":0.5,"usage_pct":0.263,"plus_minus_pg":5.25,"mins_pct":0.113,"is_qualified":false}}]}