{"bart_player_id":73053,"seasons":[{"year":2021,"team_name":"St. Bonaventure","team_conference":"A10","class":"Fr","raw_row":["Josh Bell","St. Bonaventure","A10",1,0.1,0,0,0,0,0,0,0,0,0,0,0,0,0,0,0,0,0,0,0,0,"Fr","6-5",11,-0.322224,-7.60429,0,2021,73053,"Frederick, MD",null,"0.00000000",null,null,null,null,null,null,null,null,null,null,106.364,90.7039,0.126835,0.0963547,-2.44027,-2.40249,-0.037781,-9.40946,"1.0000",-7.1799,-2.22956,"0.0000","0.0000","0.0000","0.0000","0.0000","0.0000","0.0000","PF/C",0,"2001-10-15"],"games":1,"notes":"PF/C","projection":0,"advanced_stats":{"tov_pg":0,"usage_pct":0,"plus_minus_pg":1,"mins_pct":0.002,"is_qualified":false}}]}