{"bart_player_id":73050,"seasons":[{"year":2021,"team_name":"Nicholls St.","team_conference":"Slnd","class":"Jr","raw_row":["AJ Rainey","Nicholls St.","Slnd",2,0.5,0,10.8,0,0,0,0,0,100,0,0,0,0,0,0,0,0,0,0,0,0,"Jr","5-10",2,-0.757001,-2.00654,8,2021,73050,"Gray, LA",null,1.49992499,null,null,null,null,null,null,null,null,null,null,109.777,118.265,0.0779969,0.560113,-15.965,-14.1232,-1.84183,-21.5152,"7.0000",-14.1636,-7.35163,"0.0000","1.0000","1.0000","1.0000",1.3333,0.3333,"2.0000","PF/C",0,"1998-12-04"],"games":2,"notes":"PF/C","projection":0,"advanced_stats":{"tov_pg":0.6666666666666666,"usage_pct":0.14133333333333334,"plus_minus_pg":2.3333333333333335,"mins_pct":0.02,"is_qualified":false}}]}