{"bart_player_id":73070,"seasons":[{"year":2021,"team_name":"Colorado","team_conference":"P12","class":"Fr","raw_row":["Nique Clifford","Colorado","P12",14,4.4,70.1,23.7,19,27.7,0,8.5,15,9.1,6,9,0.667,1,15,0.067,2,6,0.333,2,5.4,42.9,"Fr","6-5",32,-0.126041,76.175,6.4,2021,73070,"Colorado Springs, CO","79.0","2.49895030",0,6,1,9,"0.0000",0.1111,0,1,"0.0000",null,89.6615,86.6351,0.563815,13.2267,-1.48152,-4.56387,3.08235,-4.26247,"4.0000",-8.22363,3.96116,"0.0000",0.2857,0.2857,0.3571,0.3571,0.0714,"1.0000","Pure PG",6.47078,"2002-02-09"],"games":14,"notes":"Pure PG","projection":6.4708,"advanced_stats":{"tov_pg":0.14285714285714285,"usage_pct":0.2395714285714286,"plus_minus_pg":-0.14285714285714285,"mins_pct":0.045,"is_qualified":false}}]}