{"bart_player_id":73108,"seasons":[{"year":2022,"team_name":"Purdue Fort Wayne","team_conference":"Horz","class":"Fr","raw_row":["RJ Ogom","Purdue Fort Wayne","Horz",3,0.5,235.4,2.4,0,0,0,21.6,26.5,0,0,0,0,0,0,0,0,0,0,0,0,0,"Fr","6-6",23,0.609175,173.175,0,2022,73108,"Chicago, IL",null,"1.00000000",null,null,null,null,null,null,null,null,null,null,105.936,106.99,0.14163,0.903688,-6.66438,-4.89452,-1.76986,6.24302,"6.0000",2.72519,3.51784,"0.0000","0.4000","0.4000","0.2000","0.4000","0.2000","3.6000","PF/C",0,"2001-12-11"],"games":3,"notes":"PF/C","projection":0,"advanced_stats":{"tov_pg":0.2,"usage_pct":0.08080000000000001,"plus_minus_pg":10.2,"mins_pct":0.023,"is_qualified":false}}]}