{"bart_player_id":73148,"seasons":[{"year":2021,"team_name":"New Orleans","team_conference":"Slnd","class":"Fr","raw_row":["Rashad Holmes","New Orleans","Slnd",6,0.8,42.9,8.3,0,0,0,0,18.1,80.5,0,0,0,0,0,0,0,0,0,0,0,0,"Fr","5-11",14,-0.250312,31.1538,0,2021,73148,"River Ridge, LA",null,"1.00000000",null,null,null,null,null,null,null,null,null,null,113.429,121.991,0.0243575,0.821012,-19.4005,-11.44,-7.96041,-11.4719,1.3333,-5.56636,-5.90551,"0.0000","0.0000","0.0000",0.1667,"0.0000","0.0000","0.0000","PF/C",0,"2001-10-15"],"games":6,"notes":"PF/C","projection":0,"advanced_stats":{"tov_pg":0.16666666666666666,"usage_pct":0.07016666666666667,"plus_minus_pg":-0.3333333333333333,"mins_pct":0.008,"is_qualified":false}}]}