{"bart_player_id":73166,"seasons":[{"year":2021,"team_name":"Alcorn St.","team_conference":"SWAC","class":"Jr","raw_row":["Kj Riley","Alcorn St.","SWAC",7,3.9,0,3.2,0,0,0,8.8,0,59.6,0,0,0,0,1,0,0,0,0,4.2,3.7,0,"Jr","6-4",22,-1.35104,-5.59221,8,2021,73166,"Greenville, MS",null,"0.00000000",0,1,0,0,"0.0000",null,0,0,null,null,102.561,101.421,0.384201,6.37046,-3.78703,-6.78944,3.00241,-8.31572,4.2857,-9.44318,1.12746,"0.0000",0.2857,0.2857,"0.0000",0.2857,0.1429,"0.0000","PF/C",0,"1999-10-15"],"games":7,"notes":"PF/C","projection":0,"advanced_stats":{"tov_pg":0.14285714285714285,"usage_pct":0.02,"plus_minus_pg":-5.666666666666667,"mins_pct":0.04,"is_qualified":false}}]}