{"bart_player_id":73173,"seasons":[{"year":2021,"team_name":"Arkansas Pine Bluff","team_conference":"SWAC","class":"Jr","raw_row":["Jalen Lynn","Arkansas Pine Bluff","SWAC",24,55.2,94,17.3,48.6,52.08,2,7.4,12,21.5,24,28,0.857,27,67,0.403,30,81,0.37,0,1.6,18.9,"Jr","6-1",1,0.38414,90.0668,1.7,2021,73173,"Collierville, TN",null,"0.77780000",18,33,9,34,0.5455,0.2647,0,0,null,null,114.112,121.156,0.487009,77.1193,-5.84516,-1.2249,-4.62026,-4.37687,"23.2500",-0.97272,-3.40415,0.4167,1.4167,1.8333,1.1667,"0.6250","0.0000","7.0000","Combo G",8.35605,"1999-10-15"],"games":24,"notes":"Combo G","projection":8.3561,"advanced_stats":{"tov_pg":1.5,"usage_pct":0.1821666666666667,"plus_minus_pg":-8.761904761904763,"mins_pct":0.542,"is_qualified":true}}]}