{"bart_player_id":73177,"seasons":[{"year":2021,"team_name":"Stony Brook","team_conference":"AE","class":"Jr","raw_row":["Leighton Elliott-Sewell","Stony Brook","AE",18,21.5,102.7,12.7,48.5,51.13,5.1,14.7,7.5,14.5,10,17,0.588,16,31,0.516,0,2,0,0.6,1.6,51.5,"Jr","6-6",3,0.151346,89.3947,4.8,2021,73177,"Derby, England",null,"1.00000000",16,28,0,3,0.5714,"0.0000",4,4,"1.0000",null,99.0829,102.837,0.892927,34.5367,-3.19466,-2.74577,-0.448891,-3.14503,10.6842,-3.60175,0.456715,0.5263,1.4737,"2.0000",0.3684,0.3158,0.1579,2.6316,"Wing F",0.61412,"1999-10-15"],"games":18,"notes":"Wing F","projection":0.6141,"advanced_stats":{"tov_pg":0.3684210526315789,"usage_pct":0.11105263157894736,"plus_minus_pg":1.8421052631578947,"mins_pct":0.219,"is_qualified":true}}]}