{"bart_player_id":73186,"seasons":[{"year":2021,"team_name":"FIU","team_conference":"CUSA","class":"Jr","raw_row":["DJ Mitchell","FIU","CUSA",18,20.7,90.3,23,43.3,48.07,3,15.3,7.7,17.2,16,21,0.762,17,30,0.567,8,37,0.216,0.5,3,31.3,"Jr","6-4",2,0.26178,92.7489,3.9,2021,73186,"Washington, DC",null,0.73333335,11,21,6,9,0.5238,0.6667,0,0,null,null,105.509,106.694,0.718342,36.618,-5.03009,-2.61502,-2.41506,-3.74448,"11.0500",-2.48495,-1.25953,"0.4500","1.5500","2.0000","0.5500","0.7500","0.0500","4.5500","Wing G",11.2089,"1999-10-15"],"games":18,"notes":"Wing G","projection":11.2089,"advanced_stats":{"tov_pg":0.75,"usage_pct":0.2346,"plus_minus_pg":-2.25,"mins_pct":0.209,"is_qualified":true}}]}