{"bart_player_id":73196,"seasons":[{"year":2021,"team_name":"Arizona St.","team_conference":"P12","class":"Sr","raw_row":["Imran Takhar","Arizona St.","P12",5,0.6,142.1,13.5,75,75,0,0,0,0,0,0,0,0,0,0,1,2,0.5,0,0,0,"Sr","6-3",41,0.211941,136.154,6.7,2021,73196,"Orange, CA",null,"0.00000000",0,0,0,0,null,null,0,0,null,null,115.466,105.116,0.0921906,0.642301,1.48056,5.83419,-4.35363,2.2388,"1.2000",3.95645,-1.71764,"0.0000","0.0000","0.0000","0.0000","0.0000","0.0000","0.6000","Scoring PG",18.1936,"1998-10-15"],"games":5,"notes":"Scoring PG","projection":18.1936,"advanced_stats":{"tov_pg":0,"usage_pct":0.1446,"plus_minus_pg":-2,"mins_pct":0.006,"is_qualified":false}}]}