{"bart_player_id":73195,"seasons":[{"year":2021,"team_name":"Incarnate Word","team_conference":"Slnd","class":"Fr","raw_row":["Dakota Reber","Incarnate Word","Slnd",8,4.1,75.1,17.2,50,50,7.9,7.9,0,33.6,0,0,0,2,3,0.667,1,4,0.25,0,1.9,0,"Fr","6-6",12,-0.208954,69.7159,2.6,2021,73195,"Milwaukie, OR",null,"0.25000000",2,3,0,0,0.6667,null,1,1,"1.0000",null,109.376,112.795,0.194441,4.79141,-11.2162,-6.20842,-5.00777,-5.55875,"4.0000",-2.54143,-3.01733,"0.2000","0.2000","0.4000","0.1000","0.1000","0.0000","0.7000","Wing G",7.61675,"2001-10-15"],"games":8,"notes":"Wing G","projection":7.6168,"advanced_stats":{"tov_pg":0.4,"usage_pct":0.15749999999999997,"plus_minus_pg":-4,"mins_pct":0.045,"is_qualified":false}}]}