{"bart_player_id":73229,"seasons":[{"year":2021,"team_name":"South Dakota","team_conference":"Sum","class":"So","raw_row":["D.J. Dial","South Dakota","Sum",5,1.6,79.3,18.4,33.3,37.97,0,0,22.3,20.8,1,2,0.5,1,3,0.333,0,0,0,0,0,66.7,"So","5-8",55,-0.0941575,76.2109,0,2021,73229,"Cleveland, OH",null,"1.00000000",1,2,0,1,"0.5000","0.0000",0,0,null,null,114.121,110.772,0.1716,1.69157,-17.6596,-8.28435,-9.37525,-7.23016,3.1667,-2.94699,-4.28317,"0.0000",0.1667,0.1667,0.3333,0.1667,"0.0000","0.5000","Scoring PG",0,"2000-10-15"],"games":5,"notes":"Scoring PG","projection":0,"advanced_stats":{"tov_pg":0.3333333333333333,"usage_pct":0.223,"plus_minus_pg":-0.5,"mins_pct":0.018,"is_qualified":false}}]}