{"bart_player_id":73246,"seasons":[{"year":2021,"team_name":"Green Bay","team_conference":"Horz","class":"Fr","raw_row":["Colin Schaefer","Green Bay","Horz",13,5.3,127.9,13.5,75,73.36,4.2,11.3,7.1,16,1,2,0.5,3,8,0.375,4,4,1,0,2.2,16.7,"Fr","6-0",15,0.385214,112.252,2.9,2021,73246,"Sun Prairie, WI",null,"1.00000000",2,3,1,5,0.6667,"0.2000",0,0,null,null,111.109,110.198,0.243406,8.8039,-0.886753,1.4566,-2.34335,1.03081,4.2308,2.23317,-1.20236,0.1538,0.3846,0.5385,0.1538,0.1538,"0.0000",1.4615,"Wing G",4.35101,"2001-10-15"],"games":13,"notes":"Wing G","projection":4.351,"advanced_stats":{"tov_pg":0.15384615384615385,"usage_pct":0.17415384615384616,"plus_minus_pg":-2,"mins_pct":0.052,"is_qualified":false}}]}