{"bart_player_id":73280,"seasons":[{"year":2021,"team_name":"Denver","team_conference":"Sum","class":"Jr","raw_row":["Iseri Palacio","Denver","Sum",1,0.2,0,0,0,0,0,0,0,0,0,0,0,0,0,0,0,0,0,0,0,0,"Jr","6-0",null,-0.641218,-7.13879,0,2021,73280,"Fort Collins, CO",null,"0.00000000",null,null,null,null,null,null,null,null,null,null,119.709,113.904,0.0926623,0.212559,-6.71969,-3.45655,-3.26314,-11.9588,"2.0000",-6.02004,-5.93875,"0.0000","0.0000","0.0000","0.0000","0.0000","0.0000","0.0000","PF/C",0,"1999-10-15"],"games":1,"notes":"PF/C","projection":0,"advanced_stats":{"tov_pg":0,"usage_pct":0,"plus_minus_pg":7,"mins_pct":0.003,"is_qualified":false}}]}