{"bart_player_id":73296,"seasons":[{"year":2021,"team_name":"New Mexico","team_conference":"MWC","class":"Fr","raw_row":["Eloy Medina","New Mexico","MWC",3,1.2,124,19.5,60,60,0,0,0,0,0,0,0,0,0,0,2,5,0.4,0,5.9,0,"Fr","6-3",23,0.48364,127.069,0,2021,73296,"Albuquerque, NM",null,"0.00000000",0,0,0,0,null,null,0,0,null,null,102.631,99.6008,0.319876,1.99481,5.14815,7.14923,-2.00108,10.6692,"3.0000",9.62302,1.04618,"0.0000","0.2000","0.2000","0.0000","0.2000","0.0000","1.2000","Scoring PG",29.8716,"2001-10-15"],"games":3,"notes":"Scoring PG","projection":29.8716,"advanced_stats":{"tov_pg":0,"usage_pct":0.31179999999999997,"plus_minus_pg":0.8,"mins_pct":0.02,"is_qualified":false}}]}