{"bart_player_id":73315,"seasons":[{"year":2021,"team_name":"Troy","team_conference":"SB","class":"Fr","raw_row":["Marquel Bryant","Troy","SB",2,0.4,0,13.6,0,0,0,0,0,0,0,2,0,0,0,0,0,0,0,0,0,0,"Fr","6-2",1,-0.599073,-1.06597,0,2021,73315,"Sarasota, FL",null,1.20000005,0,0,0,0,null,null,0,0,null,null,113.047,108.965,0.126936,0.425717,-18.7608,-13.2816,-5.47928,-17.7258,"6.4000",-11.1533,-6.5725,"0.0000","0.0000","0.0000","0.6000","0.4000","0.0000","1.0000","PF/C",0,"2001-10-15"],"games":2,"notes":"PF/C","projection":0,"advanced_stats":{"tov_pg":0,"usage_pct":0.1794,"plus_minus_pg":2.4,"mins_pct":0.028,"is_qualified":false}}]}