{"bart_player_id":73327,"seasons":[{"year":2021,"team_name":"Utah St.","team_conference":"MWC","class":"Fr","raw_row":["Karson Stastny","Utah St.","MWC",7,0.9,277.7,4.4,150,150,0,0,17.7,0,0,0,0,0,0,0,1,1,1,0,0,0,"Fr","6-4",21,0.651126,216.607,0,2021,73327,"Celina, TX",null,1.00030004,0,0,0,0,null,null,0,0,null,null,102.185,105.624,0.107231,1.14706,-0.998748,4.04852,-5.04727,8.06942,1.4286,6.75778,1.31164,"0.0000","0.0000","0.0000",0.1429,"0.0000","0.0000",0.4286,"Pure PG",5.71169,"2001-10-15"],"games":7,"notes":"Pure PG","projection":5.7117,"advanced_stats":{"tov_pg":0,"usage_pct":0.04914285714285714,"plus_minus_pg":1.6666666666666667,"mins_pct":0.007,"is_qualified":false}}]}