{"bart_player_id":73325,"seasons":[{"year":2021,"team_name":"Tennessee Martin","team_conference":"OVC","class":"Jr","raw_row":["Malik Mooving","Tennessee Martin","OVC",2,2.5,89.3,26.4,25,44.3,4.8,5.6,41.6,28.9,4,4,1,0,5,0,1,1,1,0,2.5,66.7,"Jr","5-10",30,0.153663,89.5878,8.7,2021,73325,"Bronx, NY",null,1.66666667,0,0,0,5,null,"0.0000",0,0,null,null,114.057,114.862,0.439618,3.62391,-9.82647,-4.21968,-5.60678,-8.9752,"11.5000",-5.29229,-3.68291,"0.5000","0.5000","1.0000","2.5000","0.5000","0.0000","3.5000","Pure PG",2.51193,"1999-10-15"],"games":2,"notes":"Pure PG","projection":2.5119,"advanced_stats":{"tov_pg":1.5,"usage_pct":0.27449999999999997,"plus_minus_pg":-0.5,"mins_pct":0.027,"is_qualified":false}}]}