{"bart_player_id":73333,"seasons":[{"year":2021,"team_name":"Portland","team_conference":"WCC","class":"Jr","raw_row":["Eddie Davis","Portland","WCC",18,78.2,90.7,21.8,47.6,51.86,2.2,14.8,11.3,18.7,41,51,0.804,58,141,0.411,20,44,0.455,0.4,1.6,27.6,"Jr","6-6",13,1.17058,96.0394,2.9,2021,73333,"Port Salerno, FL",null,0.58491166,41,89,17,52,0.4607,0.3269,3,4,"0.7500",null,117.196,112.945,1.55342,95.3702,-3.85215,-1.40236,-2.44979,-3.84827,31.0476,-1.29058,-2.55769,0.7619,"3.6190","4.3810",1.4762,0.8571,0.1429,11.8095,"Wing G",4.27803,"1997-10-29"],"games":18,"notes":"Wing G","projection":4.278,"advanced_stats":{"tov_pg":2.5238095238095237,"usage_pct":0.2259523809523809,"plus_minus_pg":-11.428571428571429,"mins_pct":0.777,"is_qualified":true}}]}