{"bart_player_id":73363,"seasons":[{"year":2022,"team_name":"Arkansas St.","team_conference":"SB","class":"Fr","raw_row":["Cheikh Ndour","Arkansas St.","SB",1,0.2,41.2,35.6,0,0,0,0,81.6,81.5,0,0,0,0,0,0,0,0,0,0,0,0,"Fr","6-7",21,-0.29471,42.9325,0,2022,73363,"Medina, Senegal",null,"1.00000000",null,null,null,null,null,null,null,null,null,null,110.938,118.397,0.0624644,0.195616,-56.8151,-36.05,-20.7651,-8.84689,"2.5000",-13.3938,4.54691,"0.0000","0.5000","0.5000","0.2500","0.0000","0.0000","0.0000","Pure PG",0,"2001-10-15"],"games":1,"notes":"Pure PG","projection":0,"advanced_stats":{"tov_pg":0.2,"usage_pct":0.08080000000000001,"plus_minus_pg":-0.4,"mins_pct":0.008,"is_qualified":false}}]}