{"bart_player_id":73381,"seasons":[{"year":2022,"team_name":"Houston Christian","team_conference":"Slnd","class":"So","raw_row":["Collin Plummer","Houston Christian","Slnd",1,0.2,98.6,20,33.3,33.33,114.6,63.9,0,0,0,0,0,1,3,0.333,0,0,0,0,0,0,"So","6-5",25,0.0880541,98.0858,0,2022,73381,"Missouri City, TX",null,"0.25000000",1,2,0,1,"0.5000","0.0000",0,0,null,null,102.073,108.322,0.132388,0.47976,-14.4474,8.06366,-22.511,15.7804,"4.2500",29.3873,-13.6068,"1.2500","1.2500","2.5000","0.2500","0.0000","0.2500","1.5000","PF/C",0,"2001-10-15"],"games":1,"notes":"PF/C","projection":0,"advanced_stats":{"tov_pg":0,"usage_pct":0.33025,"plus_minus_pg":2,"mins_pct":0.014,"is_qualified":false}}]}