{"bart_player_id":73389,"seasons":[{"year":2021,"team_name":"Stetson","team_conference":"ASun","class":"Fr","raw_row":["Gabriel Wuor","Stetson","ASun",11,10.9,100.1,13.6,42.1,49.12,6.6,8,10.6,20.5,5,5,1,8,19,0.421,0,0,0,7.5,1.7,26.3,"Fr","7-1",32,0.144905,89.6878,4.9,2021,73389,"Duk Padiet, South Sudan",null,0.85701018,6,11,2,8,0.5455,"0.2500",2,2,"1.0000",null,104.29,104.346,0.749035,19.406,-0.183022,-2.77384,2.59082,-0.76486,"10.0000",-2.4726,1.70774,0.6923,0.8462,1.5385,0.4615,0.3077,0.5385,2.0769,"C",0,"2001-10-15"],"games":11,"notes":"C","projection":0,"advanced_stats":{"tov_pg":0.5384615384615384,"usage_pct":0.18023076923076922,"plus_minus_pg":1.2307692307692308,"mins_pct":0.119,"is_qualified":false}}]}