{"bart_player_id":73387,"seasons":[{"year":2021,"team_name":"Portland St.","team_conference":"BSky","class":"Jr","raw_row":["Alexis Angeles","Portland St.","BSky",6,2.3,41.9,11.2,0,0,11.9,0,10.4,0,0,0,0,0,4,0,0,0,0,0,0,0,"Jr","6-2",14,-0.508236,33.562,2.4,2021,73387,"Tualatin, OR",null,1.50000001,0,3,0,1,"0.0000","0.0000",0,1,"0.0000",null,106.891,111.402,0.155869,1.83174,-10.1015,-7.08033,-3.02118,-12.2064,"3.0000",-6.33915,-5.8673,"0.2500","0.1250","0.3750","0.2500","0.0000","0.0000","0.5000","PF/C",0,"1999-10-15"],"games":6,"notes":"PF/C","projection":0,"advanced_stats":{"tov_pg":0,"usage_pct":0.180625,"plus_minus_pg":0.375,"mins_pct":0.025,"is_qualified":false}}]}