{"bart_player_id":73414,"seasons":[{"year":2021,"team_name":"South Dakota St.","team_conference":"Sum","class":"Fr","raw_row":["Cooper Cornemann","South Dakota St.","Sum",1,0.1,0,0,0,0,0,0,0,0,0,0,0,0,0,0,0,0,0,0,0,0,"Fr","6-2",0,-0.320103,-6.99294,0,2021,73414,"Yankton, SD",null,"0.00000000",null,null,null,null,null,null,null,null,null,null,113.815,118.87,0.0290977,0.116072,-3.90477,-1.42287,-2.4819,-8.45091,"1.0000",-4.98377,-3.46714,"0.0000","0.0000","0.0000","0.0000","0.0000","0.0000","0.0000","PF/C",0,"2001-10-15"],"games":1,"notes":"PF/C","projection":0,"advanced_stats":{"tov_pg":0,"usage_pct":0,"plus_minus_pg":-4,"mins_pct":0.001,"is_qualified":false}}]}