{"bart_player_id":73427,"seasons":[{"year":2021,"team_name":"Oakland","team_conference":"Horz","class":"Fr","raw_row":["Joey Holifield","Oakland","Horz",7,3,126.2,13.4,61.1,63.32,8.7,3.1,5.5,11.4,1,1,1,4,8,0.5,1,1,1,0,3.1,11.1,"Fr","6-3",30,0.505275,113.296,2.2,2021,73427,"Toledo, OH",null,"1.00000000",3,5,1,3,"0.6000",0.3333,0,0,null,null,114.566,112.566,0.264697,5.74991,-0.988991,1.08713,-2.07613,0.474267,5.2857,2.81101,-2.33674,0.4286,0.1429,0.5714,0.1429,0.2857,"0.0000",1.7143,"Combo G",1.52153,"2001-10-15"],"games":7,"notes":"Combo G","projection":1.5215,"advanced_stats":{"tov_pg":0.14285714285714285,"usage_pct":0.4268571428571429,"plus_minus_pg":-1.7142857142857142,"mins_pct":0.03,"is_qualified":false}}]}