{"bart_player_id":73426,"seasons":[{"year":2021,"team_name":"Manhattan","team_conference":"MAAC","class":"Fr","raw_row":["Amir Britt","Manhattan","MAAC",3,1.3,139.2,11.1,50,60.61,9.4,0,0,0,1,1,1,1,2,0.5,0,0,0,0,5.4,50,"Fr","6-7",15,0.477319,122.771,18.2,2021,73426,"Edison, NJ",null,"0.00000000",1,2,0,0,"0.5000",null,1,1,"1.0000",null,94.6866,96.7105,0.388637,2.21974,0.0897766,1.02094,-0.931168,-3.57073,3.6667,-6.76019,3.18945,0.3333,"0.0000",0.3333,"0.0000",0.3333,"0.0000","1.0000","PF/C",0,"2002-07-24"],"games":3,"notes":"PF/C","projection":0,"advanced_stats":{"tov_pg":0,"usage_pct":0.082,"plus_minus_pg":-1,"mins_pct":0.014,"is_qualified":false}}]}