{"bart_player_id":73423,"seasons":[{"year":2021,"team_name":"Troy","team_conference":"SB","class":"Fr","raw_row":["Miles Mendes","Troy","SB",13,7.5,103.1,14.1,62.5,57.03,7.1,16.6,27.7,27.1,4,9,0.444,5,8,0.625,0,0,0,3,3.1,112.5,"Fr","6-5",21,0.175428,94.0188,4.8,2021,73423,"Farmington, MN",null,"1.33333330",4,7,1,1,0.5714,"1.0000",2,2,"1.0000",null,97.9208,99.5159,0.555331,16.7934,1.44852,-1.08374,2.53226,3.43898,"6.6000",-0.116798,3.55578,"0.6000",1.2667,1.8667,"0.8000","0.4000","0.2000",1.0667,"Scoring PG",0,"2001-08-07"],"games":13,"notes":"Scoring PG","projection":0,"advanced_stats":{"tov_pg":0.6,"usage_pct":0.10126666666666666,"plus_minus_pg":-0.26666666666666666,"mins_pct":0.089,"is_qualified":false}}]}