{"bart_player_id":73437,"seasons":[{"year":2021,"team_name":"Tarleton St.","team_conference":"WAC","class":"So","raw_row":["Konstantin Dotsenko","Tarleton St.","WAC",13,52,98.8,21.4,51.4,53.95,0.4,11.3,13.3,13.6,14,17,0.824,24,52,0.462,20,53,0.377,1,1.4,16.2,"So","6-7",3,1.19773,99.6378,2.9,2021,73437,"Vorkuta, Russia",null,1.16669812,3,7,21,45,0.4286,0.4667,0,0,null,null,106.404,108.643,1.55008,49.3103,-1.60193,0.450499,-2.05243,-0.778113,"23.0000",0.96809,-1.7462,0.2941,2.4118,2.7059,1.2353,0.7059,0.1176,10.5882,"Wing G",10.2568,"1999-06-25"],"games":13,"notes":"Wing G","projection":10.2568,"advanced_stats":{"tov_pg":1.0588235294117647,"usage_pct":0.24076470588235294,"plus_minus_pg":4.352941176470588,"mins_pct":0.489,"is_qualified":true}}]}