{"bart_player_id":73435,"seasons":[{"year":2021,"team_name":"Arkansas Pine Bluff","team_conference":"SWAC","class":"Fr","raw_row":["George Ivory III","Arkansas Pine Bluff","SWAC",13,4.3,49.5,16.1,20,24.02,7.8,2.8,9.4,33.3,2,7,0.286,1,4,0.25,0,1,0,0,0,140,"Fr","6-3",14,-0.454171,45.6858,4.7,2021,73435,"Pine Bluff, AR",null,0.49983748,1,2,0,2,"0.5000","0.0000",0,0,null,null,118.678,126.392,0.00991414,4.38964,-15.1979,-8.75322,-6.4447,-17.6309,3.3077,-9.71528,-7.91559,0.2308,0.0769,0.3077,0.1538,"0.0000","0.0000",0.3077,"Wing G",1.3243,"2001-10-15"],"games":13,"notes":"Wing G","projection":1.3243,"advanced_stats":{"tov_pg":0.3076923076923077,"usage_pct":0.15823076923076923,"plus_minus_pg":-2.090909090909091,"mins_pct":0.039,"is_qualified":false}}]}