{"bart_player_id":73449,"seasons":[{"year":2021,"team_name":"Duke","team_conference":"ACC","class":"Fr","raw_row":["DJ Steward","Duke","ACC",24,76.1,106.8,21.9,50.8,53.76,4.4,10.5,13.8,16.8,43,53,0.811,70,139,0.504,43,126,0.341,2.1,2,20,"Fr","6-2",2,3.0565,114.199,1.6,2021,73449,"Chicago, IL",95.2,"1.21278660",45,67,25,72,0.6716,0.3472,4,4,"1.0000",null,104.698,99.1254,2.97064,120.926,4.07097,3.56279,0.508175,3.8737,"30.7500",3.78146,0.0922396,1.1667,2.7083,"3.8750","2.3750",1.0833,"0.6250","13.0000","Wing G",9.85566,"2001-10-02"],"games":24,"notes":"Wing G","projection":9.8557,"advanced_stats":{"tov_pg":2,"usage_pct":0.23074999999999998,"plus_minus_pg":4.541666666666667,"mins_pct":0.76,"is_qualified":true}}]}