{"bart_player_id":73441,"seasons":[{"year":2021,"team_name":"Western Carolina","team_conference":"SC","class":"Fr","raw_row":["Kennedy Miles","Western Carolina","SC",5,2,24.8,17.9,0,0,0,16.8,22.4,44.4,0,0,0,0,1,0,0,3,0,10.4,0,0,"Fr","6-1",3,-0.905556,23.1207,3.8,2021,73441,"Burlington, NC",null,1.33340001,0,0,0,1,null,"0.0000",0,0,null,null,105.079,102.842,0.355802,4.34911,-12.1766,-14.6546,2.47796,-13.1835,4.6667,-10.7746,-2.40891,"0.0000","0.5000","0.5000",0.6667,"0.0000",0.3333,"0.5000","PF/C",8.12436,"2001-10-15"],"games":5,"notes":"PF/C","projection":8.1244,"advanced_stats":{"tov_pg":0.5,"usage_pct":0.12399999999999999,"plus_minus_pg":-0.8333333333333334,"mins_pct":0.027,"is_qualified":false}}]}