{"bart_player_id":73470,"seasons":[{"year":2021,"team_name":"Nebraska Omaha","team_conference":"Sum","class":"Fr","raw_row":["Jadin Booth","Nebraska Omaha","Sum",20,35.6,87.6,18.3,37.6,42.52,1.5,6.1,12.5,13.6,22,29,0.759,14,43,0.326,17,62,0.274,0.3,2,27.6,"Fr","6-2",20,-0.0426625,84.5651,3.9,2021,73470,"Omaha, NE",null,1.50000004,9,25,5,18,"0.3600",0.2778,0,0,null,null,111.108,108.982,1.12871,57.66,-3.65257,-1.27086,-2.38171,-4.59006,"17.8000",-3.16503,-1.42503,"0.2500","0.9500","1.2000","1.2000","0.6500","0.0500","5.0500","Combo G",9.60859,"2002-08-26"],"games":20,"notes":"Combo G","projection":9.6086,"advanced_stats":{"tov_pg":0.8,"usage_pct":0.18375,"plus_minus_pg":-4,"mins_pct":0.39,"is_qualified":true}}]}