{"bart_player_id":73518,"seasons":[{"year":2021,"team_name":"North Carolina","team_conference":"ACC","class":"Fr","raw_row":["Day'Ron Sharpe","North Carolina","ACC",29,47.9,101.9,27.5,51.9,52.09,18.3,23.8,15.4,20.6,51,101,0.505,112,214,0.523,0,2,0,5.1,2.3,46.8,"Fr","6-11",11,2.08121,116.539,4.2,2021,73518,"Greenville, NC",97.4,0.73686085,90,150,22,64,"0.6000",0.3438,20,21,0.9524,29,92.305,86.059,2.74075,135.861,7.60599,2.82468,4.78131,6.43953,19.1724,3.82021,2.61931,3.3793,4.2069,7.5862,1.4483,0.7931,0.8966,9.4828,"C",0.199046,"2001-11-06"],"games":29,"notes":"C","projection":0.199,"advanced_stats":{"tov_pg":1.9655172413793103,"usage_pct":0.2620689655172414,"plus_minus_pg":2.7586206896551726,"mins_pct":0.48,"is_qualified":true}}]}