{"bart_player_id":73542,"seasons":[{"year":2021,"team_name":"Utah Tech","team_conference":"WAC","class":"Sr","raw_row":["Jarod Greene","Utah Tech","WAC",15,32.6,93.2,21.4,50.6,52.96,7.2,15.3,7.8,19.3,17,26,0.654,42,83,0.506,0,0,0,2.9,1.1,31.3,"Sr","6-9",50,0.488695,93.774,7.1,2021,73542,"Blackfoot, ID",null,0.36365041,25,41,17,42,0.6098,0.4048,0,0,null,null,105.225,105.634,1.24045,48.2466,-4.337,-3.78802,-0.548978,-4.39422,16.1176,-3.35052,-1.0437,1.4118,2.3529,3.7647,0.4706,0.2941,0.4118,7.2353,"C",0,"1999-04-21"],"games":15,"notes":"C","projection":0,"advanced_stats":{"tov_pg":1.2941176470588236,"usage_pct":0.23429411764705882,"plus_minus_pg":-6.733333333333333,"mins_pct":0.326,"is_qualified":true}}]}