{"bart_player_id":73560,"seasons":[{"year":2021,"team_name":"Georgia Southern","team_conference":"SB","class":"Jr","raw_row":["Fred Odhiambo","Georgia Southern","SB",2,0.2,0,0,0,0,0,60.2,0,0,0,0,0,0,0,0,0,0,0,0,0,0,"Jr","6-11",44,-0.321476,-7.38867,0,2021,73560,"Nairobi, Kenya",null,0.33333333,null,null,null,null,null,null,null,null,null,null,88.9883,83.5382,0.1517,0.551454,-15.656,-10.9208,-4.73517,-0.105167,"4.6000",0.0480459,-0.153213,"0.6000","1.8000","2.4000","0.2000","0.0000","0.4000","0.8000","C",0,"1998-12-03"],"games":2,"notes":"C","projection":0,"advanced_stats":{"tov_pg":0.6,"usage_pct":0.1146,"plus_minus_pg":5.4,"mins_pct":0.021,"is_qualified":false}}]}