{"bart_player_id":73583,"seasons":[{"year":2021,"team_name":"Utah St.","team_conference":"MWC","class":"Fr","raw_row":["Zahar Vedischev","Utah St.","MWC",5,1.9,75.3,32.6,42.3,42.31,0,15.9,10.1,25.2,0,0,0,1,2,0.5,3,11,0.273,0,0,0,"Fr","6-6",30,-0.0646414,80.8204,0,2021,73583,"Moscow, Russia",null,0.33333333,0,1,1,1,"0.0000","1.0000",0,0,null,null,96.6135,100.097,0.395817,3.3035,-10.8268,-6.49988,-4.32692,-11.4772,"4.2000",-6.10308,-5.37416,"0.0000","0.6000","0.6000","0.2000","0.0000","0.0000","2.2000","Wing G",29.7609,"2000-07-09"],"games":5,"notes":"Wing G","projection":29.7609,"advanced_stats":{"tov_pg":0.6,"usage_pct":0.2914,"plus_minus_pg":1.3333333333333333,"mins_pct":0.015,"is_qualified":false}}]}