{"bart_player_id":73585,"seasons":[{"year":2021,"team_name":"Indiana St.","team_conference":"MVC","class":"Jr","raw_row":["Ndongo Ndaw","Indiana St.","MVC",20,9.4,76,11.7,50,55.87,10.9,9.7,0,46.1,2,2,1,4,8,0.5,0,0,0,0,2,25,"Jr","6-8",21,-0.279966,67.3265,8.4,2021,73585,"Thies, Senegal",null,0.12493438,2,2,2,6,"1.0000",0.3333,0,0,null,null,100.98,99.1201,0.439339,15.3531,-7.02023,-5.55052,-1.46971,-7.56098,4.7143,-7.97843,0.417444,0.4286,0.4286,0.8571,0.0476,0.1905,"0.0000",0.5714,"C",0,"1999-10-15"],"games":20,"notes":"C","projection":0,"advanced_stats":{"tov_pg":0.38095238095238093,"usage_pct":0.13476190476190478,"plus_minus_pg":-0.47619047619047616,"mins_pct":0.099,"is_qualified":false}}]}