{"bart_player_id":73582,"seasons":[{"year":2021,"team_name":"Tennessee Martin","team_conference":"OVC","class":"Jr","raw_row":["La-Quiem Walker","Tennessee Martin","OVC",17,19,95.7,20.1,45.8,50.43,11.7,16.7,3.7,19.7,14,20,0.7,16,42,0.381,4,6,0.667,7.2,2,41.7,"Jr","6-9",22,0.288359,93.3546,7,2021,73582,"Jersey City, NJ",null,"0.25003540",8,15,8,27,0.5333,0.2963,0,0,null,null,108.558,110.157,0.608789,35.3214,-4.10397,-3.76121,-0.34275,-5.07248,10.4118,-3.71821,-1.35427,1.1176,1.3529,2.4706,0.1765,0.3529,0.5882,3.4118,"PF/C",1.9831,"1999-07-03"],"games":17,"notes":"PF/C","projection":1.9831,"advanced_stats":{"tov_pg":0.7058823529411765,"usage_pct":0.2272941176470588,"plus_minus_pg":-4.875,"mins_pct":0.18,"is_qualified":false}}]}