{"bart_player_id":73601,"seasons":[{"year":2021,"team_name":"Seattle","team_conference":"WAC","class":"Fr","raw_row":["Robert Hutchens","Seattle","WAC",1,0.4,0,13.6,0,0,0,0,0,0,0,0,0,0,1,0,0,0,0,0,0,0,"Fr","6-4",31,-0.899457,-1.14741,0,2021,73601,"Arroyo Grande, CA",null,"0.00000000",0,0,0,1,null,"0.0000",0,0,null,null,112.339,109.921,0.180459,0.31192,-18.48,-13.7487,-4.73127,-20.046,"3.0000",-11.9064,-8.13957,"0.0000","0.0000","0.0000","0.0000","0.0000","0.0000","0.0000","PF/C",0,"2001-10-16"],"games":1,"notes":"PF/C","projection":0,"advanced_stats":{"tov_pg":0,"usage_pct":0.192,"plus_minus_pg":-5,"mins_pct":0.003,"is_qualified":false}}]}