{"bart_player_id":73602,"seasons":[{"year":2021,"team_name":"Valparaiso","team_conference":"MVC","class":"Fr","raw_row":["Tyler Fricke","Valparaiso","MVC",4,0.5,0,0,0,0,0,23.5,0,0,0,0,0,0,0,0,0,0,0,0,0,0,"Fr","6-1",12,-0.401702,-7.35575,0,2021,73602,"Arlington Heights, IL",null,"0.00000000",null,null,null,null,null,null,null,null,null,null,103.939,106.234,0.0911826,0.811449,-8.69679,-7.01587,-1.68091,-4.29724,"1.8000",-3.46035,-0.836889,"0.2000","0.2000","0.4000","0.0000","0.2000","0.0000","0.4000","PF/C",0,"2001-10-15"],"games":4,"notes":"PF/C","projection":0,"advanced_stats":{"tov_pg":0,"usage_pct":0.023799999999999998,"plus_minus_pg":2.2,"mins_pct":0.007,"is_qualified":false}}]}