{"bart_player_id":73612,"seasons":[{"year":2021,"team_name":"South Alabama","team_conference":"SB","class":"Fr","raw_row":["Andrew Anderson","South Alabama","SB",10,1.1,236,1.3,0,0,0,0,14.9,0,0,0,0,0,0,0,0,0,0,0,0,0,"Fr","6-0",21,0.352577,179.935,3.6,2021,73612,"Millington, TN",42.2,1.66700006,null,null,null,null,null,null,null,null,null,null,116.592,122.755,0.0167622,1.05514,-12.3658,-5.06161,-7.30421,-8.45419,1.6667,-4.36111,-4.09307,0.0833,0.1667,"0.2500",0.1667,"0.0000","0.0000","0.0000","PF/C",0,"2001-10-15"],"games":10,"notes":"PF/C","projection":0,"advanced_stats":{"tov_pg":0,"usage_pct":0,"plus_minus_pg":-0.9090909090909091,"mins_pct":0.015,"is_qualified":false}}]}