{"bart_player_id":73620,"seasons":[{"year":2021,"team_name":"Bradley","team_conference":"MVC","class":"Fr","raw_row":["Thomas Hall","Bradley","MVC",5,0.8,149.7,10.5,75,75,0,0,0,0,0,0,0,0,0,0,1,2,0.5,0,0,0,"Fr","6-7",25,0.261359,132.33,5,2021,73620,"Metamora, IL",null,"0.00000000",0,0,0,0,null,null,0,0,null,null,112.6,108.637,0.103369,0.868471,-0.452551,3.83868,-4.29124,2.54866,1.7143,4.26829,-1.71963,0.1429,0.1429,0.2857,"0.0000","0.0000","0.0000",0.5714,"Scoring PG",14.3712,"2001-01-20"],"games":5,"notes":"Scoring PG","projection":14.3712,"advanced_stats":{"tov_pg":0,"usage_pct":0.12,"plus_minus_pg":2.5,"mins_pct":0.008,"is_qualified":false}}]}