{"bart_player_id":73655,"seasons":[{"year":2021,"team_name":"Idaho St.","team_conference":"BSky","class":"Jr","raw_row":["Noble Cooper","Idaho St.","BSky",3,0.8,23.6,40,0,12.66,0,20.6,0,25.6,1,2,0.5,0,2,0,0,1,0,0,0,66.7,"Jr","6-6",33,-0.47432,16.91,0,2021,73655,"Woodinville, WA",null,0.66666667,0,1,0,1,"0.0000","0.0000",0,0,null,null,100.616,108.499,0.130171,0.954153,-38.872,-28.4265,-10.4454,-26.8415,"5.1250",-18.0348,-8.80666,"0.0000","0.5000","0.5000","0.2500","0.2500","0.0000","1.3750","PF/C",9.96181,"1999-10-15"],"games":3,"notes":"PF/C","projection":9.9618,"advanced_stats":{"tov_pg":0.375,"usage_pct":0.27375,"plus_minus_pg":1.125,"mins_pct":0.041,"is_qualified":false}}]}