{"bart_player_id":73653,"seasons":[{"year":2021,"team_name":"NJIT","team_conference":"AE","class":"Fr","raw_row":["Adetokunbo Bakare","NJIT","AE",11,9.1,67.1,24.9,37,37.57,1.6,18.2,9.4,23.6,1,2,0.5,4,9,0.444,4,18,0.222,0,3.4,7.4,"Fr","6-2",0,-0.349749,69.417,7.4,2021,73653,"Newark, NJ",null,0.42850411,2,3,2,6,0.6667,0.3333,0,0,null,null,98.0027,104.711,0.497832,14.8142,-9.30101,-7.13673,-2.16427,-10.6448,6.3636,-9.35151,-1.29325,0.0909,0.9091,"1.0000",0.2727,0.3636,"0.0000",1.9091,"Wing G",15.1074,"2001-10-15"],"games":11,"notes":"Wing G","projection":15.1074,"advanced_stats":{"tov_pg":0.6363636363636364,"usage_pct":0.26299999999999996,"plus_minus_pg":0.8181818181818182,"mins_pct":0.093,"is_qualified":false}}]}