{"bart_player_id":73660,"seasons":[{"year":2021,"team_name":"Western Illinois","team_conference":"Sum","class":"Fr","raw_row":["Ramean Hinton","Western Illinois","Sum",19,38,102.8,22.1,46.5,49.01,5.6,20.4,4.2,8.4,17,21,0.81,28,68,0.412,25,73,0.342,1.3,2,14.9,"Fr","6-5",23,0.937072,101.34,4.4,2021,73660,"Chicago, IL",null,"0.58333330",12,29,16,39,0.4138,0.4103,0,0,null,null,107.02,106.422,1.21379,65.2848,-2.72586,0.000450859,-2.72631,0.114952,"16.7500",1.55433,-1.43938,"0.9500","2.9000","3.8500","0.3500","0.6500","0.2000","7.6000","Wing F",12.3361,"2001-10-15"],"games":19,"notes":"Wing F","projection":12.3361,"advanced_stats":{"tov_pg":0.6,"usage_pct":0.23035,"plus_minus_pg":-4.45,"mins_pct":0.402,"is_qualified":true}}]}