{"bart_player_id":73687,"seasons":[{"year":2021,"team_name":"Milwaukee","team_conference":"Horz","class":"Fr","raw_row":["Kaleim Taylor","Milwaukee","Horz",11,9.2,68.1,9.8,30,30,1.3,12.5,6,13.7,0,0,0,3,8,0.375,1,7,0.143,0,1.4,0,"Fr","6-3",10,-0.74421,56.5091,5.8,2021,73687,"Milwaukee, WI",null,1.50000012,1,2,2,6,"0.5000",0.3333,0,0,null,null,107.253,109.247,0.466225,14.2152,-6.71259,-4.95542,-1.75717,-9.2865,7.5455,-7.82043,-1.46607,0.0909,0.8182,0.9091,0.2727,0.1818,"0.0000",0.8182,"Wing G",4.73479,"2001-11-26"],"games":11,"notes":"Wing G","projection":4.7348,"advanced_stats":{"tov_pg":0.18181818181818182,"usage_pct":0.08663636363636364,"plus_minus_pg":-2.090909090909091,"mins_pct":0.092,"is_qualified":false}}]}