{"bart_player_id":73728,"seasons":[{"year":2021,"team_name":"Bowling Green","team_conference":"MAC","class":"Jr","raw_row":["Jacob Washington","Bowling Green","MAC",24,22.9,108.7,16.1,46.7,49.91,11.4,12.9,3.8,12,11,15,0.733,28,60,0.467,0,0,0,2.8,1,25,"Jr","6-8",0,0.525303,101.148,5,2021,73728,"Los Angeles, CA",null,0.62500002,24,42,4,18,0.5714,0.2222,0,0,null,null,105.216,103.716,0.77811,40.7972,-2.68344,-2.02485,-0.658591,-2.55527,"10.0800",-1.70022,-0.855057,"1.2000","1.2000","2.4000","0.2000","0.2000","0.2800","3.0000","C",0,"1999-10-15"],"games":24,"notes":"C","projection":0,"advanced_stats":{"tov_pg":0.32,"usage_pct":0.14584000000000003,"plus_minus_pg":0.88,"mins_pct":0.241,"is_qualified":true}}]}