{"bart_player_id":73740,"seasons":[{"year":2021,"team_name":"Green Bay","team_conference":"Horz","class":"Jr","raw_row":["Paris Taylor","Green Bay","Horz",23,31.5,95.2,15.5,48.1,47.09,7.9,16.1,6.5,15.4,3,10,0.3,37,77,0.481,0,0,0,1.3,0.5,13,"Jr","6-6",14,0.0567439,86.4545,3.7,2021,73740,"Bolivar, TN",null,0.84624917,26,45,11,32,0.5778,0.3438,3,3,"1.0000",null,112.203,112.275,0.709148,49.1425,-6.06423,-3.34871,-2.71552,-5.43977,"14.0870",-3.13772,-2.30205,0.9565,1.8261,2.7826,0.4783,0.1304,0.1739,3.3478,"PF/C",0,"1999-10-15"],"games":23,"notes":"PF/C","projection":0,"advanced_stats":{"tov_pg":0.5652173913043478,"usage_pct":0.14417391304347826,"plus_minus_pg":-1.826086956521739,"mins_pct":0.313,"is_qualified":true}}]}