{"bart_player_id":73756,"seasons":[{"year":2021,"team_name":"Elon","team_conference":"CAA","class":"Fr","raw_row":["Lars Nilsen","Elon","CAA",7,1.8,113.8,25.6,50,60.61,8.8,18.6,17.9,18.3,2,2,1,2,3,0.667,0,1,0,0,0,50,"Fr","6-4",20,0.210705,117.952,0,2021,73756,"Skien, Norway",null,"1.00000000",0,1,2,2,"0.0000","1.0000",0,0,null,null,103.509,106.913,0.131097,1.94838,-1.21978,1.01317,-2.23295,1.31591,"1.7500",2.78502,-1.46911,"0.1250","0.2500","0.3750","0.1250","0.0000","0.0000","0.7500","PF/C",4.68494,"2001-06-12"],"games":7,"notes":"PF/C","projection":4.6849,"advanced_stats":{"tov_pg":0.125,"usage_pct":1.04575,"plus_minus_pg":1,"mins_pct":0.019,"is_qualified":false}}]}