{"bart_player_id":73777,"seasons":[{"year":2021,"team_name":"Idaho St.","team_conference":"BSky","class":"Fr","raw_row":["Conner Turner","Idaho St.","BSky",1,0.1,0,0,0,0,0,0,0,0,0,0,0,0,0,0,0,0,0,0,0,0,"Fr","7-1",24,-0.320944,-7.23534,0,2021,73777,"Yakima, WA",null,"0.00000000",null,null,null,null,null,null,null,null,null,null,107.868,111.703,0.0539679,0.104885,-5.34386,-4.37161,-0.972254,-0.0578273,"1.4000",-1.32323,1.2654,"0.0000","0.6000","0.6000","0.0000","0.0000","0.0000","0.0000","C",0,"2001-10-15"],"games":1,"notes":"C","projection":0,"advanced_stats":{"tov_pg":0,"usage_pct":0.11683333333333334,"plus_minus_pg":-1.1666666666666667,"mins_pct":0.009,"is_qualified":false}}]}