{"bart_player_id":73783,"seasons":[{"year":2021,"team_name":"Northern Kentucky","team_conference":"Horz","class":"Jr","raw_row":["Darius Harding","Northern Kentucky","Horz",12,11.2,68.4,14.6,34.6,34.62,4.1,13.8,4.5,29.2,0,0,0,3,7,0.429,4,19,0.211,1,4.2,0,"Jr","6-4",5,-0.816478,60.2297,5.3,2021,73783,"Elizabethtown, KY",null,0.37498125,2,2,1,5,"1.0000","0.2000",0,0,null,null,100.621,102.502,0.807587,24.232,-4.03191,-4.81388,0.781966,-5.09062,"9.5000",-6.39058,1.29995,0.3333,1.0833,1.4167,"0.2500",0.6667,0.0833,"1.5000","Stretch 4",10.1161,"1999-10-15"],"games":12,"notes":"Stretch 4","projection":10.1161,"advanced_stats":{"tov_pg":0.6666666666666666,"usage_pct":0.22166666666666668,"plus_minus_pg":-0.16666666666666666,"mins_pct":0.113,"is_qualified":false}}]}