{"bart_player_id":73817,"seasons":[{"year":2021,"team_name":"Incarnate Word","team_conference":"Slnd","class":"Fr","raw_row":["Kenyon Holcombe","Incarnate Word","Slnd",8,7.6,65.1,20.5,46.2,41.01,6.4,23.1,3.6,30.1,1,6,0.167,3,6,0.5,2,7,0.286,5.5,0,46.2,"Fr","6-8",33,-0.541668,63.7247,7.6,2021,73817,"Houston, TX",null,0.16663611,3,5,0,1,"0.6000","0.0000",1,1,"1.0000",null,104.446,109.953,0.435307,11.1895,-10.819,-8.96739,-1.85161,-11.638,5.7273,-9.02161,-2.61636,0.2727,"1.0000",1.2727,0.0909,"0.0000",0.2727,1.3636,"PF/C",7.19081,"2001-10-15"],"games":8,"notes":"PF/C","projection":7.1908,"advanced_stats":{"tov_pg":0.5454545454545454,"usage_pct":0.14245454545454544,"plus_minus_pg":-0.36363636363636365,"mins_pct":0.072,"is_qualified":false}}]}