{"bart_player_id":73824,"seasons":[{"year":2022,"team_name":"UT Arlington","team_conference":"SB","class":"Fr","raw_row":["Antonio Romanelli","UT Arlington","SB",1,0,226.5,25.3,0,0,0,231.6,100,0,0,0,0,0,0,0,0,0,0,0,0,0,"Fr","6-0",15,0.342346,282.716,0,2022,73824,"Sydney, Australia",null,0.33329999,null,null,null,null,null,null,null,null,null,null,8.9992,8.94873,0.205509,0.430014,12.6677,-10.3836,23.0513,73.2837,2.3333,38.4501,34.8336,"0.0000",0.3333,0.3333,0.3333,"0.0000","0.0000",1.3333,"PF/C",0,"2001-05-08"],"games":1,"notes":"PF/C","projection":0,"advanced_stats":{"tov_pg":0,"usage_pct":0.20166666666666666,"plus_minus_pg":0,"mins_pct":0.006,"is_qualified":false}}]}