{"bart_player_id":73857,"seasons":[{"year":2024,"team_name":"Army","team_conference":"Pat","class":"Sr","raw_row":["Zach Rocco","Army","Pat",6,1.2,21.1,28.7,0,5.59,0,0,12.3,0,1,2,0.5,0,4,0,0,4,0,0,4.2,25,"Sr","6-1",14,-0.590408,19.1001,0,2024,73857,"Export, PA",null,0.85740003,0,1,0,3,"0.0000","0.0000",0,0,null,null,104.505,111.772,0.159797,2.35234,-24.7199,-16.5152,-8.20475,-25.9058,2.1429,-17.5744,-8.33133,"0.0000","0.0000","0.0000",0.1429,0.1429,"0.0000",0.1429,"Pure PG",17.3567,"2001-10-15"],"games":6,"notes":"Pure PG","projection":17.3567,"advanced_stats":{"tov_pg":0,"usage_pct":0.30600000000000005,"plus_minus_pg":-0.2857142857142857,"mins_pct":0.012,"is_qualified":false}}]}