{"bart_player_id":73859,"seasons":[{"year":2021,"team_name":"Troy","team_conference":"SB","class":"Fr","raw_row":["Quinnus Fletcher","Troy","SB",2,0.3,38.8,23,0,0,0,0,60.8,83,0,0,0,0,0,0,0,0,0,0,0,0,"Fr","5-10",4,-0.241729,38.814,0,2021,73859,"Opelika, AL",null,"1.00000000",null,null,null,null,null,null,null,null,null,null,113.047,108.965,0.0952021,0.319288,-43.1712,-26.1681,-17.0031,-17.9636,"2.6000",-10.2116,-7.75197,"0.0000","0.2000","0.2000","0.6000","0.6000","0.0000","0.0000","Pure PG",0,"2001-11-25"],"games":2,"notes":"Pure PG","projection":0,"advanced_stats":{"tov_pg":0.6,"usage_pct":0.2972,"plus_minus_pg":0.8,"mins_pct":0.011,"is_qualified":false}}]}