{"bart_player_id":73876,"seasons":[{"year":2021,"team_name":"Hampton","team_conference":"BSth","class":"Fr","raw_row":["Elijah Seward","Hampton","BSth",13,9.8,103,10.8,46.7,48.71,2.3,12.9,14.4,16.1,2,3,0.667,1,3,0.333,4,12,0.333,3.3,0.6,20,"Fr","6-0",22,0.0119459,85.7124,3.7,2021,73876,"Richmond, VA",null,2.66637785,1,2,0,1,"0.5000","0.0000",0,0,null,null,107.278,112.291,0.391446,15.9868,-4.6631,-2.22011,-2.44299,-4.86487,7.5385,-2.74826,-2.11661,0.1538,0.9231,1.0769,0.6154,0.0769,0.2308,1.2308,"Wing G",6.97471,"2001-10-15"],"games":13,"notes":"Wing G","projection":6.9747,"advanced_stats":{"tov_pg":0.23076923076923078,"usage_pct":0.11723076923076924,"plus_minus_pg":-1.3333333333333333,"mins_pct":0.091,"is_qualified":false}}]}