{"bart_player_id":73887,"seasons":[{"year":2021,"team_name":"Lehigh","team_conference":"Pat","class":"Fr","raw_row":["Ben Li","Lehigh","Pat",14,28.1,99.1,17.3,54.9,59.96,4.5,16.2,5.6,24.8,11,12,0.917,12,25,0.48,7,16,0.438,1.9,1.6,29.3,"Fr","6-6",21,0.200717,90.0619,3.8,2021,73887,"Toronto, ON",null,"0.38455740",11,19,1,6,0.5789,0.1667,1,1,"1.0000",null,106.279,107.274,0.834494,31.7622,-3.55957,-2.90658,-0.652989,-2.2297,12.1429,-1.81752,-0.412184,"0.5000",1.6429,2.1429,0.3571,0.3571,0.2143,"4.0000","Wing F",5.27464,"2001-09-29"],"games":14,"notes":"Wing F","projection":5.2746,"advanced_stats":{"tov_pg":0.9285714285714286,"usage_pct":0.1745714285714286,"plus_minus_pg":-5.230769230769231,"mins_pct":0.28,"is_qualified":false}}]}