{"bart_player_id":74062,"seasons":[{"year":2021,"team_name":"Tennessee Tech","team_conference":"OVC","class":"Jr","raw_row":["Jamaal Thompson","Tennessee Tech","OVC",3,0.2,0,0,0,0,0,0,0,0,0,0,0,0,0,0,0,0,0,0,0,0,"Jr","5-10",30,-0.214808,-7.60052,20,2021,74062,"Hendersonville, TN",null,"0.00000000",null,null,null,null,null,null,null,null,null,null,116.521,112.547,0.0340252,0.23922,-7.04567,-4.19343,-2.85225,-19.1497,0.6667,-15.3941,-3.75558,"0.0000","0.0000","0.0000","0.0000","0.0000","0.0000","0.0000","PF/C",0,"1999-07-28"],"games":3,"notes":"PF/C","projection":0,"advanced_stats":{"tov_pg":0,"usage_pct":0,"plus_minus_pg":1,"mins_pct":0.002,"is_qualified":false}}]}