{"bart_player_id":74087,"seasons":[{"year":2021,"team_name":"St. Francis NY","team_conference":"NEC","class":"Jr","raw_row":["David Muenkat","St. Francis NY","NEC",19,39.3,97.5,21.5,49,50.79,11,18.4,7.2,19.4,18,30,0.6,46,94,0.489,1,3,0.333,3.4,3.1,30.9,"Jr","6-7",55,0.571017,95.7115,8.4,2021,74087,"Brampton, ON",null,0.52176788,39,72,7,22,0.5417,0.3182,1,2,"0.5000",null,102.579,107.935,1.05515,68.9484,-3.76433,-2.6119,-1.15243,-5.64291,15.8421,-4.17548,-1.46743,1.6316,2.5789,4.2105,0.6316,0.8947,0.5263,5.9474,"PF/C",0.543846,"2000-07-02"],"games":19,"notes":"PF/C","projection":0.5438,"advanced_stats":{"tov_pg":1.2105263157894737,"usage_pct":0.20747368421052625,"plus_minus_pg":0.21052631578947367,"mins_pct":0.391,"is_qualified":true}}]}