{"bart_player_id":74095,"seasons":[{"year":2021,"team_name":"Jackson St.","team_conference":"SWAC","class":"Jr","raw_row":["Micheal Tate Jr.","Jackson St.","SWAC",8,7.5,56.6,18.2,20.8,28.78,4.1,2.1,14.3,33.9,3,4,0.75,1,7,0.143,1,5,0.2,0,3.1,33.3,"Jr","6-4",22,-0.777612,52.66,1.5,2021,74095,"Houston, TX",null,0.66666667,1,1,0,6,"1.0000","0.0000",0,0,null,null,92.8449,101.603,0.611987,9.17733,-9.42594,-9.04864,-0.377301,-6.95131,"6.8750",-6.25485,-0.696466,"0.2500","0.1250","0.3750","0.5000","0.3750","0.0000","1.0000","Wing G",5.16032,"1999-03-21"],"games":8,"notes":"Wing G","projection":5.1603,"advanced_stats":{"tov_pg":0.75,"usage_pct":0.337875,"plus_minus_pg":0,"mins_pct":0.07,"is_qualified":false}}]}