{"bart_player_id":74104,"seasons":[{"year":2022,"team_name":"St. John's","team_conference":"BE","class":"Sr","raw_row":["Jalen Rosemond","St. John's","BE",4,0.3,223.9,3.1,0,0,0,53.4,33.3,0,0,0,0,0,0,0,0,0,0,26.8,0,0,"Sr","6-8",34,0.320047,177.63,0,2022,74104,"Merrick, NY",null,"1.00000000",null,null,null,null,null,null,null,null,null,null,77.1381,77.7828,0.172164,1.55701,12.2435,-5.26224,17.5057,24.3697,"1.0000",9.80159,14.5681,"0.0000","0.5000","0.5000","0.2500","0.0000","0.2500","0.0000","C",0,"1999-10-15"],"games":4,"notes":"C","projection":0,"advanced_stats":{"tov_pg":0,"usage_pct":0,"plus_minus_pg":-0.25,"mins_pct":0.003,"is_qualified":false}}]}