{"bart_player_id":74129,"seasons":[{"year":2021,"team_name":"South Carolina St.","team_conference":"MEAC","class":"Jr","raw_row":["Majok Madol","South Carolina St.","MEAC",15,23.9,64.2,13.5,29.2,34.8,8,10.2,5.6,33.4,7,13,0.538,7,23,0.304,0,1,0,2.5,1.3,54.2,"Jr","6-10",11,-1.16615,55.9477,7.7,2021,74129,"Regina, SK",null,0.35711988,9,20,0,3,"0.4500","0.0000",0,0,null,null,109.459,117.346,0.394313,30.1882,-8.03722,-7.23885,-0.798366,-11.8812,11.4667,-9.93306,-1.94817,0.8667,0.9333,"1.8000",0.3333,0.2667,0.2667,"1.4000","C",0.321556,"1999-10-15"],"games":15,"notes":"C","projection":0.3216,"advanced_stats":{"tov_pg":0.9333333333333333,"usage_pct":0.15213333333333334,"plus_minus_pg":-11.125,"mins_pct":0.262,"is_qualified":false}}]}