{"bart_player_id":74133,"seasons":[{"year":2021,"team_name":"Mississippi Valley St.","team_conference":"SWAC","class":"So","raw_row":["Donalson Fanord","Mississippi Valley St.","SWAC",10,12.1,89,9.9,63.6,62.19,4.5,23.7,3.9,33.1,5,9,0.556,7,11,0.636,0,0,0,2.5,0.5,81.8,"So","6-9",12,-0.307375,77.6195,5.5,2021,74133,"Port-Au-Prince, Haiti",null,0.28571429,4,5,3,6,"0.8000","0.5000",2,2,"1.0000",null,114.676,112.852,0.579784,23.3831,-10.5722,-7.85791,-2.71429,-10.3952,"11.6000",-7.63128,-2.76387,"0.5000","2.6000","3.1000","0.2000","0.1000","0.3000","1.9000","C",0,"2000-10-15"],"games":10,"notes":"C","projection":0,"advanced_stats":{"tov_pg":0.4444444444444444,"usage_pct":0.07577777777777778,"plus_minus_pg":-10.555555555555555,"mins_pct":0.103,"is_qualified":false}}]}