{"bart_player_id":74131,"seasons":[{"year":2021,"team_name":"Mississippi Valley St.","team_conference":"SWAC","class":"Jr","raw_row":["Keiondre Jefferson","Mississippi Valley St.","SWAC",10,33.5,74.6,24.9,43.6,45.66,5.1,16.8,6.8,23.8,28,55,0.509,40,91,0.44,3,11,0.273,1.5,1.5,53.9,"Jr","6-6",20,-0.946247,76.787,2.5,2021,74131,"Camden, AR",null,0.22857143,22,43,18,48,0.5116,"0.3750",6,9,0.6667,null,116.232,130.03,-0.310014,60.6952,-12.0287,-7.94488,-4.08381,-10.5912,"32.2000",-5.97134,-4.61986,"1.6000","5.1000","6.7000","0.8000","0.9000","0.5000","11.7000","Wing G",1.86129,"1999-10-15"],"games":10,"notes":"Wing G","projection":1.8613,"advanced_stats":{"tov_pg":3.4545454545454546,"usage_pct":0.24663636363636365,"plus_minus_pg":-17.77777777777778,"mins_pct":0.351,"is_qualified":true}}]}