{"bart_player_id":74142,"seasons":[{"year":2021,"team_name":"Jackson St.","team_conference":"SWAC","class":"Jr","raw_row":["Hezekiah Quinlan","Jackson St.","SWAC",11,14.5,82.2,14.2,35.7,43.52,4.2,12.9,3.9,22.5,7,9,0.778,3,7,0.429,3,14,0.214,0,0.5,42.9,"Jr","6-7",15,-0.414603,72.5749,8.3,2021,74142,"Beaverton, OR",null,0.33327223,0,1,3,6,"0.0000","0.5000",0,0,null,null,93.261,99.4615,0.908736,17.3231,-6.95463,-5.55597,-1.39866,-8.44899,9.6364,-7.32477,-1.12422,0.3636,1.0909,1.4545,0.1818,0.0909,"0.0000","2.0000","Wing F",7.47357,"1999-10-15"],"games":11,"notes":"Wing F","projection":7.4736,"advanced_stats":{"tov_pg":0.5454545454545454,"usage_pct":0.13269999999999998,"plus_minus_pg":-5.777777777777778,"mins_pct":0.123,"is_qualified":false}}]}