{"bart_player_id":74164,"seasons":[{"year":2021,"team_name":"West Virginia","team_conference":"B12","class":"Fr","raw_row":["Jay Moore","West Virginia","B12",3,0.3,54,20,100,51.28,35.6,0,0,37.7,0,2,0,1,1,1,0,0,0,0,0,200,"Fr","6-5",20,-0.100186,56.3838,13.3,2021,74164,null,null,"0.00000000",1,1,0,0,"1.0000",null,0,0,null,null,110.93,111.038,0.0562757,0.338414,-6.20751,0.177114,-6.38462,-14.8577,"1.0000",-5.92452,-8.93322,0.3333,"0.0000",0.3333,"0.0000","0.0000","0.0000",0.6667,"PF/C",0,"2001-10-15"],"games":3,"notes":"PF/C","projection":0,"advanced_stats":{"tov_pg":0.3333333333333333,"usage_pct":0.48266666666666674,"plus_minus_pg":-1.6666666666666667,"mins_pct":0.003,"is_qualified":false}}]}