{"bart_player_id":74181,"seasons":[{"year":2021,"team_name":"Arkansas Pine Bluff","team_conference":"SWAC","class":"Fr","raw_row":["Kobe Hargrove","Arkansas Pine Bluff","SWAC",3,0.9,71.5,16.5,0,51.28,0,40.6,0,38.7,2,2,1,0,0,0,0,1,0,0,6.4,200,"Fr","6-5",5,-0.188517,67.1465,0,2021,74181,null,null,"0.00000000",0,0,0,0,null,null,0,0,null,null,91.8624,90.5902,0.381689,2.82794,-12.4716,-9.11826,-3.35337,-6.16905,"3.0000",-8.78493,2.61588,"0.0000","1.0000","1.0000","0.0000",0.3333,"0.0000",0.6667,"Wing G",6.32722,"2001-10-15"],"games":3,"notes":"Wing G","projection":6.3272,"advanced_stats":{"tov_pg":0.3333333333333333,"usage_pct":0.104,"plus_minus_pg":0.6666666666666666,"mins_pct":0.01,"is_qualified":false}}]}