{"bart_player_id":74180,"seasons":[{"year":2021,"team_name":"Arkansas Pine Bluff","team_conference":"SWAC","class":"Fr","raw_row":["Daveon Doolittle","Arkansas Pine Bluff","SWAC",1,0.1,0,0,0,0,0,0,0,0,0,0,0,0,0,0,0,0,0,0,0,0,"Fr","6-7",34,-0.323141,-7.86831,0,2021,74180,null,null,"0.00000000",null,null,null,null,null,null,null,null,null,null,120.447,116.371,0.0377695,0.0880947,-8.85712,-4.39892,-4.4582,-6.68353,"1.0000",-2.5993,-4.08423,"0.0000","0.0000","0.0000","0.0000","0.0000","0.0000","0.0000","PF/C",0,"2001-10-15"],"games":1,"notes":"PF/C","projection":0,"advanced_stats":{"tov_pg":0,"usage_pct":0,"plus_minus_pg":2,"mins_pct":0.002,"is_qualified":false}}]}