{"bart_player_id":74195,"seasons":[{"year":2021,"team_name":"FIU","team_conference":"CUSA","class":"Sr","raw_row":["Bernie Andre","FIU","CUSA",7,8,85.1,18.6,45.7,48.02,3.1,10.3,2.7,21,2,2,1,3,6,0.5,5,17,0.294,2.8,0.8,8.7,"Sr","6-6",null,-0.031457,84.3587,3.3,2021,74195,"North Miami Beach, FL",null,0.20005601,3,3,0,3,"1.0000","0.0000",0,0,null,null,111.099,108.946,0.642054,10.9553,-7.37387,-4.15351,-3.22036,-5.69513,10.2857,-2.62046,-3.07467,0.2857,0.8571,1.1429,0.1429,0.1429,0.2857,3.2857,"Stretch 4",13.3257,"1997-10-03"],"games":7,"notes":"Stretch 4","projection":13.3257,"advanced_stats":{"tov_pg":0.7142857142857143,"usage_pct":0.173,"plus_minus_pg":-2.142857142857143,"mins_pct":0.068,"is_qualified":false}}]}