{"bart_player_id":74209,"seasons":[{"year":2021,"team_name":"UMKC","team_conference":"Sum","class":null,"raw_row":["Arkel Lamar","UMKC","Sum",5,17.3,102.4,21.4,49,52.1,1.9,28.7,3.4,6.3,9,12,0.75,15,31,0.484,6,18,0.333,6.9,1.8,24.5,null,null,null,1.64845,102.468,3.5,2021,74209,null,null,0.66666665,7,12,8,19,0.5833,0.4211,1,1,"1.0000",null,95.2565,94.5207,3.13511,29.3027,-1.50709,-2.82681,1.31972,3.18404,"27.6000",1.76159,1.42245,"0.4000","5.6000","6.0000","0.4000","0.8000","1.4000","11.4000","PF/C",8.0918,"1996-12-18"],"games":5,"notes":"PF/C","projection":8.0918,"advanced_stats":{"tov_pg":0.6,"usage_pct":0.24419999999999997,"plus_minus_pg":-0.2,"mins_pct":0.144,"is_qualified":false}}]}