{"bart_player_id":74201,"seasons":[{"year":2021,"team_name":"Texas","team_conference":"B12","class":"So","raw_row":["Andrew Deutser","Texas","B12",2,0.2,0,0,0,0,0,0,0,0,0,0,0,0,0,0,0,0,0,0,0,0,"So",null,null,-0.32249,-7.68096,0,2021,74201,null,null,"0.00000000",null,null,null,null,null,null,null,null,null,null,108.672,109.474,0.061703,0.196524,0.323058,-0.387955,0.711013,-4.36109,"1.0000",-1.63348,-2.72761,"0.0000","0.0000","0.0000","0.0000","0.0000","0.0000","0.0000","PF/C",0,"2000-10-15"],"games":2,"notes":"PF/C","projection":0,"advanced_stats":{"tov_pg":0,"usage_pct":0,"plus_minus_pg":-1.5,"mins_pct":0.002,"is_qualified":false}}]}