{"bart_player_id":74220,"seasons":[{"year":2021,"team_name":"George Mason","team_conference":"A10","class":"Fr","raw_row":["Jake Nichols","George Mason","A10",2,0.2,0,0,0,0,0,59.2,0,0,0,0,0,0,0,0,0,0,0,0,0,0,"Fr",null,null,-0.321331,-7.34696,0,2021,74220,null,null,"0.00000000",null,null,null,null,null,null,null,null,null,null,91.8307,99.2737,0.0970977,0.489234,-13.3749,-9.74271,-3.63219,-4.97726,"1.0000",-7.92167,2.94441,"0.0000","0.5000","0.5000","0.0000","0.0000","0.0000","0.0000","PF/C",0,"2002-03-17"],"games":2,"notes":"PF/C","projection":0,"advanced_stats":{"tov_pg":0,"usage_pct":0,"plus_minus_pg":-2,"mins_pct":0.002,"is_qualified":false}}]}