{"bart_player_id":74266,"seasons":[{"year":2022,"team_name":"Albany","team_conference":"AE","class":"Sr","raw_row":["Matt Cerruti","Albany","AE",29,75.2,110.6,17.2,55.4,57.13,2.4,9.3,7.3,12.5,27,32,0.844,75,159,0.472,50,112,0.446,1.2,2.5,11.8,"Sr","6-4",20,1.93467,102.747,2.8,2022,74266,"Huntingdon Valley, PA",null,0.90913086,30,51,45,108,0.5882,0.4167,0,0,null,null,101.208,103.795,2.63208,160.369,1.4425,0.764175,0.678321,1.69401,32.2759,0.83766,0.856346,0.6552,2.3448,"3.0000",1.0345,1.3448,0.3103,11.2759,"Wing G",7.29041,"1999-10-15"],"games":29,"notes":"Wing G","projection":7.2904,"advanced_stats":{"tov_pg":1.1379310344827587,"usage_pct":0.18365517241379312,"plus_minus_pg":-0.896551724137931,"mins_pct":0.755,"is_qualified":true}}]}