{"bart_player_id":74269,"seasons":[{"year":2022,"team_name":"Michigan St.","team_conference":"B10","class":"Sr","raw_row":["Michael Peterson","Michigan St.","B10",9,0.8,0,11.5,0,0,0,18.1,0,42.7,0,0,0,0,1,0,0,1,0,9,0,0,"Sr","6-7",20,-0.403354,-1.78247,0,2022,74269,"Rockford, MI",null,"0.00000000",0,0,0,1,null,"0.0000",0,0,null,null,101.111,98.3627,0.134336,2.25537,-9.0575,-11.5749,2.51742,-10.5656,1.3333,-8.72814,-1.83749,"0.0000",0.2222,0.2222,"0.0000","0.0000",0.1111,"0.0000","PF/C",5.11792,"1999-10-15"],"games":9,"notes":"PF/C","projection":5.1179,"advanced_stats":{"tov_pg":0.1111111111111111,"usage_pct":0.09777777777777778,"plus_minus_pg":0.7777777777777778,"mins_pct":0.008,"is_qualified":false}}]}