{"bart_player_id":74275,"seasons":[{"year":2023,"team_name":"Eastern Michigan","team_conference":"MAC","class":"So","raw_row":["Prakash Ketterhagen","Eastern Michigan","MAC",4,0.2,0,0,0,0,0,0,0,0,0,0,0,0,0,0,0,0,0,0,19,0,"So","6-3",13,-0.246213,-7.37585,0,2023,74275,"Kalamazoo, MI",null,0.80000001,null,null,null,null,null,null,null,null,null,null,82.6945,78.2195,0.132756,1.27084,17.1716,2.84657,14.3251,10.4963,"1.2000",-1.86312,12.3594,"0.0000","0.0000","0.0000","0.2000","0.2000","0.0000","0.0000","Pure PG",0,"2002-10-15"],"games":4,"notes":"Pure PG","projection":0,"advanced_stats":{"tov_pg":0,"usage_pct":0.0702,"plus_minus_pg":-2.8,"mins_pct":0.005,"is_qualified":false}}]}