{"bart_player_id":74295,"seasons":[{"year":2022,"team_name":"Michigan","team_conference":"B10","class":"Fr","raw_row":["Caleb Houstan","Michigan","B10",34,80,103.4,17,48.9,53.03,3.1,11.7,7.4,16.7,65,83,0.783,49,115,0.426,60,169,0.355,0.8,1.4,29.2,"Fr","6-8",22,2.12153,104.504,2.1,2022,74295,"Mississauga, ON",98.4,0.88459529,38,69,11,46,0.5507,0.2391,2,2,"1.0000",32,105.363,98.0283,3.26119,175.293,3.51096,2.47741,1.03355,2.14495,"32.0000",1.47984,0.665102,0.7941,3.1765,3.9706,1.3529,0.7353,0.2353,10.0882,"Wing F",9.26353,"2003-01-09"],"games":34,"notes":"Wing F","projection":9.2635,"advanced_stats":{"tov_pg":1.5294117647058822,"usage_pct":0.18017647058823533,"plus_minus_pg":2.764705882352941,"mins_pct":0.799,"is_qualified":true}}]}