{"bart_player_id":74304,"seasons":[{"year":2022,"team_name":"Michigan","team_conference":"B10","class":"Fr","raw_row":["Moussa Diabate","Michigan","B10",32,58.5,108.1,20.1,54.9,56.47,11.9,17,6.2,17.5,52,84,0.619,114,202,0.564,3,14,0.214,3.7,0.8,38.9,"Fr","6-11",14,2.5181,114.571,4.3,2022,74304,"Paris, France",97.2,0.55317268,85,112,29,90,0.7589,0.3222,34,40,"0.8500",43,102.736,95.3998,2.76196,144.235,3.56742,1.77153,1.79589,1.71546,"24.8750",1.11659,0.598866,"2.3750",3.5938,5.9688,0.8125,0.3438,"0.8750",9.0312,"C",1.04943,"2002-01-21"],"games":32,"notes":"C","projection":1.0494,"advanced_stats":{"tov_pg":1.46875,"usage_pct":0.20240625,"plus_minus_pg":0.40625,"mins_pct":0.583,"is_qualified":true}}]}