{"bart_player_id":74314,"seasons":[{"year":2022,"team_name":"FIU","team_conference":"CUSA","class":"So","raw_row":["Daniel Parrish","FIU","CUSA",7,1.8,73.8,9.1,50,50.85,0,0,0,29.4,1,2,0.5,1,2,0.5,0,0,0,0,0,100,"So","6-3",24,-0.257822,61.7568,5.5,2022,74314,"Aiken, SC",null,0.33333335,1,1,0,1,"1.0000","0.0000",0,0,null,null,114.046,112.648,0.160855,2.21632,-10.4137,-6.73546,-3.67824,-12.6375,4.5556,-8.31253,-4.32498,0.1111,0.2222,0.3333,0.1111,0.3333,"0.0000",2.5556,"Wing G",0,"2001-10-15"],"games":7,"notes":"Wing G","projection":0,"advanced_stats":{"tov_pg":0.3333333333333333,"usage_pct":0.1131111111111111,"plus_minus_pg":3.375,"mins_pct":0.026,"is_qualified":false}}]}