{"bart_player_id":74319,"seasons":[{"year":2023,"team_name":"IU Indy","team_conference":"Horz","class":"Fr","raw_row":["Kaleb Edwards","IU Indy","Horz",3,0.9,73.4,23,33.3,30.61,0,0,17.7,0,1,4,0.25,1,2,0.5,0,1,0,0,0,133.3,"Fr","6-3",22,-0.0999004,79.3787,7.3,2023,74319,"Fishers, IN",null,"0.75000000",0,1,1,1,"0.0000","1.0000",0,0,null,null,124.902,124.964,0.0542777,1.01236,-19.2555,-6.47983,-12.7757,-9.23757,"3.5000",-4.57015,-4.66742,"0.0000","0.0000","0.0000","0.2500","0.0000","0.0000","0.7500","Pure PG",5.40472,"2002-10-15"],"games":3,"notes":"Pure PG","projection":5.4047,"advanced_stats":{"tov_pg":0,"usage_pct":0.20325,"plus_minus_pg":-1.75,"mins_pct":0.011,"is_qualified":false}}]}