{"bart_player_id":74311,"seasons":[{"year":2024,"team_name":"Loyola MD","team_conference":"Pat","class":"Jr","raw_row":["Charlie Weisberg","Loyola MD","Pat",2,0.2,0,20.8,0,0,0,0,0,0,0,0,0,0,1,0,0,0,0,0,0,0,"Jr","6-3",21,-0.308092,-0.210727,20,2024,74311,"Brooklyn, NY",null,"0.00000000",0,0,0,1,null,"0.0000",0,0,null,null,116.016,108.766,0.075682,0.22458,-28.6183,-19.6563,-8.96204,-40.819,"1.0000",-30.292,-10.527,"0.0000","0.0000","0.0000","0.0000","0.0000","0.0000","0.0000","PF/C",0,"2002-10-15"],"games":2,"notes":"PF/C","projection":0,"advanced_stats":{"tov_pg":0,"usage_pct":0.11166666666666668,"plus_minus_pg":0.6666666666666666,"mins_pct":0.002,"is_qualified":false}}]}