{"bart_player_id":74322,"seasons":[{"year":2023,"team_name":"Little Rock","team_conference":"OVC","class":"Fr","raw_row":["Ethan Speaker","Little Rock","OVC",28,35,96.8,18,50.9,52.02,8.1,15.1,7.3,20.1,15,25,0.6,57,105,0.543,1,10,0.1,0.5,1.5,21.7,"Fr","6-7",11,0.165415,90.523,4.7,2023,74322,"Boulder City, NV",null,"0.58620000",33,55,24,50,"0.6000","0.4800",1,2,"0.5000",null,111.106,115.137,0.708008,72.3217,-6.76804,-3.24592,-3.52212,-5.90926,"14.9310",-3.07813,-2.83114,1.1034,"2.0690",3.1724,0.5862,0.4138,"0.0690",5.1034,"Wing F",1.33925,"2002-10-15"],"games":28,"notes":"Wing F","projection":1.3393,"advanced_stats":{"tov_pg":1,"usage_pct":0.18427586206896554,"plus_minus_pg":-2.1379310344827585,"mins_pct":0.343,"is_qualified":true}}]}