{"bart_player_id":74345,"seasons":[{"year":2022,"team_name":"Austin Peay","team_conference":"OVC","class":"So","raw_row":["Noel Scott","Austin Peay","OVC",8,7.8,53.8,21.3,26.5,23.5,9.2,17.9,18.7,33.6,1,9,0.111,3,14,0.214,1,3,0.333,0,2.9,52.9,"So","6-3",2,-1.12129,54.985,5.2,2022,74345,"Los Angeles, CA",null,0.90909829,1,7,2,7,0.1429,0.2857,0,0,null,null,100.645,102.648,0.912487,16.7427,-8.92474,-9.64499,0.720244,-10.6148,10.6667,-8.58284,-2.03194,0.8889,1.6667,2.5556,1.1111,0.4444,"0.0000",1.4444,"Wing G",2.13628,"2001-10-15"],"games":8,"notes":"Wing G","projection":2.1363,"advanced_stats":{"tov_pg":1.2222222222222223,"usage_pct":0.143,"plus_minus_pg":-0.625,"mins_pct":0.08,"is_qualified":false}}]}