{"bart_player_id":74360,"seasons":[{"year":2023,"team_name":"Samford","team_conference":"SC","class":"So","raw_row":["Charlie Morrison","Samford","SC",2,0.1,0,20,0,0,0,118.5,0,100,0,0,0,0,0,0,0,0,0,0,0,0,"So","6-0",33,-0.151345,0,0,2023,74360,"Athens, AL",null,"0.00000000",null,null,null,null,null,null,null,null,null,null,72.546,73.7591,0.0962427,0.419824,-40.8438,-34.0327,-6.81114,-40.6616,"1.0000",-32.0996,-8.56202,"0.0000","1.0000","1.0000","0.0000","0.0000","0.0000","0.0000","PF/C",0,"2002-10-15"],"games":2,"notes":"PF/C","projection":0,"advanced_stats":{"tov_pg":0.3333333333333333,"usage_pct":0.29833333333333334,"plus_minus_pg":-1.6666666666666667,"mins_pct":0.001,"is_qualified":false}}]}