{"bart_player_id":74384,"seasons":[{"year":2022,"team_name":"Howard","team_conference":"MEAC","class":"Fr","raw_row":["Aljaz Vidmar","Howard","MEAC",7,1.6,49.3,11.4,0,0,20.3,6.7,0,57.1,0,0,0,0,0,0,0,1,0,0,0,0,"Fr","6-9",22,-0.368439,41.6773,16.5,2022,74384,"Slovenia, ",null,0.33333333,0,0,0,0,null,null,0,0,null,null,105.872,108.528,0.159017,2.39071,-14.5561,-8.45064,-6.10542,-19.2873,"4.8000",-14.9823,-4.30509,"0.5000","0.3000","0.8000","0.1000","0.0000","0.0000","0.4000","C",3.30732,"2002-10-15"],"games":7,"notes":"C","projection":3.3073,"advanced_stats":{"tov_pg":0.2727272727272727,"usage_pct":0.061000000000000006,"plus_minus_pg":0.8181818181818182,"mins_pct":0.052,"is_qualified":false}}]}