{"bart_player_id":74390,"seasons":[{"year":2023,"team_name":"Oklahoma St.","team_conference":"B12","class":"So","raw_row":["Brooks Manzer","Oklahoma St.","B12",3,0.3,228.2,3.3,0,0,0,27.8,41.4,0,0,0,0,0,0,0,0,0,0,0,0,0,"So","6-3",21,0.398906,173.449,0,2023,74390,"Edmond, OK",null,0.99989998,null,null,null,null,null,null,null,null,null,null,96.0054,101.89,0.126497,0.77985,-1.95797,-2.62814,0.670174,2.90072,1.3333,-0.782522,3.68324,"0.0000",0.3333,0.3333,0.3333,"0.0000","0.0000","0.0000","PF/C",0,"2002-10-15"],"games":3,"notes":"PF/C","projection":0,"advanced_stats":{"tov_pg":0,"usage_pct":0,"plus_minus_pg":-0.6666666666666666,"mins_pct":0.003,"is_qualified":false}}]}