{"bart_player_id":74413,"seasons":[{"year":2022,"team_name":"Fordham","team_conference":"A10","class":"Fr","raw_row":["Ahmad Harrison","Fordham","A10",23,14.8,66.2,14.2,24.2,33.25,3.3,8.2,7.9,25.6,11,16,0.688,8,24,0.333,0,9,0,1.1,2.7,48.5,"Fr","6-1",50,-0.726827,59.8937,4.6,2022,74413,"Baltimore, MD",null,0.66666661,6,13,2,11,0.4615,0.1818,0,0,null,null,97.2605,96.9423,0.867931,34.9329,-5.72648,-7.50625,1.77977,-6.51775,8.3913,-8.09944,1.58169,0.2609,0.6087,0.8696,0.3478,0.3913,"0.0870",1.1739,"Wing G",2.73193,"2002-10-15"],"games":23,"notes":"Wing G","projection":2.7319,"advanced_stats":{"tov_pg":0.5217391304347826,"usage_pct":0.13508695652173913,"plus_minus_pg":-1.1304347826086956,"mins_pct":0.15,"is_qualified":false}}]}