{"bart_player_id":74425,"seasons":[{"year":2023,"team_name":"Green Bay","team_conference":"Horz","class":"Fr","raw_row":["Brayden Dailey","Green Bay","Horz",5,0.7,126.3,21.1,50,58.39,13.2,0,0,0,2,3,0.667,1,2,0.5,0,0,0,0,0,150,"Fr","6-7",22,0.259683,128.806,4.4,2023,74425,"Cuba City, WI",null,"0.00000000",1,1,0,1,"1.0000","0.0000",0,0,null,null,124.228,122.725,0.0406358,0.803103,-9.43279,0.288878,-9.72167,-0.106642,"1.8000",3.7801,-3.88674,"0.2000","0.0000","0.2000","0.0000","0.0000","0.0000","0.8000","PF/C",0,"2002-10-15"],"games":5,"notes":"PF/C","projection":0,"advanced_stats":{"tov_pg":0,"usage_pct":0.2326,"plus_minus_pg":-1,"mins_pct":0.006,"is_qualified":false}}]}