{"bart_player_id":74433,"seasons":[{"year":2022,"team_name":"Stony Brook","team_conference":"AE","class":"Fr","raw_row":["Preston Shumpert","Stony Brook","AE",1,0.2,300,6.4,150,150,0,0,0,0,0,0,0,0,0,0,1,1,1,0,0,0,"Fr","6-4",12,1.50945,230.398,0,2022,74433,"Syracuse, NY",null,"0.00000000",0,0,0,0,null,null,0,0,null,null,118.13,129.699,-0.023953,0.284879,2.54449,7.13858,-4.59409,31.4937,"3.0000",29.0274,2.46623,"0.0000","0.0000","0.0000","0.0000","0.0000","0.0000","3.0000","Combo G",24.4022,"2002-10-15"],"games":1,"notes":"Combo G","projection":24.4022,"advanced_stats":{"tov_pg":0,"usage_pct":0.173,"plus_minus_pg":-1,"mins_pct":0.002,"is_qualified":false}}]}