{"bart_player_id":74473,"seasons":[{"year":2023,"team_name":"Southern Utah","team_conference":"WAC","class":"Fr","raw_row":["Josh Valentine","Southern Utah","WAC",1,0.1,0,0,0,0,0,0,0,0,0,0,0,0,0,0,0,0,0,0,0,0,"Fr","6-0",21,-0.326361,-6.8216,0,2023,74473,"Pleasanton, CA",null,"2.00000000",null,null,null,null,null,null,null,null,null,null,114.059,114.511,0.0510754,0.108214,-3.08109,-1.93365,-1.14744,-7.15656,"4.2000",-2.68391,-4.47264,"0.2000","0.2000","0.4000","0.8000","0.2000","0.0000","2.0000","PF/C",0,"2002-10-15"],"games":1,"notes":"PF/C","projection":0,"advanced_stats":{"tov_pg":0.4,"usage_pct":0.2596,"plus_minus_pg":1.2,"mins_pct":0.015,"is_qualified":false}}]}