{"bart_player_id":74502,"seasons":[{"year":2022,"team_name":"Tennessee Martin","team_conference":"OVC","class":"Fr","raw_row":["Josiah Morris","Tennessee Martin","OVC",21,18.4,82.8,13.8,40.2,40.42,5.1,5.5,2.7,18.1,1,2,0.5,4,8,0.5,11,43,0.256,0,1.4,3.9,"Fr","6-6",20,-0.340464,75.3957,3.5,2022,74502,"Mount Washington, KY",null,0.33324816,4,6,0,2,0.6667,"0.0000",0,0,null,null,112.26,112.77,0.49791,28.1739,-6.10555,-2.39456,-3.71099,-6.33064,10.1739,-3.60211,-2.72853,0.4783,0.5217,"1.0000",0.1304,0.3043,"0.0000",2.4783,"Wing G",11.8917,"2002-07-26"],"games":21,"notes":"Wing G","projection":11.8917,"advanced_stats":{"tov_pg":0.391304347826087,"usage_pct":0.15004347826086956,"plus_minus_pg":-0.9090909090909091,"mins_pct":0.192,"is_qualified":false}}]}