{"bart_player_id":74504,"seasons":[{"year":2022,"team_name":"St. Thomas","team_conference":"Sum","class":"Sr","raw_row":["Zach Theisen","St. Thomas","Sum",14,5.9,70.8,18.7,27.3,27.27,1.8,8.7,13.4,5,0,0,0,0,0,0,4,22,0.182,1.9,0.9,0,"Sr","6-0",3,-0.299092,66.543,1.9,2022,74504,"Maple Grove, MN",null,"4.00000000",0,0,0,0,null,null,0,0,null,null,119.557,121.739,0.0897697,8.95898,-9.20436,-3.62354,-5.58082,-10.0401,5.9375,-4.36834,-5.67174,0.0625,0.3125,"0.3750","0.5000",0.0625,0.0625,"1.5000","Scoring PG",20.5785,"1999-10-15"],"games":14,"notes":"Scoring PG","projection":20.5785,"advanced_stats":{"tov_pg":0.125,"usage_pct":0.197875,"plus_minus_pg":2.375,"mins_pct":0.081,"is_qualified":false}}]}