{"bart_player_id":74558,"seasons":[{"year":2022,"team_name":"Penn St.","team_conference":"B10","class":"Jr","raw_row":["Jevonnie Scott","Penn St.","B10",11,5.6,65.2,20.9,40,39.89,3.6,27,5.7,30.7,3,8,0.375,6,13,0.462,0,2,0,5,1.8,53.3,"Jr","6-7",13,-0.359023,69.1391,9.7,2022,74558,"Toronto, Canada",null,0.28566939,6,10,0,3,"0.6000","0.0000",3,3,"1.0000",null,94.9294,87.2406,0.886746,15.5786,-6.54745,-9.92325,3.3758,-7.84138,6.3636,-11.2764,3.43497,0.1818,1.4545,1.6364,0.1818,0.1818,0.2727,1.3636,"PF/C",1.82441,"2000-09-19"],"games":11,"notes":"PF/C","projection":1.8244,"advanced_stats":{"tov_pg":0.6363636363636364,"usage_pct":0.1991818181818182,"plus_minus_pg":-1.1818181818181819,"mins_pct":0.058,"is_qualified":false}}]}