{"bart_player_id":74563,"seasons":[{"year":2022,"team_name":"East Tennessee St.","team_conference":"SC","class":"Fr","raw_row":["Isaac Farah","East Tennessee St.","SC",2,0.3,0,15.2,0,0,0,29.3,0,100,0,0,0,0,0,0,0,0,0,0,0,0,"Fr","6-7",24,-0.562204,-0.674469,0,2022,74563,"Fishers, IN",null,"0.00000000",null,null,null,null,null,null,null,null,null,null,109.945,108.105,0.126015,0.696169,-23.6853,-20.003,-3.68227,-18.3559,"2.0000",-12.9101,-5.44573,"0.0000","0.5000","0.5000","0.0000","0.0000","0.0000","0.0000","PF/C",0,"2002-10-15"],"games":2,"notes":"PF/C","projection":0,"advanced_stats":{"tov_pg":0.5,"usage_pct":0.0665,"plus_minus_pg":-4.5,"mins_pct":0.003,"is_qualified":false}}]}