{"bart_player_id":74562,"seasons":[{"year":2022,"team_name":"Denver","team_conference":"Sum","class":"Fr","raw_row":["Felipe Motta","Denver","Sum",1,0.3,0,0,0,0,0,0,0,0,0,0,0,0,0,0,0,0,0,0,0,0,"Fr","6-7",13,-1.2868,-7.31128,10,2022,74562,"Brindisi, Italy",null,"0.00000000",null,null,null,null,null,null,null,null,null,null,117.934,125.863,0.0213074,0.424556,-6.69461,-3.4561,-3.23851,-13.8401,"4.0000",-10.2339,-3.60617,"0.0000","0.0000","0.0000","0.0000","0.0000","0.0000","0.0000","PF/C",0,"2003-04-02"],"games":1,"notes":"PF/C","projection":0,"advanced_stats":{"tov_pg":0,"usage_pct":0,"plus_minus_pg":-1,"mins_pct":0.003,"is_qualified":false}}]}