{"bart_player_id":74596,"seasons":[{"year":2022,"team_name":"UMKC","team_conference":"Sum","class":"So","raw_row":["Trace Evans","UMKC","Sum",3,2,84.4,23.8,50,43.17,16.5,17.9,8.8,22.3,0,2,0,3,6,0.5,0,0,0,0,0,33.3,"So","6-9",44,-0.0716921,82.5805,1.8,2022,74596,"Newcastle, Australia",null,"0.50000000",3,5,0,1,"0.6000","0.0000",0,0,null,null,107.96,105.49,0.557492,3.2034,-9.22608,-5.73396,-3.49212,-4.95145,"8.5000",-1.78283,-3.16862,"1.2500","0.7500","2.0000","0.2500","0.0000","0.0000","3.2500","C",0,"2001-10-15"],"games":3,"notes":"C","projection":0,"advanced_stats":{"tov_pg":0.5,"usage_pct":0.177,"plus_minus_pg":0,"mins_pct":0.027,"is_qualified":false}}]}