{"bart_player_id":74601,"seasons":[{"year":2022,"team_name":"Prairie View A&M","team_conference":"SWAC","class":"Sr","raw_row":["Miles McDougal","Prairie View A&M","SWAC",8,4.9,57.3,18.3,25,28.78,2.2,2.1,17.3,33.8,2,4,0.5,3,10,0.3,0,2,0,0,1,33.3,"Sr","5-10",15,-0.578383,60.7044,4.4,2022,74601,"Dallas, TX",null,0.83333333,0,0,3,10,null,"0.3000",0,0,null,null,112.999,108.964,0.431769,6.42643,-15.1866,-9.76119,-5.4254,-12.6071,"6.7500",-7.57495,-5.03216,"0.1250","0.1250","0.2500","0.6250","0.1250","0.0000","1.0000","PF/C",2.07308,"1999-10-15"],"games":8,"notes":"PF/C","projection":2.0731,"advanced_stats":{"tov_pg":0.75,"usage_pct":0.199625,"plus_minus_pg":-3.875,"mins_pct":0.051,"is_qualified":false}}]}