{"bart_player_id":74638,"seasons":[{"year":2022,"team_name":"Northern Illinois","team_conference":"MAC","class":"Fr","raw_row":["Noah Kon","Northern Illinois","MAC",16,7.9,78.8,20.1,47.1,46.97,6.1,13.8,10.8,27.4,8,18,0.444,8,13,0.615,0,4,0,0,0,105.9,"Fr","6-1",3,-0.151059,78.066,9.3,2022,74638,"Houston, TX",null,0.55555556,4,7,4,6,0.5714,0.6667,0,0,null,null,108.31,108.479,0.389794,13.8201,-9.14631,-6.21819,-2.92812,-10.7754,5.9375,-8.22869,-2.54672,0.3125,0.6875,"1.0000",0.3125,"0.0000","0.0000","1.5000","Wing G",2.44989,"2002-10-15"],"games":16,"notes":"Wing G","projection":2.4499,"advanced_stats":{"tov_pg":0.5625,"usage_pct":0.23093750000000002,"plus_minus_pg":-2.1875,"mins_pct":0.078,"is_qualified":false}}]}