{"bart_player_id":74636,"seasons":[{"year":2022,"team_name":"Northern Arizona","team_conference":"BSky","class":"Jr","raw_row":["Spencer Roberts","Northern Arizona","BSky",5,1.9,125.2,23.5,66.7,68.81,0,26.2,13.8,11,3,4,0.75,6,9,0.667,0,0,0,0,2.6,44.4,"Jr","6-8",34,0.783169,134.462,7,2022,74636,"Alberta, Canada",null,"1.00000000",6,8,0,1,"0.7500","0.0000",0,0,null,null,105.238,99.9834,0.43759,4.78599,-1.15946,1.089,-2.24846,11.2522,"4.5000",6.54958,4.70259,"0.0000",0.8333,0.8333,0.1667,0.1667,"0.0000","2.5000","Wing F",0,"2000-10-15"],"games":5,"notes":"Wing F","projection":0,"advanced_stats":{"tov_pg":0.16666666666666666,"usage_pct":0.15316666666666665,"plus_minus_pg":0.3333333333333333,"mins_pct":0.022,"is_qualified":false}}]}