{"bart_player_id":74649,"seasons":[{"year":2022,"team_name":"Quinnipiac","team_conference":"MAAC","class":"Fr","raw_row":["Bernie Blunt","Quinnipiac","MAAC",10,7.3,121,11.6,66.7,68.6,0,6.5,6.6,17.2,2,2,1,3,5,0.6,6,13,0.462,0,2.6,11.1,"Fr","6-0",12,0.578262,104.335,4.1,2022,74649,"Morgantown, PA",null,"1.00000000",1,3,2,2,0.3333,"1.0000",0,0,null,null,106.361,109.374,0.550379,14.7864,-1.50051,0.328247,-1.82876,-1.13671,9.4545,-1.18619,0.0494778,"0.0000",0.5455,0.5455,0.2727,0.4545,"0.0000",3.1818,"Combo G",8.62569,"2002-10-15"],"games":10,"notes":"Combo G","projection":8.6257,"advanced_stats":{"tov_pg":0.2727272727272727,"usage_pct":0.125,"plus_minus_pg":4.2727272727272725,"mins_pct":0.083,"is_qualified":false}}]}