{"bart_player_id":74657,"seasons":[{"year":2022,"team_name":"Oregon St.","team_conference":"P12","class":"Jr","raw_row":["DyShawn Hobson","Oregon St.","P12",2,0.2,0,0,0,0,0,123.3,0,0,0,0,0,0,0,0,0,0,0,0,0,0,"Jr","6-2",14,-0.322632,-7.5795,0,2022,74657,"Corvallis, OR",null,"0.00000000",null,null,null,null,null,null,null,null,null,null,76.6909,76.554,0.176428,0.890737,-23.0455,-15.042,-8.00345,-4.52769,"1.0000",-8.45635,3.92865,"0.0000","1.0000","1.0000","0.0000","0.0000","0.0000","0.0000","PF/C",0,"2000-01-09"],"games":2,"notes":"PF/C","projection":0,"advanced_stats":{"tov_pg":0,"usage_pct":0,"plus_minus_pg":2,"mins_pct":0.002,"is_qualified":false}}]}