{"bart_player_id":74670,"seasons":[{"year":2023,"team_name":"Wichita St.","team_conference":"Amer","class":"Fr","raw_row":["Jalen Ricks","Wichita St.","Amer",12,6.7,87.5,14,42.5,45.95,1.4,12.6,0,14.6,4,6,0.667,4,8,0.5,3,12,0.25,0,1.4,30,"Fr","6-7",2,-0.179465,80.0968,4.1,2023,74670,"Sherwood, AR",64.4,"0.00000000",2,4,2,4,"0.5000","0.5000",0,0,null,null,102.925,103.664,0.643195,14.2749,-6.98193,-3.75406,-3.22787,-6.11455,"7.2500",-5.67508,-0.439464,0.0833,0.8333,0.9167,"0.0000",0.1667,"0.0000","1.7500","Wing F",8.16274,"2003-04-29"],"games":12,"notes":"Wing F","projection":8.1627,"advanced_stats":{"tov_pg":0.25,"usage_pct":0.18508333333333335,"plus_minus_pg":-2.6666666666666665,"mins_pct":0.068,"is_qualified":false}}]}