{"bart_player_id":74706,"seasons":[{"year":2022,"team_name":"Radford","team_conference":"BSth","class":"So","raw_row":["Camron McNeil","Radford","BSth",23,31.3,73.4,19.1,35.9,38.18,1,12.2,8.3,20.6,9,12,0.75,22,60,0.367,10,43,0.233,0,2,11.7,"So","6-5",11,-0.686655,71.9124,2,2022,74706,"Raleigh, NC",null,0.60714286,7,18,15,42,0.3889,0.3571,0,1,"0.0000",null,104.003,105.775,1.101,55.3677,-7.0722,-5.75968,-1.31252,-6.54284,"15.4800",-5.55595,-0.986895,"0.1200","1.5600","1.6800","0.6800","0.5200","0.0000","4.4800","Wing G",7.72248,"2001-10-15"],"games":23,"notes":"Wing G","projection":7.7225,"advanced_stats":{"tov_pg":1.12,"usage_pct":0.21044000000000004,"plus_minus_pg":-4.166666666666667,"mins_pct":0.338,"is_qualified":true}}]}