{"bart_player_id":74721,"seasons":[{"year":2022,"team_name":"Jacksonville St.","team_conference":"ASun","class":"Fr","raw_row":["Tanguy Touze","Jacksonville St.","ASun",5,0.4,0,12.1,0,0,0,0,0,100,0,0,0,0,0,0,0,0,0,0,0,0,"Fr","6-3",20,-0.301647,-1.53198,16,2022,74721,"Pontault-Combault, France",null,"0.00000000",null,null,null,null,null,null,null,null,null,null,111.165,117.766,0.0334215,0.53783,-15.0698,-13.9825,-1.08722,-27.2324,2.2857,-21.4865,-5.74585,"0.0000","0.0000","0.0000","0.0000","0.0000","0.0000",0.8571,"PF/C",0,"2000-07-31"],"games":5,"notes":"PF/C","projection":0,"advanced_stats":{"tov_pg":0.14285714285714285,"usage_pct":0.08971428571428572,"plus_minus_pg":0.14285714285714285,"mins_pct":0.013,"is_qualified":false}}]}