{"bart_player_id":74738,"seasons":[{"year":2022,"team_name":"Florida St.","team_conference":"ACC","class":"Fr","raw_row":["John Butler","Florida St.","ACC",31,47,99.9,16.4,51.5,51.16,4,15.9,7.5,15.8,11,25,0.44,36,82,0.439,33,84,0.393,7.5,1.4,15.1,"Fr","7-1",22,0.756345,97.0017,4.2,2022,74738,"Mauldin, SC",86.2,0.88458332,21,42,15,40,"0.5000","0.3750",12,14,0.8571,null,103.675,96.8865,1.98875,110.667,2.8452,-0.412116,3.25732,1.24355,18.9355,-0.155674,1.39922,0.6774,2.5484,3.2258,0.7419,0.4516,1.1613,"5.8710","PF/C",8.34995,"2002-12-04"],"games":31,"notes":"PF/C","projection":8.35,"advanced_stats":{"tov_pg":0.8387096774193549,"usage_pct":0.1807096774193548,"plus_minus_pg":-0.3225806451612903,"mins_pct":0.468,"is_qualified":true}}]}