{"bart_player_id":74753,"seasons":[{"year":2022,"team_name":"Columbia","team_conference":"Ivy","class":"Jr","raw_row":["Patrick Harding","Columbia","Ivy",24,51.6,93.4,20,44,46.8,14.8,29.1,16.2,25,23,36,0.639,55,124,0.444,0,1,0,0.4,0.8,28.8,"Jr","6-9",25,0.438147,91.2672,4.5,2022,74753,"Fairfield, CT",null,0.90196082,35,70,20,54,"0.5000",0.3704,0,0,null,null,109.365,111.633,1.17683,103.654,-4.70054,-3.07467,-1.62587,-5.15034,"21.3600",-2.53555,-2.61479,"2.8800","5.4400","8.3200","1.8400","0.2800","0.0800","5.4000","C",0.108805,"2000-10-15"],"games":24,"notes":"C","projection":0.1088,"advanced_stats":{"tov_pg":2.04,"usage_pct":0.18672,"plus_minus_pg":-7.083333333333333,"mins_pct":0.519,"is_qualified":true}}]}