{"bart_player_id":74755,"seasons":[{"year":2022,"team_name":"Princeton","team_conference":"Ivy","class":"Fr","raw_row":["Mason Hooks","Princeton","Ivy",21,11.9,105.3,24.9,46.5,51.33,13.7,13,15.2,19,10,12,0.833,20,42,0.476,0,1,0,0.7,0.4,27.9,"Fr","6-10",44,0.491672,107.832,5.3,2022,74755,"Los Angeles, CA","43.0",1.36357929,9,14,11,27,0.6429,0.4074,1,1,"1.0000",null,106.845,108.91,0.405181,20.8246,-4.36478,-1.35054,-3.01424,-3.74811,6.9565,-1.61608,-2.13203,0.8696,0.7826,1.6522,0.6522,0.1304,"0.0870",3.1304,"C",0.430504,"2002-10-15"],"games":21,"notes":"C","projection":0.4305,"advanced_stats":{"tov_pg":0.4782608695652174,"usage_pct":0.23378260869565218,"plus_minus_pg":0.9565217391304348,"mins_pct":0.147,"is_qualified":false}}]}