{"bart_player_id":74777,"seasons":[{"year":2022,"team_name":"Memphis","team_conference":"Amer","class":"Fr","raw_row":["Jalen Duren","Memphis","Amer",29,55.5,109.5,23,59.7,60.79,14,21.5,10.5,21.6,65,104,0.625,141,235,0.6,0,1,0,9.9,1.8,44.1,"Fr","6-11",2,3.03069,119.953,4.3,2022,74777,"Sharon Hill, PA",99.4,0.56924244,111,152,30,83,0.7303,0.3614,70,76,0.9211,13,91.1219,87.025,3.541,178.285,9.39587,2.97073,6.42514,6.62698,25.2759,3.51614,3.11084,2.9655,5.1724,8.1379,1.2759,0.8276,2.1034,11.9655,"C",0.0763546,"2003-11-18"],"games":29,"notes":"C","projection":0.0764,"advanced_stats":{"tov_pg":2.2413793103448274,"usage_pct":0.22968965517241377,"plus_minus_pg":5.551724137931035,"mins_pct":0.555,"is_qualified":true}}]}