{"bart_player_id":74838,"seasons":[{"year":2022,"team_name":"Valparaiso","team_conference":"MVC","class":"Sr","raw_row":["Kevion Taylor","Valparaiso","MVC",30,86,104.2,20.1,55.2,58.67,1.8,8.5,8.8,17.2,66,81,0.815,69,132,0.523,64,167,0.383,0.6,1.5,27.1,"Sr","6-6",12,2.31541,104.784,1.6,2022,74838,"Milwaukee, WI",null,0.83333333,57,93,12,39,0.6129,0.3077,0,0,null,null,108.938,108.109,2.30376,155.001,-0.597387,1.38979,-1.98718,-0.514112,"34.6250",1.07606,-1.59017,0.4688,"2.3750",2.8438,1.5625,0.9062,0.1875,"12.7500","Wing G",9.59115,"1999-01-12"],"games":30,"notes":"Wing G","projection":9.5912,"advanced_stats":{"tov_pg":1.875,"usage_pct":0.20171874999999997,"plus_minus_pg":-0.8125,"mins_pct":0.838,"is_qualified":true}}]}