{"bart_player_id":74830,"seasons":[{"year":2022,"team_name":"Portland St.","team_conference":"BSky","class":"Sr","raw_row":["Ezekiel Alley","Portland St.","BSky",29,65,98.1,24.3,47.8,50.39,3,12.5,17.8,16,46,64,0.719,98,198,0.495,30,101,0.297,1.2,2.9,21.4,"Sr","6-1",3,1.17392,98.4181,3.9,2022,74830,"Tucson, AZ",null,1.33927486,77,144,21,53,0.5347,0.3962,0,0,null,null,101.89,103.017,2.19824,146.578,-0.394071,-0.29951,-0.0945615,-0.227696,25.7097,-0.246541,0.0188448,0.7097,2.7742,3.4839,2.4194,1.2903,0.2903,11.1613,"Combo G",7.40235,"1999-02-14"],"games":29,"notes":"Combo G","projection":7.4024,"advanced_stats":{"tov_pg":1.8064516129032258,"usage_pct":0.23990322580645163,"plus_minus_pg":-0.2903225806451613,"mins_pct":0.636,"is_qualified":true}}]}