{"bart_player_id":74831,"seasons":[{"year":2022,"team_name":"Youngstown St.","team_conference":"Horz","class":"Fr","raw_row":["Luke Chicone","Youngstown St.","Horz",24,22.1,100.5,16.1,43.4,44.34,1.7,12.3,30.5,19.7,9,19,0.474,20,43,0.465,2,10,0.2,0.8,1.9,35.8,"Fr","5-10",10,0.224383,90.8624,3.8,2022,74831,"Mentor, OH",null,3.35316618,8,10,12,33,"0.8000",0.3636,0,0,null,null,105.637,110.431,0.696684,48.7321,-4.4957,-2.25723,-2.23847,-3.5051,"12.5000",-2.89169,-0.613412,0.1923,1.2692,1.4615,2.1923,"0.5000",0.0769,2.6538,"Scoring PG",2.11431,"2002-10-15"],"games":24,"notes":"Scoring PG","projection":2.1143,"advanced_stats":{"tov_pg":0.6538461538461539,"usage_pct":0.1365,"plus_minus_pg":1.48,"mins_pct":0.233,"is_qualified":true}}]}