{"bart_player_id":74873,"seasons":[{"year":2022,"team_name":"Bethune Cookman","team_conference":"SWAC","class":"Fr","raw_row":["Shakur Poteat","Bethune Cookman","SWAC",8,1.2,78,23.7,60,60,0,9,0,35.9,0,0,0,3,4,0.75,0,1,0,0,0,0,"Fr","6-1",12,-0.0238424,81.4716,5.7,2022,74873,"Orlando, FL",null,"0.00000000",0,1,3,3,"0.0000","1.0000",0,0,null,null,111.743,114.13,0.080571,1.65698,-17.8871,-10.014,-7.87307,-13.4573,"1.7500",-7.96457,-5.49272,"0.0000","0.1250","0.1250","0.0000","0.0000","0.0000","0.7500","PF/C",4.24065,"2002-10-15"],"games":8,"notes":"PF/C","projection":4.2407,"advanced_stats":{"tov_pg":0.25,"usage_pct":0.1795,"plus_minus_pg":-2.2857142857142856,"mins_pct":0.013,"is_qualified":false}}]}