{"bart_player_id":74880,"seasons":[{"year":2022,"team_name":"Chicago St.","team_conference":"WAC","class":"Jr","raw_row":["Favour Chukwukelu","Chicago St.","WAC",30,39.8,103,12.2,52.7,53.63,3.2,6.1,8.7,20.1,11,18,0.611,12,23,0.522,25,71,0.352,0.2,2,19.1,"Jr","6-1",24,0.364782,91.5938,2,2022,74880,"Las Vegas, NV",null,"1.00000000",8,13,4,9,0.6154,0.4444,0,0,null,null,113.811,116.992,0.61265,74.3341,-2.72889,-0.300923,-2.42797,-2.38507,16.9667,-0.934651,-1.45042,"0.5000",0.8333,1.3333,"0.7000",0.5667,0.0333,3.6667,"Combo G",8.30698,"2000-10-15"],"games":30,"notes":"Combo G","projection":8.307,"advanced_stats":{"tov_pg":0.6666666666666666,"usage_pct":0.1093,"plus_minus_pg":-3.1785714285714284,"mins_pct":0.414,"is_qualified":true}}]}