{"bart_player_id":74892,"seasons":[{"year":2022,"team_name":"UCLA","team_conference":"P12","class":"Fr","raw_row":["Peyton Watson","UCLA","P12",32,28.4,83.6,21.2,35.2,39.41,8.1,18.7,10.1,21,22,32,0.688,31,87,0.356,7,31,0.226,5.3,2.8,27.1,"Fr","6-8",23,0.124871,88.2967,5,2022,74892,"Long Beach, CA",98.2,"0.80000000",17,46,14,41,0.3696,0.3415,3,6,"0.5000",30,90.7276,86.5167,1.76099,90.7873,2.41336,-2.53477,4.94813,-0.261694,12.6562,-3.17888,2.91718,0.9062,1.9688,"2.8750","0.7500",0.5938,0.5625,3.2812,"Stretch 4",4.6177,"2002-09-11"],"games":32,"notes":"Stretch 4","projection":4.6177,"advanced_stats":{"tov_pg":0.9375,"usage_pct":0.17240624999999998,"plus_minus_pg":2.625,"mins_pct":0.285,"is_qualified":true}}]}