{"bart_player_id":74893,"seasons":[{"year":2023,"team_name":"Chattanooga","team_conference":"SC","class":"Fr","raw_row":["Johnny Taylor Jr.","Chattanooga","SC",9,1,105.8,13.3,83.3,83.33,0,8.8,0,33.8,0,0,0,1,1,1,1,2,0.5,0,0,0,"Fr","6-3",12,0.0214029,91.5006,0,2023,74893,"Ocoee, FL",null,0.33320001,1,1,0,0,"1.0000",null,0,0,null,null,115.322,118.098,0.0557998,1.58196,-8.4714,-3.54185,-4.92955,-4.8726,"4.5000",-0.60511,-4.26749,"0.0000",0.1667,0.1667,0.0833,0.0833,"0.0000",1.9167,"Wing G",9.0788,"2002-10-15"],"games":9,"notes":"Wing G","projection":9.0788,"advanced_stats":{"tov_pg":0.25,"usage_pct":0.14175000000000001,"plus_minus_pg":3.0833333333333335,"mins_pct":0.038,"is_qualified":false}}]}