{"bart_player_id":74909,"seasons":[{"year":2025,"team_name":"USC Upstate","team_conference":"BSth","class":"Jr","raw_row":["Andrew McConnell","USC Upstate","BSth",29,40.2,89.7,18.2,46.5,50.61,1.6,9.2,10.8,23.6,25,30,0.833,12,32,0.375,32,97,0.33,0.2,1.5,23.3,"Jr","6-2",0,-0.217414,85.8783,3.8,2025,74909,"Buford, GA",47.6,0.80487044,11,26,1,6,0.4231,0.1667,0,0,null,null,119.784,120.129,0.649348,67.7266,-6.57079,-2.96041,-3.61038,-6.46771,16.0875,-3.40126,-3.06645,0.2188,1.3125,1.5312,1.0312,0.4688,0.0312,5.3125,"Combo G",11.2415,"2002-10-15"],"games":29,"notes":"Combo G","projection":11.2415,"advanced_stats":{"tov_pg":1.28125,"usage_pct":0.17059375000000007,"plus_minus_pg":-2.21875,"mins_pct":0.402,"is_qualified":true}}]}