{"bart_player_id":74929,"seasons":[{"year":2022,"team_name":"Colorado St.","team_conference":"MWC","class":"Sr","raw_row":["Chandler Jacobs","Colorado St.","MWC",30,50.1,100.9,16.6,47.8,53.03,4.4,21,6.8,16.4,34,39,0.872,42,78,0.538,16,60,0.267,2.6,2.3,28.3,"Sr","6-3",13,0.950163,99.0664,4,2022,74929,"Missouri City, TX",null,0.79305185,33,56,9,22,0.5893,0.4091,3,3,"1.0000",null,96.7047,94.4493,2.29041,124.726,1.71225,-0.41802,2.13027,0.834007,20.1935,-0.717127,1.55113,0.6452,3.4194,4.0645,0.7419,0.8065,0.3871,5.6774,"Wing G",6.04005,"1999-04-12"],"games":30,"notes":"Wing G","projection":6.0401,"advanced_stats":{"tov_pg":0.9354838709677419,"usage_pct":0.16270967741935483,"plus_minus_pg":6,"mins_pct":0.498,"is_qualified":true}}]}