{"bart_player_id":74924,"seasons":[{"year":2022,"team_name":"FIU","team_conference":"CUSA","class":"Fr","raw_row":["CJ Kelley","FIU","CUSA",4,2,37,11.5,20,20,0,14.4,0,21.2,0,0,0,1,3,0.333,0,2,0,0,0,0,"Fr","6-8",5,-1.15704,29.8244,0,2022,74924,"Texarkana, TX",null,"1.00000000",0,1,1,2,"0.0000","0.5000",0,0,null,null,108.89,114.059,0.277714,3.36225,-16.1292,-10.8912,-5.23799,-14.3343,7.8333,-9.46435,-4.86996,0.3333,1.3333,1.6667,0.1667,0.1667,0.1667,1.8333,"Wing F",4.79796,"2002-10-15"],"games":4,"notes":"Wing F","projection":4.798,"advanced_stats":{"tov_pg":0.16666666666666666,"usage_pct":0.1465,"plus_minus_pg":4.833333333333333,"mins_pct":0.038,"is_qualified":false}}]}