{"bart_player_id":74936,"seasons":[{"year":2022,"team_name":"Green Bay","team_conference":"Horz","class":"So","raw_row":["Tutu Majok","Green Bay","Horz",5,2.8,90.7,21.6,30,37.82,18.5,8.4,0,8.6,3,4,0.75,3,7,0.429,0,3,0,0,0,40,"So","6-9",21,0.154574,92.1472,1.2,2022,74936,"Cairo, Egypt",null,"0.00000000",2,3,1,4,0.6667,"0.2500",0,0,null,null,114.351,114.698,0.290854,3.77974,-13.9995,-4.42894,-9.57058,-4.3765,5.8333,0.712284,-5.08878,0.8333,0.6667,"1.5000","0.0000","0.0000","0.0000","2.0000","PF/C",5.67873,"2001-10-15"],"games":5,"notes":"PF/C","projection":5.6787,"advanced_stats":{"tov_pg":0.16666666666666666,"usage_pct":0.29550000000000004,"plus_minus_pg":-1.6666666666666667,"mins_pct":0.029,"is_qualified":false}}]}