{"bart_player_id":74945,"seasons":[{"year":2022,"team_name":"Arkansas Pine Bluff","team_conference":"SWAC","class":"Sr","raw_row":["Jaylan Thomas","Arkansas Pine Bluff","SWAC",6,7,50.5,16.6,27.1,26.56,0,11,2.5,17.3,0,1,0,5,8,0.625,1,16,0.063,3.6,1.4,4.2,"Sr","6-8",3,-1.58054,51.6581,5.9,2022,74945,"Tulsa, OK",null,0.25008752,3,3,2,5,"1.0000","0.4000",0,0,null,null,115.161,110.098,0.81039,12.7472,-12.6562,-7.93004,-4.72612,-13.9347,12.4286,-9.82496,-4.10978,"0.0000","1.0000","1.0000",0.1429,0.2857,0.4286,2.2857,"PF/C",11.4099,"1999-10-15"],"games":6,"notes":"PF/C","projection":11.4099,"advanced_stats":{"tov_pg":0.5714285714285714,"usage_pct":0.1938571428571429,"plus_minus_pg":-7.142857142857143,"mins_pct":0.082,"is_qualified":false}}]}