{"bart_player_id":74954,"seasons":[{"year":2022,"team_name":"North Alabama","team_conference":"ASun","class":"Fr","raw_row":["Omar Figueroa","North Alabama","ASun",20,11.5,87.4,22,37,42.36,2.5,9.7,5.6,10.9,9,10,0.9,11,29,0.379,4,17,0.235,0,1,21.7,"Fr","6-0",4,0.0515231,87.8828,4.3,2022,74954,"Carolina, Puerto Rico",null,"1.29997600",5,9,6,20,0.5556,"0.3000",0,0,null,null,107.194,106.84,0.426259,18.067,-7.98985,-4.57436,-3.41549,-5.03464,8.1667,-3.54471,-1.48993,"0.3750",0.7917,1.1667,0.5417,0.3333,0.0417,3.9583,"Wing G",8.13669,"2002-10-15"],"games":20,"notes":"Wing G","projection":8.1367,"advanced_stats":{"tov_pg":0.4166666666666667,"usage_pct":0.22545833333333332,"plus_minus_pg":0.782608695652174,"mins_pct":0.149,"is_qualified":false}}]}