{"bart_player_id":74970,"seasons":[{"year":2022,"team_name":"Lamar","team_conference":"WAC","class":"Fr","raw_row":["Brock McClure","Lamar","WAC",26,65.6,95.3,16.3,45.3,49.34,5.7,16.1,8.4,19.5,32,39,0.821,51,107,0.477,18,65,0.277,0.9,1.7,22.7,"Fr","6-6",24,0.425857,89.8984,4.6,2022,74970,"Lumberton, TX",null,0.73686537,29,48,22,59,0.6042,0.3729,0,0,null,null,109.841,112.667,1.39385,122.499,-3.36038,-1.80893,-1.55145,-4.43533,25.6786,-2.86639,-1.56894,1.3214,"3.5000",4.8214,"1.0000",0.7143,0.1786,6.7857,"Wing F",5.43255,"2002-10-15"],"games":26,"notes":"Wing F","projection":5.4326,"advanced_stats":{"tov_pg":1.3571428571428572,"usage_pct":0.16528571428571429,"plus_minus_pg":-7.571428571428571,"mins_pct":0.622,"is_qualified":true}}]}