{"bart_player_id":74981,"seasons":[{"year":2022,"team_name":"Auburn","team_conference":"SEC","class":"Fr","raw_row":["Jabari Smith","Auburn","SEC",34,70.9,113.5,26.2,52.2,57.15,3.5,23.4,13.8,14,131,164,0.799,104,239,0.435,79,187,0.422,3.8,2.1,38.5,"Fr","6-10",10,4.22738,128.33,2.9,2022,74981,"Fayetteville, GA","99.0",1.04685506,41,63,63,176,0.6508,"0.3580",14,15,0.9333,3,89.7269,85.7825,4.09776,227.23,7.00491,4.03035,2.97456,10.1237,28.7941,7.01773,3.10599,0.9412,6.4412,7.3824,1.9706,1.0882,1.0294,16.9412,"Stretch 4",10.7115,"2003-05-13"],"games":34,"notes":"Stretch 4","projection":10.7115,"advanced_stats":{"tov_pg":1.8529411764705883,"usage_pct":0.27649999999999997,"plus_minus_pg":7.911764705882353,"mins_pct":0.707,"is_qualified":true}}]}