{"bart_player_id":74998,"seasons":[{"year":2023,"team_name":"Winthrop","team_conference":"BSth","class":"Jr","raw_row":["Cameron Whiteside","Winthrop","BSth",19,9,136.4,7.9,81.3,87.56,3.6,7.7,6.7,27.5,6,6,1,2,4,0.5,3,4,0.75,1,0.5,75,"Jr","6-5",10,0.474518,111.224,4,2023,74998,"Thomasville, NC",null,1.16660834,2,4,0,0,"0.5000",null,0,0,null,null,116.575,119.152,0.199317,14.3521,-1.8512,0.859276,-2.71048,-2.76209,6.8095,-0.748175,-2.01391,0.3333,0.5238,0.8571,0.3333,0.0952,0.0476,1.3333,"Wing G",2.1805,"2000-10-15"],"games":19,"notes":"Wing G","projection":2.1805,"advanced_stats":{"tov_pg":0.2857142857142857,"usage_pct":0.04594736842105263,"plus_minus_pg":-1.9166666666666667,"mins_pct":0.101,"is_qualified":false}}]}