{"bart_player_id":75010,"seasons":[{"year":2022,"team_name":"Arkansas Pine Bluff","team_conference":"SWAC","class":"Fr","raw_row":["DreShaun Doyne","Arkansas Pine Bluff","SWAC",4,1.9,47.8,8.2,0,14.6,5.2,11.6,0,0,1,3,0.333,0,0,0,0,2,0,0,0,150,"Fr","6-8",30,-0.900655,38.2061,3.6,2022,75010,"Little Rock, AR",null,"0.00000000",0,0,0,0,null,null,0,0,null,null,120.113,119.662,0.147644,2.59379,-14.519,-5.74041,-8.77854,-11.185,"5.5000",-5.88017,-5.30487,"0.2500","0.5000","0.7500","0.0000","0.0000","0.0000","0.2500","PF/C",5.25454,"2002-10-15"],"games":4,"notes":"PF/C","projection":5.2545,"advanced_stats":{"tov_pg":0,"usage_pct":0.108,"plus_minus_pg":-2.75,"mins_pct":0.02,"is_qualified":false}}]}