{"bart_player_id":75021,"seasons":[{"year":2023,"team_name":"Loyola Marymount","team_conference":"WCC","class":"Fr","raw_row":["James Nobles","Loyola Marymount","WCC",6,1.3,129.4,19.1,100,101.27,0,22.9,11.8,38,2,2,1,0,1,0,2,2,1,0,0,66.7,"Fr","6-4",14,0.381186,128.425,5,2023,75021,"North Hollywood, CA",64.6,"2.00000000",0,0,0,1,null,"0.0000",0,0,null,null,108.232,102.953,0.243155,2.53654,-0.307777,1.20841,-1.51619,4.82721,4.1429,4.60378,0.223434,"0.0000",0.7143,0.7143,0.5714,"0.0000",0.1429,1.7143,"Wing G",7.35568,"2002-10-15"],"games":6,"notes":"Wing G","projection":7.3557,"advanced_stats":{"tov_pg":0.2857142857142857,"usage_pct":0.1842857142857143,"plus_minus_pg":1.8571428571428572,"mins_pct":0.023,"is_qualified":false}}]}