{"bart_player_id":75030,"seasons":[{"year":2023,"team_name":"North Texas","team_conference":"CUSA","class":"So","raw_row":["Arsh Mattu","North Texas","CUSA",9,1,36.1,7.3,0,0,0,8.9,12.9,0,0,0,0,0,1,0,0,1,0,0,0,0,"So","6-3",13,-0.319834,27.9775,0,2023,75030,"Lewisville, TX",null,2.70000011,0,0,0,1,null,"0.0000",0,0,null,null,102.078,101.614,0.149067,1.5433,-6.9733,-5.8833,-1.09,-8.90168,"1.7000",-7.10889,-1.7928,"0.0000","0.1000","0.1000","0.3000","0.0000","0.0000","0.0000","Pure PG",4.60561,"2002-10-15"],"games":9,"notes":"Pure PG","projection":4.6056,"advanced_stats":{"tov_pg":0,"usage_pct":0.06939999999999999,"plus_minus_pg":-0.4,"mins_pct":0.01,"is_qualified":false}}]}