{"bart_player_id":75063,"seasons":[{"year":2022,"team_name":"Delaware St.","team_conference":"MEAC","class":"Fr","raw_row":["Avery Richardson","Delaware St.","MEAC",14,15.9,83.7,14.7,40.9,42.12,2.1,6.7,13.4,19.2,6,13,0.462,6,14,0.429,5,19,0.263,0,1.1,39.4,"Fr","5-9",32,-0.377649,75.875,2.5,2022,75063,"Bear, DE",null,1.74989367,2,7,4,7,0.2857,0.5714,0,0,null,null,113.45,116.773,0.42137,22.0744,-8.22875,-3.64235,-4.5864,-7.7693,11.1176,-4.06652,-3.70278,0.1765,0.8824,1.0588,0.8235,0.3529,"0.0000",2.6471,"Combo G",6.70686,"2002-10-15"],"games":14,"notes":"Combo G","projection":6.7069,"advanced_stats":{"tov_pg":0.47058823529411764,"usage_pct":0.13158823529411762,"plus_minus_pg":-4.4,"mins_pct":0.193,"is_qualified":false}}]}