{"bart_player_id":75081,"seasons":[{"year":2023,"team_name":"Lamar","team_conference":"Slnd","class":"Fr","raw_row":["Trey Harris","Lamar","Slnd",14,11.9,86.9,24.3,48.9,49.38,8.6,10.8,6.9,23.5,7,14,0.5,21,33,0.636,1,13,0.077,0.9,0,30.4,"Fr","6-5",21,-0.00502442,87.0789,8,2023,75081,"Houston, TX",null,0.28571429,12,16,9,17,"0.7500",0.5294,4,4,"1.0000",null,116.208,119.365,0.327174,18.1686,-11.0686,-5.0811,-5.98746,-12.4054,8.9375,-7.09868,-5.30677,0.6875,"0.8750",1.5625,"0.2500",0.0625,0.0625,"3.3750","Stretch 4",5.73552,"2002-10-15"],"games":14,"notes":"Stretch 4","projection":5.7355,"advanced_stats":{"tov_pg":0.875,"usage_pct":0.2091875,"plus_minus_pg":-5.5,"mins_pct":0.113,"is_qualified":false}}]}