{"bart_player_id":75089,"seasons":[{"year":2022,"team_name":"Lamar","team_conference":"WAC","class":"Fr","raw_row":["Deiman Reyes","Lamar","WAC",25,26.9,81.5,9.8,26.9,33,11.3,9.4,5.1,20.7,11,25,0.44,7,26,0.269,0,0,0,2.6,0.8,96.2,"Fr","6-8",15,-0.668026,68.8588,6,2022,75089,"Barranquilla, Colombia",null,0.72729501,5,13,2,13,0.3846,0.1538,1,1,"1.0000",null,113.507,116.059,0.457976,42.2521,-5.70637,-4.18043,-1.52594,-7.7819,11.2593,-5.55425,-2.22765,1.1852,0.8889,2.0741,0.2963,0.1481,0.2222,0.9259,"C",0,"2001-06-27"],"games":25,"notes":"C","projection":0,"advanced_stats":{"tov_pg":0.4074074074074074,"usage_pct":0.11166666666666668,"plus_minus_pg":-2.925925925925926,"mins_pct":0.262,"is_qualified":true}}]}