{"bart_player_id":75098,"seasons":[{"year":2022,"team_name":"St. Francis NY","team_conference":"NEC","class":"Fr","raw_row":["Kasper Suurorg","St. Francis NY","NEC",14,9.7,80.7,17,37.5,44.21,5.6,4.3,6.5,27.5,7,9,0.778,3,8,0.375,4,16,0.25,0,2.6,37.5,"Fr","6-6",31,-0.281903,75.421,2.5,2022,75098,"Harjumaa, Estonia",null,0.66662497,3,6,0,2,"0.5000","0.0000",0,0,null,null,107.183,112.47,0.421809,17.3303,-6.73546,-4.35373,-2.38173,-7.32354,9.2667,-4.83247,-2.49107,"0.4000","0.8000","1.2000",0.5333,"0.4000",0.0667,2.3333,"Wing G",8.35685,"2002-05-27"],"games":14,"notes":"Wing G","projection":8.3569,"advanced_stats":{"tov_pg":0.8,"usage_pct":0.16553333333333334,"plus_minus_pg":0,"mins_pct":0.115,"is_qualified":false}}]}