{"bart_player_id":75094,"seasons":[{"year":2022,"team_name":"Sacramento St.","team_conference":"BSky","class":"Fr","raw_row":["Hugo Clarkin","Sacramento St.","BSky",25,24,101.6,9.8,57.4,57.1,5,13.1,3.7,21.4,2,4,0.5,18,33,0.545,1,1,1,4,0.5,11.8,"Fr","7-0",32,-0.0816758,83.1233,6.5,2022,75094,"Newbury, England",null,0.55565559,13,18,5,15,0.7222,0.3333,4,4,"1.0000",null,108.99,110.933,0.591213,40.6759,-5.03868,-4.43257,-0.606108,-5.7421,10.1111,-5.47872,-0.263381,0.4444,1.1481,1.5926,0.1852,0.0741,0.3333,1.5926,"PF/C",0.232447,"2002-10-15"],"games":25,"notes":"PF/C","projection":0.2324,"advanced_stats":{"tov_pg":0.3333333333333333,"usage_pct":0.08751851851851852,"plus_minus_pg":-3.5925925925925926,"mins_pct":0.232,"is_qualified":true}}]}