{"bart_player_id":75103,"seasons":[{"year":2022,"team_name":"Eastern Illinois","team_conference":"OVC","class":"So","raw_row":["Chris Robinson","Eastern Illinois","OVC",9,10.9,61.3,20.5,16.1,26.71,2.9,9.6,30,25.6,9,12,0.75,3,23,0.13,1,5,0.2,0,1.4,42.9,"So","5-11",22,-1.15703,61.5809,4.4,2022,75103,"New York, NY",null,1.42861638,2,7,1,16,0.2857,0.0625,0,0,null,null,111.372,115.14,0.595487,18.3096,-13.3807,-9.31146,-4.06926,-11.5972,13.5455,-8.70439,-2.89282,0.2727,"1.0000",1.2727,1.8182,0.5455,0.0909,2.2727,"Scoring PG",2.37104,"2001-10-15"],"games":9,"notes":"Scoring PG","projection":2.371,"advanced_stats":{"tov_pg":1.2727272727272727,"usage_pct":0.15145454545454548,"plus_minus_pg":-4.2727272727272725,"mins_pct":0.124,"is_qualified":false}}]}