{"bart_player_id":75128,"seasons":[{"year":2023,"team_name":"Morehead St.","team_conference":"OVC","class":"Fr","raw_row":["Chris Cole","Morehead St.","OVC",13,5.3,88.9,4.5,0,12.82,3.8,1.9,11.1,0,1,4,0.25,0,1,0,0,1,0,0,1,200,"Fr","6-6",14,-0.369403,65.6065,1.9,2023,75128,"Lawrenceville, GA",null,5.00170039,0,1,0,0,"0.0000",null,0,0,null,null,110.532,113.899,0.261914,7.63709,-5.36574,-3.73896,-1.62678,-7.7433,5.5882,-5.43742,-2.30588,0.3529,0.4706,0.8235,0.2941,0.1176,0.1176,0.7647,"Pure PG",0.956166,"2002-10-15"],"games":13,"notes":"Pure PG","projection":0.9562,"advanced_stats":{"tov_pg":0.058823529411764705,"usage_pct":0.05629411764705883,"plus_minus_pg":0.058823529411764705,"mins_pct":0.069,"is_qualified":false}}]}