{"bart_player_id":75133,"seasons":[{"year":2022,"team_name":"Miami OH","team_conference":"MAC","class":"Fr","raw_row":["Marr Avance","Miami OH","MAC",19,13,104.9,20.4,46.9,49.24,6.5,13.9,16,13.1,6,8,0.75,11,29,0.379,8,20,0.4,0,3.1,16.3,"Fr","6-1",24,0.471537,102.608,2.6,2022,75133,"Indianapolis, IN",null,1.85722034,8,14,3,15,0.5714,"0.2000",0,1,"0.0000",null,107.289,108.681,0.512826,29.2935,-1.69731,0.44451,-2.14182,-0.297291,"8.0000",0.597493,-0.894783,0.4737,0.9474,1.4211,0.6842,0.4211,"0.0000",2.7368,"Wing G",7.65394,"2002-10-15"],"games":19,"notes":"Wing G","projection":7.6539,"advanced_stats":{"tov_pg":0.3684210526315789,"usage_pct":0.17510526315789474,"plus_minus_pg":0.631578947368421,"mins_pct":0.115,"is_qualified":false}}]}