{"bart_player_id":75132,"seasons":[{"year":2023,"team_name":"North Carolina A&T","team_conference":"CAA","class":"Fr","raw_row":["Chase McDuffie","North Carolina A&T","CAA",10,5.9,85,13.1,33.3,37.41,3.1,7.9,5.5,6.3,3,5,0.6,5,9,0.556,0,6,0,1.5,2.5,33.3,"Fr","6-5",20,-0.286366,75.2701,5.8,2023,75132,"Columbia, SC",null,"2.00000000",1,2,4,7,"0.5000",0.5714,0,0,null,null,108.944,111.298,0.429361,11.6788,-6.12409,-4.20819,-1.9159,-7.47445,8.4615,-6.61312,-0.861332,0.2308,0.5385,0.7692,0.1538,0.5385,0.0769,1.7692,"Wing G",4.96162,"2002-10-15"],"games":10,"notes":"Wing G","projection":4.9616,"advanced_stats":{"tov_pg":0.07692307692307693,"usage_pct":0.13792307692307693,"plus_minus_pg":3.1666666666666665,"mins_pct":0.078,"is_qualified":false}}]}