{"bart_player_id":75143,"seasons":[{"year":2022,"team_name":"Eastern Illinois","team_conference":"OVC","class":"Fr","raw_row":["Rodolfo Rufino Bolis","Eastern Illinois","OVC",27,57.7,78.4,19.6,43,43.41,8.9,14.9,13.4,24.3,25,58,0.431,53,120,0.442,8,31,0.258,2.6,3,38.4,"Fr","6-7",23,-0.709761,77.1428,4,2022,75143,"ES",null,"0.68965000",40,77,13,43,0.5195,0.3023,4,5,"0.8000",null,104.663,106.968,1.75657,130.278,-3.19374,-4.36447,1.17074,-4.87867,24.7586,-4.73256,-0.14611,"2.0000","3.0000","5.0000",1.3793,1.2069,0.5517,6.1724,"Wing F",2.77704,"2003-05-12"],"games":27,"notes":"Wing F","projection":2.777,"advanced_stats":{"tov_pg":2.0344827586206895,"usage_pct":0.19720689655172416,"plus_minus_pg":-8,"mins_pct":0.568,"is_qualified":true}}]}