{"bart_player_id":75147,"seasons":[{"year":2023,"team_name":"Western Michigan","team_conference":"MAC","class":"Fr","raw_row":["Shemani Fuller","Western Michigan","MAC",8,6.5,74.4,14.1,46.2,41.59,4.6,34.9,7.8,29.1,0,3,0,6,13,0.462,0,0,0,6.3,0,23.1,"Fr","6-8",1,-0.664752,66.2363,8.2,2023,75147,"The Bronx, NY",null,0.42850411,5,6,1,7,0.8333,0.1429,4,4,"1.0000",null,107.813,108.097,0.669154,15.6264,-8.19927,-8.73329,0.534023,-8.25595,7.8182,-7.89398,-0.361965,0.3636,2.4545,2.8182,0.2727,"0.0000",0.3636,1.3636,"C",0,"2002-10-15"],"games":8,"notes":"C","projection":0,"advanced_stats":{"tov_pg":0.6363636363636364,"usage_pct":0.15109090909090908,"plus_minus_pg":2.8181818181818183,"mins_pct":0.07,"is_qualified":false}}]}