{"bart_player_id":75150,"seasons":[{"year":2022,"team_name":"Bethune Cookman","team_conference":"SWAC","class":"Fr","raw_row":["Mikey West","Bethune Cookman","SWAC",20,28.5,75.8,24.4,35.9,40.05,1.4,12.1,21.6,24.9,19,26,0.731,26,74,0.351,9,36,0.25,0.7,1.8,23.6,"Fr","6-1",0,-0.385892,78.6352,4.2,2022,75150,"Waterbury, CT",null,1.13889047,16,37,10,37,0.4324,0.2703,0,0,null,null,106.485,110.74,0.950535,52.7705,-9.78491,-5.97802,-3.80689,-9.06279,16.9524,-5.47484,-3.58795,0.2857,1.7143,"2.0000",1.9524,0.5238,0.0952,5.1905,"Combo G",6.42794,"2002-10-15"],"games":20,"notes":"Combo G","projection":6.4279,"advanced_stats":{"tov_pg":1.7142857142857142,"usage_pct":0.2651428571428572,"plus_minus_pg":-2.111111111111111,"mins_pct":0.297,"is_qualified":true}}]}