{"bart_player_id":75173,"seasons":[{"year":2022,"team_name":"Grambling St.","team_conference":"SWAC","class":"Jr","raw_row":["AJ Taylor","Grambling St.","SWAC",23,42,93.4,20.5,44.7,47.39,8.9,18.1,4,15.9,24,33,0.727,49,110,0.445,18,60,0.3,4.9,0.3,19.4,"Jr","6-8",14,0.638707,93.7977,4.2,2022,75173,"Davenport, IA",null,0.29411765,36,70,13,40,0.5143,"0.3250",3,4,"0.7500",null,102.158,105.477,1.66683,96.1564,-4.37545,-2.97173,-1.40372,-3.21676,"22.0400",-1.42049,-1.79627,"1.8400","3.6800","5.5200","0.4000","0.1600","1.0400","7.9200","PF/C",6.74223,"2000-10-15"],"games":23,"notes":"PF/C","projection":6.7422,"advanced_stats":{"tov_pg":1.36,"usage_pct":0.21380000000000002,"plus_minus_pg":-7.1875,"mins_pct":0.536,"is_qualified":true}}]}