{"bart_player_id":75191,"seasons":[{"year":2023,"team_name":"Evansville","team_conference":"MVC","class":"So","raw_row":["Grant Tichenor","Evansville","MVC",1,0.1,200,20,100,100,0,0,0,0,0,0,0,1,1,1,0,0,0,0,0,0,"So","6-1",15,0.397199,201.697,0,2023,75191,"Hartford, KY",null,"0.00000000",1,1,0,0,"1.0000",null,0,0,null,null,119.025,111.837,0.060354,0.103567,1.94816,8.96838,-7.02022,54.8078,"1.0000",43.0447,11.7631,"0.0000","0.0000","0.0000","0.0000","0.0000","0.0000","2.0000","Combo G",0,"2002-10-15"],"games":1,"notes":"Combo G","projection":0,"advanced_stats":{"tov_pg":0,"usage_pct":0.527,"plus_minus_pg":1,"mins_pct":0.001,"is_qualified":false}}]}