{"bart_player_id":75212,"seasons":[{"year":2023,"team_name":"Georgia Tech","team_conference":"ACC","class":"So","raw_row":["Brayden Daniels","Georgia Tech","ACC",4,0.4,0,11.3,0,0,0,23.2,0,0,0,2,0,0,0,0,0,0,0,0,0,0,"So","6-4",33,-0.385037,-1.5389,8,2023,75212,"Louisville, KY",null,0.66680002,0,0,0,0,null,null,0,0,null,null,106.96,111.418,0.077263,0.819658,-19.322,-13.9883,-5.33371,-19.8416,1.1667,-16.2351,-3.60645,0.1667,"0.5000",0.6667,0.1667,"0.0000","0.0000","0.0000","PF/C",0,"2002-10-15"],"games":4,"notes":"PF/C","projection":0,"advanced_stats":{"tov_pg":0,"usage_pct":0.18666666666666668,"plus_minus_pg":-2.5,"mins_pct":0.005,"is_qualified":false}}]}