{"bart_player_id":75217,"seasons":[{"year":2022,"team_name":"Georgia St.","team_conference":"SB","class":"Fr","raw_row":["Chien-Hao Ma","Georgia St.","SB",6,4.2,131.6,10.8,80,76.37,0,13.5,0,12.4,0,1,0,2,3,0.667,4,7,0.571,0,0,10,"Fr","6-7",14,0.862142,119.278,2.7,2022,75217,"Taichung City, Taiwan",null,"0.50000000",1,2,1,1,"0.5000","1.0000",0,0,null,null,105.735,104.814,0.574673,6.03675,-4.60994,-0.745123,-3.86482,1.50294,6.4444,3.79225,-2.28931,0.1111,0.6667,0.7778,0.1111,"0.0000","0.0000",1.7778,"Wing F",9.32003,"2001-04-29"],"games":6,"notes":"Wing F","projection":9.32,"advanced_stats":{"tov_pg":0.2222222222222222,"usage_pct":0.11511111111111111,"plus_minus_pg":-1.7777777777777777,"mins_pct":0.048,"is_qualified":false}}]}