{"bart_player_id":75240,"seasons":[{"year":2022,"team_name":"Washington St.","team_conference":"P12","class":"Sr","raw_row":["Will Burghardt","Washington St.","P12",8,0.5,63.3,28.5,75,75,0,0,0,59.7,0,0,0,0,1,0,1,1,1,0,0,0,"Sr","5-11",33,-0.0481185,69.5499,0,2022,75240,"Longview, WA",null,"0.00000000",0,1,0,0,"0.0000",null,0,0,null,null,107.901,103.379,0.0729277,0.682676,-15.285,-13.0732,-2.21184,-11.6518,"0.8750",-5.22347,-6.42834,"0.0000","0.0000","0.0000","0.0000","0.0000","0.0000","0.3750","Combo G",8.00887,"1999-10-15"],"games":8,"notes":"Combo G","projection":8.0089,"advanced_stats":{"tov_pg":0.25,"usage_pct":0.218,"plus_minus_pg":-0.5,"mins_pct":0.005,"is_qualified":false}}]}