{"bart_player_id":75269,"seasons":[{"year":2022,"team_name":"Duke","team_conference":"ACC","class":"Fr","raw_row":["AJ Griffin","Duke","ACC",39,60.6,127.2,16.9,61.3,63.05,3.8,13.5,6.8,9.1,42,53,0.792,75,137,0.547,71,159,0.447,2.2,1.2,17.9,"Fr","6-6",21,3.45145,126.405,1.8,2022,75269,"White Plains, NY",96.8,1.52012484,42,58,33,79,0.7241,0.4177,8,10,"0.8000",16,101.406,95.9816,2.64421,161.325,6.33861,5.87823,0.460378,7.45201,24.3333,6.59299,0.859023,0.7692,3.1538,3.9231,0.9744,0.5128,0.5641,10.3846,"Wing G",9.81931,"2003-08-25"],"games":39,"notes":"Wing G","projection":9.8193,"advanced_stats":{"tov_pg":0.6410256410256411,"usage_pct":0.18810256410256412,"plus_minus_pg":7.666666666666667,"mins_pct":0.6,"is_qualified":true}}]}