{"bart_player_id":75266,"seasons":[{"year":2022,"team_name":"Ohio St.","team_conference":"B10","class":"Fr","raw_row":["Malaki Branham","Ohio St.","B10",32,73.6,115,23.4,55.4,59.44,3.5,10.5,14.7,15.1,80,96,0.833,123,232,0.53,37,90,0.411,1,1.6,29.8,"Fr","6-5",22,4.10737,125.623,2.4,2022,75266,"Akron, OH","93.0",1.20367403,57,79,66,153,0.7215,0.4314,12,13,0.9231,20,105.312,99.5853,2.83993,150.709,4.21078,4.22882,-0.0180358,4.98611,29.6562,4.56733,0.418781,0.7812,2.7812,3.5625,2.0312,0.7812,0.2812,13.6562,"Wing G",5.86218,"2003-05-12"],"games":32,"notes":"Wing G","projection":5.8622,"advanced_stats":{"tov_pg":1.6875,"usage_pct":0.23700000000000002,"plus_minus_pg":3.53125,"mins_pct":0.735,"is_qualified":true}}]}