{"bart_player_id":75320,"seasons":[{"year":2022,"team_name":"St. Thomas","team_conference":"Sum","class":"Sr","raw_row":["Burt Hedstrom","St. Thomas","Sum",27,55.4,106.4,15.4,46.9,53.22,3.5,15.7,7.7,13,39,45,0.867,27,51,0.529,22,77,0.286,0.2,1.3,35.2,"Sr","6-4",22,0.763115,95.3273,6,2022,75320,"Minnetonka, MN",null,1.59102694,21,35,6,16,"0.6000","0.3750",0,0,null,null,117.515,119.039,0.642392,92.8044,-3.61199,-0.403131,-3.20886,-5.98872,22.5667,-3.13173,-2.85699,0.6333,"2.9000",3.5333,1.1667,"0.5000","0.1000",6.6333,"Wing G",7.67051,"1999-10-15"],"games":27,"notes":"Wing G","projection":7.6705,"advanced_stats":{"tov_pg":0.7333333333333333,"usage_pct":0.15713333333333332,"plus_minus_pg":-0.23333333333333334,"mins_pct":0.559,"is_qualified":true}}]}