{"bart_player_id":75341,"seasons":[{"year":2022,"team_name":"Idaho","team_conference":"BSky","class":"Sr","raw_row":["Jemeil King","Idaho","BSky",26,34.7,99.9,21.7,53.7,58.47,1.1,13.9,20.8,24.4,39,52,0.75,44,82,0.537,9,25,0.36,1.7,1.9,48.6,"Sr","6-5",5,0.743905,99.2588,5,2022,75341,"Oakland, CA",null,1.09305202,28,46,16,36,0.6087,0.4444,0,0,null,null,110.144,112.29,0.810805,76.6604,-3.88762,-2.00871,-1.87891,-2.19958,15.8214,-1.4028,-0.79678,0.1429,1.9286,2.0714,1.6786,"0.5000","0.2500",6.1429,"Combo G",3.47475,"1999-10-15"],"games":26,"notes":"Combo G","projection":3.4748,"advanced_stats":{"tov_pg":1.5357142857142858,"usage_pct":0.2143928571428572,"plus_minus_pg":-3.857142857142857,"mins_pct":0.353,"is_qualified":true}}]}