{"bart_player_id":75365,"seasons":[{"year":2022,"team_name":"East Tennessee St.","team_conference":"SC","class":"Fr","raw_row":["Kordell Charles","East Tennessee St.","SC",14,9.3,73.6,13.8,23.7,33.02,4.1,16.7,5.7,19.7,7,11,0.636,3,7,0.429,1,12,0.083,0,2.2,57.9,"Fr","6-8",20,-0.512378,66.9404,5.7,2022,75365,"Ontario, Canada",null,"1.00000000",3,4,0,3,"0.7500","0.0000",0,0,null,null,109.587,106.825,0.571101,19.7831,-6.1123,-4.13291,-1.97939,-8.1622,"8.5000",-6.79616,-1.36603,"0.2500",1.1875,1.4375,0.3125,0.3125,"0.0000","1.8750","Stretch 4",6.50599,"2002-08-07"],"games":14,"notes":"Stretch 4","projection":6.506,"advanced_stats":{"tov_pg":0.3125,"usage_pct":0.1426875,"plus_minus_pg":-2.625,"mins_pct":0.105,"is_qualified":false}}]}