{"bart_player_id":75398,"seasons":[{"year":2022,"team_name":"Southern Miss","team_conference":"CUSA","class":"Fr","raw_row":["Rashad Bolden","Southern Miss","CUSA",31,66.7,81.2,17.8,39.8,42.59,0.7,6.4,13.4,19.1,26,33,0.788,58,151,0.384,21,74,0.284,0.1,0.9,14.7,"Fr","6-0",4,-0.634827,78.5428,2.2,2022,75398,"Jackson, MS",null,1.22454204,12,25,46,127,"0.4800",0.3622,0,0,null,null,116.611,116.757,0.985433,111.472,-6.85079,-3.34112,-3.50967,-7.62453,26.6061,-4.50052,-3.12401,0.1515,1.4545,1.6061,1.8182,0.4545,0.0303,6.8485,"Combo G",5.23978,"2002-10-15"],"games":31,"notes":"Combo G","projection":5.2398,"advanced_stats":{"tov_pg":1.5151515151515151,"usage_pct":0.18090909090909094,"plus_minus_pg":-9.212121212121213,"mins_pct":0.663,"is_qualified":true}}]}