{"bart_player_id":75408,"seasons":[{"year":2022,"team_name":"Arkansas Pine Bluff","team_conference":"SWAC","class":"Fr","raw_row":["Gabriel Vargas","Arkansas Pine Bluff","SWAC",21,23.7,43.1,13.9,13.8,17.88,1.6,6.5,15.4,38,5,10,0.5,4,24,0.167,1,16,0.063,1.4,2.3,25,"Fr","6-5",4,-2.11936,38.65,1.9,2022,75408,"Miami, FL",null,1.15997889,2,16,2,8,"0.1250","0.2500",0,0,null,null,116.403,120.832,0.297666,40.7034,-12.7638,-8.70435,-4.0594,-10.9334,13.8182,-7.65641,-3.27698,0.1818,0.8182,"1.0000",1.3182,0.5455,0.1818,1.0455,"Scoring PG",3.37,"2002-10-15"],"games":21,"notes":"Scoring PG","projection":3.37,"advanced_stats":{"tov_pg":1.1818181818181819,"usage_pct":0.1303181818181818,"plus_minus_pg":-2.7,"mins_pct":0.268,"is_qualified":true}}]}