{"bart_player_id":75449,"seasons":[{"year":2023,"team_name":"Oakland","team_conference":"Horz","class":"So","raw_row":["Darius Sherman","Oakland","Horz",13,1.9,29.7,7.6,0,12.66,0,10.4,0,0,1,2,0.5,0,2,0,0,1,0,4.6,4.8,66.7,"So","6-2",24,-0.412983,22.144,5,2023,75449,"Monrovia, Liberia",null,0.92820003,0,1,0,1,"0.0000","0.0000",0,0,null,null,104.48,103.739,0.161747,5.3669,-6.55911,-7.72607,1.16695,-6.42477,2.5714,-8.9369,2.51213,0.0714,0.2143,0.2857,0.0714,0.1429,0.0714,0.0714,"Combo G",2.4275,"2002-08-27"],"games":13,"notes":"Combo G","projection":2.4275,"advanced_stats":{"tov_pg":0,"usage_pct":0.11242857142857143,"plus_minus_pg":1.9285714285714286,"mins_pct":0.027,"is_qualified":false}}]}