{"bart_player_id":75440,"seasons":[{"year":2022,"team_name":"Milwaukee","team_conference":"Horz","class":"Fr","raw_row":["Patrick Baldwin Jr.","Milwaukee","Horz",11,25.3,87.7,27.2,40.8,45.05,3.7,17.8,12.2,15.9,26,35,0.743,28,67,0.418,17,64,0.266,2.5,1.7,26.7,"Fr","6-9",23,0.725083,92.718,2.2,2022,75440,"Sussex, WI",98.8,0.73915543,14,27,14,40,0.5185,"0.3500",3,3,"1.0000",28,103.153,104.747,2.24365,62.2384,-4.49632,-2.91936,-1.57696,-1.68058,28.5455,-0.48028,-1.2003,0.9091,4.8182,5.7273,1.5455,0.8182,0.6364,12.0909,"Stretch 4",12.0647,"2002-11-18"],"games":11,"notes":"Stretch 4","projection":12.0647,"advanced_stats":{"tov_pg":2.090909090909091,"usage_pct":0.2786363636363636,"plus_minus_pg":-9.181818181818182,"mins_pct":0.245,"is_qualified":true}}]}