{"bart_player_id":75442,"seasons":[{"year":2023,"team_name":"Northern Colorado","team_conference":"BSky","class":"Fr","raw_row":["Dawson Mohr","Northern Colorado","BSky",3,0.7,300,3.6,150,150,0,0,0,0,0,0,0,0,0,0,1,1,1,0,0,0,"Fr","6-3",4,1.60889,241.783,4.4,2023,75442,"Scottsbluff, NE",null,"0.00000000",0,0,0,0,null,null,0,0,null,null,119.412,122.08,0.0744344,0.939079,0.338965,3.2139,-2.87493,2.71329,"3.0000",3.73419,-1.0209,"0.0000","0.0000","0.0000","0.0000","0.0000","0.0000","1.0000","Scoring PG",6.57737,"2002-10-15"],"games":3,"notes":"Scoring PG","projection":6.5774,"advanced_stats":{"tov_pg":0,"usage_pct":0.06133333333333333,"plus_minus_pg":1.3333333333333333,"mins_pct":0.007,"is_qualified":false}}]}