{"bart_player_id":75491,"seasons":[{"year":2023,"team_name":"Bryant","team_conference":"AE","class":"So","raw_row":["Mike Marshall Jr.","Bryant","AE",5,0.6,44.1,9.8,0,0,0,0,21.2,80.7,0,0,0,0,0,0,0,0,0,0,0,0,"So","6-3",13,-0.254995,34.7407,0,2023,75491,"Weymouth, MA",null,1.99930009,null,null,null,null,null,null,null,null,null,null,114.495,122.75,0.0314809,0.749435,-20.8388,-12.9739,-7.8649,-7.26777,1.8571,-6.24084,-1.02692,"0.0000",0.1429,0.1429,0.2857,"0.0000","0.0000","0.0000","PF/C",0,"2002-10-15"],"games":5,"notes":"PF/C","projection":0,"advanced_stats":{"tov_pg":0.125,"usage_pct":0.08775000000000001,"plus_minus_pg":1,"mins_pct":0.01,"is_qualified":false}}]}