{"bart_player_id":75514,"seasons":[{"year":2023,"team_name":"Campbell","team_conference":"BSth","class":"So","raw_row":["Darwin Randolph","Campbell","BSth",4,1.3,22.6,8.9,0,0,0,0,9.9,0,0,0,0,0,1,0,0,2,0,0,0,0,"So","6-0",25,-1.03824,16.8296,2.4,2023,75514,"Chattanooga, TN",null,"1.00000000",0,0,0,1,null,"0.0000",0,0,null,null,115.619,123.726,0.0811783,1.61854,-15.4061,-8.03529,-7.37085,-14.0855,"4.2500",-8.52917,-5.55634,"0.0000","0.0000","0.0000","0.2500","0.0000","0.0000","0.0000","Pure PG",7.27994,"2003-04-17"],"games":4,"notes":"Pure PG","projection":7.2799,"advanced_stats":{"tov_pg":0,"usage_pct":0.12425,"plus_minus_pg":-2.25,"mins_pct":0.012,"is_qualified":false}}]}