{"bart_player_id":75520,"seasons":[{"year":2022,"team_name":"UMKC","team_conference":"Sum","class":"Fr","raw_row":["Justus Peuser","UMKC","Sum",3,2.7,80.4,22.1,50,56.6,0,18.1,12.6,36.5,2,2,1,2,5,0.4,1,2,0.5,0,4,28.6,"Fr","6-1",2,-0.0597421,83.6168,4.1,2022,75520,"Rudesheim, Germany",null,"1.60000000",1,2,1,3,"0.5000",0.3333,0,0,null,null,98.906,96.4112,1.0394,6.28148,-5.66311,-6.68642,1.02331,-4.20981,"11.7500",-4.87794,0.668138,"0.0000","1.0000","1.0000","2.0000","0.7500","0.0000","3.2500","Combo G",4.01133,"2001-11-01"],"games":3,"notes":"Combo G","projection":4.0113,"advanced_stats":{"tov_pg":1.25,"usage_pct":0.13475,"plus_minus_pg":9,"mins_pct":0.038,"is_qualified":false}}]}