{"bart_player_id":75579,"seasons":[{"year":2022,"team_name":"Maryland Eastern Shore","team_conference":"MEAC","class":"Fr","raw_row":["Marko Milivojevic","Maryland Eastern Shore","MEAC",10,3.7,29.1,10.2,0,10.2,6.1,13.5,0,31.3,1,4,0.25,0,3,0,0,0,0,3.4,1.6,133.3,"Fr","6-10",21,-0.77685,23.2101,2.2,2022,75579,"Oakville, ON",null,"0.00000000",0,2,0,1,"0.0000","0.0000",0,1,"0.0000",null,99.5081,104.277,0.288822,6.44027,-13.5849,-12.281,-1.3039,-11.1457,3.7692,-9.40915,-1.73655,0.3846,0.4615,0.8462,"0.0000",0.0769,0.1538,0.3846,"C",0,"2002-10-15"],"games":10,"notes":"C","projection":0,"advanced_stats":{"tov_pg":0.2857142857142857,"usage_pct":0.12007692307692307,"plus_minus_pg":-1.8333333333333333,"mins_pct":0.033,"is_qualified":false}}]}