{"bart_player_id":75607,"seasons":[{"year":2022,"team_name":"Kentucky","team_conference":"SEC","class":"Fr","raw_row":["Tyty Washington Jr.","Kentucky","SEC",31,65.9,113.3,22.2,50.4,52.8,2.6,10.7,23,14.7,48,64,0.75,116,234,0.496,36,103,0.35,0.7,2.6,19,"Fr","6-3",3,3.74646,122.612,2.1,2022,75607,"Phoenix, AC",97.6,2.37247744,34,57,82,177,0.5965,0.4633,2,2,"1.0000",29,97.2169,93.7648,3.3859,164.864,6.60826,5.11314,1.49512,6.45672,"29.1290",3.89995,2.55677,0.6452,2.8065,3.4516,3.9032,1.2903,0.1935,12.5161,"Scoring PG",6.60027,"2001-11-15"],"games":31,"notes":"Scoring PG","projection":6.6003,"advanced_stats":{"tov_pg":1.6451612903225807,"usage_pct":0.22816129032258065,"plus_minus_pg":11.548387096774194,"mins_pct":0.656,"is_qualified":true}}]}