{"bart_player_id":75627,"seasons":[{"year":2022,"team_name":"Tennessee Martin","team_conference":"OVC","class":"Sr","raw_row":["Darius Simmons","Tennessee Martin","OVC",15,27.3,89.1,19.6,42.4,45.68,1,5.2,10.3,18.1,16,22,0.727,15,42,0.357,18,57,0.316,0,1.9,22.2,"Sr","5-11",10,0.260684,89.0805,2.2,2022,75627,"Raleigh, NC",null,1.21054051,10,24,5,18,0.4167,0.2778,0,0,null,null,111.483,111.245,1.1434,43.7425,-5.84771,-2.01934,-3.82837,-4.8378,20.2941,-2.11867,-2.71913,0.1765,1.1176,1.2941,1.3529,0.6471,0.0588,8.0588,"Combo G",10.6244,"1997-03-17"],"games":15,"notes":"Combo G","projection":10.6244,"advanced_stats":{"tov_pg":1.1176470588235294,"usage_pct":0.2112941176470588,"plus_minus_pg":-2.1875,"mins_pct":0.281,"is_qualified":true}}]}