{"bart_player_id":75638,"seasons":[{"year":2022,"team_name":"Tennessee","team_conference":"SEC","class":"Fr","raw_row":["Kennedy Chandler","Tennessee","SEC",34,74.3,106.1,25.2,52.7,53.87,2.5,9.7,32.4,18.8,60,99,0.606,133,264,0.504,49,128,0.383,0.9,4.1,25.3,"Fr","6-0",1,3.61019,119.432,2.6,2022,75638,"Memphis, TN",98.6,1.89412003,104,174,29,90,0.5977,0.3222,9,9,"1.0000",38,91.0176,86.245,4.36531,212.34,7.36443,4.04028,3.32415,8.04123,30.7941,3.78006,4.26117,0.6765,2.5588,3.2353,4.7353,2.1765,0.2353,13.9118,"Pure PG",7.14212,"2002-09-16"],"games":34,"notes":"Pure PG","projection":7.1421,"advanced_stats":{"tov_pg":2.5,"usage_pct":0.2505294117647059,"plus_minus_pg":8.941176470588236,"mins_pct":0.741,"is_qualified":true}}]}