{"bart_player_id":75664,"seasons":[{"year":2022,"team_name":"Davidson","team_conference":"A10","class":"Fr","raw_row":["Styrmir Thrastarson","Davidson","A10",12,1.9,41,23.6,0,14.6,10.4,23.7,6.1,31,2,6,0.333,0,1,0,0,3,0,5.2,0,150,"Fr","6-7",34,-0.311236,42.3451,4.8,2022,75664,"Reykjavik, Iceland",null,"1.00000000",0,0,0,1,null,"0.0000",0,0,null,null,98.8918,101.002,0.190821,4.83804,-12.8713,-11.9172,-0.954044,-14.1979,3.3077,-10.8661,-3.33177,0.1538,0.5385,0.6923,0.3077,"0.0000",0.0769,1.0769,"PF/C",7.26172,"2001-08-02"],"games":12,"notes":"PF/C","projection":7.2617,"advanced_stats":{"tov_pg":0.3076923076923077,"usage_pct":0.1806923076923077,"plus_minus_pg":-0.6923076923076923,"mins_pct":0.032,"is_qualified":false}}]}