{"bart_player_id":75678,"seasons":[{"year":2023,"team_name":"Cleveland St.","team_conference":"Horz","class":"So","raw_row":["Cole Middleton","Cleveland St.","Horz",22,8.5,87.7,16.4,47.6,50.31,12,7,4.5,32,4,6,0.667,10,21,0.476,0,0,0,3.9,0.5,28.6,"So","6-6",4,-0.120144,80.4348,5.6,2023,75678,"Atlanta, GA",null,0.29990801,9,18,1,3,"0.5000",0.3333,0,0,null,null,107.504,109.193,0.354247,15.7691,-5.49912,-4.75554,-0.743585,-7.28353,5.5217,-5.85861,-1.42492,0.5217,0.3043,0.8261,0.1304,"0.0870",0.1739,1.1304,"PF/C",0,"2002-10-15"],"games":22,"notes":"PF/C","projection":0,"advanced_stats":{"tov_pg":0.43478260869565216,"usage_pct":0.13508695652173913,"plus_minus_pg":-1.2727272727272727,"mins_pct":0.093,"is_qualified":false}}]}