{"bart_player_id":75682,"seasons":[{"year":2022,"team_name":"LSU","team_conference":"SEC","class":"Jr","raw_row":["Spencer Mays","LSU","SEC",2,0.2,0,12.1,0,0,0,0,0,0,0,0,0,0,0,0,0,1,0,0,0,0,"Jr","6-3",22,-0.452323,-1.50385,0,2022,75682,"Baton Rouge, LA",null,"0.00000000",0,0,0,0,null,null,0,0,null,null,104.637,104.912,0.117036,0.272385,-11.4821,-7.45874,-4.0234,-22.4537,"1.5000",-14.8654,-7.58828,"0.0000","0.0000","0.0000","0.0000","0.0000","0.0000","0.0000","Combo G",20.7217,"2000-10-15"],"games":2,"notes":"Combo G","projection":20.7217,"advanced_stats":{"tov_pg":0,"usage_pct":0.1515,"plus_minus_pg":-3,"mins_pct":0.002,"is_qualified":false}}]}