{"bart_player_id":75729,"seasons":[{"year":2022,"team_name":"BYU","team_conference":"WCC","class":"Fr","raw_row":["Casey Brown","BYU","WCC",5,0.5,123.2,16.4,50,50,19.3,18.1,0,0,0,0,0,1,1,1,0,1,0,0,0,0,"Fr","6-1",55,0.140631,119.171,0,2022,75729,"Lindon, UT",null,"0.00000000",1,1,0,0,"1.0000",null,0,0,null,null,102.722,100.229,0.113131,0.95809,-4.9565,2.06605,-7.02256,4.79001,1.5714,5.33913,-0.549121,0.1429,0.1429,0.2857,"0.0000","0.0000","0.0000",0.7143,"Stretch 4",8.69421,"2002-10-15"],"games":5,"notes":"Stretch 4","projection":8.6942,"advanced_stats":{"tov_pg":0,"usage_pct":0.14142857142857143,"plus_minus_pg":0.14285714285714285,"mins_pct":0.009,"is_qualified":false}}]}