{"bart_player_id":75769,"seasons":[{"year":2022,"team_name":"Cal St. Bakersfield","team_conference":"BW","class":"So","raw_row":["Brian Washington","Cal St. Bakersfield","BW",22,21.1,107.3,6.8,64.7,62.42,5.4,15,3.6,25.9,1,3,0.333,11,17,0.647,0,0,0,4.6,1.8,17.6,"So","6-6",15,0.0535637,87.0073,6.4,2022,75769,"Las Vegas, NV",null,0.66666661,10,14,1,3,0.7143,0.3333,3,3,"1.0000",null,102.606,104.523,0.761292,38.8474,0.461975,-2.09359,2.55557,-2.33819,9.5909,-3.96937,1.63118,0.4545,1.0909,1.5455,0.1818,0.2727,0.3182,1.0455,"PF/C",0,"2001-10-15"],"games":22,"notes":"PF/C","projection":0,"advanced_stats":{"tov_pg":0.2727272727272727,"usage_pct":0.05795454545454546,"plus_minus_pg":-1.9090909090909092,"mins_pct":0.194,"is_qualified":false}}]}