{"bart_player_id":75799,"seasons":[{"year":2022,"team_name":"Bethune Cookman","team_conference":"SWAC","class":"Fr","raw_row":["Aaron Jasper","Bethune Cookman","SWAC",2,0.8,125.2,19.3,50,50.85,0,0,47.7,0,1,2,0.5,1,2,0.5,0,0,0,0,0,100,"Fr","6-2",11,0.641582,126.485,0,2022,75799,"Clinton, MD",null,"2.00000000",0,0,1,2,null,"0.5000",0,0,null,null,115.583,111.348,0.250622,0.801502,-15.5451,-0.513588,-15.0316,0.707341,"4.5000",5.10533,-4.39799,"0.0000","0.0000","0.0000","1.0000","0.0000","0.0000","1.5000","Pure PG",0,"2002-10-15"],"games":2,"notes":"Pure PG","projection":0,"advanced_stats":{"tov_pg":0,"usage_pct":0.27649999999999997,"plus_minus_pg":-3,"mins_pct":0.009,"is_qualified":false}}]}