{"bart_player_id":75803,"seasons":[{"year":2022,"team_name":"Mississippi Valley St.","team_conference":"SWAC","class":"Fr","raw_row":["Gary Grant","Mississippi Valley St.","SWAC",28,57.8,89.2,26.6,47,50.5,5.9,17.5,12.6,20.6,90,156,0.577,92,186,0.495,6,29,0.207,2,2.1,72.6,"Fr","6-6",1,0.753687,94.7897,3.5,2022,75803,"Queens, NY",null,0.54545838,69,127,23,59,0.5433,0.3898,6,10,"0.6000",null,110.039,115.655,0.942391,127.428,-4.94185,-2.85721,-2.08464,-4.38776,23.6429,-1.67936,-2.7084,1.3929,3.3571,"4.7500",1.2857,0.8929,0.4643,10.4286,"Wing G",2.40644,"2002-10-15"],"games":28,"notes":"Wing G","projection":2.4064,"advanced_stats":{"tov_pg":2.392857142857143,"usage_pct":0.27953571428571433,"plus_minus_pg":-7,"mins_pct":0.538,"is_qualified":true}}]}