{"bart_player_id":75804,"seasons":[{"year":2022,"team_name":"Mississippi Valley St.","team_conference":"SWAC","class":"Fr","raw_row":["Elijah Davis","Mississippi Valley St.","SWAC",23,57.4,75.5,13.1,38.9,39.04,1.5,8.1,19.2,26.8,17,45,0.378,37,90,0.411,1,9,0.111,0.3,2.3,45.5,"Fr","6-1",2,-1.75986,67.1608,2.7,2022,75804,"Severn, MD",null,1.57143643,27,66,10,24,0.4091,0.4167,0,0,null,null,113.677,119.082,0.80248,106.624,-7.08676,-4.67404,-2.41273,-8.21467,28.5652,-5.84533,-2.36934,0.4348,1.8696,2.3043,2.8696,1.1739,"0.0870","4.0870","Scoring PG",0.752029,"2002-10-15"],"games":23,"notes":"Scoring PG","projection":0.752,"advanced_stats":{"tov_pg":1.826086956521739,"usage_pct":0.11713636363636365,"plus_minus_pg":-15.894736842105264,"mins_pct":0.607,"is_qualified":true}}]}