{"bart_player_id":75802,"seasons":[{"year":2022,"team_name":"Mississippi Valley St.","team_conference":"SWAC","class":"Fr","raw_row":["Jonothon Barnes","Mississippi Valley St.","SWAC",3,1.8,29.8,23.2,16.7,16.67,0,23.5,0,22.5,0,0,0,0,6,0,1,3,0.333,0,2.6,0,"Fr","5-10",0,-1.34042,30.214,1.9,2022,75802,"Hattiesburg, MS",null,"0.00000000",1,7,3,11,0.1429,0.2727,0,0,null,null,108.082,109.286,0.439936,4.38331,-24.2494,-16.8803,-7.36917,-19.7046,"7.0000",-13.6824,-6.02221,"0.0000",1.3333,1.3333,"0.0000",0.3333,"0.0000","1.0000","Wing G",7.99379,"2002-10-15"],"games":3,"notes":"Wing G","projection":7.9938,"advanced_stats":{"tov_pg":0.6666666666666666,"usage_pct":0.274,"plus_minus_pg":-2,"mins_pct":0.009,"is_qualified":false}}]}