{"bart_player_id":75819,"seasons":[{"year":2023,"team_name":"Air Force","team_conference":"MWC","class":"So","raw_row":["Kaleb Lichau","Air Force","MWC",1,0.2,0,23.9,0,0,0,63.1,0,0,0,0,0,0,0,0,0,1,0,0,0,0,"So","6-9",20,-0.613327,-1.14519,0,2023,75819,"Gig Habor, WA",null,"0.00000000",0,0,0,0,null,null,0,0,null,null,92.3903,94.0752,0.243977,0.503312,-34.3723,-22.1418,-12.2305,-22.9573,"2.0000",-17.0736,-5.88375,"0.0000","1.0000","1.0000","0.0000","0.0000","0.0000","0.0000","PF/C",24.2726,"2002-10-15"],"games":1,"notes":"PF/C","projection":24.2726,"advanced_stats":{"tov_pg":0,"usage_pct":0.246,"plus_minus_pg":1,"mins_pct":0.002,"is_qualified":false}}]}