{"bart_player_id":75823,"seasons":[{"year":2022,"team_name":"Baylor","team_conference":"B12","class":"Fr","raw_row":["Mitchell Paul","Baylor","B12",8,1.1,124.7,23,57.1,56.6,15.2,23.6,0,0,1,2,0.5,4,6,0.667,0,1,0,0,11.7,28.6,"Fr","6-0",14,0.259904,125.345,5.3,2022,75823,null,null,"0.00000000",2,2,2,4,"1.0000","0.5000",0,0,null,null,70.1691,69.3889,0.377421,5.61258,9.34032,6.41262,2.9277,17.1832,"1.8750",4.20926,12.9739,"0.2500","0.3750","0.6250","0.0000","0.3750","0.0000","1.1250","Wing G",3.85996,"2002-10-15"],"games":8,"notes":"Wing G","projection":3.86,"advanced_stats":{"tov_pg":0,"usage_pct":0.22599999999999998,"plus_minus_pg":-0.42857142857142855,"mins_pct":0.01,"is_qualified":false}}]}