{"bart_player_id":75847,"seasons":[{"year":2022,"team_name":"Ohio","team_conference":"MAC","class":"Sr","raw_row":["Josh McDaniel","Ohio","MAC",2,0.4,44.3,20,0,20.62,0,0,0,0,1,3,0.333,0,0,0,0,1,0,0,0,300,"Sr",null,24,-0.45851,41.3527,13.3,2022,75847,"Westerville, OH",null,"0.00000000",0,0,0,0,null,null,0,0,null,null,108.578,108.397,0.197803,0.680698,-15.661,-7.93492,-7.7261,-26.3557,"3.0000",-19.8528,-6.50293,"0.0000","0.0000","0.0000","0.0000","0.0000","0.0000","0.5000","Scoring PG",10.6629,"1999-10-15"],"games":2,"notes":"Scoring PG","projection":10.6629,"advanced_stats":{"tov_pg":0,"usage_pct":0.2485,"plus_minus_pg":-6,"mins_pct":0.004,"is_qualified":false}}]}