{"bart_player_id":75843,"seasons":[{"year":2022,"team_name":"Texas A&M","team_conference":"SEC","class":"Fr","raw_row":["Aaron Janecek","Texas A&M","SEC",4,0.1,0,0,0,0,0,57.6,0,0,0,0,0,0,0,0,0,0,0,58.5,0,0,"Fr",null,25,-0.16069,-7.21873,0,2022,75843,null,null,"0.00000000",null,null,null,null,null,null,null,null,null,null,58.3474,57.3108,0.121601,0.968283,20.5992,-11.0104,31.6095,15.6523,"0.8000",3.0119,12.6404,"0.0000","0.2000","0.2000","0.0000","0.0000","0.2000","0.4000","PF/C",0,"2002-10-15"],"games":4,"notes":"PF/C","projection":0,"advanced_stats":{"tov_pg":0,"usage_pct":0.047,"plus_minus_pg":-0.8,"mins_pct":0.002,"is_qualified":false}}]}