{"bart_player_id":75841,"seasons":[{"year":2022,"team_name":"Charleston","team_conference":"CAA","class":"Fr","raw_row":["Nikita Evdokimov","Charleston","CAA",20,7.8,72.2,18.6,36.8,45.11,2.1,10.1,16.9,43,7,9,0.778,1,9,0.111,4,10,0.4,0,1.6,47.4,"Fr","6-5",41,-0.269205,70.0353,5.5,2022,75841,null,null,0.73333335,1,6,0,3,0.1667,"0.0000",1,1,"1.0000",null,105.728,105.25,0.388117,16.9507,-7.9389,-6.23775,-1.70115,-8.81405,"5.0500",-6.29504,-2.51901,"0.1000","0.4500","0.5500","0.5500","0.1500","0.0000","1.0500","Scoring PG",5.35351,"2003-01-14"],"games":20,"notes":"Scoring PG","projection":5.3535,"advanced_stats":{"tov_pg":0.75,"usage_pct":0.15905,"plus_minus_pg":-2.15,"mins_pct":0.079,"is_qualified":false}}]}