{"bart_player_id":75860,"seasons":[{"year":2022,"team_name":"Portland","team_conference":"WCC","class":"Fr","raw_row":["Andrew Bitrous","Portland","WCC",1,0.1,0,42.2,0,0,0,0,0,0,0,0,0,0,1,0,0,0,0,0,0,0,"Fr",null,41,-0.361182,-18.6892,0,2022,75860,null,null,"0.00000000",0,1,0,0,"0.0000",null,0,0,null,null,113.063,120.585,0.0236394,0.113276,-47.1407,-33.8124,-13.3283,-51.0025,"1.0000",-31.3758,-19.6267,"0.0000","0.0000","0.0000","0.0000","0.0000","0.0000","0.0000","Combo G",0,"2002-10-15"],"games":1,"notes":"Combo G","projection":0,"advanced_stats":{"tov_pg":0,"usage_pct":0.312,"plus_minus_pg":-5,"mins_pct":0.001,"is_qualified":false}}]}