{"bart_player_id":75891,"seasons":[{"year":2024,"team_name":"Florida A&M","team_conference":"SWAC","class":"Fr","raw_row":["Matthew Webster","Florida A&M","SWAC",11,12.5,92.1,15.4,44.4,43.83,12.9,17.6,10.1,19.2,3,8,0.375,12,26,0.462,0,1,0,4.8,1.7,29.6,"Fr","6-8",20,-0.199704,83.8687,4.4,2024,75891,"Dade City, FL",null,"1.00000000",8,13,4,13,0.6154,0.3077,1,1,"1.0000",null,106.128,114.895,0.665225,27.0151,-2.35912,-3.98195,1.62283,-3.28082,12.3636,-3.64465,0.363836,1.3636,1.9091,3.2727,0.6364,0.3636,0.5455,2.4545,"C",0.422297,"2003-10-15"],"games":11,"notes":"C","projection":0.4223,"advanced_stats":{"tov_pg":0.6363636363636364,"usage_pct":0.13581818181818184,"plus_minus_pg":1.7272727272727273,"mins_pct":0.115,"is_qualified":false}}]}