{"bart_player_id":75905,"seasons":[{"year":2023,"team_name":"Stonehill","team_conference":"NEC","class":"Sr","raw_row":["Shamir Johnson","Stonehill","NEC",30,54.7,95,20,53,53.52,1.5,13.7,10.5,16.7,18,31,0.581,23,51,0.451,56,151,0.371,1.2,1.2,15.3,"Sr","6-2",22,0.344585,91.7731,2,2023,75905,"Waterbury, CT",null,0.81579374,15,30,8,21,"0.5000","0.3810",0,0,null,null,105.135,110.927,1.38837,111.233,-4.28241,-1.85461,-2.4278,-2.88126,21.5161,-0.697391,-2.18387,0.2581,2.6129,"2.8710","1.0000",0.4516,0.2258,7.5806,"Wing G",13.5654,"2000-10-15"],"games":30,"notes":"Wing G","projection":13.5654,"advanced_stats":{"tov_pg":1.2258064516129032,"usage_pct":0.21461290322580645,"plus_minus_pg":-1.2580645161290323,"mins_pct":0.529,"is_qualified":true}}]}