{"bart_player_id":75906,"seasons":[{"year":2023,"team_name":"St. Francis NY","team_conference":"NEC","class":"Jr","raw_row":["Nuha Sagnia","St. Francis NY","NEC",24,17.8,82,15.8,27.3,51.03,10.2,13.7,2.9,36.2,25,30,0.833,6,22,0.273,0,0,0,13,0.6,136.4,"Jr","6-10",null,-0.404817,73.1581,8,2023,75906,"Pipeline, Gambia",null,"0.15002600",5,9,1,13,0.5556,0.0769,1,1,"1.0000",null,99.5193,106.2,0.662509,39.5751,-4.90442,-8.52202,3.61759,-8.73451,8.7692,-10.1186,1.38407,1.0769,1.3077,2.3846,0.1154,0.0769,1.0769,1.6538,"C",0,"2000-08-01"],"games":24,"notes":"C","projection":0,"advanced_stats":{"tov_pg":0.7692307692307693,"usage_pct":0.3238846153846154,"plus_minus_pg":-0.5384615384615384,"mins_pct":0.188,"is_qualified":false}}]}