{"bart_player_id":75928,"seasons":[{"year":2023,"team_name":"UC Irvine","team_conference":"BW","class":"Fr","raw_row":["Emilis Butkus","UC Irvine","BW",10,1.4,127.8,28.4,75,73.06,13.1,12.2,20.2,11.3,1,2,0.5,6,7,0.857,1,3,0.333,0,0,20,"Fr","6-5",23,0.330322,140.116,2.2,2023,75928,"Vilnuis, Lithuania",null,0.66680002,4,4,2,3,"1.0000",0.6667,0,0,null,null,104.022,105.814,0.146256,2.57932,9.13777,11.0717,-1.93394,12.778,"3.0000",12.3717,0.40629,0.3333,"0.5000",0.8333,0.1667,0.3333,"0.0000",2.0833,"Stretch 4",9.31972,"2003-07-24"],"games":10,"notes":"Stretch 4","projection":9.3197,"advanced_stats":{"tov_pg":0.25,"usage_pct":0.33975,"plus_minus_pg":-1.0833333333333333,"mins_pct":0.025,"is_qualified":false}}]}