{"bart_player_id":75945,"seasons":[{"year":2023,"team_name":"Montana","team_conference":"BSky","class":"Jr","raw_row":["Jonathan Brown","Montana","BSky",17,9.8,77.3,19.9,42.2,42.77,0,10.1,13.2,23.9,2,4,0.5,9,17,0.529,3,15,0.2,2,0.5,12.5,"Jr","6-3",20,-0.253811,76.6927,6.1,2023,75945,"London, England",null,0.79985605,4,6,5,11,0.6667,0.4545,0,0,null,null,110.641,110.437,0.452656,16.2431,-8.8562,-5.89972,-2.95648,-8.05216,"8.5000",-5.8908,-2.16137,0.0556,0.6111,0.6667,0.4444,0.2222,0.1111,2.3333,"Wing G",7.94717,"2000-04-20"],"games":17,"notes":"Wing G","projection":7.9472,"advanced_stats":{"tov_pg":0.5555555555555556,"usage_pct":0.13066666666666668,"plus_minus_pg":2.0555555555555554,"mins_pct":0.124,"is_qualified":false}}]}