{"bart_player_id":75948,"seasons":[{"year":2023,"team_name":"Nevada","team_conference":"MWC","class":"Fr","raw_row":["John Flannigan","Nevada","MWC",4,0.4,0,0,0,0,0,23.9,0,0,0,0,0,0,0,0,0,0,0,0,0,0,"Fr","6-8",34,-0.409109,-7.08854,0,2023,75948,"Concord, CA",null,"1.00000000",null,null,null,null,null,null,null,null,null,null,103.457,100.344,0.125293,0.824212,-6.50651,-5.09549,-1.41102,-3.0156,"1.4000",-3.37414,0.358537,"0.0000","0.2000","0.2000","0.2000","0.0000","0.0000","0.0000","C",0,"2003-10-15"],"games":4,"notes":"C","projection":0,"advanced_stats":{"tov_pg":0.2,"usage_pct":0.16240000000000002,"plus_minus_pg":0,"mins_pct":0.005,"is_qualified":false}}]}