{"bart_player_id":75942,"seasons":[{"year":2023,"team_name":"Hofstra","team_conference":"CAA","class":"Sr","raw_row":["Petey Galgano","Hofstra","CAA",5,0.7,124.6,23.1,60,60,12.5,21.6,0,0,0,0,0,3,4,0.75,0,1,0,0,0,0,"Sr","6-0",15,0.256617,124.207,8,2023,75942,"New Rochelle, NY",null,0.50015004,1,1,2,3,"1.0000",0.6667,0,0,null,null,99.0875,103.958,0.175394,1.80643,-8.11015,0.82938,-8.93953,-0.191017,2.3333,-1.05627,0.865254,0.1667,"0.5000",0.6667,0.1667,"0.0000","0.0000","1.0000","PF/C",6.18153,"2000-10-15"],"games":5,"notes":"PF/C","projection":6.1815,"advanced_stats":{"tov_pg":0.3333333333333333,"usage_pct":0.3478333333333334,"plus_minus_pg":0,"mins_pct":0.009,"is_qualified":false}}]}