{"bart_player_id":75958,"seasons":[{"year":2024,"team_name":"Fairfield","team_conference":"MAAC","class":"Fr","raw_row":["Anthony Davis Jr.","Fairfield","MAAC",15,4,48.9,10.2,0,16.95,6,10.5,5.3,40.3,2,4,0.5,0,4,0,0,0,0,0,1,100,"Fr","6-5",13,-0.637369,40.2397,1.4,2024,75958,"Stephens City, VA",null,0.49981255,0,4,0,0,"0.0000",null,0,0,null,null,109.329,115.214,0.202571,8.03651,-10.7759,-8.58518,-2.19069,-10.5971,"3.8000",-7.16171,-3.43541,"0.2000",0.3333,0.5333,0.1333,0.0667,"0.0000",0.1333,"PF/C",0,"2003-10-15"],"games":15,"notes":"PF/C","projection":0,"advanced_stats":{"tov_pg":0.26666666666666666,"usage_pct":0.05993333333333333,"plus_minus_pg":-4.133333333333334,"mins_pct":0.038,"is_qualified":false}}]}