{"bart_player_id":75966,"seasons":[{"year":2023,"team_name":"Arkansas Pine Bluff","team_conference":"SWAC","class":"Jr","raw_row":["AC Curry","Arkansas Pine Bluff","SWAC",27,50.1,88.5,11.8,42.3,41.73,7.7,14.7,4.3,16,0,3,0,18,33,0.545,19,77,0.247,3.2,2.6,2.7,"Jr","6-5",24,-0.668527,77.6151,4,2023,75966,"Denver, CO",null,0.65003099,12,20,6,13,"0.6000",0.4615,1,2,"0.5000",null,100.406,105.453,1.65318,110.143,-0.811977,-2.31404,1.50206,-2.55693,19.7742,-2.9837,0.426769,1.4839,2.6452,"4.1290",0.4194,"0.8710",0.5484,3.5484,"Stretch 4",8.04134,"2001-10-15"],"games":27,"notes":"Stretch 4","projection":8.0413,"advanced_stats":{"tov_pg":0.6451612903225806,"usage_pct":0.12506451612903224,"plus_minus_pg":0.2,"mins_pct":0.476,"is_qualified":true}}]}