{"bart_player_id":75980,"seasons":[{"year":2024,"team_name":"Alabama A&M","team_conference":"SWAC","class":"Fr","raw_row":["Caleb Blackwell","Alabama A&M","SWAC",33,39.9,89.6,16.4,45.2,49.21,1,9.9,23,28.3,25,32,0.781,32,76,0.421,16,48,0.333,0.6,3.1,25.8,"Fr","6-0",4,-0.362605,82.4064,3.9,2024,75980,"Buford, GA",null,1.34047183,14,28,18,48,"0.5000","0.3750",0,0,null,null,105.739,110.59,1.17458,103.743,-4.07667,-3.35452,-0.722149,-4.51608,"17.0000",-4.33302,-0.183063,0.1515,1.5152,1.6667,1.9091,0.9394,0.0909,4.1515,"Scoring PG",4.74546,"2003-10-15"],"games":33,"notes":"Scoring PG","projection":4.7455,"advanced_stats":{"tov_pg":1.4242424242424243,"usage_pct":0.16172727272727275,"plus_minus_pg":-2.909090909090909,"mins_pct":0.399,"is_qualified":true}}]}