{"bart_player_id":76017,"seasons":[{"year":2023,"team_name":"Valparaiso","team_conference":"MVC","class":"Sr","raw_row":["Quinton Green","Valparaiso","MVC",30,72,99.2,18.3,49.6,52.55,1.7,16.9,5.9,12.2,49,66,0.742,39,77,0.506,65,198,0.328,2.1,1.7,24,"Sr","6-7",14,0.856832,95.5041,3.2,2023,76017,"Columbus, OH",null,0.82860945,24,38,15,39,0.6316,0.3846,9,9,"1.0000",null,105.22,106.225,2.38251,166.588,-0.780363,-0.429175,-0.351188,-0.915366,"30.1290",-0.585911,-0.329456,0.4194,4.1935,4.6129,0.9355,0.8387,0.5484,10.5806,"Stretch 4",12.6465,"2000-10-15"],"games":30,"notes":"Stretch 4","projection":12.6465,"advanced_stats":{"tov_pg":1.096774193548387,"usage_pct":0.19806451612903225,"plus_minus_pg":-2.6451612903225805,"mins_pct":0.711,"is_qualified":true}}]}