{"bart_player_id":76038,"seasons":[{"year":2023,"team_name":"San Diego","team_conference":"WCC","class":"So","raw_row":["Elliyas Delaire","San Diego","WCC",1,0.3,0,0,0,0,0,31.2,0,0,0,0,0,0,0,0,0,0,0,0,0,0,"So","6-2",2,-1.30394,-6.71346,0,2023,76038,"North Granby, CT",null,4.00030008,null,null,null,null,null,null,null,null,null,null,115.341,116.7,0.173917,0.68318,-9.79014,-5.69713,-4.093,-9.87205,4.6667,-7.632,-2.24005,"0.0000","1.0000","1.0000",1.3333,0.3333,"0.0000",0.6667,"PF/C",0,"2002-10-15"],"games":1,"notes":"PF/C","projection":0,"advanced_stats":{"tov_pg":0.3333333333333333,"usage_pct":0.137,"plus_minus_pg":-5.333333333333333,"mins_pct":0.011,"is_qualified":false}}]}