{"bart_player_id":76046,"seasons":[{"year":2024,"team_name":"SIU Edwardsville","team_conference":"OVC","class":"Jr","raw_row":["Adeola Seun","SIU Edwardsville","OVC",11,2.6,59.2,21.1,28.6,31.45,14.1,23.2,0,36.3,1,2,0.5,2,7,0.286,0,0,0,18.7,3.8,28.6,"Jr","6-9",23,-0.304723,57.4159,9,2024,76046,"Lagos, Nigeria",null,"0.00000000",2,7,0,0,0.2857,null,2,3,0.6667,null,88.8444,93.6731,0.360882,9.37078,-8.85289,-14.531,5.67806,-9.52514,3.1429,-12.6598,3.13471,0.4286,"0.5000",0.9286,"0.0000",0.1429,"0.5000",0.8571,"C",0,"2001-10-15"],"games":11,"notes":"C","projection":0,"advanced_stats":{"tov_pg":0.3076923076923077,"usage_pct":0.13330769230769232,"plus_minus_pg":0,"mins_pct":0.035,"is_qualified":false}}]}