{"bart_player_id":76047,"seasons":[{"year":2023,"team_name":"Southern Indiana","team_conference":"OVC","class":"Jr","raw_row":["Gary Solomon","Southern Indiana","OVC",29,42.6,86.5,21.7,40.3,47.12,3.9,13.5,14,26.2,55,82,0.671,48,112,0.429,4,22,0.182,1.1,2.3,61.2,"Jr","6-6",2,-0.147385,84.8171,5.6,2023,76047,"Detroit, MI",null,0.79627781,38,71,10,41,0.5352,0.2439,5,5,"1.0000",null,106.678,110.361,1.15242,96.7883,-6.49301,-5.23225,-1.26076,-7.00121,17.8333,-5.88511,-1.11609,0.6333,2.0667,"2.7000",1.4333,"0.8000",0.1667,5.6333,"Wing G",2.40164,"2001-10-15"],"games":29,"notes":"Wing G","projection":2.4016,"advanced_stats":{"tov_pg":1.8,"usage_pct":0.20273333333333335,"plus_minus_pg":-1.1724137931034482,"mins_pct":0.409,"is_qualified":true}}]}