{"bart_player_id":76059,"seasons":[{"year":2024,"team_name":"Missouri St.","team_conference":"MVC","class":"Fr","raw_row":["Nick Kramer","Missouri St.","MVC",8,8.9,102.4,14,46.7,47.73,5.9,7.1,3.1,10.6,2,3,0.667,2,8,0.25,8,22,0.364,0,0.5,10,"Fr","6-3",21,0.271736,94.0879,4.4,2024,76059,"St. Louis, MO",null,0.66666667,0,3,2,5,"0.0000","0.4000",0,0,null,null,109.082,108.88,1.06976,16.2542,-2.67875,-0.57671,-2.10204,-3.41215,"14.8750",-2.27921,-1.13294,"0.7500","1.0000","1.7500","0.2500","0.1250","0.0000","3.7500","Wing G",10.8412,"2003-12-14"],"games":8,"notes":"Wing G","projection":10.8412,"advanced_stats":{"tov_pg":0.375,"usage_pct":0.143125,"plus_minus_pg":-3.375,"mins_pct":0.09,"is_qualified":false}}]}