{"bart_player_id":76056,"seasons":[{"year":2023,"team_name":"Southern Indiana","team_conference":"OVC","class":"Sr","raw_row":["Jacob Polakovich","Southern Indiana","OVC",28,73.6,112.3,21.9,55.5,54.95,17.2,29.7,8.2,14.7,67,134,0.5,146,262,0.557,0,1,0,1,0.8,51,"Sr","6-9",32,2.47083,109.831,3.3,2023,76056,"Grand Rapids, MI",null,0.70371437,132,220,14,42,"0.6000",0.3333,10,10,"1.0000",null,104.913,109.127,2.19789,179.915,-1.77489,0.186011,-1.9609,-1.24327,30.3226,1.77185,-3.01511,"4.8710",7.9677,12.8387,1.2258,0.4839,0.2581,12.2258,"C",0.0631855,"2000-05-01"],"games":28,"notes":"C","projection":0.0632,"advanced_stats":{"tov_pg":1.7419354838709677,"usage_pct":0.21238709677419354,"plus_minus_pg":2.2333333333333334,"mins_pct":0.703,"is_qualified":true}}]}