{"bart_player_id":76062,"seasons":[{"year":2023,"team_name":"Creighton","team_conference":"BE","class":"Fr","raw_row":["Evan Young","Creighton","BE",9,1,179.5,10.5,83.3,83.33,0,0,24.4,0,0,0,0,1,1,1,1,2,0.5,0,0,0,"Fr","5-11",21,0.412874,158.621,2.7,2023,76062,"Highland, UT",null,1.99980006,1,1,0,0,"1.0000",null,0,0,null,null,108.45,107.907,0.123321,1.6463,-1.62094,4.82484,-6.44578,5.08743,1.6667,4.72201,0.36542,"0.0000","0.0000","0.0000",0.2222,"0.0000","0.0000",0.5556,"Pure PG",7.77162,"2003-10-15"],"games":9,"notes":"Pure PG","projection":7.7716,"advanced_stats":{"tov_pg":0,"usage_pct":0.08577777777777779,"plus_minus_pg":1.4444444444444444,"mins_pct":0.011,"is_qualified":false}}]}