{"bart_player_id":76065,"seasons":[{"year":2023,"team_name":"Jacksonville","team_conference":"ASun","class":"Fr","raw_row":["Sejr Deans","Jacksonville","ASun",13,4.1,102.6,11.6,42.9,42.86,6.1,0,13.4,13.1,0,0,0,0,3,0,2,4,0.5,0,1.5,0,"Fr","6-2",23,0.0179926,88.7981,2.8,2023,76065,"Launceston, Australia",null,"2.00000000",0,1,0,2,"0.0000","0.0000",0,0,null,null,112.962,111.885,0.199089,5.00224,-4.64741,-1.65064,-2.99677,-2.89538,"4.7500",-1.22795,-1.66743,0.1875,0.1875,"0.3750","0.3750","0.1250","0.0000",0.8125,"Pure PG",6.12173,"2003-01-29"],"games":13,"notes":"Pure PG","projection":6.1217,"advanced_stats":{"tov_pg":0.1875,"usage_pct":0.091875,"plus_minus_pg":0.9375,"mins_pct":0.066,"is_qualified":false}}]}