{"bart_player_id":76087,"seasons":[{"year":2023,"team_name":"Valparaiso","team_conference":"MVC","class":"Sr","raw_row":["Nick Edwards","Valparaiso","MVC",31,66.2,89.2,21.9,41.9,44.3,1.7,15.5,35.1,22.5,41,73,0.562,70,159,0.44,14,58,0.241,0.5,3.1,33.6,"Sr","6-1",5,0.242146,89.8649,2.6,2023,76087,"Atlanta, GA",null,2.17815194,52,100,18,59,"0.5200",0.3051,0,0,null,null,103.56,104.496,2.2734,164.039,-1.80712,-2.20999,0.402867,-2.70158,27.0625,-3.00602,0.304443,"0.3750",3.5625,3.9375,4.9688,1.4688,"0.1250","7.6250","Scoring PG",4.02911,"2000-10-15"],"games":31,"notes":"Scoring PG","projection":4.0291,"advanced_stats":{"tov_pg":2.3125,"usage_pct":0.20218749999999996,"plus_minus_pg":-2.90625,"mins_pct":0.661,"is_qualified":true}}]}