{"bart_player_id":76099,"seasons":[{"year":2023,"team_name":"Houston","team_conference":"Amer","class":"Fr","raw_row":["Jarace Walker","Houston","Amer",36,67.4,112.3,22,51.5,53.32,9.5,18.1,12.4,14.9,53,80,0.662,122,238,0.513,35,101,0.347,6.2,2.2,23.6,"Fr","6-8",25,3.01947,118.619,3,2023,76099,"New Freedom, PA","98.0","1.22646380",70,101,53,138,0.6931,0.3841,31,32,0.9688,8,86.3499,83.6296,4.38662,210.912,8.49956,2.90728,5.59228,7.69201,27.7222,3.95521,3.7368,2.2778,4.5278,6.8056,1.8056,0.9722,1.2778,11.1667,"Stretch 4",6.24048,"2003-09-04"],"games":36,"notes":"Stretch 4","projection":6.2405,"advanced_stats":{"tov_pg":1.4722222222222223,"usage_pct":0.22299999999999998,"plus_minus_pg":11.25,"mins_pct":0.67,"is_qualified":true}}]}