{"bart_player_id":76147,"seasons":[{"year":2023,"team_name":"Wake Forest","team_conference":"ACC","class":"Jr","raw_row":["Xiaolong Xu","Wake Forest","ACC",3,0.4,0,22.9,0,0,0,22.9,0,100,0,0,0,0,0,0,0,0,0,0,0,0,"Jr","6-1",45,-0.509091,-0.796776,0,2023,76147,"Beijing, China",null,"0.00000000",null,null,null,null,null,null,null,null,null,null,107.001,112.538,0.0965355,0.836774,-26.9338,-25.7712,-1.1626,-26.8657,1.6667,-17.9948,-8.87091,"0.0000",0.3333,0.3333,"0.0000","0.0000","0.0000","0.0000","PF/C",0,"2001-10-15"],"games":3,"notes":"PF/C","projection":0,"advanced_stats":{"tov_pg":0.6666666666666666,"usage_pct":0.17266666666666666,"plus_minus_pg":-3,"mins_pct":0.004,"is_qualified":false}}]}