{"bart_player_id":76164,"seasons":[{"year":2023,"team_name":"Northern Kentucky","team_conference":"Horz","class":"Sr","raw_row":["Xavier Rhodes","Northern Kentucky","Horz",32,66.9,99.4,19.7,49.5,50.66,2.6,8.1,26.1,22.2,39,71,0.549,74,161,0.46,21,52,0.404,1,4.4,33.3,"Sr","6-1",11,0.914589,96.7117,3.6,2023,76164,"Lee's Summit, MO",null,1.95239889,47,97,27,64,0.4845,0.4219,2,2,"1.0000",null,99.6956,99.6733,2.85118,162.006,0.480882,-1.06312,1.544,0.732211,28.1471,-1.96009,2.6923,0.6176,1.7353,2.3529,3.6176,1.9706,0.2353,7.6765,"Pure PG",3.66739,"2000-01-26"],"games":32,"notes":"Pure PG","projection":3.6674,"advanced_stats":{"tov_pg":1.8529411764705883,"usage_pct":0.18005882352941174,"plus_minus_pg":6.088235294117647,"mins_pct":0.671,"is_qualified":true}}]}