{"bart_player_id":76212,"seasons":[{"year":2024,"team_name":"Portland","team_conference":"WCC","class":"Fr","raw_row":["Drew Stack","Portland","WCC",8,0.8,97.8,8.7,150,150,0,0,0,67.4,0,0,0,0,0,0,1,1,1,0,0,0,"Fr","6-3",20,-0.0259994,82.5824,0,2024,76212,"Madison, NJ",null,"0.50000000",0,0,0,0,null,null,0,0,null,null,125.508,121.192,0.0407067,0.992137,-7.52277,-4.78241,-2.74036,-3.5037,1.5556,1.63214,-5.13584,"0.0000",0.1111,0.1111,0.1111,"0.0000","0.0000",0.3333,"Scoring PG",5.88239,"2003-10-15"],"games":8,"notes":"Scoring PG","projection":5.8824,"advanced_stats":{"tov_pg":0.2222222222222222,"usage_pct":0.17422222222222222,"plus_minus_pg":-0.3333333333333333,"mins_pct":0.009,"is_qualified":false}}]}