{"bart_player_id":76216,"seasons":[{"year":2023,"team_name":"Arkansas","team_conference":"SEC","class":"Fr","raw_row":["Jordan Walsh","Arkansas","SEC",36,60.8,103.5,15.8,47.9,51.34,5.8,12.9,6.7,15.1,47,66,0.712,74,145,0.51,20,72,0.278,2,2.6,30.4,"Fr","6-7",13,1.33244,103.03,4.8,2023,76216,"Desoto, TX",96.4,0.89190508,56,90,18,54,0.6222,0.3333,17,22,0.7727,38,97.0276,91.9255,3.14617,165.863,4.19108,1.52517,2.6659,2.73663,24.3889,0.0433316,2.6933,1.1944,2.7222,3.9167,0.9167,1.1111,0.4722,7.0833,"Wing F",4.65768,"2004-03-03"],"games":36,"notes":"Wing F","projection":4.6577,"advanced_stats":{"tov_pg":1.0277777777777777,"usage_pct":0.16474999999999998,"plus_minus_pg":5.666666666666667,"mins_pct":0.608,"is_qualified":true}}]}