{"bart_player_id":76240,"seasons":[{"year":2023,"team_name":"Marquette","team_conference":"BE","class":"Sr","raw_row":["Zach Wrightsil","Marquette","BE",3,1.8,55.9,20.9,33.3,33.33,4.6,18.5,11.9,42.6,0,0,0,2,5,0.4,0,1,0,0,2.2,0,"Sr","6-7",10,-0.937101,56.0699,0,2023,76240,"Prosper, TX",null,0.50003751,2,2,0,3,"1.0000","0.0000",0,0,null,null,100.411,101.708,0.82769,4.87209,-8.30467,-9.56544,1.26077,-8.85181,8.6667,-7.46809,-1.38372,0.3333,1.3333,1.6667,0.6667,0.3333,"0.0000",1.3333,"Wing F",2.19989,"2000-06-20"],"games":3,"notes":"Wing F","projection":2.1999,"advanced_stats":{"tov_pg":1.3333333333333333,"usage_pct":0.18400000000000002,"plus_minus_pg":3,"mins_pct":0.018,"is_qualified":false}}]}