{"bart_player_id":76265,"seasons":[{"year":2023,"team_name":"East Texas A&M","team_conference":"Slnd","class":"So","raw_row":["Monyae Davis","East Texas A&M","Slnd",9,3.8,48.5,13.2,0,14.49,2.5,17.9,16.3,36.8,2,4,0.5,0,3,0,0,2,0,0,0,80,"So","6-3",1,-0.833527,41.8848,11.4,2023,76265,"Fort Worth, TX",null,1.39999998,0,3,0,0,"0.0000",null,0,0,null,null,111.225,113.641,0.286551,7.30348,-14.0282,-10.4631,-3.56515,-18.755,"6.9000",-14.9997,-3.75535,"0.2000","0.9000","1.1000","0.7000","0.2000","0.0000","1.4000","PF/C",2.40346,"2002-10-15"],"games":9,"notes":"PF/C","projection":2.4035,"advanced_stats":{"tov_pg":0.5,"usage_pct":0.1816,"plus_minus_pg":0.1,"mins_pct":0.051,"is_qualified":false}}]}