{"bart_player_id":76294,"seasons":[{"year":2023,"team_name":"Lafayette","team_conference":"Pat","class":"Fr","raw_row":["Gavin Kreitz","Lafayette","Pat",1,0.1,0,0,0,0,0,0,0,0,0,0,0,0,0,0,0,0,0,0,0,0,"Fr","5-9",10,-0.652143,-6.73836,0,2023,76294,"Basking Ridge, NJ",null,"0.00000000",null,null,null,null,null,null,null,null,null,null,111.987,114.19,0.10438,0.194452,-8.11692,-6.80131,-1.31562,-17.7556,"2.0000",-10.5511,-7.20444,"0.0000","0.0000","0.0000","0.0000","0.0000","0.0000","0.0000","PF/C",0,"2003-10-15"],"games":1,"notes":"PF/C","projection":0,"advanced_stats":{"tov_pg":0,"usage_pct":0,"plus_minus_pg":0,"mins_pct":0.001,"is_qualified":false}}]}