{"bart_player_id":76295,"seasons":[{"year":2023,"team_name":"LIU","team_conference":"NEC","class":"So","raw_row":["Tre Booker","LIU","NEC",10,8.2,56.2,13.3,25,27.93,5,6.4,6.1,27.6,2,4,0.5,4,7,0.571,0,9,0,0,1.8,25,"So","6-4",1,-1.14259,50.2329,1.8,2023,76295,"Richmond, VA",null,0.83340001,3,5,1,2,"0.6000","0.5000",0,0,null,null,115.46,118.251,0.339082,13.3459,-11.5,-7.30917,-4.19082,-10.5195,9.4167,-6.68387,-3.83568,"0.5000",0.8333,1.3333,0.4167,0.4167,"0.0000",1.5833,"Wing G",5.53062,"2002-10-15"],"games":10,"notes":"Wing G","projection":5.5306,"advanced_stats":{"tov_pg":0.5,"usage_pct":0.12700000000000003,"plus_minus_pg":-2.8333333333333335,"mins_pct":0.098,"is_qualified":false}}]}