{"bart_player_id":76318,"seasons":[{"year":2023,"team_name":"Buffalo","team_conference":"MAC","class":"Sr","raw_row":["Armoni Foster","Buffalo","MAC",29,68.6,88.1,20.4,40.5,46.41,2.4,4.5,23.2,27.1,71,106,0.67,65,156,0.417,12,49,0.245,0.2,2,51.7,"Sr","6-4",4,0.0791624,88.0339,3.2,2023,76318,"Meadville, PA",null,1.44045457,38,91,27,65,0.4176,0.4154,0,0,null,null,111.419,109.206,1.97301,125.37,-5.16098,-2.99984,-2.16114,-5.09507,28.2258,-3.44892,-1.64616,0.6129,1.1613,1.7742,3.9032,1.0968,0.0645,8.3871,"Scoring PG",3.23278,"1999-07-24"],"games":29,"notes":"Scoring PG","projection":3.2328,"advanced_stats":{"tov_pg":2.7096774193548385,"usage_pct":0.19406451612903225,"plus_minus_pg":1.7419354838709677,"mins_pct":0.681,"is_qualified":true}}]}