{"bart_player_id":76329,"seasons":[{"year":2023,"team_name":"Texas A&M Corpus Chris","team_conference":"Slnd","class":"So","raw_row":["Connor Kern","Texas A&M Corpus Chris","Slnd",13,2.3,82.3,21.6,27.3,32.19,15.4,32.7,0,9,2,3,0.667,3,11,0.273,0,0,0,0,1.9,27.3,"So","7-3",42,-0.0373736,82.4023,6.9,2023,76329,"Prosper, TX",null,"0.00000000",2,6,1,5,0.3333,"0.2000",1,1,"1.0000",null,97.942,99.0438,0.233668,6.68505,-18.5582,-10.2111,-8.3471,-12.2577,3.6471,-7.43368,-4.82401,0.4706,0.8824,1.3529,"0.0000",0.1176,0.2941,1.0588,"C",0,"2002-10-15"],"games":13,"notes":"C","projection":0,"advanced_stats":{"tov_pg":0.23529411764705882,"usage_pct":0.16682352941176473,"plus_minus_pg":0.35294117647058826,"mins_pct":0.045,"is_qualified":false}}]}