{"bart_player_id":76331,"seasons":[{"year":2023,"team_name":"Tennessee","team_conference":"SEC","class":"So","raw_row":["Alec Kegler","Tennessee","SEC",2,0.2,0,12.4,0,0,0,0,0,0,0,0,0,0,1,0,0,0,0,0,0,0,"So","6-4",24,-0.460284,-1.20075,13.3,2023,76331,"Clarksville, TN",null,"0.00000000",0,1,0,0,"0.0000",null,0,0,null,null,99.7943,106.059,0.120608,0.323531,-13.6169,-11.5434,-2.07351,-30.2867,"1.5000",-24.7725,-5.51422,"0.0000","0.0000","0.0000","0.0000","0.0000","0.0000","0.0000","PF/C",0,"2002-10-15"],"games":2,"notes":"PF/C","projection":0,"advanced_stats":{"tov_pg":0,"usage_pct":0.1245,"plus_minus_pg":-1.5,"mins_pct":0.002,"is_qualified":false}}]}