{"bart_player_id":76333,"seasons":[{"year":2023,"team_name":"Towson","team_conference":"CAA","class":"Sr","raw_row":["Sekou Sylla","Towson","CAA",33,39.2,102.8,20.8,49.7,52.76,9.4,23.6,5.8,18.4,33,46,0.717,76,156,0.487,3,6,0.5,0.9,0.6,28.4,"Sr","6-5",1,0.815796,102.233,3.3,2023,76333,"Brooklyn, NY",null,0.45449999,62,119,14,37,"0.5210",0.3784,0,1,"0.0000",null,101.067,103.922,1.37617,92.8232,-5.2513,-2.87685,-2.37444,-3.23446,15.8485,-1.38619,-1.84827,1.2727,3.1515,4.4242,0.4545,0.1515,0.1212,5.8788,"PF/C",0.69827,"2000-03-31"],"games":33,"notes":"PF/C","projection":0.6983,"advanced_stats":{"tov_pg":1,"usage_pct":0.21769696969696978,"plus_minus_pg":3.5454545454545454,"mins_pct":0.389,"is_qualified":true}}]}