{"bart_player_id":76335,"seasons":[{"year":2023,"team_name":"UNC Asheville","team_conference":"BSth","class":"Jr","raw_row":["Justin Stephens","UNC Asheville","BSth",2,0.2,0,19.4,0,0,0,0,0,100,0,0,0,0,0,0,0,0,0,0,0,0,"Jr","6-1",21,-0.454144,-0.020958,0,2023,76335,"Clayton, NC",null,"1.50000000",null,null,null,null,null,null,null,null,null,null,111.564,109.835,0.100955,0.291879,-22.3594,-21.192,-1.16743,-25.773,"4.0000",-16.1703,-9.60277,"0.0000","1.0000","1.0000","0.7500","0.2500","0.0000","0.7500","PF/C",0,"2001-10-15"],"games":2,"notes":"PF/C","projection":0,"advanced_stats":{"tov_pg":0.5,"usage_pct":0.13424999999999998,"plus_minus_pg":3.75,"mins_pct":0.011,"is_qualified":false}}]}