{"bart_player_id":76338,"seasons":[{"year":2023,"team_name":"East Texas A&M","team_conference":"Slnd","class":"Fr","raw_row":["Rob Banks","East Texas A&M","Slnd",2,0.2,0,14.2,0,0,0,0,0,0,0,0,0,0,1,0,0,0,0,0,0,0,"Fr",null,21,-0.457814,-0.726051,0,2023,76338,"Bracknell, England",null,"0.00000000",0,1,0,0,"0.0000",null,0,0,null,null,118.667,124.754,0.0232989,0.276312,-21.8773,-14.6622,-7.21501,-29.4957,"5.0000",-17.4241,-12.0716,"1.0000",0.6667,1.6667,"0.0000","0.0000","0.0000","0.0000","Combo G",0,"2000-01-05"],"games":2,"notes":"Combo G","projection":0,"advanced_stats":{"tov_pg":0.6666666666666666,"usage_pct":0.141,"plus_minus_pg":3,"mins_pct":0.011,"is_qualified":false}}]}