{"bart_player_id":76358,"seasons":[{"year":2023,"team_name":"FIU","team_conference":"CUSA","class":"So","raw_row":["Cameron Wilson","FIU","CUSA",3,0.7,0,5.1,0,0,0,14.3,0,0,0,0,0,0,0,0,0,1,0,0,7.1,0,"So","6-0",25,-0.84671,-4.27285,5,2023,76358,"Conyers, GA",null,"0.75000000",0,0,0,0,null,null,0,0,null,null,95.2695,92.3464,0.3413,2.13116,-2.59223,-4.31828,1.72605,-8.00377,"3.2500",-10.9997,2.99594,"0.0000","0.2500","0.2500","0.2500","0.2500","0.0000","0.0000","Scoring PG",6.5963,"2000-10-24"],"games":3,"notes":"Scoring PG","projection":6.5963,"advanced_stats":{"tov_pg":0,"usage_pct":0.05600000000000001,"plus_minus_pg":2,"mins_pct":0.01,"is_qualified":false}}]}