{"bart_player_id":76359,"seasons":[{"year":2023,"team_name":"Indiana St.","team_conference":"MVC","class":"Sr","raw_row":["Trenton Gibson","Indiana St.","MVC",31,35.7,114.9,18.5,55.5,60.6,4.9,17.8,18.5,18.2,47,62,0.758,40,68,0.588,14,42,0.333,1.5,1.9,56.4,"Sr","6-4",25,1.32416,110.797,3.4,2023,76359,"Murfreesboro, TN",null,1.80635837,25,46,15,22,0.5435,0.6818,0,0,null,null,96.9042,100.093,1.63719,102.436,3.40448,1.56565,1.83883,2.94485,16.2812,1.39623,1.54862,"0.6250",2.5938,3.2188,"1.7500",0.5625,0.2188,5.6875,"Wing G",4.71552,"2000-04-19"],"games":31,"notes":"Wing G","projection":4.7155,"advanced_stats":{"tov_pg":0.96875,"usage_pct":0.15759375000000003,"plus_minus_pg":4.419354838709677,"mins_pct":0.382,"is_qualified":true}}]}