{"bart_player_id":76364,"seasons":[{"year":2023,"team_name":"Wofford","team_conference":"SC","class":"Fr","raw_row":["Adam Silas","Wofford","SC",24,29.6,77,18.5,39.7,44.31,0.7,9.6,18.8,34.7,13,15,0.867,20,41,0.488,6,32,0.188,0.7,2.5,20.5,"Fr","6-3",13,-0.664491,74.4994,2.8,2023,76364,"Vauxhall, NJ",null,"1.00000000",19,36,1,5,0.5278,"0.2000",1,2,"0.5000",null,111.512,111.998,0.899419,58.7895,-7.3503,-5.11454,-2.23576,-7.20547,15.0385,-5.34304,-1.86244,0.0769,1.1538,1.2308,1.5385,0.6538,0.0769,3.1538,"Combo G",5.40355,"2003-10-15"],"games":24,"notes":"Combo G","projection":5.4036,"advanced_stats":{"tov_pg":1.5384615384615385,"usage_pct":0.18576923076923077,"plus_minus_pg":0.07692307692307693,"mins_pct":0.292,"is_qualified":true}}]}