{"bart_player_id":76395,"seasons":[{"year":2023,"team_name":"BYU","team_conference":"WCC","class":"Fr","raw_row":["Hao Dong","BYU","WCC",3,0.3,0,14.2,0,0,0,0,0,100,0,0,0,0,0,0,0,0,0,0,0,0,"Fr","6-6",55,-0.407063,-0.751418,0,2023,76395,"Beijing, China",null,"1.00000000",null,null,null,null,null,null,null,null,null,null,110.359,111.179,0.0835199,0.411617,-15.5364,-15.153,-0.383387,-19.0365,"2.0000",-14.338,-4.69851,"0.0000","0.2500","0.2500","0.2500","0.2500","0.0000","0.7500","PF/C",0,"2003-10-15"],"games":3,"notes":"PF/C","projection":0,"advanced_stats":{"tov_pg":0.25,"usage_pct":0.24,"plus_minus_pg":2,"mins_pct":0.005,"is_qualified":false}}]}