{"bart_player_id":76419,"seasons":[{"year":2023,"team_name":"Lindenwood","team_conference":"OVC","class":"Sr","raw_row":["Kevin Caldwell Jr.","Lindenwood","OVC",28,78.7,90.7,25,45.1,47.62,1.5,10.8,22.3,18.9,47,65,0.723,83,195,0.426,48,149,0.322,0.7,2,18.9,"Sr","5-11",11,0.593633,92.4791,3,2023,76419,"Alton, IL",null,1.36361866,43,86,40,109,"0.5000","0.3670",0,0,null,null,109.055,112.309,1.91383,158.512,-4.47758,-1.59671,-2.88087,-4.22378,"32.9000",-2.17408,-2.0497,0.4333,"3.0000",3.4333,"3.5000",1.2333,"0.2000",12.8333,"Combo G",9.26036,"2000-10-15"],"games":28,"notes":"Combo G","projection":9.2604,"advanced_stats":{"tov_pg":2.566666666666667,"usage_pct":0.24723333333333342,"plus_minus_pg":-3.433333333333333,"mins_pct":0.757,"is_qualified":true}}]}