{"bart_player_id":76424,"seasons":[{"year":2023,"team_name":"Charleston Southern","team_conference":"BSth","class":"Fr","raw_row":["Finley Simmons","Charleston Southern","BSth",2,0.3,59.9,13.3,0,0,0,0,39.5,0,0,0,0,0,1,0,0,0,0,0,0,0,"Fr","6-1",23,-0.251215,51.0324,20,2023,76424,"Winston-Salem, NC",null,"1.50000000",0,1,0,0,"0.0000",null,0,0,null,null,120.548,130.336,-0.00766953,0.432966,-25.4008,-11.3328,-14.068,-21.5108,"3.0000",-16.8954,-4.61539,"0.0000","0.2500","0.2500","0.7500","0.0000","0.0000","0.7500","Pure PG",0,"2003-10-15"],"games":2,"notes":"Pure PG","projection":0,"advanced_stats":{"tov_pg":0,"usage_pct":0.1125,"plus_minus_pg":-1.25,"mins_pct":0.01,"is_qualified":false}}]}