{"bart_player_id":76450,"seasons":[{"year":2024,"team_name":"Morehead St.","team_conference":"OVC","class":"Fr","raw_row":["Brady Dingess","Morehead St.","OVC",11,1.1,0,11.4,0,0,0,8,0,38.3,0,2,0,0,0,0,0,1,0,0,0,200,"Fr","6-1",10,-0.397358,-1.39739,0,2024,76450,"Inez, KY",null,"0.00000000",0,0,0,0,null,null,0,0,null,null,109.226,111.772,0.0830477,1.6102,-15.941,-11.8884,-4.05261,-17.3088,1.5385,-11.7509,-5.5579,"0.0000",0.0769,0.0769,"0.0000","0.0000","0.0000",0.4615,"Combo G",4.48482,"2003-10-15"],"games":11,"notes":"Combo G","projection":4.4848,"advanced_stats":{"tov_pg":0.15384615384615385,"usage_pct":0.12730769230769232,"plus_minus_pg":1,"mins_pct":0.015,"is_qualified":false}}]}