{"bart_player_id":76456,"seasons":[{"year":2023,"team_name":"UT Arlington","team_conference":"WAC","class":"Fr","raw_row":["Damonze Woods","UT Arlington","WAC",8,4.1,109.8,19.2,50,56.29,20.8,18.4,4.5,19.6,5,7,0.714,5,10,0.5,0,0,0,5.1,1.3,70,"Fr","6-7",12,0.479087,110.601,5.8,2023,76456,"Amarillo, TX",null,0.14283469,3,7,2,3,0.4286,0.6667,0,1,"0.0000",null,103.014,101.533,0.567789,9.12275,0.688616,-0.0549008,0.743517,-0.0712254,6.6364,0.475373,-0.546598,0.9091,0.8182,1.7273,0.0909,0.0909,0.2727,2.4545,"PF/C",0,"2003-11-04"],"games":8,"notes":"PF/C","projection":0,"advanced_stats":{"tov_pg":0.6363636363636364,"usage_pct":0.11536363636363638,"plus_minus_pg":-0.5454545454545454,"mins_pct":0.059,"is_qualified":false}}]}