{"bart_player_id":76472,"seasons":[{"year":2023,"team_name":"Arkansas Pine Bluff","team_conference":"SWAC","class":"Fr","raw_row":["Kuron Coleman","Arkansas Pine Bluff","SWAC",3,0.5,0,0,0,0,0,0,0,0,0,0,0,0,0,0,0,0,0,0,0,0,"Fr","6-4",3,-0.544906,-6.98957,0,2023,76472,"Newport News, VA",null,"0.00000000",null,null,null,null,null,null,null,null,null,null,113.036,116.09,0.0759973,0.500512,-7.06219,-5.10076,-1.96143,-10.5735,1.8333,-5.68829,-4.88519,"0.0000","0.0000","0.0000","0.0000","0.0000","0.0000","0.5000","PF/C",0,"2003-10-15"],"games":3,"notes":"PF/C","projection":0,"advanced_stats":{"tov_pg":0,"usage_pct":0.14683333333333334,"plus_minus_pg":1.3333333333333333,"mins_pct":0.009,"is_qualified":false}}]}