{"bart_player_id":76477,"seasons":[{"year":2023,"team_name":"Kentucky","team_conference":"SEC","class":"Fr","raw_row":["Cason Wallace","Kentucky","SEC",32,74.9,112.1,20.3,51.6,54.31,3.3,10.3,24.4,19.3,53,70,0.757,95,185,0.514,44,127,0.346,1.6,3.7,22.4,"Fr","6-4",22,3.34005,117.486,3,2023,76477,"Dallas, TX",98.6,2.02980221,52,73,43,112,0.7123,0.3839,11,11,"1.0000",10,99.2496,94.7842,3.80267,198.273,7.65946,4.54051,3.11894,7.00579,32.0625,3.14153,3.86426,0.9375,2.7812,3.7188,"4.2500",1.9688,0.4688,11.7188,"Scoring PG",7.41714,"2003-11-07"],"games":32,"notes":"Scoring PG","projection":7.4171,"advanced_stats":{"tov_pg":2.09375,"usage_pct":0.19959375000000004,"plus_minus_pg":5.75,"mins_pct":0.752,"is_qualified":true}}]}