{"bart_player_id":76476,"seasons":[{"year":2023,"team_name":"Saint Francis","team_conference":"NEC","class":"Fr","raw_row":["Daric Danchanko","Saint Francis","NEC",1,0.2,0,0,0,0,0,0,0,0,0,0,0,0,0,0,0,0,0,0,0,0,"Fr","6-8",42,-0.651471,-6.64142,0,2023,76476,"Ebensburg, PA",null,"0.00000000",null,null,null,null,null,null,null,null,null,null,118.027,135.039,-0.0403125,0.200353,-7.08403,-3.83799,-3.24604,-4.48587,"3.0000",-1.29427,-3.1916,"1.0000",0.6667,1.6667,"0.0000","0.0000","0.0000",1.6667,"C",0,"2003-10-15"],"games":1,"notes":"C","projection":0,"advanced_stats":{"tov_pg":0.3333333333333333,"usage_pct":0.222,"plus_minus_pg":-0.3333333333333333,"mins_pct":0.008,"is_qualified":false}}]}