{"bart_player_id":76487,"seasons":[{"year":2023,"team_name":"Villanova","team_conference":"BE","class":"Fr","raw_row":["Cam Whitmore","Villanova","BE",26,51.9,103.6,24.3,55.1,57.11,3.7,20.3,6.4,15.1,45,64,0.703,85,147,0.578,37,108,0.343,1.6,3.2,25.1,"Fr","6-7",22,2.6332,115.058,2.5,2023,76487,"Odenton, MD",97.4,0.45239569,75,114,10,33,0.6579,"0.3030",28,31,0.9032,20,98.775,93.1654,3.41262,150.297,3.27211,1.31021,1.9619,5.27797,27.2692,3.1295,2.14846,0.8077,"4.5000",5.3077,0.7308,1.4231,0.3462,12.5385,"Wing G",9.42857,"2004-07-08"],"games":26,"notes":"Wing G","projection":9.4286,"advanced_stats":{"tov_pg":1.6153846153846154,"usage_pct":0.26157692307692304,"plus_minus_pg":1.8461538461538463,"mins_pct":0.518,"is_qualified":true}}]}