{"bart_player_id":76486,"seasons":[{"year":2023,"team_name":"Michigan","team_conference":"B10","class":"Fr","raw_row":["Jett Howard","Michigan","B10",29,66.1,111.5,21.8,53.2,56.19,1,8.8,12.9,11,60,75,0.8,59,119,0.496,78,212,0.368,2.1,0.8,22.7,"Fr","6-8",13,3.41871,118.99,2.8,2023,76486,"Miami, FL",91.8,"1.59456060",29,47,30,72,"0.6170",0.4167,6,6,"1.0000",11,105.02,100.259,3.11852,138.912,4.56533,4.30518,0.26015,4.33094,31.6897,3.79192,0.539019,0.2759,2.5517,2.8276,2.0345,0.4138,0.6552,14.2069,"Wing F",13.7051,"2003-09-14"],"games":29,"notes":"Wing F","projection":13.7051,"advanced_stats":{"tov_pg":1.2758620689655173,"usage_pct":0.23289655172413795,"plus_minus_pg":1.5862068965517242,"mins_pct":0.662,"is_qualified":true}}]}