{"bart_player_id":76492,"seasons":[{"year":2023,"team_name":"Marist","team_conference":"MAAC","class":"Sr","raw_row":["Patrick Gardner","Marist","MAAC",33,77,106.4,32.2,55.5,57.29,4.9,19.3,19.7,15.3,88,130,0.677,186,340,0.547,57,149,0.383,3.6,1.5,26.6,"Sr","6-11",15,3.50684,120.051,2.4,2023,76492,"Merrick, NY",null,0.79269957,105,164,81,176,0.6402,0.4602,10,10,"1.0000",null,99.4091,103.333,2.76714,198.289,2.85045,2.44927,0.401172,6.15655,30.9091,5.85638,0.300171,"1.3030","5.3030",6.6061,1.9697,0.7576,"1.0000",19.1212,"Stretch 4",8.94331,"1999-06-16"],"games":33,"notes":"Stretch 4","projection":8.9433,"advanced_stats":{"tov_pg":2.484848484848485,"usage_pct":0.33503030303030296,"plus_minus_pg":-1.2424242424242424,"mins_pct":0.771,"is_qualified":true}}]}