{"bart_player_id":76490,"seasons":[{"year":2023,"team_name":"Queens","team_conference":"ASun","class":"Jr","raw_row":["Mike Fowler","Queens","ASun",21,11.9,78.9,14.8,43.8,46.93,3.1,21.2,2.4,26.7,10,19,0.526,6,10,0.6,3,14,0.214,2.2,0,79.2,"Jr","6-9",1,-0.359448,72.0183,7.3,2023,76490,"Raleigh, NC",null,0.26672001,5,8,1,2,"0.6250","0.5000",0,0,null,null,108.536,109.035,0.477199,24.5604,-8.99381,-6.45882,-2.53499,-8.78872,7.2083,-7.70015,-1.08857,"0.2500",1.4167,1.6667,0.1667,"0.0000",0.1667,1.5417,"PF/C",5.53773,"2001-10-15"],"games":21,"notes":"PF/C","projection":5.5377,"advanced_stats":{"tov_pg":0.625,"usage_pct":0.15037499999999998,"plus_minus_pg":-0.75,"mins_pct":0.133,"is_qualified":false}}]}