{"bart_player_id":76515,"seasons":[{"year":2023,"team_name":"Longwood","team_conference":"BSth","class":"Fr","raw_row":["Radvilas Kneizys","Longwood","BSth",4,0.8,89.2,22.4,50,50,0,0,21.6,29.7,0,0,0,0,0,0,1,3,0.333,0,0,0,"Fr","6-4",44,-0.0215867,84.4656,0,2023,76515,"Klaipeda, Lithuania",null,"1.00000000",0,0,0,0,null,null,0,0,null,null,110.374,117.746,0.0896641,0.951111,-14.0857,-4.97949,-9.10624,-6.52281,3.1667,-0.772939,-5.74987,"0.0000","0.0000","0.0000",0.1667,"0.0000","0.0000","1.0000","Pure PG",18.6689,"2003-01-23"],"games":4,"notes":"Pure PG","projection":18.6689,"advanced_stats":{"tov_pg":0.16666666666666666,"usage_pct":0.15733333333333335,"plus_minus_pg":2,"mins_pct":0.016,"is_qualified":false}}]}