{"bart_player_id":76529,"seasons":[{"year":2023,"team_name":"Austin Peay","team_conference":"ASun","class":"So","raw_row":["Kamarie Coffey","Austin Peay","ASun",2,0.3,164.4,40.8,0,78.95,37.5,0,0,0,3,4,0.75,0,0,0,0,0,0,0,0,0,"So","6-7",22,0.691281,220.041,0,2023,76529,"Clarksville, TN",null,"0.00000000",0,0,0,0,null,null,0,0,null,null,120.976,120.467,0.0456136,0.25568,4.20477,20.1556,-15.9508,26.4224,1.6667,26.8944,-0.472061,0.3333,"0.0000",0.3333,"0.0000","0.0000","0.0000","1.0000","PF/C",0,"2002-10-15"],"games":2,"notes":"PF/C","projection":0,"advanced_stats":{"tov_pg":0,"usage_pct":0.19633333333333333,"plus_minus_pg":0.5,"mins_pct":0.005,"is_qualified":false}}]}