{"bart_player_id":76527,"seasons":[{"year":2023,"team_name":"Little Rock","team_conference":"OVC","class":"Fr","raw_row":["Shota Abashidze","Little Rock","OVC",1,0.2,0,0,0,0,0,0,0,0,0,0,0,0,0,0,0,0,0,0,0,0,"Fr","5-11",24,-0.651372,-6.62722,20,2023,76527,"Tbilisi, GA",null,0.49992499,null,null,null,null,null,null,null,null,null,null,117.423,121.902,0.050862,0.250273,-8.23362,-4.26669,-3.96693,-20.4783,2.3333,-16.2097,-4.26864,"0.0000","0.0000","0.0000",0.3333,"0.0000","0.0000",0.3333,"PF/C",0,"2004-07-26"],"games":1,"notes":"PF/C","projection":0,"advanced_stats":{"tov_pg":0.6666666666666666,"usage_pct":0.258,"plus_minus_pg":-0.6666666666666666,"mins_pct":0.005,"is_qualified":false}}]}