{"bart_player_id":76526,"seasons":[{"year":2023,"team_name":"Stonehill","team_conference":"NEC","class":"Sr","raw_row":["Andrew Sims","Stonehill","NEC",29,80.2,98.7,26.2,49.4,54.58,3.7,12,12.5,16.6,111,147,0.755,142,280,0.507,16,56,0.286,1.4,1.1,43.8,"Sr","6-6",32,1.71889,102.17,2.2,2023,76526,"Mount Laurel, NJ",null,0.71829978,103,182,39,98,0.5659,"0.3980",1,2,"0.5000",null,106.098,112.298,1.94814,156.149,-5.05426,-2.75607,-2.29819,-3.76286,33.1667,-1.37542,-2.38744,0.9667,"3.5000",4.4667,"1.7000","0.6000","0.4000",15.2333,"Wing G",3.43129,"1999-10-12"],"games":29,"notes":"Wing G","projection":3.4313,"advanced_stats":{"tov_pg":2.3666666666666667,"usage_pct":0.2649,"plus_minus_pg":-3,"mins_pct":0.795,"is_qualified":true}}]}