{"bart_player_id":76524,"seasons":[{"year":2023,"team_name":"Princeton","team_conference":"Ivy","class":"Fr","raw_row":["Deven Austin","Princeton","Ivy",20,24.1,112.5,17.3,58.6,62.23,3.2,14.7,7.7,18.5,18,21,0.857,28,57,0.491,11,19,0.579,3.5,2.4,27.6,"Fr","6-6",13,1.0111,107.12,4.6,2023,76524,"Vernon, CT",null,0.52175988,23,47,5,10,0.4894,"0.5000",7,7,"1.0000",null,96.3972,98.6664,1.55374,61.7504,2.66502,0.0318233,2.6332,2.12489,15.2273,0.0993714,2.02551,"0.5000",2.0455,2.5455,0.5455,0.6364,"0.5000",5.5455,"Wing G",3.79208,"2003-10-15"],"games":20,"notes":"Wing G","projection":3.7921,"advanced_stats":{"tov_pg":1.0454545454545454,"usage_pct":0.14613636363636365,"plus_minus_pg":3.3636363636363638,"mins_pct":0.259,"is_qualified":true}}]}