{"bart_player_id":76533,"seasons":[{"year":2023,"team_name":"Jacksonville","team_conference":"ASun","class":"Jr","raw_row":["Jalen Nesmith","Jacksonville","ASun",16,15.9,72.8,17.1,38,41.29,1.6,10,22.5,36.9,4,6,0.667,8,18,0.444,1,7,0.143,0.9,2,24,"Jr","6-0",22,-0.674932,68.3694,4.4,2023,76533,"Bronx, NY",null,1.36839998,3,9,5,9,0.3333,0.5556,0,0,null,null,107.157,106.048,0.829569,25.5754,-7.93222,-7.16577,-0.766451,-8.64225,11.7368,-7.7199,-0.922346,0.1053,1.1053,1.2105,1.3684,0.3684,0.1053,1.7895,"Scoring PG",2.76248,"2001-10-15"],"games":16,"notes":"Scoring PG","projection":2.7625,"advanced_stats":{"tov_pg":1,"usage_pct":0.13478947368421051,"plus_minus_pg":1.2105263157894737,"mins_pct":0.194,"is_qualified":false}}]}