{"bart_player_id":76538,"seasons":[{"year":2024,"team_name":"Florida Atlantic","team_conference":"Amer","class":"Fr","raw_row":["Leo Beath","Florida Atlantic","Amer",5,0.8,106.8,19.2,50,50.51,0,10,0,0,1,2,0.5,2,2,1,0,2,0,0,0,50,"Fr","6-8",30,0.12078,104.398,0,2024,76538,"Malibu, CA",null,"0.00000000",2,2,0,0,"1.0000",null,0,0,null,null,111.841,112.88,0.135096,1.34838,-8.00125,-1.25497,-6.74628,-5.69964,"2.2000",-1.85469,-3.84495,"0.0000","0.2000","0.2000","0.0000","0.0000","0.0000","1.0000","Wing F",10.3388,"2003-10-15"],"games":5,"notes":"Wing F","projection":10.3388,"advanced_stats":{"tov_pg":0,"usage_pct":0.2648,"plus_minus_pg":0.6,"mins_pct":0.008,"is_qualified":false}}]}