{"bart_player_id":76547,"seasons":[{"year":2023,"team_name":"Coastal Carolina","team_conference":"SB","class":"Fr","raw_row":["Marcus Saunders","Coastal Carolina","SB",3,0.2,0,39.7,0,0,0,56.2,0,0,0,0,0,0,1,0,0,1,0,0,0,0,"Fr","6-2",20,-0.237949,-15.6292,0,2023,76547,"Myrtle Beach, SC",null,0.99989998,0,1,0,0,"0.0000",null,0,0,null,null,99.1152,103.554,0.0593981,0.543283,-49.1033,-31.3016,-17.8016,-35.6735,4.6667,-22.4939,-13.1796,0.1667,0.6667,0.8333,0.3333,"0.5000",0.1667,1.6667,"Wing G",25.9701,"2003-10-15"],"games":3,"notes":"Wing G","projection":25.9701,"advanced_stats":{"tov_pg":0,"usage_pct":0.2708333333333333,"plus_minus_pg":3.1666666666666665,"mins_pct":0.023,"is_qualified":false}}]}