{"bart_player_id":76541,"seasons":[{"year":2023,"team_name":"Fordham","team_conference":"A10","class":"Fr","raw_row":["Luke Hardenburg","Fordham","A10",3,0.2,0,0,0,0,0,0,0,0,0,0,0,0,0,0,0,0,0,0,0,0,"Fr","6-6",25,-0.217631,-6.84624,0,2023,76541,"Dallas, TX",null,"0.00000000",null,null,null,null,null,null,null,null,null,null,107.784,110.659,0.042963,0.198913,-4.80741,-3.86381,-0.943606,-6.66907,0.6667,-4.28164,-2.38744,"0.0000","0.0000","0.0000","0.0000","0.0000","0.0000","0.0000","PF/C",0,"2003-10-15"],"games":3,"notes":"PF/C","projection":0,"advanced_stats":{"tov_pg":0,"usage_pct":0,"plus_minus_pg":-0.6666666666666666,"mins_pct":0.001,"is_qualified":false}}]}