{"bart_player_id":76550,"seasons":[{"year":2026,"team_name":"Sacred Heart","team_conference":"MAAC","class":"Jr","raw_row":["Jaden Slaughter","Sacred Heart","MAAC",31,50.2,106,14.3,49.6,53.79,4.7,13.8,10,17.7,31,39,0.795,51,104,0.49,10,29,0.345,1.1,1.5,29.3,"Jr","6-5",4,0.237975,95.6744,2,2026,76550,"Buffalo, NY",null,1.17247849,43,74,8,30,0.5811,0.2667,2,2,"1.0000",null,113.985,120.048,1.03073,105.477,-4.17462,-2.63358,-1.54105,-3.38848,20.6313,-2.09027,-1.29821,0.8125,2.4688,3.2812,1.0625,0.5312,0.1875,5.3125,"Wing G",2.6334,"2003-10-15"],"games":31,"notes":"Wing G","projection":2.6334,"advanced_stats":{"tov_pg":0.90625,"usage_pct":0.14009375,"plus_minus_pg":-2,"mins_pct":0.498,"is_qualified":true}}]}