{"bart_player_id":76585,"seasons":[{"year":2023,"team_name":"Mississippi Valley St.","team_conference":"SWAC","class":"Jr","raw_row":["Amani Harris","Mississippi Valley St.","SWAC",1,0.2,0,0,0,0,0,0,0,0,0,0,0,0,0,0,0,0,0,0,0,0,"Jr","6-2",12,-0.653167,-6.88578,0,2023,76585,"Inglewood, CA",null,"0.00000000",null,null,null,null,null,null,null,null,null,null,119.852,130.886,-0.0114919,0.174877,-8.00946,-4.79702,-3.21245,-13.8428,"2.0000",-8.68078,-5.16201,"0.0000","0.0000","0.0000","0.0000","0.0000","0.0000","0.0000","PF/C",0,"2000-11-22"],"games":1,"notes":"PF/C","projection":0,"advanced_stats":{"tov_pg":0,"usage_pct":0,"plus_minus_pg":-2,"mins_pct":0.002,"is_qualified":false}}]}