{"bart_player_id":76608,"seasons":[{"year":2023,"team_name":"South Dakota","team_conference":"Sum","class":"Fr","raw_row":["Miles Branch","South Dakota","Sum",16,5.5,97.3,15.2,60.7,56.6,3.7,20.3,3.2,18.6,1,4,0.25,4,10,0.4,3,4,0.75,0,0,28.6,"Fr","6-9",45,-0.00298484,87.0154,10,2023,76608,"Lawrence, KS",null,0.33333333,0,4,4,6,"0.0000",0.6667,0,0,null,null,112.778,115.171,0.195141,10.2175,-8.68887,-4.22018,-4.4687,-9.43227,"4.0000",-6.76379,-2.66847,"0.1250",0.6875,0.8125,0.0625,"0.0000","0.0000","1.1250","Stretch 4",3.78136,"2003-10-15"],"games":16,"notes":"Stretch 4","projection":3.7814,"advanced_stats":{"tov_pg":0.1875,"usage_pct":0.17968750000000003,"plus_minus_pg":0.3333333333333333,"mins_pct":0.05,"is_qualified":false}}]}