{"bart_player_id":76666,"seasons":[{"year":2024,"team_name":"Coastal Carolina","team_conference":"SB","class":"Jr","raw_row":["Jaland Whitehead","Coastal Carolina","SB",7,6.4,103.7,22.1,65.2,64.26,14.9,35.4,5.9,27.1,2,4,0.5,15,23,0.652,0,0,0,7.7,0.8,17.4,"Jr","6-9",21,0.702361,107.468,6.4,2024,76666,"Grand Rapids, MI",null,"0.25000000",12,14,3,9,0.8571,0.3333,1,1,"1.0000",null,99.0256,100.781,1.10776,20.5345,-2.61235,-3.86081,1.24845,2.11046,"9.5000",0.552397,1.55806,"1.2500","3.3750","4.6250","0.2500","0.1250","0.6250","4.0000","C",0,"2000-10-15"],"games":7,"notes":"C","projection":0,"advanced_stats":{"tov_pg":1,"usage_pct":0.18375000000000002,"plus_minus_pg":-5.75,"mins_pct":0.061,"is_qualified":false}}]}