{"bart_player_id":76663,"seasons":[{"year":2023,"team_name":"Texas A&M Corpus Chris","team_conference":"Slnd","class":"Fr","raw_row":["Jourdyn Grandberry","Texas A&M Corpus Chris","Slnd",23,11,95.5,16.9,47.1,51.6,0,8.7,11.7,21.9,9,12,0.75,9,20,0.45,5,15,0.333,1.8,3.3,34.3,"Fr","6-3",5,0.0206335,88.2341,6.4,2023,76663,"North Richland Hills, TX",null,0.65006075,4,5,5,15,"0.8000",0.3333,0,0,null,null,102.116,104.901,0.500145,27.0045,-3.42241,-3.03381,-0.388598,-2.96302,7.7778,-3.9868,1.02379,0.0741,0.6667,0.7407,0.4815,0.4074,0.1111,2.7407,"Combo G",6.16132,"2003-10-15"],"games":23,"notes":"Combo G","projection":6.1613,"advanced_stats":{"tov_pg":0.7142857142857143,"usage_pct":0.1679642857142857,"plus_minus_pg":1.1428571428571428,"mins_pct":0.147,"is_qualified":false}}]}