{"bart_player_id":76660,"seasons":[{"year":2023,"team_name":"Toledo","team_conference":"MAC","class":"Fr","raw_row":["J Wallace","Toledo","MAC",11,1.5,66,23.1,25,23.6,6,28.9,15.3,12.3,0,1,0,2,6,0.333,0,2,0,0,2.8,12.5,"Fr","6-4",24,-0.130847,66.491,6,2023,76660,"Bath, MI",null,"2.00000000",2,4,0,2,"0.5000","0.0000",0,0,null,null,101.412,103.323,0.163452,4.73735,-9.10905,-7.36151,-1.74754,-12.5176,1.8182,-9.54846,-2.96912,0.0909,0.4545,0.5455,0.1818,0.0909,"0.0000",0.3636,"Wing G",5.54572,"2003-10-15"],"games":11,"notes":"Wing G","projection":5.5457,"advanced_stats":{"tov_pg":0.09090909090909091,"usage_pct":0.2506363636363636,"plus_minus_pg":-0.36363636363636365,"mins_pct":0.014,"is_qualified":false}}]}