{"bart_player_id":76696,"seasons":[{"year":2023,"team_name":"Connecticut","team_conference":"BE","class":"Fr","raw_row":["Emmett Hendry","Connecticut","BE",9,0.4,0,8.4,0,0,0,0,0,100,0,0,0,0,0,0,0,0,0,0,0,0,"Fr","6-3",41,-0.242736,-2.70885,0,2023,76696,"Brooklyn, NY",null,"0.00000000",null,null,null,null,null,null,null,null,null,null,105.88,107.975,0.0573673,0.687192,-6.58364,-7.71983,1.13619,-11.912,0.7778,-7.99821,-3.91374,"0.0000","0.0000","0.0000","0.0000","0.0000","0.0000","0.0000","PF/C",0,"2003-10-15"],"games":9,"notes":"PF/C","projection":0,"advanced_stats":{"tov_pg":0.1111111111111111,"usage_pct":0.11044444444444444,"plus_minus_pg":-1.6666666666666667,"mins_pct":0.005,"is_qualified":false}}]}