{"bart_player_id":76710,"seasons":[{"year":2023,"team_name":"Longwood","team_conference":"BSth","class":"Sr","raw_row":["Jaylen Williams","Longwood","BSth",12,3.5,130.9,13.5,58.3,64.75,10.9,9,21.5,21.1,2,2,1,2,3,0.667,1,3,0.333,0,1.4,33.3,"Sr","6-2",33,0.324744,113.969,5.7,2023,76710,"Fayetteville, NC",null,"2.00000000",2,2,0,1,"1.0000","0.0000",0,0,null,null,103.475,108.071,0.256975,6.58461,2.1131,2.98436,-0.871258,-1.17733,4.0714,-1.3212,0.14387,0.3571,0.3571,0.7143,0.4286,0.1429,"0.0000",1.5714,"Wing G",4.26718,"2000-10-15"],"games":12,"notes":"Wing G","projection":4.2672,"advanced_stats":{"tov_pg":0.21428571428571427,"usage_pct":0.11307142857142859,"plus_minus_pg":1.4285714285714286,"mins_pct":0.046,"is_qualified":false}}]}