{"bart_player_id":76725,"seasons":[{"year":2023,"team_name":"Mississippi","team_conference":"SEC","class":"Sr","raw_row":["Myles Burns","Mississippi","SEC",33,67.1,104,18.4,44.5,48.36,10,15.3,11.1,14.7,55,80,0.688,87,172,0.506,12,64,0.188,1.7,5.4,33.9,"Sr","6-6",3,1.77468,106.287,2.8,2023,76725,"Houston, TX",null,1.25006186,75,129,12,43,0.5814,0.2791,27,30,"0.9000",null,96.1452,92.4979,3.42079,205.393,7.16272,2.66324,4.49949,5.79278,26.9394,1.7822,4.01058,2.4242,3.4848,5.9091,1.5152,2.4242,0.4242,8.0303,"Wing G",4.32398,"2000-02-12"],"games":33,"notes":"Wing G","projection":4.324,"advanced_stats":{"tov_pg":1.2121212121212122,"usage_pct":0.18172727272727277,"plus_minus_pg":-0.48484848484848486,"mins_pct":0.671,"is_qualified":true}}]}