{"bart_player_id":76728,"seasons":[{"year":2023,"team_name":"Marquette","team_conference":"BE","class":"Fr","raw_row":["Caleb Kozinski","Marquette","BE",5,0.3,0,11.6,0,0,0,0,0,100,0,0,0,0,0,0,0,0,0,0,0,0,"Fr","6-1",25,-0.307875,-1.49423,0,2023,76728,"Milwaukee, WI",null,"0.00000000",null,null,null,null,null,null,null,null,null,null,112.586,111.822,0.0604058,0.462213,-11.7079,-11.8793,0.171448,-18.1058,"1.0000",-11.5791,-6.52667,"0.0000","0.0000","0.0000","0.0000","0.0000","0.0000","0.0000","PF/C",0,"2003-06-23"],"games":5,"notes":"PF/C","projection":0,"advanced_stats":{"tov_pg":0.2,"usage_pct":0.0954,"plus_minus_pg":-3.2,"mins_pct":0.003,"is_qualified":false}}]}