{"bart_player_id":76748,"seasons":[{"year":2023,"team_name":"Morehead St.","team_conference":"OVC","class":"Sr","raw_row":["Branden Maughmer","Morehead St.","OVC",30,60,92.3,18.6,41.4,46.84,3,14.9,12.9,17.7,46,58,0.793,46,111,0.414,21,76,0.276,1.4,2.6,31,"Sr","6-3",5,0.042944,87.7461,2.4,2023,76748,"Chillicothe, OH",null,"1.32494690",24,50,22,61,"0.4800",0.3607,1,1,"1.0000",null,101.74,103.893,2.11009,134.127,-0.984746,-2.27645,1.29171,-1.39634,23.9706,-2.47974,1.0834,0.7059,"3.0000",3.7059,1.5588,"1.0000",0.3235,7.5882,"Wing G",6.41906,"1999-10-02"],"games":30,"notes":"Wing G","projection":6.4191,"advanced_stats":{"tov_pg":1.1764705882352942,"usage_pct":0.18673529411764705,"plus_minus_pg":1.8529411764705883,"mins_pct":0.6,"is_qualified":true}}]}