{"bart_player_id":76767,"seasons":[{"year":2023,"team_name":"San Jose St.","team_conference":"MWC","class":"Sr","raw_row":["Kellen King","San Jose St.","MWC",12,2.8,85.7,18.6,33.3,42.19,0,24.5,9.7,17.6,4,6,0.667,3,7,0.429,0,2,0,2.9,3.3,66.7,"Sr","6-4",20,-0.00105103,87.1372,2.1,2023,76767,"Brentwood, TN",null,"1.00000000",3,5,0,2,"0.6000","0.0000",0,0,null,null,96.7157,93.0842,0.407639,8.58677,-2.20885,-4.91277,2.70392,1.48138,3.7692,-2.66671,4.14809,"0.0000",0.7692,0.7692,0.3077,0.1538,0.0769,1.1538,"Wing G",3.3054,"2000-10-15"],"games":12,"notes":"Wing G","projection":3.3054,"advanced_stats":{"tov_pg":0.3076923076923077,"usage_pct":0.17246153846153847,"plus_minus_pg":-0.9166666666666666,"mins_pct":0.031,"is_qualified":false}}]}