{"bart_player_id":76787,"seasons":[{"year":2023,"team_name":"Duke","team_conference":"ACC","class":"Fr","raw_row":["Dariq Whitehead","Duke","ACC",28,40.1,104,20.3,52.8,54.8,2.5,10.6,9.2,19.2,23,29,0.793,41,99,0.414,42,98,0.429,1.1,2.2,14.7,"Fr","6-6",0,1.46223,107.7,2.9,2023,76787,"Newark, NJ",99.8,0.72975628,24,45,17,54,0.5333,0.3148,2,4,"0.5000",22,98.6044,93.3755,2.56133,99.2777,2.5934,1.00292,1.59048,3.45008,20.6786,1.52914,1.92094,0.4286,1.9643,2.3929,0.9643,"0.7500",0.2143,"8.2500","Wing G",10.3483,"2004-08-01"],"games":28,"notes":"Wing G","projection":10.3483,"advanced_stats":{"tov_pg":1.3928571428571428,"usage_pct":0.2342857142857143,"plus_minus_pg":1.6785714285714286,"mins_pct":0.399,"is_qualified":true}}]}