{"bart_player_id":76785,"seasons":[{"year":2024,"team_name":"BYU","team_conference":"B12","class":"Fr","raw_row":["Tanner Hayhurst","BYU","B12",11,2.1,61.9,17.9,16.7,16.67,15.7,0,10.3,34.4,0,0,0,1,5,0.2,0,1,0,0,0,0,"Fr","6-6",24,-0.264756,58.6021,4.3,2024,76785,"Eagle, ID",null,0.66666661,1,2,0,3,"0.5000","0.0000",0,0,null,null,110.013,112.969,0.155527,3.0607,-8.91965,-6.99475,-1.9249,-13.6267,2.5455,-8.29679,-5.32987,0.3636,"0.0000",0.3636,0.1818,"0.0000","0.0000",0.1818,"PF/C",2.00862,"2003-10-15"],"games":11,"notes":"PF/C","projection":2.0086,"advanced_stats":{"tov_pg":0.2727272727272727,"usage_pct":0.11263636363636363,"plus_minus_pg":0.45454545454545453,"mins_pct":0.02,"is_qualified":false}}]}