{"bart_player_id":76799,"seasons":[{"year":2023,"team_name":"South Alabama","team_conference":"SB","class":"Sr","raw_row":["Isaiah Moore","South Alabama","SB",32,82.4,106.3,32.9,53,55.65,1.9,9.5,31.6,15.8,96,132,0.727,247,450,0.549,8,39,0.205,0.7,2.1,27,"Sr","6-1",4,4.37639,124.333,1.9,2023,76799,"Temple Hills, MD",null,1.61223283,144,260,103,190,0.5538,0.5421,0,0,null,null,101.384,101.648,3.25347,173.928,3.14687,2.92467,0.222197,4.22541,33.4706,3.68035,0.545059,"0.5000",2.7647,3.2647,4.6471,1.2647,0.2353,18.8824,"Scoring PG",2.15363,"2000-02-19"],"games":32,"notes":"Scoring PG","projection":2.1536,"advanced_stats":{"tov_pg":2.8823529411764706,"usage_pct":0.31726470588235295,"plus_minus_pg":5.117647058823529,"mins_pct":0.811,"is_qualified":true}}]}