{"bart_player_id":76802,"seasons":[{"year":2024,"team_name":"Quinnipiac","team_conference":"MAAC","class":"Sr","raw_row":["Arion Lewis","Quinnipiac","MAAC",10,3.5,94.4,19.6,36.8,38.51,0,14.4,19.3,6.2,1,1,1,4,13,0.308,2,6,0.333,0,3.6,5.3,"Sr","6-3",11,0.0338558,90.6524,2.6,2024,76802,"Philadelphia, PA",null,4.99999993,0,2,4,11,"0.0000",0.3636,0,0,null,null,98.8653,104.441,0.42625,9.74272,-3.15023,-2.63477,-0.515454,-1.53906,"4.7000",-3.00035,1.46129,"0.0000","0.6000","0.6000","0.5000","0.3000","0.0000","1.5000","Scoring PG",7.32309,"2001-10-15"],"games":10,"notes":"Scoring PG","projection":7.3231,"advanced_stats":{"tov_pg":0.1,"usage_pct":0.14550000000000002,"plus_minus_pg":-1.2,"mins_pct":0.034,"is_qualified":false}}]}