{"bart_player_id":76822,"seasons":[{"year":2024,"team_name":"Cal Baptist","team_conference":"WAC","class":"Fr","raw_row":["Tyler Isaak","Cal Baptist","WAC",6,3.8,80.4,10.8,41.7,35.97,0,7.8,20.1,24,0,2,0,1,2,0.5,1,4,0.25,2.1,3.9,33.3,"Fr","6-3",32,-0.491817,70.4828,4.3,2024,76822,"Alamo, CA",null,1.66658879,1,2,0,0,"0.5000",null,0,0,null,null,98.2728,100.516,0.817098,9.418,-2.08393,-3.71291,1.62898,-2.99487,"7.0000",-6.35469,3.35982,"0.0000",0.4286,0.4286,0.7143,0.4286,0.1429,0.7143,"Scoring PG",5.1378,"2003-10-15"],"games":6,"notes":"Scoring PG","projection":5.1378,"advanced_stats":{"tov_pg":0.42857142857142855,"usage_pct":0.12214285714285714,"plus_minus_pg":0.7142857142857143,"mins_pct":0.037,"is_qualified":false}}]}