{"bart_player_id":76827,"seasons":[{"year":2023,"team_name":"New Orleans","team_conference":"Slnd","class":"Fr","raw_row":["Cole Sinclair","New Orleans","Slnd",3,0.5,0,18.8,0,0,0,0,0,0,0,0,0,0,0,0,0,3,0,0,9.2,0,"Fr","6-0",24,-0.605759,-0.054686,0,2023,76827,"Durham, NC",null,"0.00000000",0,0,0,0,null,null,0,0,null,null,99.5303,99.0263,0.209617,1.59713,-10.111,-9.28294,-0.828045,-15.598,"2.0000",-14.4299,-1.16815,"0.0000","0.0000","0.0000","0.0000",0.3333,"0.0000","0.0000","Pure PG",27.3166,"2003-10-15"],"games":3,"notes":"Pure PG","projection":27.3166,"advanced_stats":{"tov_pg":0,"usage_pct":0.19466666666666668,"plus_minus_pg":-1,"mins_pct":0.005,"is_qualified":false}}]}