{"bart_player_id":76832,"seasons":[{"year":2023,"team_name":"Prairie View A&M","team_conference":"SWAC","class":"Sr","raw_row":["Kortrijk Miles","Prairie View A&M","SWAC",17,14,88.4,19.6,33,44.37,7.8,14.6,3.6,19.2,21,26,0.808,13,39,0.333,1,5,0.2,2.7,3.1,59.1,"Sr","6-5",5,-0.000912298,87.2037,2.3,2023,76832,"Dallas, TX",null,0.36362068,9,22,4,17,0.4091,0.2353,1,1,"1.0000",null,95.551,99.0295,1.03139,34.9013,-4.71478,-5.49013,0.775352,-2.32929,10.4737,-2.53936,0.210073,0.7368,1.4211,2.1579,0.2105,0.5789,0.2105,3.8947,"Wing G",1.70276,"2000-10-15"],"games":17,"notes":"Wing G","projection":1.7028,"advanced_stats":{"tov_pg":0.5789473684210527,"usage_pct":0.2102631578947369,"plus_minus_pg":-0.3157894736842105,"mins_pct":0.151,"is_qualified":false}}]}