{"bart_player_id":76843,"seasons":[{"year":2023,"team_name":"Southern","team_conference":"SWAC","class":"Jr","raw_row":["Kris Gardner","Southern","SWAC",9,6.5,80.2,21.6,57.9,60.15,2.9,7.8,21.1,42.2,2,2,1,5,10,0.5,4,9,0.444,0,2.1,10.5,"Jr","6-1",14,-0.135268,82.7895,6.1,2023,76843,"Albany, GA",null,0.78573115,2,3,3,7,0.6667,0.4286,0,0,null,null,102.024,100.604,0.871919,13.5352,-8.00939,-6.26058,-1.74881,-7.11937,9.6364,-5.48467,-1.63471,0.1818,0.7273,0.9091,"1.0000",0.3636,"0.0000","3.0000","Scoring PG",6.34361,"2001-10-15"],"games":9,"notes":"Scoring PG","projection":6.3436,"advanced_stats":{"tov_pg":1.2727272727272727,"usage_pct":0.21990909090909094,"plus_minus_pg":-0.5454545454545454,"mins_pct":0.085,"is_qualified":false}}]}