{"bart_player_id":76854,"seasons":[{"year":2023,"team_name":"South Florida","team_conference":"Amer","class":"Sr","raw_row":["Kenu Louissaint","South Florida","Amer",3,0.5,0,22,0,0,0,19,0,43.6,0,0,0,0,2,0,0,0,0,0,9.6,0,"Sr","6-3",22,-0.608906,-0.508153,0,2023,76854,"Port-au-Prince, Haiti",null,"0.00000000",0,0,0,2,null,"0.0000",0,0,null,null,85.5485,88.8564,0.280196,1.94175,-15.7227,-19.1519,3.42913,-20.8569,"2.0000",-19.3079,-1.54898,"0.0000",0.3333,0.3333,"0.0000",0.3333,"0.0000","0.0000","Combo G",0,"2000-10-15"],"games":3,"notes":"Combo G","projection":0,"advanced_stats":{"tov_pg":0.3333333333333333,"usage_pct":0.4136666666666667,"plus_minus_pg":-1.6666666666666667,"mins_pct":0.005,"is_qualified":false}}]}