{"bart_player_id":76861,"seasons":[{"year":2023,"team_name":"Sam Houston St.","team_conference":"WAC","class":"So","raw_row":["Jacoby Bishop","Sam Houston St.","WAC",5,0.7,300,3.4,150,150,0,13.8,0,0,0,0,0,0,0,0,1,1,1,0,0,0,"So","6-2",5,0.92739,235.708,4.4,2023,76861,"New Waverly, TX",null,"1.00000000",0,0,0,0,null,null,0,0,null,null,99.9731,101.526,0.173044,1.3126,0.380298,0.910995,-0.530697,8.56044,3.4444,5.37088,3.18957,0.3333,0.2222,0.5556,0.1111,0.1111,"0.0000",1.4444,"Wing G",7.18257,"2002-10-15"],"games":5,"notes":"Wing G","projection":7.1826,"advanced_stats":{"tov_pg":0.1111111111111111,"usage_pct":0.11688888888888889,"plus_minus_pg":1.7777777777777777,"mins_pct":0.023,"is_qualified":false}}]}