{"bart_player_id":76906,"seasons":[{"year":2023,"team_name":"Green Bay","team_conference":"Horz","class":"Fr","raw_row":["Jack Rose","Green Bay","Horz",21,14.2,76.3,15.7,35.9,39.88,3.9,7.1,10.9,23.2,5,5,1,2,14,0.143,8,25,0.32,1.2,1.7,12.8,"Fr","6-5",21,-0.509914,70.1738,2,2023,76906,"Bristol, WI",null,0.81825124,0,2,2,12,"0.0000",0.1667,0,0,null,null,117.69,118.848,0.310372,25.1802,-8.15431,-5.22144,-2.93288,-6.0529,8.6667,-3.59391,-2.45899,0.2857,0.4762,0.7619,0.4286,0.2381,0.0952,1.5714,"Scoring PG",8.27775,"2003-10-15"],"games":21,"notes":"Scoring PG","projection":8.2778,"advanced_stats":{"tov_pg":0.5238095238095238,"usage_pct":0.13066666666666665,"plus_minus_pg":-4.571428571428571,"mins_pct":0.139,"is_qualified":false}}]}