{"bart_player_id":76902,"seasons":[{"year":2023,"team_name":"Green Bay","team_conference":"Horz","class":"Fr","raw_row":["Donavan Short","Green Bay","Horz",23,14.7,78.5,23.5,31.3,41.86,8.8,11,14.2,24.5,24,39,0.615,11,33,0.333,1,7,0.143,3.4,1,97.5,"Fr","6-10",13,-0.191304,80.5214,5.3,2023,76902,"Denmark, WI",null,0.66662412,7,17,4,16,0.4118,"0.2500",1,2,"0.5000",null,116.437,117.348,0.338829,27.9284,-8.98871,-6.74807,-2.24064,-8.77792,8.2174,-6.7814,-1.99652,0.6087,0.6957,1.3043,0.5217,0.1304,0.2609,2.1304,"PF/C",2.23893,"2003-10-15"],"games":23,"notes":"PF/C","projection":2.2389,"advanced_stats":{"tov_pg":0.782608695652174,"usage_pct":0.27956521739130435,"plus_minus_pg":-5.391304347826087,"mins_pct":0.147,"is_qualified":false}}]}