{"bart_player_id":76911,"seasons":[{"year":2024,"team_name":"Stetson","team_conference":"ASun","class":"Fr","raw_row":["Jackson Huxtable","Stetson","ASun",2,0.2,0,0,0,0,0,0,0,0,0,0,0,0,0,0,0,0,0,0,0,0,"Fr","6-5",14,-0.493498,-6.23574,0,2024,76911,"Sydney, Australia",null,"0.00000000",null,null,null,null,null,null,null,null,null,null,123.439,121.21,0.0487519,0.255101,-6.41572,-3.39041,-3.02532,-6.55432,"4.4000",-4.14588,-2.40844,"0.0000","0.0000","0.0000","0.0000","0.6000","0.2000","3.0000","PF/C",0,"2003-10-15"],"games":2,"notes":"PF/C","projection":0,"advanced_stats":{"tov_pg":0,"usage_pct":0.23760000000000003,"plus_minus_pg":6.6,"mins_pct":0.015,"is_qualified":false}}]}