{"bart_player_id":76916,"seasons":[{"year":2023,"team_name":"Dayton","team_conference":"A10","class":"Fr","raw_row":["Cole Hatkevich","Dayton","A10",2,0.1,0,31.4,0,0,0,55.2,0,100,0,0,0,0,0,0,0,0,0,0,0,0,"Fr","5-9",34,-0.322707,-5.7688,0,2023,76916,"Granger, IN",null,"0.00000000",null,null,null,null,null,null,null,null,null,null,81.9439,81.7264,0.164839,0.554052,-39.946,-37.5155,-2.43047,-30.8211,"1.0000",-25.2864,-5.53465,"0.0000","0.5000","0.5000","0.0000","0.0000","0.0000","0.0000","PF/C",0,"2003-10-15"],"games":2,"notes":"PF/C","projection":0,"advanced_stats":{"tov_pg":0.5,"usage_pct":0.4575,"plus_minus_pg":-1.5,"mins_pct":0.001,"is_qualified":false}}]}