{"bart_player_id":76913,"seasons":[{"year":2023,"team_name":"Howard","team_conference":"MEAC","class":"Fr","raw_row":["Freedom Rhames","Howard","MEAC",15,5.1,82.3,13,42.9,53.27,7.1,8.6,4.9,39.1,5,7,0.714,0,1,0,2,6,0.333,0,0,100,"Fr","5-11",55,-0.20651,73.7048,5.5,2023,76913,"Los Angeles, CA",null,0.71432241,0,0,0,1,null,"0.0000",0,0,null,null,109.701,112.105,0.261465,8.76545,-6.6916,-3.53475,-3.15685,-9.74986,5.0556,-6.10111,-3.64875,0.2778,0.2778,0.5556,0.2778,0.1111,"0.0000",0.6111,"Wing G",5.1266,"2003-10-15"],"games":15,"notes":"Wing G","projection":5.1266,"advanced_stats":{"tov_pg":0.3888888888888889,"usage_pct":0.10538888888888889,"plus_minus_pg":-1.4705882352941178,"mins_pct":0.07,"is_qualified":false}}]}