{"bart_player_id":76959,"seasons":[{"year":2023,"team_name":"Baylor","team_conference":"B12","class":"Jr","raw_row":["Jake Younkin","Baylor","B12",8,0.7,0,22.3,0,0,0,0,0,0,0,0,0,0,1,0,0,5,0,0,0,0,"Jr","6-3",2,-0.381148,-0.642346,4,2023,76959,"Loveland, OH",null,"0.00000000",0,0,0,1,null,"0.0000",0,0,null,null,113.844,113.946,0.0662951,0.991496,-18.9585,-11.7597,-7.19882,-34.9438,"1.2500",-23.3151,-11.6287,"0.0000","0.0000","0.0000","0.0000","0.0000","0.0000","0.0000","Scoring PG",30.8499,"2001-10-15"],"games":8,"notes":"Scoring PG","projection":30.8499,"advanced_stats":{"tov_pg":0,"usage_pct":0.253,"plus_minus_pg":-1.625,"mins_pct":0.009,"is_qualified":false}}]}