{"bart_player_id":76972,"seasons":[{"year":2023,"team_name":"Ohio St.","team_conference":"B10","class":"Fr","raw_row":["Brice Sensabaugh","Ohio St.","B10",33,57.4,112,32.1,55.5,58.82,6.2,18.9,10.9,15.7,83,100,0.83,137,261,0.525,60,148,0.405,1.7,1.3,24.4,"Fr","6-6",10,4.08958,135.609,4,2023,76972,"Orlando, FL",87.4,0.56715758,52,90,85,172,0.5778,0.4942,9,10,"0.9000",28,102.692,97.806,2.65638,148.748,3.7691,4.65927,-0.890163,7.64783,24.5455,7.34192,0.305908,1.2727,4.0909,5.3636,1.1515,0.5455,0.3939,16.2727,"Stretch 4",11.1445,"2003-10-30"],"games":33,"notes":"Stretch 4","projection":11.1445,"advanced_stats":{"tov_pg":2.0303030303030303,"usage_pct":0.34354545454545454,"plus_minus_pg":3,"mins_pct":0.574,"is_qualified":true}}]}