{"bart_player_id":76987,"seasons":[{"year":2023,"team_name":"East Tennessee St.","team_conference":"SC","class":"Sr","raw_row":["Jamarius Hairston","East Tennessee St.","SC",23,36.4,108.5,13.8,51.6,54.31,5.7,11.2,3.8,14.8,18,25,0.72,5,20,0.25,29,74,0.392,0.8,1.5,26.6,"Sr","6-5",1,0.576657,95.9844,2.9,2023,76987,"Salisbury, NC",null,"0.60000000",3,10,2,10,"0.3000","0.2000",0,0,null,null,107.223,108.255,1.38171,69.0963,-1.86965,-0.00520756,-1.86444,-1.44435,"18.0400",-0.251437,-1.19291,"0.8400","1.6800","2.5200","0.3600","0.4400","0.1600","4.8800","Wing G",10.0913,"2000-10-15"],"games":23,"notes":"Wing G","projection":10.0913,"advanced_stats":{"tov_pg":0.6,"usage_pct":0.15123999999999999,"plus_minus_pg":-1.28,"mins_pct":0.353,"is_qualified":true}}]}