{"bart_player_id":76996,"seasons":[{"year":2023,"team_name":"Miami OH","team_conference":"MAC","class":"Fr","raw_row":["Mitchell Rylee","Miami OH","MAC",5,2.6,95.7,11,25,43.8,0,16.3,0,0,4,6,0.667,1,4,0.25,0,0,0,0,0,150,"Fr","6-8",5,-0.0849763,83.149,1.3,2023,76996,"Fort Mitchell, KY",null,"1.00000000",1,1,0,3,"1.0000","0.0000",0,0,null,null,115.356,112.783,0.342431,4.22927,-13.3569,-6.99775,-6.35915,-7.17612,"6.7500",-3.4368,-3.73933,"0.6250","1.1250","1.7500","0.1250","0.1250","0.2500","1.7500","Wing F",0,"2003-10-15"],"games":5,"notes":"Wing F","projection":0,"advanced_stats":{"tov_pg":0.125,"usage_pct":0.13037500000000002,"plus_minus_pg":2.5,"mins_pct":0.04,"is_qualified":false}}]}