{"bart_player_id":76995,"seasons":[{"year":2024,"team_name":"Western Illinois","team_conference":"OVC","class":"Fr","raw_row":["De' Meiko Anderson","Western Illinois","OVC",12,3.8,78.7,25.9,30,37.2,0,12.5,4.8,15.8,5,6,0.833,3,8,0.375,2,12,0.167,0,5.5,30,"Fr","6-0",11,-0.0790431,82.2347,1.8,2024,76995,"Minneapolis, MN",null,"1.50000000",2,2,1,6,"1.0000",0.1667,0,0,null,null,95.3201,96.1165,0.429498,9.7265,-7.79311,-6.24335,-1.54976,-4.2922,"5.7500",-5.74996,1.45776,0.1875,0.5625,"0.7500","0.3750","0.3750","0.0000",2.9375,"Wing G",16.2263,"2003-10-15"],"games":12,"notes":"Wing G","projection":16.2263,"advanced_stats":{"tov_pg":0.25,"usage_pct":0.2853125000000001,"plus_minus_pg":0.9375,"mins_pct":0.069,"is_qualified":false}}]}