{"bart_player_id":77007,"seasons":[{"year":2023,"team_name":"UNC Asheville","team_conference":"BSth","class":"Fr","raw_row":["Zaharee Maddox","UNC Asheville","BSth",2,0.1,0,29.1,0,0,0,0,0,100,0,0,0,0,0,0,0,0,0,0,0,0,"Fr","5-10",11,-0.317149,-4.16699,0,2023,77007,"Mocksville, NC",null,"0.00000000",null,null,null,null,null,null,null,null,null,null,111.564,109.835,0.0673037,0.194586,-31.3165,-30.2525,-1.06403,-35.2573,"3.0000",-22.1162,-13.141,"0.0000","0.0000","0.0000","0.0000","0.7500","0.0000","1.0000","PF/C",0,"2003-10-15"],"games":2,"notes":"PF/C","projection":0,"advanced_stats":{"tov_pg":0.5,"usage_pct":0.22575,"plus_minus_pg":3,"mins_pct":0.009,"is_qualified":false}}]}