{"bart_player_id":77010,"seasons":[{"year":2023,"team_name":"Saint Louis","team_conference":"A10","class":"Fr","raw_row":["Phil Jones","Saint Louis","A10",2,0.3,0,0,0,0,0,0,0,0,0,0,0,0,0,0,0,0,0,0,0,0,"Fr",null,25,-0.654215,-7.0368,0,2023,77010,"Chicago, IL",null,"0.00000000",null,null,null,null,null,null,null,null,null,null,113.713,117.006,0.0848357,0.408228,-2.13446,-1.50096,-0.633494,-8.8361,2.3333,-5.38445,-3.45166,"0.0000","0.0000","0.0000","0.0000",0.3333,"0.0000","0.0000","PF/C",0,"2003-10-15"],"games":2,"notes":"PF/C","projection":0,"advanced_stats":{"tov_pg":0,"usage_pct":0,"plus_minus_pg":1,"mins_pct":0.005,"is_qualified":false}}]}