{"bart_player_id":77032,"seasons":[{"year":2025,"team_name":"VCU","team_conference":"A10","class":"So","raw_row":["Obinnaya Okafor","VCU","A10",13,1.2,163.9,10.3,50,67.8,7,14,10.5,0,2,2,1,1,2,0.5,0,0,0,0,0,100,"So","6-9",7,0.229765,143.244,2.5,2025,77032,"Hampton, VA",null,"1.00000000",1,2,0,0,"0.5000",null,0,0,null,null,101.754,102.182,0.127191,2.17228,0.714728,1.96542,-1.2507,3.30296,1.2643,2.07889,1.22408,0.0714,0.2143,0.2857,0.0714,"0.0000","0.0000",0.2857,"PF/C",0,"2003-10-15"],"games":13,"notes":"PF/C","projection":0,"advanced_stats":{"tov_pg":0.07142857142857142,"usage_pct":0.07707142857142857,"plus_minus_pg":-0.21428571428571427,"mins_pct":0.013,"is_qualified":false}}]}