{"bart_player_id":77049,"seasons":[{"year":2023,"team_name":"Green Bay","team_conference":"Horz","class":"Jr","raw_row":["Zane Short","Green Bay","Horz",18,2.6,65.8,22.4,22.2,30.15,10.8,3.9,13.5,24.5,2,2,1,2,7,0.286,0,2,0,6.5,3.7,22.2,"Jr","6-6",2,-0.134168,66.1403,6.1,2023,77049,"Denmark, WI",null,"0.66646670",1,3,1,4,0.3333,"0.2500",0,0,null,null,111.172,111.388,0.113505,6.18177,-6.80125,-7.89927,1.09802,-6.21513,1.8333,-5.70052,-0.514608,0.1667,0.0556,0.2222,0.1111,0.1111,0.1111,0.3333,"Wing F",3.61674,"2001-10-15"],"games":18,"notes":"Wing F","projection":3.6167,"advanced_stats":{"tov_pg":0.17647058823529413,"usage_pct":0.1716470588235294,"plus_minus_pg":-1,"mins_pct":0.027,"is_qualified":false}}]}