{"bart_player_id":77058,"seasons":[{"year":2023,"team_name":"Coppin St.","team_conference":"MEAC","class":"Fr","raw_row":["CJ Scott","Coppin St.","MEAC",9,2.7,59.4,19.9,20,38.22,10.1,6.2,0,39.3,4,6,0.667,1,5,0.2,0,0,0,0,3.1,120,"Fr","6-4",11,-0.365318,59.7827,2.3,2023,77058,"Severn, MD",null,"0.00000000",1,3,0,2,0.3333,"0.0000",0,0,null,null,113.533,113.676,0.207017,5.9373,-16.7613,-11.4498,-5.31151,-11.4761,3.8889,-6.6325,-4.84363,0.3333,0.2222,0.5556,"0.0000",0.2222,"0.0000",0.6667,"Wing G",0,"2003-10-15"],"games":9,"notes":"Wing G","projection":0,"advanced_stats":{"tov_pg":0.5555555555555556,"usage_pct":0.16444444444444445,"plus_minus_pg":-2,"mins_pct":0.029,"is_qualified":false}}]}