{"bart_player_id":77077,"seasons":[{"year":2023,"team_name":"Queens","team_conference":"ASun","class":"Sr","raw_row":["Kenny Dye","Queens","ASun",30,88.8,107.5,26.9,50.6,54.88,3.1,10.3,28.3,18.1,130,186,0.699,127,266,0.477,47,124,0.379,0.2,1.7,47.7,"Sr","6-0",15,3.34172,114.358,3.3,2023,77077,"Jacksonville, NC",null,"1.63541980",73,150,54,116,0.4867,0.4655,0,0,null,null,109.768,111.086,2.23507,172.51,0.211626,2.0839,-1.87227,-0.191554,"34.6970",1.39548,-1.58704,0.9394,3.1212,4.0606,4.7576,1.1212,0.0606,16.9394,"Scoring PG",6.57293,"2000-10-15"],"games":30,"notes":"Scoring PG","projection":6.5729,"advanced_stats":{"tov_pg":2.909090909090909,"usage_pct":0.25827272727272726,"plus_minus_pg":3.8181818181818183,"mins_pct":0.866,"is_qualified":true}}]}