{"bart_player_id":77080,"seasons":[{"year":2023,"team_name":"Murray St.","team_conference":"MVC","class":"Jr","raw_row":["Jamari Smith","Murray St.","MVC",30,64.4,96.5,24.4,48.5,50.23,4.8,13.6,6.4,14,51,85,0.6,117,241,0.485,22,68,0.324,1.6,1.1,27.5,"Jr","6-8",52,1.31415,101.467,3.6,2023,77080,"Jonesboro, GA",null,0.50003261,59,99,58,142,"0.5960",0.4085,12,14,0.8571,null,108.757,110.158,1.7605,132.741,-4.39145,-1.74072,-2.65073,-3.43614,26.9333,-1.34308,-2.09306,"1.1000",3.1333,4.2333,0.7667,"0.5000",0.3667,"11.7000","Wing F",5.04776,"2000-07-19"],"games":30,"notes":"Wing F","projection":5.0478,"advanced_stats":{"tov_pg":1.5333333333333334,"usage_pct":0.2638000000000001,"plus_minus_pg":-3.9,"mins_pct":0.623,"is_qualified":true}}]}