{"bart_player_id":77081,"seasons":[{"year":2023,"team_name":"Arkansas","team_conference":"SEC","class":"Fr","raw_row":["Nick Smith Jr.","Arkansas","SEC",17,30.4,95.6,26.3,43.6,47.18,1.1,6.3,13.4,13.3,37,50,0.74,52,131,0.397,24,71,0.338,0.5,1.8,24.8,"Fr","6-5",3,2.2054,111.842,2.4,2023,77081,"Jacksonville, AR",99.6,1.07410904,17,34,35,97,"0.5000",0.3608,4,4,"1.0000",27,102.216,96.7441,2.91102,64.3529,-1.56382,0.121433,-1.68525,-0.171175,25.8235,0.79875,-0.969926,0.2353,1.4118,1.6471,1.7059,0.8235,0.1176,12.5294,"Combo G",9.18598,"2004-04-18"],"games":17,"notes":"Combo G","projection":9.186,"advanced_stats":{"tov_pg":1.588235294117647,"usage_pct":0.28117647058823525,"plus_minus_pg":0.8235294117647058,"mins_pct":0.303,"is_qualified":true}}]}