{"bart_player_id":77118,"seasons":[{"year":2023,"team_name":"James Madison","team_conference":"SB","class":"Fr","raw_row":["Brycen Blaine","James Madison","SB",6,2.5,85.9,32.8,61.1,54.69,3.7,15.3,31.6,33.8,3,8,0.375,1,5,0.2,3,4,0.75,0,3.7,88.9,"Fr","6-5",12,0.103962,93.2225,9.3,2023,77118,"Lilburn, GA",null,1.33329999,2,4,0,2,"0.5000","0.0000",0,0,null,null,93.1051,98.657,0.530892,6.83979,-2.42454,-3.08658,0.662034,-6.2377,7.3333,-5.33243,-0.905275,0.3333,1.2222,1.5556,1.3333,0.4444,"0.0000",3.3333,"Pure PG",7.28121,"2003-10-15"],"games":6,"notes":"Pure PG","projection":7.2812,"advanced_stats":{"tov_pg":1,"usage_pct":0.19944444444444442,"plus_minus_pg":1.7777777777777777,"mins_pct":0.049,"is_qualified":false}}]}