{"bart_player_id":77138,"seasons":[{"year":2023,"team_name":"South Dakota","team_conference":"Sum","class":"Fr","raw_row":["Jeremiah Coleman","South Dakota","Sum",24,15.9,58.3,18.6,24.2,29.22,1.3,10.9,21.5,37,7,14,0.5,6,20,0.3,1,11,0.091,0.6,2,45.2,"Fr","6-0",55,-0.827603,56.1215,3.9,2023,77138,"Parker, CO",null,1.07690001,5,12,1,8,0.4167,"0.1250",0,0,null,null,111.917,113.946,0.406607,30.5492,-11.5626,-9.26127,-2.30134,-11.5369,8.6154,-8.66777,-2.86909,0.0769,0.8846,0.9615,1.0769,0.3077,0.0385,1.1923,"Combo G",3.59705,"2003-10-15"],"games":24,"notes":"Combo G","projection":3.5971,"advanced_stats":{"tov_pg":1,"usage_pct":0.1727692307692308,"plus_minus_pg":-0.32,"mins_pct":0.181,"is_qualified":false}}]}