{"bart_player_id":77171,"seasons":[{"year":2023,"team_name":"New Orleans","team_conference":"Slnd","class":"Fr","raw_row":["Preston Murphy Jr.","New Orleans","Slnd",21,14.9,70,15.8,32.1,43.03,3.5,10.7,12.8,40.7,11,12,0.917,6,18,0.333,2,10,0.2,0,1.2,42.9,"Fr","6-1",23,-0.7277,62.6184,4,2023,77171,"Barrington, RI",null,0.71430067,5,10,1,8,"0.5000","0.1250",0,0,null,null,113.02,114.866,0.424709,28.0509,-9.8695,-7.09974,-2.76976,-10.3942,8.5909,-6.91035,-3.4838,0.2273,0.7273,0.9545,0.6818,0.1818,"0.0000",1.3182,"Wing G",3.05555,"2003-10-15"],"games":21,"notes":"Wing G","projection":3.0556,"advanced_stats":{"tov_pg":0.9545454545454546,"usage_pct":0.10827272727272726,"plus_minus_pg":-3.3636363636363638,"mins_pct":0.147,"is_qualified":false}}]}