{"bart_player_id":77178,"seasons":[{"year":2023,"team_name":"Niagara","team_conference":"MAAC","class":"Fr","raw_row":["Bryce Moore","Niagara","MAAC",22,35.5,91,15,46.7,49.7,3.4,7.9,3.7,20.7,13,16,0.813,14,43,0.326,19,48,0.396,1,1.2,17.6,"Fr","6-4",1,-0.324253,82.3952,3.9,2023,77178,"Round Lake, IL",null,0.50005228,9,22,5,21,0.4091,0.2381,0,0,null,null,107.959,111.269,1.20449,58.5407,-5.24355,-3.31389,-1.92965,-6.02187,19.6957,-4.15653,-1.86534,0.5652,1.2609,1.8261,0.4783,0.3478,0.1739,4.6087,"Wing G",7.09269,"2003-10-15"],"games":22,"notes":"Wing G","projection":7.0927,"advanced_stats":{"tov_pg":0.9565217391304348,"usage_pct":0.16969565217391303,"plus_minus_pg":-1.6521739130434783,"mins_pct":0.362,"is_qualified":true}}]}