{"bart_player_id":77191,"seasons":[{"year":2025,"team_name":"New Orleans","team_conference":"Slnd","class":"So","raw_row":["JR Jacobs","New Orleans","Slnd",29,65.2,79.7,17,36.1,39.44,0.9,7.7,26.2,29,23,29,0.793,35,97,0.361,21,87,0.241,0.4,2.4,15.8,"So","5-9",1,-1.20471,77.3282,2.5,2025,77191,"Memphis, TN",null,1.64284535,23,52,12,45,0.4423,0.2667,0,0,null,null,119.717,119.538,1.1836,122.947,-7.38032,-4.02786,-3.35246,-7.4921,28.1241,-5.01827,-2.47382,0.2414,1.9655,2.2069,3.9655,1.1724,0.1034,5.3793,"Scoring PG",6.12778,"2003-10-15"],"games":29,"notes":"Scoring PG","projection":6.1278,"advanced_stats":{"tov_pg":2.413793103448276,"usage_pct":0.15179310344827585,"plus_minus_pg":-11.10344827586207,"mins_pct":0.653,"is_qualified":true}}]}