{"bart_player_id":77207,"seasons":[{"year":2023,"team_name":"UT Arlington","team_conference":"WAC","class":"Fr","raw_row":["Cash Clayton","UT Arlington","WAC",2,0.3,0,9.8,0,0,0,0,0,0,0,0,0,0,0,0,0,1,0,0,0,0,"Fr","6-2",14,-0.62007,-2.11684,0,2023,77207,"Austin, TX",null,0.40000001,0,0,0,0,null,null,0,0,null,null,115.828,119.241,0.0693259,0.377848,-11.6763,-7.60615,-4.07013,-17.3651,"2.4000",-10.5859,-6.77918,"0.2000","0.2000","0.4000","0.2000","0.0000","0.0000","0.4000","Scoring PG",17.2528,"2003-10-15"],"games":2,"notes":"Scoring PG","projection":17.2528,"advanced_stats":{"tov_pg":0,"usage_pct":0.236,"plus_minus_pg":2,"mins_pct":0.008,"is_qualified":false}}]}