{"bart_player_id":77212,"seasons":[{"year":2023,"team_name":"Wagner","team_conference":"NEC","class":"So","raw_row":["Lavell Brodnex","Wagner","NEC",2,0.6,80,20,20,25.21,55.4,67.2,0,0,1,2,0.5,1,4,0.25,0,1,0,0,0,40,"So","6-5",4,-0.0711833,80.3925,6.7,2023,77212,"Saginaw, MI",null,"0.00000000",1,4,0,0,"0.2500",null,1,1,"1.0000",null,86.6298,89.0549,0.418227,1.52687,-20.3479,-5.87074,-14.4772,4.95495,"4.0000",8.69085,-3.7359,"1.0000","1.2500","2.2500","0.0000","0.2500","0.2500","2.0000","PF/C",10.0751,"2002-10-15"],"games":2,"notes":"PF/C","projection":10.0751,"advanced_stats":{"tov_pg":0.25,"usage_pct":0.44925000000000004,"plus_minus_pg":2.75,"mins_pct":0.013,"is_qualified":false}}]}