{"bart_player_id":77222,"seasons":[{"year":2023,"team_name":"Fairleigh Dickinson","team_conference":"NEC","class":"Sr","raw_row":["Demetre Roberts","Fairleigh Dickinson","NEC",35,87,108.9,24.9,48.6,53.99,1.4,9.9,22.4,15.5,137,171,0.801,131,267,0.491,60,188,0.319,0.5,2,37.6,"Sr","5-8",2,2.92101,111.421,3,2023,77222,"Mount Vernon, NY",null,1.91462847,62,118,69,149,0.5254,0.4631,0,0,null,null,109.627,117.304,1.44012,199.442,-1.83177,1.79575,-3.62751,-1.12214,34.4865,1.45749,-2.57963,0.4324,2.6757,3.1081,4.2432,1.2432,0.1351,16.5946,"Scoring PG",8.84744,"2000-01-22"],"games":35,"notes":"Scoring PG","projection":8.8474,"advanced_stats":{"tov_pg":2.2432432432432434,"usage_pct":0.25027027027027027,"plus_minus_pg":3.7837837837837838,"mins_pct":0.853,"is_qualified":true}}]}