{"bart_player_id":77250,"seasons":[{"year":2023,"team_name":"Charleston","team_conference":"CAA","class":"Sr","raw_row":["Jaylon Scott","Charleston","CAA",34,68,104.6,12.1,47.8,51.92,7,14.3,15.6,27.5,39,60,0.65,46,87,0.529,6,28,0.214,2.4,2.2,52.2,"Sr","6-5",21,0.371975,91.1698,3,2023,77250,"Allen, TX",null,1.66068745,41,70,5,17,0.5857,0.2941,1,2,"0.5000",null,93.9412,95.6571,3.17015,189.006,4.4332,-0.114427,4.54763,2.28127,27.2286,-0.79449,3.07576,1.8286,3.5143,5.3429,2.6571,1.0857,0.6571,4.2571,"Wing G",1.6973,"2000-07-28"],"games":34,"notes":"Wing G","projection":1.6973,"advanced_stats":{"tov_pg":1.6,"usage_pct":0.09899999999999999,"plus_minus_pg":8.588235294117647,"mins_pct":0.675,"is_qualified":true}}]}