{"bart_player_id":77263,"seasons":[{"year":2025,"team_name":"Kent St.","team_conference":"MAC","class":"So","raw_row":["Jamal Sumlin","Kent St.","MAC",33,49.6,110.4,16.4,52.3,56.03,5.6,13.1,16.2,20.9,36,47,0.766,60,120,0.5,12,29,0.414,1.1,2.4,31.5,"So","6-3",4,0.981081,103.625,3.6,2025,77263,"Cleveland, OH",null,1.55811487,35,62,25,58,0.5645,"0.4310",0,0,null,null,101.711,101.6,2.13835,120.4,2.28952,0.0388655,2.25065,1.49084,20.4171,-0.660354,2.15119,0.9714,"2.2000",3.1714,1.9143,0.8286,0.1714,5.7429,"Wing G",2.53572,"2003-10-15"],"games":33,"notes":"Wing G","projection":2.5357,"advanced_stats":{"tov_pg":1.2285714285714286,"usage_pct":0.1583142857142857,"plus_minus_pg":3.2285714285714286,"mins_pct":0.495,"is_qualified":true}}]}