{"bart_player_id":77265,"seasons":[{"year":2023,"team_name":"Albany","team_conference":"AE","class":"Sr","raw_row":["Da'Kquan Davis","Albany","AE",27,59.4,99.1,19,46.4,49.08,0.8,9.5,12.4,12.6,31,41,0.756,38,98,0.388,44,126,0.349,0,1.2,18.3,"Sr","6-1",2,0.769845,95.9268,2.9,2023,77265,"Philadelphia, PA",null,1.41927033,16,44,22,54,0.3636,0.4074,0,0,null,null,115.376,117.748,1.01648,96.679,-5.79088,-1.29052,-4.50036,-4.93372,25.6207,-1.92976,-3.00395,0.1724,1.7931,1.9655,1.5172,0.4828,0.0345,8.3793,"Combo G",10.7602,"2000-10-15"],"games":27,"notes":"Combo G","projection":10.7602,"advanced_stats":{"tov_pg":1.0689655172413792,"usage_pct":0.19972413793103447,"plus_minus_pg":-5.518518518518518,"mins_pct":0.582,"is_qualified":true}}]}