{"bart_player_id":77266,"seasons":[{"year":2023,"team_name":"Southern Miss","team_conference":"SB","class":"Sr","raw_row":["Marcelo Perez","Southern Miss","SB",23,15.1,92.3,17.8,45.3,48.42,3.2,9.8,14.3,21.8,10,16,0.625,18,33,0.545,1,10,0.1,0.6,1,37.2,"Sr","6-4",25,0.0321726,88.4086,3.3,2023,77266,"Talca, Chile",null,1.14280409,13,17,5,16,0.7647,0.3125,0,0,null,null,103.789,104.534,0.674391,27.0715,-4.90888,-3.73015,-1.17873,-5.38272,8.3462,-3.9767,-1.40602,0.2308,0.8077,1.0385,0.6154,0.1154,0.0385,2.6154,"Wing G",3.225,"1999-04-25"],"games":23,"notes":"Wing G","projection":3.225,"advanced_stats":{"tov_pg":0.5384615384615384,"usage_pct":0.20015384615384615,"plus_minus_pg":0,"mins_pct":0.166,"is_qualified":false}}]}