{"bart_player_id":77285,"seasons":[{"year":2023,"team_name":"Texas","team_conference":"B12","class":"Fr","raw_row":["Arterio Morris","Texas","B12",38,29.1,103.1,19.6,51,53.58,3.7,10.5,7.9,15,22,28,0.786,33,64,0.516,29,86,0.337,2.2,3.2,18.7,"Fr","6-3",2,0.849279,108.242,4.3,2023,77285,"Dallas, TX",96.8,0.86948621,25,37,8,27,0.6757,0.2963,11,12,0.9167,null,95.3168,89.5082,1.60555,90.1581,4.4738,1.78784,2.68596,4.09338,11.7632,0.878792,3.21459,0.3684,1.0526,1.4211,0.5263,0.6579,0.2368,4.6053,"Wing G",10.967,"2003-03-18"],"games":38,"notes":"Wing G","projection":10.967,"advanced_stats":{"tov_pg":0.6052631578947368,"usage_pct":0.19213157894736846,"plus_minus_pg":2.5526315789473686,"mins_pct":0.289,"is_qualified":true}}]}