{"bart_player_id":77282,"seasons":[{"year":2023,"team_name":"Baylor","team_conference":"B12","class":"Fr","raw_row":["Keyonte George","Baylor","B12",33,69.3,102.7,29.8,47,52.35,4.2,13.6,20,19.8,119,150,0.793,78,184,0.424,77,228,0.338,0.7,2.3,36.4,"Fr","6-4",1,3.4798,122.345,3,2023,77282,"Lewisville, TX",98.8,0.95789918,38,65,40,119,0.5846,0.3361,3,4,"0.7500",16,103.505,97.906,3.10418,168.925,4.68797,4.10625,0.581722,4.65069,28.6667,4.2202,0.430486,"1.0000",3.1515,4.1515,2.7576,1.1212,0.1818,15.3333,"Combo G",14.2096,"2003-11-08"],"games":33,"notes":"Combo G","projection":14.2096,"advanced_stats":{"tov_pg":2.878787878787879,"usage_pct":0.3071212121212122,"plus_minus_pg":5.242424242424242,"mins_pct":0.69,"is_qualified":true}}]}