{"bart_player_id":77290,"seasons":[{"year":2024,"team_name":"Idaho St.","team_conference":"BSky","class":"Fr","raw_row":["Turner Livingston","Idaho St.","BSky",3,0.2,0,21.1,0,0,0,69.7,0,0,0,0,0,0,1,0,0,0,0,0,0,0,"Fr","6-4",12,-0.205629,-0.312235,0,2024,77290,"Spokane, WA",null,"0.00000000",0,0,0,1,null,"0.0000",0,0,null,null,100.484,100.029,0.0706674,0.448465,-38.5022,-26.7687,-11.7336,-18.2259,"0.8000",-12.5229,-5.70296,"0.0000","0.2000","0.2000","0.0000","0.0000","0.0000","0.0000","PF/C",0,"2003-10-15"],"games":3,"notes":"PF/C","projection":0,"advanced_stats":{"tov_pg":0.2,"usage_pct":0.1524,"plus_minus_pg":0,"mins_pct":0.004,"is_qualified":false}}]}