{"bart_player_id":77294,"seasons":[{"year":2023,"team_name":"Hofstra","team_conference":"CAA","class":"Fr","raw_row":["Aiden Best","Hofstra","CAA",5,0.6,178.2,24.8,83.3,90.4,0,13.5,0,0,3,3,1,1,2,0.5,1,1,1,0,0,100,"Fr","5-9",14,0.526064,181.983,0,2023,77294,"Dix Hills, NY",null,"0.00000000",0,0,1,2,null,"0.5000",0,0,null,null,104.001,109.113,0.111692,1.14518,2.76409,10.465,-7.70093,22.3814,"2.0000",18.4654,3.91597,"0.0000",0.3333,0.3333,"0.0000","0.0000","0.0000",1.6667,"Wing G",7.21179,"2003-10-15"],"games":5,"notes":"Wing G","projection":7.2118,"advanced_stats":{"tov_pg":0,"usage_pct":0.25266666666666665,"plus_minus_pg":-0.5,"mins_pct":0.008,"is_qualified":false}}]}