{"bart_player_id":77309,"seasons":[{"year":2023,"team_name":"East Tennessee St.","team_conference":"SC","class":"Fr","raw_row":["Jeremy Gregory","East Tennessee St.","SC",9,3.9,93.7,20.7,40,43.48,17.8,22.4,7.9,18.4,4,8,0.5,4,10,0.4,0,0,0,5.2,1.3,80,"Fr","6-8",0,0.0864804,92.0028,2.6,2023,77309,"Charlotte, NC",null,0.66666665,4,9,0,1,0.4444,"0.0000",0,0,null,null,101.079,102.587,0.482813,9.51768,-4.01724,-4.1024,0.0851615,-1.62813,"4.8000",-0.25297,-1.37516,"0.8000","0.9000","1.7000","0.2000","0.1000","0.2000","1.4000","C",0,"2003-10-15"],"games":9,"notes":"C","projection":0,"advanced_stats":{"tov_pg":0.3,"usage_pct":0.27549999999999997,"plus_minus_pg":-0.6,"mins_pct":0.037,"is_qualified":false}}]}