{"bart_player_id":77319,"seasons":[{"year":2025,"team_name":"Campbell","team_conference":"CAA","class":"Jr","raw_row":["Wesley Johnson","Campbell","CAA",4,0.8,93.4,31.1,41.7,41.67,12.8,13.6,0,0,0,0,0,1,2,0.5,1,4,0.25,0,0,0,"Jr","7-0",24,0.0981277,101.942,4.3,2025,77319,"Raleigh, NC",null,0.66680002,0,1,1,1,"0.0000","1.0000",0,0,null,null,109.901,112.035,0.15929,1.21678,-15.436,-3.02898,-12.407,-14.0966,"2.6500",-5.71189,-8.38476,0.1667,0.1667,0.3333,0.1667,"0.0000","0.0000",1.1667,"PF/C",25.1723,"2003-10-01"],"games":4,"notes":"PF/C","projection":25.1723,"advanced_stats":{"tov_pg":0,"usage_pct":0.21966666666666665,"plus_minus_pg":0.8333333333333334,"mins_pct":0.012,"is_qualified":false}}]}