{"bart_player_id":77330,"seasons":[{"year":2023,"team_name":"East Texas A&M","team_conference":"Slnd","class":"Sr","raw_row":["JJ Romer Rosario","East Texas A&M","Slnd",32,45.6,110.7,22.4,58.7,59.35,5.9,17.5,11.1,14.7,17,25,0.68,70,105,0.667,41,119,0.345,2.6,1.4,11.2,"Sr","6-9",0,1.37297,108.926,3.9,2023,77330,"Hialeah Gardens, FL",null,"0.90910000",43,57,27,48,0.7544,0.5625,5,5,"1.0000",null,107.762,111.032,1.15166,104.452,-0.987679,1.08341,-2.07109,0.360881,18.5758,2.02105,-1.66017,0.8788,2.6061,3.4848,0.9091,0.4242,0.4848,8.6667,"PF/C",11.9171,"1999-12-09"],"games":32,"notes":"PF/C","projection":11.9171,"advanced_stats":{"tov_pg":1,"usage_pct":0.23166666666666666,"plus_minus_pg":3.3333333333333335,"mins_pct":0.455,"is_qualified":true}}]}