{"bart_player_id":77338,"seasons":[{"year":2024,"team_name":"Missouri St.","team_conference":"MVC","class":"Fr","raw_row":["Kanon Gipson","Missouri St.","MVC",8,0.5,26.9,16.1,0,0,0,0,22.6,52.2,0,0,0,0,1,0,0,0,0,0,0,0,"Fr","6-3",23,-0.192705,25.1084,5.7,2024,77338,"Rogersville, MO",null,"1.00000000",0,0,0,1,null,"0.0000",0,0,null,null,112.821,116.083,0.0440072,0.75669,-23.7455,-16.6442,-7.10127,-16.8809,"0.8750",-12.655,-4.22587,"0.0000","0.0000","0.0000","0.1250","0.0000","0.0000","0.0000","PF/C",0,"2003-02-12"],"games":8,"notes":"PF/C","projection":0,"advanced_stats":{"tov_pg":0.125,"usage_pct":0.110375,"plus_minus_pg":-0.375,"mins_pct":0.005,"is_qualified":false}}]}