{"bart_player_id":77333,"seasons":[{"year":2023,"team_name":"Morgan St.","team_conference":"MEAC","class":"Sr","raw_row":["David McCullough","Morgan St.","MEAC",17,29.5,85.4,16.6,40.2,47.86,4.5,16.4,7.2,25.5,27,37,0.73,22,54,0.407,3,12,0.25,3.8,2.5,56.1,"Sr","6-6",23,-0.469818,79.7206,4.4,2023,77333,"Bowie, MD",null,0.55173484,20,44,2,10,0.4545,"0.2000",3,5,"0.6000",null,99.5882,103.58,1.60473,65.9047,-4.51566,-5.68414,1.16848,-3.99352,18.3889,-4.46506,0.471535,0.7222,2.6111,3.3333,0.8889,0.9444,0.6667,5.4444,"Wing G",2.12016,"2000-10-15"],"games":17,"notes":"Wing G","projection":2.1202,"advanced_stats":{"tov_pg":1.5789473684210527,"usage_pct":0.16089473684210523,"plus_minus_pg":-5.833333333333333,"mins_pct":0.292,"is_qualified":false}}]}