{"bart_player_id":77352,"seasons":[{"year":2023,"team_name":"New Orleans","team_conference":"Slnd","class":"So","raw_row":["Spencer Simes","New Orleans","Slnd",9,1.9,59.5,19.2,31.3,31.25,0,10.4,7.7,24.9,0,0,0,1,6,0.167,1,2,0.5,0,0,0,"So","6-2",12,-0.269648,56.8228,1.7,2023,77352,"North Little Rock, AR",null,0.66666665,0,2,1,4,"0.0000","0.2500",0,0,null,null,116.029,114.702,0.128832,3.018,-16.1849,-10.6338,-5.55107,-13.3817,"3.4000",-6.95895,-6.42279,"0.3000","0.2000","0.5000","0.2000","0.0000","0.0000","1.0000","Combo G",4.79239,"2002-10-15"],"games":9,"notes":"Combo G","projection":4.7924,"advanced_stats":{"tov_pg":0.3,"usage_pct":0.1749,"plus_minus_pg":-0.3,"mins_pct":0.027,"is_qualified":false}}]}