{"bart_player_id":77364,"seasons":[{"year":2023,"team_name":"South Dakota","team_conference":"Sum","class":"Fr","raw_row":["Cade Kandolin","South Dakota","Sum",2,0.1,0,44.2,0,0,0,0,0,0,0,0,0,0,0,0,0,1,0,0,0,0,"Fr","6-1",0,-0.192948,-23.9787,80,2023,77364,"Rapid City, SD",null,0.66659999,0,0,0,0,null,null,0,0,null,null,113.196,111.405,0.0309264,0.156548,-40.8211,-23.6556,-17.1655,-65.507,"4.0000",-55.9886,-9.51841,"0.0000","0.0000","0.0000",0.3333,"0.0000","0.0000","0.0000","PF/C",51.9938,"2003-10-15"],"games":2,"notes":"PF/C","projection":51.9938,"advanced_stats":{"tov_pg":0,"usage_pct":0.0745,"plus_minus_pg":1.5,"mins_pct":0.01,"is_qualified":false}}]}