{"bart_player_id":77387,"seasons":[{"year":2023,"team_name":"UMKC","team_conference":"Sum","class":"Fr","raw_row":["Emmanouil Dimou","UMKC","Sum",25,13.8,55.1,17.7,22.7,26.14,2,8.8,10.7,31.2,4,4,1,1,10,0.1,6,34,0.176,0.8,1.5,9.1,"Fr","6-4",4,-0.821393,51.4769,2.4,2023,77387,"Athens, Greece",null,0.70587333,0,2,1,8,"0.0000","0.1250",0,0,null,null,110.136,110.861,0.422006,23.5917,-12.0969,-9.03759,-3.0593,-11.3376,7.3846,-8.42052,-2.91711,0.1154,"0.5000",0.6154,0.4615,0.3077,0.0385,1.4231,"Scoring PG",12.51,"2004-02-13"],"games":25,"notes":"Scoring PG","projection":12.51,"advanced_stats":{"tov_pg":0.6538461538461539,"usage_pct":0.15046153846153842,"plus_minus_pg":-1.7692307692307692,"mins_pct":0.151,"is_qualified":false}}]}