{"bart_player_id":77383,"seasons":[{"year":2023,"team_name":"La Salle","team_conference":"A10","class":"Fr","raw_row":["Jorge Sanchez-Ramos","La Salle","A10",7,3.7,22.3,12.5,0,8.4,0,6.8,9.4,54.9,1,2,0.5,0,2,0,0,3,0,0,2.3,40,"Fr","6-2",24,-1.72285,19.0836,2.4,2023,77383,"Torrelodones, Spain",null,0.50005835,0,1,0,1,"0.0000","0.0000",0,0,null,null,108.127,106.179,0.582776,7.81805,-11.4143,-10.5291,-0.885233,-14.8287,7.2857,-11.5845,-3.24426,"0.0000",0.4286,0.4286,0.4286,0.2857,"0.0000",0.1429,"Scoring PG",3.44347,"2003-10-15"],"games":7,"notes":"Scoring PG","projection":3.4435,"advanced_stats":{"tov_pg":0.75,"usage_pct":0.253375,"plus_minus_pg":-2.125,"mins_pct":0.04,"is_qualified":false}}]}