{"bart_player_id":77381,"seasons":[{"year":2024,"team_name":"UMKC","team_conference":"Sum","class":"So","raw_row":["Cole Glasgow","UMKC","Sum",10,1,34.1,7.8,0,0,0,0,13.7,0,0,0,0,0,0,0,0,2,0,0,0,0,"So","6-2",14,-0.258604,25.6956,0,2024,77381,"Grimes, IA",null,"2.00000000",0,0,0,0,null,null,0,0,null,null,114.866,114.92,0.0643871,1.14991,-14.0616,-7.94976,-6.11184,-12.405,1.9231,-7.60987,-4.79517,0.1538,"0.0000",0.1538,0.1538,0.1538,0.0769,0.2308,"Pure PG",10.1688,"2003-10-15"],"games":10,"notes":"Pure PG","projection":10.1688,"advanced_stats":{"tov_pg":0.07692307692307693,"usage_pct":0.0956153846153846,"plus_minus_pg":-0.38461538461538464,"mins_pct":0.019,"is_qualified":false}}]}