{"bart_player_id":77396,"seasons":[{"year":2024,"team_name":"Saint Francis","team_conference":"NEC","class":"Fr","raw_row":["Keshawn McNeill","Saint Francis","NEC",7,1.4,18.1,18.9,0,0,14,0,0,39.8,0,0,0,0,2,0,0,2,0,0,0,0,"Fr","6-1",24,-0.560654,17.8889,2.5,2024,77396,"Camp Zama, Japan",null,"0.50000000",0,1,0,1,"0.0000","0.0000",0,0,null,null,120.721,124.487,0.0482969,1.42567,-24.6067,-15.4944,-9.11231,-24.2328,"2.5000",-12.9979,-11.2349,"0.2500","0.1250","0.3750","0.1250","0.0000","0.0000","0.3750","PF/C",7.65779,"2004-04-28"],"games":7,"notes":"PF/C","projection":7.6578,"advanced_stats":{"tov_pg":0.25,"usage_pct":0.19137500000000002,"plus_minus_pg":0.875,"mins_pct":0.017,"is_qualified":false}}]}