{"bart_player_id":77452,"seasons":[{"year":2023,"team_name":"East Texas A&M","team_conference":"Slnd","class":"Fr","raw_row":["Matt Lewis","East Texas A&M","Slnd",1,0.2,0,42.7,0,0,0,0,0,0,0,0,0,0,2,0,0,0,0,0,0,0,"Fr","6-2",12,-0.738845,-19.2313,20,2023,77452,"Houston, TX",null,"0.50000000",0,1,0,1,"0.0000","0.0000",0,0,null,null,116.348,128.689,0.00375671,0.219704,-50.7482,-35.3792,-15.369,-73.4378,"3.5000",-51.6829,-21.7549,"0.0000","0.5000","0.5000","0.5000","0.0000","0.0000","0.0000","PF/C",0,"2003-10-15"],"games":1,"notes":"PF/C","projection":0,"advanced_stats":{"tov_pg":0,"usage_pct":0.3215,"plus_minus_pg":-1,"mins_pct":0.006,"is_qualified":false}}]}