{"bart_player_id":77496,"seasons":[{"year":2023,"team_name":"East Tennessee St.","team_conference":"SC","class":"Fr","raw_row":["Kristian Shaw","East Tennessee St.","SC",4,1.6,64.3,12.2,37.5,37.5,0,6.2,0,25.8,0,0,0,0,0,0,1,4,0.25,0,3.2,0,"Fr","6-7",4,-0.516149,55.9155,0,2023,77496,"Hendersonville, TN",null,0.50015004,0,0,0,0,null,null,0,0,null,null,106.185,108.429,0.342854,3.1353,-7.94422,-5.67795,-2.26627,-5.10192,5.1667,-4.44556,-0.656365,0.1667,0.1667,0.3333,0.1667,0.1667,"0.0000",0.8333,"Combo G",12.4096,"2003-10-15"],"games":4,"notes":"Combo G","projection":12.4096,"advanced_stats":{"tov_pg":0.3333333333333333,"usage_pct":0.07116666666666666,"plus_minus_pg":-0.16666666666666666,"mins_pct":0.024,"is_qualified":false}}]}