{"bart_player_id":77493,"seasons":[{"year":2023,"team_name":"Maine","team_conference":"AE","class":"Sr","raw_row":["Gedi Juozapaitis","Maine","AE",28,87.3,103.6,22.6,56.3,58.43,1.1,8.6,11.8,17.5,45,54,0.833,90,169,0.533,69,175,0.394,0.9,1.2,15.7,"Sr","6-4",22,2.16512,105.096,2,2023,77493,"London, England",null,"0.81429730",72,111,18,58,0.6486,0.3103,6,7,0.8571,null,111.001,113.643,1.88909,129.494,-3.00828,-0.0983611,-2.90992,-1.77844,"34.4000",1.09518,-2.87361,0.3333,2.3667,"2.7000","1.9000",0.6667,"0.3000",15.3667,"Combo G",10.6608,"1998-09-13"],"games":28,"notes":"Combo G","projection":10.6608,"advanced_stats":{"tov_pg":2.3333333333333335,"usage_pct":0.24330000000000004,"plus_minus_pg":-2.533333333333333,"mins_pct":0.847,"is_qualified":true}}]}