{"bart_player_id":77526,"seasons":[{"year":2023,"team_name":"McNeese St.","team_conference":"Slnd","class":"So","raw_row":["Zach Blackwell","McNeese St.","Slnd",5,0.7,78.4,18.9,100,100,11.1,37.1,19.7,62.3,0,0,0,1,1,1,0,0,0,0,0,0,"So","6-9",21,-0.0766265,76.1892,12,2023,77526,"Lake Charles, LA",null,0.50015004,1,1,0,0,"1.0000",null,0,0,null,null,107.524,110.61,0.129226,1.98778,-8.03696,-6.81343,-1.22353,-10.4463,3.3333,-9.40835,-1.03799,"0.5000",0.8333,1.3333,0.1667,"0.0000","0.0000",1.3333,"C",0,"2002-10-15"],"games":5,"notes":"C","projection":0,"advanced_stats":{"tov_pg":0.3333333333333333,"usage_pct":0.15683333333333332,"plus_minus_pg":1.5,"mins_pct":0.015,"is_qualified":false}}]}