{"bart_player_id":77529,"seasons":[{"year":2024,"team_name":"Montana","team_conference":"BSky","class":"Fr","raw_row":["Rhett Reynolds","Montana","BSky",7,0.6,266,6.2,150,150,16,58.5,0,0,0,0,0,0,0,0,1,1,1,0,0,0,"Fr","6-9",13,0.478597,209.26,5,2024,77529,"Shelby, MT",null,"1.00000000",0,0,0,0,null,null,0,0,null,null,97.1906,102.001,0.113321,2.01519,-3.47735,4.10115,-7.5785,13.5909,"1.8000",11.721,1.86992,"0.1000","0.7000","0.8000","0.1000","0.0000","0.0000","0.5000","PF/C",7.57016,"2003-10-15"],"games":7,"notes":"PF/C","projection":7.5702,"advanced_stats":{"tov_pg":0.09090909090909091,"usage_pct":0.06809090909090909,"plus_minus_pg":-1,"mins_pct":0.013,"is_qualified":false}}]}