{"bart_player_id":77546,"seasons":[{"year":2023,"team_name":"Central Arkansas","team_conference":"ASun","class":"Fr","raw_row":["Sawyer Keith","Central Arkansas","ASun",1,0.2,0,0,0,0,0,56.9,0,0,0,0,0,0,0,0,0,0,0,0,0,0,"Fr","6-4",0,-0.657141,-7.45851,20,2023,77546,"Fayetteville, AR",null,"0.50000000",null,null,null,null,null,null,null,null,null,null,100.169,93.6653,0.246822,0.555688,-16.4886,-10.9314,-5.55726,-13.8845,"1.5000",-16.4075,2.52298,"0.0000","0.5000","0.5000","0.5000","0.0000","0.0000","1.0000","PF/C",0,"2003-10-15"],"games":1,"notes":"PF/C","projection":0,"advanced_stats":{"tov_pg":0,"usage_pct":0.168,"plus_minus_pg":1.5,"mins_pct":0.003,"is_qualified":false}}]}