{"bart_player_id":77554,"seasons":[{"year":2023,"team_name":"Florida A&M","team_conference":"SWAC","class":"So","raw_row":["Peyton Williams","Florida A&M","SWAC",19,18.3,81.4,18.4,48.2,48.26,2.4,7.3,8.9,26.5,1,2,0.5,13,30,0.433,9,25,0.36,1.1,1.5,3.6,"So","6-7",3,-0.28204,79.4309,5.1,2023,77554,"Tampa, FL",null,0.31815577,3,4,10,26,"0.7500",0.3846,0,0,null,null,110.726,113.157,0.581216,27.6493,-8.23973,-5.41257,-2.82715,-7.1661,10.0476,-4.71552,-2.45058,0.2381,0.5714,0.8095,0.3333,0.2857,0.0952,2.6667,"Wing G",7.63096,"2002-10-15"],"games":19,"notes":"Wing G","projection":7.631,"advanced_stats":{"tov_pg":1.0476190476190477,"usage_pct":0.19414285714285714,"plus_minus_pg":-5.95,"mins_pct":0.193,"is_qualified":false}}]}