{"bart_player_id":77569,"seasons":[{"year":2023,"team_name":"UC Riverside","team_conference":"BW","class":"Jr","raw_row":["Anthony Bell","UC Riverside","BW",2,0.3,0,0,0,0,0,0,0,0,0,0,0,0,0,0,0,0,0,0,0,0,"Jr",null,25,-0.651707,-6.6755,30,2023,77569,"Chino Hills, CA",null,"0.00000000",null,null,null,null,null,null,null,null,null,null,108.312,119.148,0.06997,0.5372,-3.90649,-2.93981,-0.966681,-22.4838,"2.0000",-22.9086,0.424794,"0.0000","0.0000","0.0000","0.0000","0.0000","0.0000","0.0000","PF/C",0,"2001-10-15"],"games":2,"notes":"PF/C","projection":0,"advanced_stats":{"tov_pg":0,"usage_pct":0,"plus_minus_pg":-5,"mins_pct":0.004,"is_qualified":false}}]}