{"bart_player_id":77579,"seasons":[{"year":2023,"team_name":"Houston Christian","team_conference":"Slnd","class":"Fr","raw_row":["Anthony Harris","Houston Christian","Slnd",2,0.9,0,29.6,0,0,0,12.1,0,74.1,0,0,0,0,2,0,0,0,0,9.8,0,0,"Fr","6-5",15,-1.5881,-4.30255,0,2023,77579,"Aurora, CO",null,0.83333333,0,0,0,2,null,"0.0000",0,0,null,null,116.211,110.146,0.331111,1.72758,-32.6753,-31.4567,-1.21859,-31.0085,"13.5000",-21.9028,-9.10577,"1.0000","1.5000","2.5000","1.2500","0.5000","0.7500","4.0000","PF/C",0,"2003-10-15"],"games":2,"notes":"PF/C","projection":0,"advanced_stats":{"tov_pg":1.5,"usage_pct":0.15425,"plus_minus_pg":13.75,"mins_pct":0.042,"is_qualified":false}}]}