{"bart_player_id":77589,"seasons":[{"year":2024,"team_name":"High Point","team_conference":"BSth","class":"Jr","raw_row":["Camren Little","High Point","BSth",2,0.1,0,0,0,0,0,0,0,0,0,0,0,0,0,0,0,0,0,0,0,0,"Jr","6-3",35,-0.165294,-6.69356,40,2024,77589,"Charlotte, NC",null,"1.00000000",null,null,null,null,null,null,null,null,null,null,112.896,113.19,0.0301664,0.132036,-3.16382,-1.6175,-1.54631,-20.7574,"1.7500",-19.7453,-1.01216,"0.0000","0.2500","0.2500","0.5000","0.0000","0.0000","0.0000","PF/C",0,"2002-10-15"],"games":2,"notes":"PF/C","projection":0,"advanced_stats":{"tov_pg":0,"usage_pct":0.1315,"plus_minus_pg":-2,"mins_pct":0.005,"is_qualified":false}}]}