{"bart_player_id":77591,"seasons":[{"year":2023,"team_name":"North Carolina","team_conference":"ACC","class":"Jr","raw_row":["Beau Maye","North Carolina","ACC",2,0.1,0,0,0,0,0,110.4,0,0,0,0,0,0,0,0,0,0,0,0,0,0,"Jr","6-8",40,-0.326741,-6.93115,0,2023,77591,"Huntersville, NC",null,"0.00000000",null,null,null,null,null,null,null,null,null,null,74.8702,75.2402,0.187346,0.779131,-18.3884,-14.0119,-4.37657,1.11625,"1.0000",-2.62546,3.74171,"0.0000","1.0000","1.0000","0.0000","0.0000","0.0000","0.0000","PF/C",0,"2001-06-11"],"games":2,"notes":"PF/C","projection":0,"advanced_stats":{"tov_pg":0,"usage_pct":0,"plus_minus_pg":-0.5,"mins_pct":0.001,"is_qualified":false}}]}