{"bart_player_id":77601,"seasons":[{"year":2023,"team_name":"Utah Tech","team_conference":"WAC","class":"Fr","raw_row":["Trevon Snoddy","Utah Tech","WAC",12,6.7,81,8.9,28.6,28.09,10.6,12.2,6.4,23.5,1,4,0.25,2,4,0.5,0,3,0,0,0,57.1,"Fr","6-5",15,-0.430245,68.4789,4.9,2023,77601,"Lehi, UT",null,0.74990627,2,2,0,2,"1.0000","0.0000",0,0,null,null,111.283,111.092,0.416172,11.3978,-4.3994,-2.47517,-1.92423,-6.1122,"6.6000",-3.52738,-2.58482,0.6667,0.6667,1.3333,"0.2000","0.0000",0.0667,0.7333,"Stretch 4",2.09679,"2003-10-15"],"games":12,"notes":"Stretch 4","projection":2.0968,"advanced_stats":{"tov_pg":0.26666666666666666,"usage_pct":0.09193333333333335,"plus_minus_pg":-0.6,"mins_pct":0.074,"is_qualified":false}}]}