{"bart_player_id":77612,"seasons":[{"year":2023,"team_name":"VMI","team_conference":"SC","class":"Fr","raw_row":["Josh Tuell","VMI","SC",2,0.3,0,0,0,0,0,0,0,0,0,0,0,0,0,0,0,0,0,0,0,0,"Fr","6-0",null,-0.653285,-6.90287,0,2023,77612,"Marion, VA",null,"0.00000000",null,null,null,null,null,null,null,null,null,null,125.868,118.954,0.0713156,0.389133,-8.54925,-4.83852,-3.71073,-13.3208,"2.0000",-7.30106,-6.01975,"0.0000","0.0000","0.0000","0.0000","0.0000","0.0000","0.0000","PF/C",0,"2003-10-15"],"games":2,"notes":"PF/C","projection":0,"advanced_stats":{"tov_pg":0,"usage_pct":0,"plus_minus_pg":-1,"mins_pct":0.003,"is_qualified":false}}]}