{"bart_player_id":77615,"seasons":[{"year":2025,"team_name":"Indiana","team_conference":"B10","class":"So","raw_row":["Jordan Rayford","Indiana","B10",1,0.1,0,0,0,0,0,0,0,0,0,0,0,0,0,0,0,0,0,0,0,0,"So","6-5",14,-0.432907,-6.1878,0,2025,77615,"Washington, DC",null,"0.00000000",null,null,null,null,null,null,null,null,null,null,115.066,110.839,0.0944597,0.126574,-1.28566,-2.09058,0.804921,-4.28203,"1.3000",-2.61745,-1.66458,"0.0000","0.0000","0.0000","0.0000","0.0000","0.0000","0.0000","PF/C",0,"2003-05-15"],"games":1,"notes":"PF/C","projection":0,"advanced_stats":{"tov_pg":0,"usage_pct":0,"plus_minus_pg":0,"mins_pct":0.001,"is_qualified":false}}]}