{"bart_player_id":77628,"seasons":[{"year":2023,"team_name":"Arkansas Pine Bluff","team_conference":"SWAC","class":"Fr","raw_row":["Samuel Da Cruz","Arkansas Pine Bluff","SWAC",2,1,25.6,20,0,0,0,33.7,33.9,52,0,0,0,0,2,0,0,0,0,0,5.2,0,"Fr","6-9",12,-1.15934,26.4843,0,2023,77628,"Minas, Brazil",null,"0.33335000",0,0,0,2,null,"0.0000",0,0,null,null,90.5132,89.176,0.76444,3.09461,-13.6585,-16.9096,3.2511,-9.76338,6.3333,-10.69,0.926642,"0.0000","1.0000","1.0000",0.6667,0.3333,"0.0000",1.6667,"C",0,"2002-01-24"],"games":2,"notes":"C","projection":0,"advanced_stats":{"tov_pg":2,"usage_pct":0.249,"plus_minus_pg":-4.666666666666667,"mins_pct":0.016,"is_qualified":false}}]}