{"bart_player_id":77631,"seasons":[{"year":2023,"team_name":"North Carolina Central","team_conference":"MEAC","class":"So","raw_row":["Shakir Dawan","North Carolina Central","MEAC",2,0.4,0,14.4,0,0,0,0,0,100,0,0,0,0,0,0,0,0,0,0,0,0,"So","5-9",4,-0.610057,-0.674059,10,2023,77631,"Hampton, VA",null,"1.00000000",null,null,null,null,null,null,null,null,null,null,106.945,117.961,0.0782133,0.441697,-17.0706,-16.6668,-0.403771,-26.1667,"2.8000",-20.2875,-5.8792,"0.0000","0.0000","0.0000","0.2000","0.2000","0.0000","1.2000","PF/C",0,"2002-10-15"],"games":2,"notes":"PF/C","projection":0,"advanced_stats":{"tov_pg":0.2,"usage_pct":0.11979999999999999,"plus_minus_pg":2,"mins_pct":0.013,"is_qualified":false}}]}