{"bart_player_id":77638,"seasons":[{"year":2023,"team_name":"Seton Hall","team_conference":"BE","class":"Fr","raw_row":["Jorge Mercado","Seton Hall","BE",7,1.1,0,8.5,0,0,0,0,0,0,0,0,0,0,1,0,0,2,0,8.2,0,0,"Fr","6-4",43,-0.623841,-2.66024,2.9,2023,77638,null,null,0.87500001,0,0,0,1,null,"0.0000",0,0,null,null,105.69,109.979,0.133607,1.71702,-5.07375,-7.27948,2.20573,-10.4598,"2.0000",-8.94258,-1.5172,"0.0000","0.0000","0.0000","0.1250","0.0000","0.1250","0.0000","PF/C",8.34476,"2003-10-15"],"games":7,"notes":"PF/C","projection":8.3448,"advanced_stats":{"tov_pg":0,"usage_pct":0.06812499999999999,"plus_minus_pg":-2.25,"mins_pct":0.011,"is_qualified":false}}]}