{"bart_player_id":77646,"seasons":[{"year":2023,"team_name":"Tarleton St.","team_conference":"WAC","class":"Jr","raw_row":["Tiger Booker","Tarleton St.","WAC",26,28.6,110.9,25.6,47.5,56.84,1,6.9,19.2,12,64,77,0.831,51,110,0.464,4,10,0.4,0,2.6,64.2,"Jr","5-10",12,1.53601,120.813,3.8,2023,77646,"Chicago, IL",null,1.59982598,25,47,26,63,0.5319,0.4127,0,0,null,null,105.859,104.423,1.13463,55.2989,-0.759935,1.5695,-2.32943,2.57013,13.2414,2.35267,0.217457,0.1379,0.7586,0.8966,1.1034,0.6897,"0.0000",6.6207,"Scoring PG",1.7007,"2001-10-15"],"games":26,"notes":"Scoring PG","projection":1.7007,"advanced_stats":{"tov_pg":0.6896551724137931,"usage_pct":0.2377586206896552,"plus_minus_pg":-3.3333333333333335,"mins_pct":0.289,"is_qualified":true}}]}