{"bart_player_id":77648,"seasons":[{"year":2023,"team_name":"Tennessee Tech","team_conference":"OVC","class":"So","raw_row":["Walter Peggs Jr.","Tennessee Tech","OVC",6,1.6,113.9,18,75,71.94,0,17.3,0,16.2,1,2,0.5,0,1,0,3,5,0.6,0,0,33.3,"So","6-4",52,0.222596,106.475,2,2023,77648,"Jackson, TN",null,"0.00000000",0,1,0,0,"0.0000",null,0,0,null,null,109.82,114.588,0.16936,3.09125,-9.05625,-1.62452,-7.43173,-1.5874,"6.2500",3.11204,-4.69944,"0.3750","1.0000","1.3750","0.0000","0.0000","0.0000","3.2500","Wing G",14.7918,"2002-10-15"],"games":6,"notes":"Wing G","projection":14.7918,"advanced_stats":{"tov_pg":0.2222222222222222,"usage_pct":0.20350000000000001,"plus_minus_pg":4.666666666666667,"mins_pct":0.036,"is_qualified":false}}]}