{"bart_player_id":77642,"seasons":[{"year":2023,"team_name":"Marquette","team_conference":"BE","class":"So","raw_row":["RJ Walson","Marquette","BE",9,0.6,0,29.5,0,0,0,0,0,21.8,0,0,0,0,1,0,0,4,0,0,0,0,"So","6-0",51,-0.317934,-4.39313,4.4,2023,77642,null,null,"0.00000000",0,1,0,0,"0.0000",null,0,0,null,null,112.067,110.201,0.066032,0.868439,-27.4534,-20.0946,-7.35878,-40.1799,"1.0000",-26.678,-13.5019,"0.0000","0.0000","0.0000","0.0000","0.0000","0.0000","0.0000","Combo G",26.3987,"2003-05-04"],"games":9,"notes":"Combo G","projection":26.3987,"advanced_stats":{"tov_pg":0.1111111111111111,"usage_pct":0.331,"plus_minus_pg":-2.2222222222222223,"mins_pct":0.006,"is_qualified":false}}]}