{"bart_player_id":77647,"seasons":[{"year":2023,"team_name":"Youngstown St.","team_conference":"Horz","class":"Fr","raw_row":["Tommy Fryda","Youngstown St.","Horz",3,0.5,211,17.3,100,100,0,39.5,90.3,0,0,0,0,1,1,1,0,0,0,0,0,0,"Fr","6-0",null,0.673845,184.326,6.7,2023,77647,null,null,1.80000007,null,null,null,null,null,null,null,null,null,null,100.079,108.942,0.1408,1.26879,18.1263,18.8969,-0.770596,10.8678,"2.6000",6.67284,4.19497,"0.0000","0.4000","0.4000","0.6000","0.0000","0.0000","0.8000","Pure PG",0,"2003-10-15"],"games":3,"notes":"Pure PG","projection":0,"advanced_stats":{"tov_pg":0,"usage_pct":0.11939999999999999,"plus_minus_pg":0.4,"mins_pct":0.01,"is_qualified":false}}]}