{"bart_player_id":77651,"seasons":[{"year":2023,"team_name":"Maryland","team_conference":"B10","class":"Jr","raw_row":["Carson Dick","Maryland","B10",2,0.1,0,0,0,0,0,0,0,0,0,0,0,0,0,0,0,0,0,0,0,0,"Jr","6-2",30,-0.163099,-6.77491,0,2023,77651,"Glenelg, MD",null,"0.00000000",null,null,null,null,null,null,null,null,null,null,109.323,111.879,0.0301042,0.0951481,-1.20523,-1.71234,0.507115,-5.46709,"0.5000",-4.27368,-1.19341,"0.0000","0.0000","0.0000","0.0000","0.0000","0.0000","0.0000","PF/C",0,"2001-10-15"],"games":2,"notes":"PF/C","projection":0,"advanced_stats":{"tov_pg":0,"usage_pct":0,"plus_minus_pg":-1.5,"mins_pct":0.001,"is_qualified":false}}]}