{"bart_player_id":77675,"seasons":[{"year":2023,"team_name":"Iona","team_conference":"MAAC","class":"Fr","raw_row":["Stephen Boateng","Iona","MAAC",1,0.1,119.3,20,0,51.28,0,227.5,0,0,2,2,1,0,1,0,0,0,0,0,0,200,"Fr",null,10,0.104819,117.438,0,2023,77675,null,null,"0.00000000",0,0,0,1,null,"0.0000",0,0,null,null,9.32206,9.98339,0.413787,0.869805,-43.8738,-27.6041,-16.2697,19.8935,"1.0000",4.28463,15.6088,"0.0000","2.0000","2.0000","0.0000","0.0000","0.0000","2.0000","PF/C",0,"2003-10-15"],"games":1,"notes":"PF/C","projection":0,"advanced_stats":{"tov_pg":0,"usage_pct":0.819,"plus_minus_pg":0,"mins_pct":0.001,"is_qualified":false}}]}