{"bart_player_id":77673,"seasons":[{"year":2023,"team_name":"San Jose St.","team_conference":"MWC","class":"Jr","raw_row":["Uchenna Ndigwe","San Jose St.","MWC",1,0.1,0,0,0,0,0,0,0,0,0,0,0,0,0,0,0,0,0,0,0,0,"Jr","6-4",12,-0.327289,-7.08914,0,2023,77673,"Los Angeles, CA",null,"0.00000000",null,null,null,null,null,null,null,null,null,null,115.013,104.691,0.0851514,0.0915455,-3.11048,-2.50782,-0.602659,-12.5097,"1.0000",-7.71562,-4.79407,"0.0000","0.0000","0.0000","0.0000","0.0000","0.0000","0.0000","PF/C",0,"2001-10-15"],"games":1,"notes":"PF/C","projection":0,"advanced_stats":{"tov_pg":0,"usage_pct":0,"plus_minus_pg":-1,"mins_pct":0.001,"is_qualified":false}}]}