{"bart_player_id":77682,"seasons":[{"year":2025,"team_name":"Southern Miss","team_conference":"SB","class":"Sr","raw_row":["Lieb Yat","Southern Miss","SB",6,1,166.1,33.6,66.7,80.46,16.7,32.8,0,0,10,12,0.833,2,3,0.667,0,0,0,8.2,0,400,"Sr","6-11",30,0.843639,201.134,9.2,2025,77682,"Melbourne, Australia",null,"0.00000000",2,3,0,0,0.6667,null,0,0,null,null,99.7667,99.6292,0.243574,3.15056,0.119014,8.59751,-8.4785,24.8607,2.4429,19.4394,5.42127,0.2857,"1.0000",1.2857,"0.0000","0.0000",0.2857,"2.0000","C",0,"2002-10-15"],"games":6,"notes":"C","projection":0,"advanced_stats":{"tov_pg":0.14285714285714285,"usage_pct":0.30642857142857144,"plus_minus_pg":0.14285714285714285,"mins_pct":0.013,"is_qualified":false}}]}