{"bart_player_id":77693,"seasons":[{"year":2024,"team_name":"Maine","team_conference":"AE","class":"Sr","raw_row":["Bryce Lausier","Maine","AE",1,0.1,0,0,0,0,0,121.7,0,0,0,0,0,0,0,0,0,0,0,0,0,0,"Sr","6-4",23,-0.332994,-7.38702,0,2024,77693,"Glenburn, ME",null,"0.00000000",null,null,null,null,null,null,null,null,null,null,69.9225,69.2042,0.212962,0.413045,-24.9288,-18.6707,-6.25802,-5.41271,"2.5000",-12.9364,7.52365,"0.0000","0.5000","0.5000","0.0000","0.0000","0.0000","1.0000","PF/C",0,"2001-10-15"],"games":1,"notes":"PF/C","projection":0,"advanced_stats":{"tov_pg":0,"usage_pct":0.056,"plus_minus_pg":3.5,"mins_pct":0.004,"is_qualified":false}}]}