{"bart_player_id":77690,"seasons":[{"year":2024,"team_name":"Maryland Eastern Shore","team_conference":"MEAC","class":"So","raw_row":["Damani Claxton","Maryland Eastern Shore","MEAC",25,38.3,80.7,15.8,37.3,40.55,0.6,10.9,26.1,26,12,18,0.667,22,57,0.386,5,22,0.227,0.9,1.7,22.8,"So","6-0",5,-0.776235,73.9844,3.2,2024,77690,"Bronx, NY",null,1.77139789,14,33,8,24,0.4242,0.3333,2,2,"1.0000",null,108.552,112.949,0.937687,61.1981,-7.96948,-6.23986,-1.72962,-7.45572,16.2759,-6.18362,-1.27209,0.1034,1.5517,1.6552,2.1379,0.4828,0.1379,3.2414,"Scoring PG",3.35112,"2003-10-15"],"games":25,"notes":"Scoring PG","projection":3.3511,"advanced_stats":{"tov_pg":1.1724137931034482,"usage_pct":0.15558620689655173,"plus_minus_pg":-1.4230769230769231,"mins_pct":0.412,"is_qualified":true}}]}