{"bart_player_id":77728,"seasons":[{"year":2024,"team_name":"Illinois Chicago","team_conference":"MVC","class":"Fr","raw_row":["Grant Welch","Illinois Chicago","MVC",4,0.5,114.5,27.2,62.5,62.5,0,0,0,0,0,0,0,1,1,1,1,3,0.333,0,0,0,"Fr","6-3",34,0.200715,127.139,0,2024,77728,"Moline, IL",null,"0.00000000",1,1,0,0,"1.0000",null,0,0,null,null,114.94,113.607,0.0883286,0.551943,-3.94742,5.07041,-9.01782,14.4967,"2.2000",15.189,-0.692258,"0.0000","0.0000","0.0000","0.0000","0.2000","0.0000","1.6000","Wing G",26.9242,"2004-10-15"],"games":4,"notes":"Wing G","projection":26.9242,"advanced_stats":{"tov_pg":0.2,"usage_pct":0.40040000000000003,"plus_minus_pg":3.6,"mins_pct":0.009,"is_qualified":false}}]}