{"bart_player_id":77746,"seasons":[{"year":2024,"team_name":"UMass Lowell","team_conference":"AE","class":"Jr","raw_row":["Jordan Thompson","UMass Lowell","AE",1,0.3,104.4,25.5,50,50,0,0,0,0,0,0,0,1,2,0.5,0,0,0,0,0,0,"Jr","6-1",20,0.191481,106.971,0,2024,77746,"Oklahoma City, OK",null,0.66666667,0,1,1,1,"0.0000","1.0000",0,0,null,null,111.456,125.515,0.0526881,0.290239,-12.7726,-4.04666,-8.72591,-3.7953,"7.0000",1.17758,-4.97288,"0.2500","1.5000","1.7500","0.5000","0.2500","0.0000","3.0000","Combo G",0,"2002-10-15"],"games":1,"notes":"Combo G","projection":0,"advanced_stats":{"tov_pg":0.75,"usage_pct":0.26275,"plus_minus_pg":4.5,"mins_pct":0.022,"is_qualified":false}}]}