{"bart_player_id":77748,"seasons":[{"year":2024,"team_name":"Houston Christian","team_conference":"Slnd","class":"Jr","raw_row":["Bruce Carpenter","Houston Christian","Slnd",3,5,98.8,24,35.7,52.07,5.9,6.1,17.3,20.9,12,15,0.8,5,12,0.417,0,2,0,1.7,2,107.1,"Jr","6-2",8,0.800942,101.4,3,2024,77748,"Atlanta, GA",null,"1.00000000",3,8,2,4,"0.3750","0.5000",0,0,null,null,117.903,114.284,1.01763,8.38473,-5.98969,-1.72647,-4.26322,-3.71956,"18.0000",-0.82096,-2.8986,"1.0000","1.0000","2.0000",1.6667,0.6667,0.3333,7.3333,"Combo G",2.00336,"2002-10-15"],"games":3,"notes":"Combo G","projection":2.0034,"advanced_stats":{"tov_pg":1.6666666666666667,"usage_pct":0.19866666666666666,"plus_minus_pg":-6.333333333333333,"mins_pct":0.046,"is_qualified":false}}]}