{"bart_player_id":77782,"seasons":[{"year":2024,"team_name":"Charleston Southern","team_conference":"BSth","class":"Fr","raw_row":["Jaiden Thompson","Charleston Southern","BSth",22,29.8,74.8,12.9,40,42.39,1,9,14.7,31.5,9,17,0.529,15,38,0.395,2,7,0.286,0.6,0.4,37.8,"Fr","6-0",10,-1.13402,66.2482,4.5,2024,77782,"Concord, NC",null,1.03706667,8,12,7,26,0.6667,0.2692,0,0,null,null,114.221,113.329,0.875956,42.9984,-8.20748,-7.19459,-1.01289,-9.45668,15.1667,-7.78439,-1.67229,0.1667,"1.2500",1.4167,1.1667,"0.1250",0.0833,2.4583,"Wing G",1.29305,"2004-10-15"],"games":22,"notes":"Wing G","projection":1.2931,"advanced_stats":{"tov_pg":1.08,"usage_pct":0.12691999999999998,"plus_minus_pg":-2.4,"mins_pct":0.3,"is_qualified":true}}]}