{"bart_player_id":77793,"seasons":[{"year":2024,"team_name":"Central Connecticut","team_conference":"NEC","class":"Fr","raw_row":["Matias Rissanen","Central Connecticut","NEC",2,0.3,0,0,0,0,0,0,0,0,0,0,0,0,0,0,0,0,0,0,0,0,"Fr","6-7",22,-0.492854,-6.11207,13.3,2024,77793,"Espoo, Finland",null,"0.50000000",null,null,null,null,null,null,null,null,null,null,110.57,122.606,0.0414885,0.322885,-8.02731,-5.09305,-2.93426,-18.6187,"6.7500",-15.724,-2.89468,"0.2500","0.7500","1.0000","0.2500","0.2500","0.2500","0.7500","PF/C",0,"2003-03-20"],"games":2,"notes":"PF/C","projection":0,"advanced_stats":{"tov_pg":0.5,"usage_pct":0.0615,"plus_minus_pg":5.5,"mins_pct":0.022,"is_qualified":false}}]}