{"bart_player_id":77796,"seasons":[{"year":2024,"team_name":"Central Arkansas","team_conference":"ASun","class":"Fr","raw_row":["Caleb Carr","Central Arkansas","ASun",25,9.6,91.5,7.5,38.5,44.16,3.7,12.8,0,13.1,4,6,0.667,5,13,0.385,0,0,0,1,2.5,46.2,"Fr","6-9",15,-0.264115,72.1727,4.8,2024,77796,"Las Cruces, NM",null,"0.33303330",5,7,0,6,0.7143,"0.0000",3,4,"0.7500",null,114.022,115.836,0.237327,20.2655,-9.07474,-6.24174,-2.833,-7.77966,5.3704,-6.45546,-1.3242,0.4074,0.7778,1.1852,"0.0370",0.2222,0.0741,0.8519,"PF/C",0,"2004-10-15"],"games":25,"notes":"PF/C","projection":0,"advanced_stats":{"tov_pg":0.1111111111111111,"usage_pct":0.06248148148148149,"plus_minus_pg":-1.7037037037037037,"mins_pct":0.114,"is_qualified":false}}]}