{"bart_player_id":77799,"seasons":[{"year":2024,"team_name":"Illinois Chicago","team_conference":"MVC","class":"So","raw_row":["Ethyn Brown","Illinois Chicago","MVC",7,1.9,58.9,13.6,25,20.2,0,9.3,20.8,17.2,0,2,0,1,2,0.5,0,2,0,0,2.3,50,"So","5-11",10,-0.452825,52.0373,1.6,2024,77799,"Belleville, IL",null,1.66666667,1,2,0,0,"0.5000",null,0,0,null,null,106.143,109.074,0.266473,4.01326,-9.17816,-7.32057,-1.85759,-8.86521,"4.5000",-7.53774,-1.32746,"0.0000","0.5000","0.5000","0.6250","0.2500","0.1250","0.5000","Combo G",4.72355,"2003-10-15"],"games":7,"notes":"Combo G","projection":4.7236,"advanced_stats":{"tov_pg":0.375,"usage_pct":0.146875,"plus_minus_pg":1.125,"mins_pct":0.026,"is_qualified":false}}]}