{"bart_player_id":77812,"seasons":[{"year":2024,"team_name":"South Alabama","team_conference":"SB","class":"Sr","raw_row":["Isiah Gaiter","South Alabama","SB",29,74.2,102.8,21.8,49.8,54,3.3,8.1,10.5,15.1,67,84,0.798,105,214,0.491,25,72,0.347,0.6,1.8,29.4,"Sr","6-3",2,1.54006,103.54,2.9,2024,77812,"Meriden, CT",null,"1.00000000",60,109,45,105,0.5505,0.4286,0,0,null,null,110.211,111.812,1.93127,133.761,-1.7423,-0.518006,-1.22429,-2.31937,30.5938,-0.963332,-1.35604,0.8438,2.4062,"3.2500","1.7500",1.0312,0.1562,12.5312,"Combo G",4.72167,"2001-10-15"],"games":29,"notes":"Combo G","projection":4.7217,"advanced_stats":{"tov_pg":1.75,"usage_pct":0.21090625000000002,"plus_minus_pg":-2.40625,"mins_pct":0.756,"is_qualified":true}}]}