{"bart_player_id":77829,"seasons":[{"year":2025,"team_name":"Queens","team_conference":"ASun","class":"So","raw_row":["Jordon Nevill","Queens","ASun",16,1.9,227.2,10.5,120,117.65,4.6,0,16.1,0,2,2,1,0,0,0,4,5,0.8,0,2.3,40,"So","5-11",15,0.560297,193.927,4.8,2025,77829,"Charlotte, NC",null,"3.55520010",0,0,0,0,null,null,0,0,null,null,114.375,116.539,0.0819911,3.32978,7.60418,11.7444,-4.14019,12.4867,3.2056,11.2954,1.19132,0.0556,"0.0000",0.0556,0.2222,0.1111,"0.0000",1.4444,"Pure PG",11.3553,"2004-10-15"],"games":16,"notes":"Pure PG","projection":11.3553,"advanced_stats":{"tov_pg":0,"usage_pct":0.09261111111111112,"plus_minus_pg":2.3333333333333335,"mins_pct":0.041,"is_qualified":false}}]}