{"bart_player_id":77831,"seasons":[{"year":2024,"team_name":"Purdue Fort Wayne","team_conference":"Horz","class":"Fr","raw_row":["Khoi Thurmon","Purdue Fort Wayne","Horz",9,1.5,67.4,26.8,57.1,53.51,0,28.8,9.4,39.6,0,1,0,4,7,0.571,0,0,0,5.2,2.7,14.3,"Fr","6-1",21,-0.170406,67.5301,3.8,2024,77831,"Chicago, IL",null,1.60022003,2,5,2,2,"0.4000","1.0000",0,0,null,null,93.8879,99.8901,0.248458,5.2646,-10.6931,-13.8115,3.11848,-11.0186,3.9091,-10.4405,-0.57816,0.0909,0.5455,0.6364,0.7273,0.1818,0.0909,2.4545,"Wing G",0,"2004-10-15"],"games":9,"notes":"Wing G","projection":0,"advanced_stats":{"tov_pg":0.45454545454545453,"usage_pct":0.28909090909090907,"plus_minus_pg":3,"mins_pct":0.03,"is_qualified":false}}]}