{"bart_player_id":77844,"seasons":[{"year":2024,"team_name":"Cal Poly","team_conference":"BW","class":"Jr","raw_row":["Cam Malray","Cal Poly","BW",4,5.7,102.1,11.2,45.8,46.76,3.2,15.5,8.8,7.5,2,4,0.5,4,8,0.5,1,4,0.25,1.5,0.8,33.3,"Jr","6-8",12,0.0242532,88.9703,5.6,2024,77844,"Kansas City, MO",null,"2.00000000",1,4,3,4,"0.2500","0.7500",0,1,"0.0000",null,111.987,113.696,1.03972,10.9462,-5.08688,-3.30202,-1.78485,-4.84204,"17.8000",-3.81597,-1.02608,"0.8000","2.6000","3.4000","0.8000","0.4000","0.2000","3.2000","Wing F",3.35083,"2002-10-15"],"games":4,"notes":"Wing F","projection":3.3508,"advanced_stats":{"tov_pg":0.4,"usage_pct":0.1062,"plus_minus_pg":-4.6,"mins_pct":0.068,"is_qualified":false}}]}