{"bart_player_id":77846,"seasons":[{"year":2025,"team_name":"Southern Utah","team_conference":"WAC","class":"Jr","raw_row":["Mason Johnson","Southern Utah","WAC",2,0.8,115.4,15.6,100,100,13.4,25.5,0,42.7,0,0,0,2,2,1,0,0,0,10.5,0,0,"Jr","6-6",12,0.303682,110.132,0,2025,77846,"Milwaukee, WI",null,"0.00000000",0,0,2,2,null,"1.0000",0,0,null,null,101.36,95.7725,0.537256,1.9324,-4.66953,-4.85829,0.188765,11.5393,"7.5600",7.72751,3.81183,"0.6000","1.8000","2.4000","0.0000","0.2000","0.2000","2.8000","PF/C",0,"2002-10-15"],"games":2,"notes":"PF/C","projection":0,"advanced_stats":{"tov_pg":0.2,"usage_pct":0.20599999999999996,"plus_minus_pg":3.8,"mins_pct":0.03,"is_qualified":false}}]}