{"bart_player_id":77859,"seasons":[{"year":2025,"team_name":"Bellarmine","team_conference":"ASun","class":"So","raw_row":["AJ Lux","Bellarmine","ASun",21,23,116,13.5,52.7,56.07,7.2,16.4,6.1,9.8,9,10,0.9,8,14,0.571,14,41,0.341,2.5,1.8,18.2,"So","6-5",0,0.549838,102.278,6.4,2025,77859,"Crown Point, IN",null,1.99961688,8,13,0,1,0.6154,"0.0000",3,3,"1.0000",null,119.274,120.785,0.483638,44.693,-2.36045,0.236943,-2.59739,-5.06867,12.8304,-2.26731,-2.80136,0.7391,1.4783,2.2174,0.5217,0.3478,0.2174,3.2609,"Wing F",9.05256,"2004-10-15"],"games":21,"notes":"Wing F","projection":9.0526,"advanced_stats":{"tov_pg":0.2608695652173913,"usage_pct":0.15273913043478257,"plus_minus_pg":1.608695652173913,"mins_pct":0.236,"is_qualified":false}}]}