{"bart_player_id":77867,"seasons":[{"year":2024,"team_name":"St. Thomas","team_conference":"Sum","class":"Sr","raw_row":["Raheem Anthony","St. Thomas","Sum",30,76.4,108,25.4,55,58.96,5.8,15,22.2,21.3,93,130,0.715,89,176,0.506,33,76,0.434,0.6,2.8,51.6,"Sr","6-4",24,2.36448,110.865,2.5,2024,77867,"Chicago, IL",null,1.28397601,83,151,6,25,0.5497,"0.2400",5,5,"1.0000",null,101.914,104.064,2.81266,165.007,2.46453,1.07615,1.38837,2.35582,29.5938,1.70221,0.653606,1.3125,"3.5000",4.8125,"3.2500","1.3750","0.1250",11.9375,"Combo G",5.20657,"2001-10-15"],"games":30,"notes":"Combo G","projection":5.2066,"advanced_stats":{"tov_pg":2.53125,"usage_pct":0.23037500000000002,"plus_minus_pg":6.375,"mins_pct":0.713,"is_qualified":true}}]}