{"bart_player_id":77860,"seasons":[{"year":2024,"team_name":"UT Arlington","team_conference":"WAC","class":"Sr","raw_row":["Akili Vining","UT Arlington","WAC",32,55,102.8,17.1,47.5,50.23,1,11.6,20.5,18.8,30,40,0.75,34,88,0.386,40,110,0.364,0.9,2.4,20.2,"Sr","6-2",4,0.875173,100.037,3.5,2024,77860,"Forth Worth, TX",null,1.90471961,30,67,4,21,0.4478,0.1905,2,4,"0.5000",null,104.577,104.98,1.95475,128.331,0.303962,0.292405,0.0115571,0.445453,21.7059,-0.481509,0.926962,0.2059,2.2353,2.4412,2.3529,0.9412,0.1765,6.7059,"Scoring PG",8.62138,"2001-10-15"],"games":32,"notes":"Scoring PG","projection":8.6214,"advanced_stats":{"tov_pg":1.2352941176470589,"usage_pct":0.17017647058823532,"plus_minus_pg":0.8235294117647058,"mins_pct":0.54,"is_qualified":true}}]}