{"bart_player_id":77893,"seasons":[{"year":2024,"team_name":"Fairfield","team_conference":"MAAC","class":"So","raw_row":["Ryan McPartlan","Fairfield","MAAC",9,0.7,70,38.8,60,50.42,11.5,0,0,30.1,0,2,0,3,5,0.6,0,0,0,0,11.6,40,"So","6-4",20,-0.0377812,78.7774,0,2024,77893,"White Plains, NY",null,"0.00000000",2,4,1,1,"0.5000","1.0000",0,0,null,null,89.9066,96.563,0.131141,2.92348,-9.45379,-9.3752,-0.0785933,-1.32544,1.1111,-3.52796,2.20252,0.1111,"0.0000",0.1111,"0.0000",0.2222,"0.0000",0.6667,"Scoring PG",0,"2003-10-15"],"games":9,"notes":"Scoring PG","projection":0,"advanced_stats":{"tov_pg":0.2222222222222222,"usage_pct":0.393,"plus_minus_pg":-0.6666666666666666,"mins_pct":0.006,"is_qualified":false}}]}