{"bart_player_id":77898,"seasons":[{"year":2024,"team_name":"Denver","team_conference":"Sum","class":"Jr","raw_row":["Tyson Garff","Denver","Sum",30,32.2,102.1,12.3,45.7,46.58,1.7,6.1,6,7,6,10,0.6,10,18,0.556,22,76,0.289,0.8,2.4,10.6,"Jr","6-6",21,-0.0108181,88.3348,3.9,2024,77898,"Kaysville, UT",null,2.28557558,7,9,3,9,0.7778,0.3333,0,0,null,null,116.061,117.645,0.57876,61.1505,-3.58302,-0.823131,-2.75989,-4.65559,12.9118,-3.20399,-1.4516,0.2059,0.7941,"1.0000",0.4706,0.5588,0.1176,3.2647,"Wing G",10.9009,"2002-10-15"],"games":30,"notes":"Wing G","projection":10.9009,"advanced_stats":{"tov_pg":0.20588235294117646,"usage_pct":0.12629411764705883,"plus_minus_pg":-0.9411764705882353,"mins_pct":0.319,"is_qualified":true}}]}