{"bart_player_id":77957,"seasons":[{"year":2024,"team_name":"Idaho","team_conference":"BSky","class":"Sr","raw_row":["D'Angelo Minnis","Idaho","BSky",24,61.2,106.9,19.2,50.5,54.25,2.3,5.1,19.2,15.1,34,36,0.944,42,99,0.424,41,106,0.387,0,1.7,17.6,"Sr","5-10",5,1.52566,102.969,2.4,2024,77957,"Kent, WA",null,2.11115117,19,37,23,62,0.5135,"0.3710",0,0,null,null,115.224,116.671,1.47411,95.9622,-2.66623,0.493636,-3.15987,-2.98502,29.9615,-0.530415,-2.45461,0.5769,1.3846,1.9615,2.9231,0.8077,"0.0000",9.5385,"Scoring PG",8.75356,"2001-10-15"],"games":24,"notes":"Scoring PG","projection":8.7536,"advanced_stats":{"tov_pg":1.3846153846153846,"usage_pct":0.1822692307692308,"plus_minus_pg":-3.269230769230769,"mins_pct":0.606,"is_qualified":true}}]}