{"bart_player_id":77958,"seasons":[{"year":2024,"team_name":"Idaho","team_conference":"BSky","class":"So","raw_row":["Cooper Church","Idaho","BSky",3,0.7,37.8,29.6,0,25.64,0,15.8,21,51.4,1,2,0.5,0,0,0,0,1,0,0,0,200,"So","6-9",32,-0.453637,39.5524,10,2024,77958,"Maple Valley, WA",null,"0.25000000",0,0,0,0,null,null,0,0,null,null,114.476,116.048,0.13444,1.08582,-22.8834,-18.1619,-4.72152,-24.1032,"5.0000",-19.0737,-5.02948,"0.2000","1.2000","1.4000","0.2000","0.0000","0.0000","2.0000","PF/C",7.21992,"2003-10-15"],"games":3,"notes":"PF/C","projection":7.2199,"advanced_stats":{"tov_pg":0.8,"usage_pct":0.2012,"plus_minus_pg":3,"mins_pct":0.019,"is_qualified":false}}]}