{"bart_player_id":77974,"seasons":[{"year":2024,"team_name":"Northwestern St.","team_conference":"Slnd","class":"Jr","raw_row":["Jamison Epps","Northwestern St.","Slnd",10,21.1,75.9,19.8,38.2,41.3,6.9,17.8,8.6,28.3,8,9,0.889,23,53,0.434,3,19,0.158,0.4,0.9,12.5,"Jr","6-7",2,-1.18942,75.2908,4.2,2024,77974,"Lebanon, KY",null,0.57140049,12,22,11,31,0.5455,0.3548,0,0,null,null,110.391,110.268,1.81812,42.6107,-8.77136,-6.72514,-2.04622,-10.2426,25.2727,-6.59852,-3.6441,1.7273,4.3636,6.0909,1.4545,0.3636,0.1818,6.2727,"Stretch 4",4.27493,"2002-10-15"],"games":10,"notes":"Stretch 4","projection":4.2749,"advanced_stats":{"tov_pg":2.5454545454545454,"usage_pct":0.19554545454545458,"plus_minus_pg":-6.2727272727272725,"mins_pct":0.212,"is_qualified":false}}]}