{"bart_player_id":77985,"seasons":[{"year":2024,"team_name":"NJIT","team_conference":"AE","class":"Fr","raw_row":["Jalen Robinson","NJIT","AE",6,0.7,89.7,18.1,33.3,33.33,0,0,27.9,0,0,0,0,1,1,1,0,2,0,0,0,0,"Fr","5-9",1,0.00755536,90.2095,5,2024,77985,"South Orange, NJ",null,2.57160009,0,0,1,1,null,"1.0000",0,0,null,null,121.771,122.139,0.0390366,0.680512,-16.6634,-4.02163,-12.6418,-9.14592,2.5714,-4.26848,-4.87744,"0.0000","0.0000","0.0000",0.4286,0.2857,"0.0000",1.5714,"Pure PG",15.5289,"2004-10-15"],"games":6,"notes":"Pure PG","projection":15.5289,"advanced_stats":{"tov_pg":0,"usage_pct":0.19562500000000002,"plus_minus_pg":0.625,"mins_pct":0.016,"is_qualified":false}}]}