{"bart_player_id":77992,"seasons":[{"year":2025,"team_name":"St. Bonaventure","team_conference":"A10","class":"Fr","raw_row":["Duane Thompson","St. Bonaventure","A10",23,17.2,97.5,21.4,42.7,47.53,6.9,13.3,5.9,12.6,24,40,0.6,13,32,0.406,9,30,0.3,1.2,1.6,64.5,"Fr","6-8",1,0.297651,98.4716,2.8,2025,77992,"Boston, MA",null,"0.70002400",11,25,2,7,"0.4400",0.2857,3,3,"1.0000",null,103.215,103.759,0.95949,36.96,-3.38544,-1.99297,-1.39247,-0.974293,9.7167,-0.794297,-0.179996,0.5417,1.0417,1.5833,0.2917,"0.2500",0.0833,3.2083,"Wing F",8.08201,"2004-10-15"],"games":23,"notes":"Wing F","projection":8.082,"advanced_stats":{"tov_pg":0.4166666666666667,"usage_pct":0.21591666666666667,"plus_minus_pg":-0.4583333333333333,"mins_pct":0.17,"is_qualified":false}}]}