{"bart_player_id":78006,"seasons":[{"year":2025,"team_name":"Youngstown St.","team_conference":"Horz","class":"Fr","raw_row":["Christian Kirkland","Youngstown St.","Horz",27,15.3,105.2,12,55.6,52.74,9.2,14.9,2.8,14.6,10,23,0.435,15,26,0.577,0,1,0,6.7,2,85.2,"Fr","6-9",2,0.0117426,90.2465,8.1,2025,78006,"Philadelphia, PA",null,0.37477346,15,24,0,2,"0.6250","0.0000",0,0,null,null,100.019,101.795,0.753313,40.9791,-1.36574,-3.80483,2.43909,-1.95165,"8.0690",-4.49206,2.54041,0.7241,1.2069,"1.9310",0.1034,0.2759,0.4828,1.8276,"C",0.290293,"2004-10-15"],"games":27,"notes":"C","projection":0.2903,"advanced_stats":{"tov_pg":0.27586206896551724,"usage_pct":0.09441379310344827,"plus_minus_pg":0.3103448275862069,"mins_pct":0.171,"is_qualified":false}}]}