{"bart_player_id":78020,"seasons":[{"year":2024,"team_name":"Howard","team_conference":"MEAC","class":"Fr","raw_row":["Jordan Atkins","Howard","MEAC",4,0.6,232.6,1.7,0,0,0,0,20.7,0,0,0,0,0,0,0,0,0,0,0,0,0,"Fr","6-2",20,0.622729,181.111,10,2024,78020,"South Orange, NJ",null,1.60000002,null,null,null,null,null,null,null,null,null,null,116.407,117.757,0.0862687,0.819713,-14.4079,-5.32889,-9.07902,-12.9784,"3.8000",-8.96524,-4.0132,"0.0000","0.4000","0.4000","0.4000","0.0000","0.0000","0.8000","PF/C",0,"2004-10-15"],"games":4,"notes":"PF/C","projection":0,"advanced_stats":{"tov_pg":0,"usage_pct":0.0218,"plus_minus_pg":2.8,"mins_pct":0.014,"is_qualified":false}}]}