{"bart_player_id":78052,"seasons":[{"year":2025,"team_name":"Fairfield","team_conference":"MAAC","class":"So","raw_row":["Makuei Riek","Fairfield","MAAC",18,9.8,79.1,23.9,39.2,39.46,0.9,15.8,14,16.6,1,2,0.5,8,22,0.364,8,29,0.276,1.9,2,3.9,"So","6-6",7,-0.20884,80.8776,5.3,2025,78052,"Rochester, MN",null,1.12491094,3,9,5,13,0.3333,0.3846,0,1,"0.0000",null,109.804,115.156,0.389988,20.8363,-9.18598,-6.29941,-2.88656,-9.06218,6.8895,-6.10612,-2.95606,0.0526,0.7895,0.8421,0.4737,0.2632,0.1053,2.1579,"Wing G",14.339,"2004-10-15"],"games":18,"notes":"Wing G","projection":14.339,"advanced_stats":{"tov_pg":0.42105263157894735,"usage_pct":0.23421052631578948,"plus_minus_pg":-1.631578947368421,"mins_pct":0.102,"is_qualified":false}}]}