{"bart_player_id":78057,"seasons":[{"year":2024,"team_name":"Sam Houston St.","team_conference":"CUSA","class":"Fr","raw_row":["Bryce Cook","Sam Houston St.","CUSA",4,0.5,107,13.7,50,50,0,0,0,0,0,0,0,1,1,1,0,1,0,0,0,0,"Fr","5-7",11,0.0645831,100.984,13.3,2024,78057,"Arlington, TX",null,"0.00000000",0,0,1,1,null,"1.0000",0,0,null,null,109.677,106.178,0.126995,0.702448,-5.10696,-1.09838,-4.00858,-10.0134,"4.5000",-8.08676,-1.92662,"0.0000",0.1667,0.1667,"0.0000","0.0000","0.0000",0.6667,"PF/C",9.28769,"2000-11-01"],"games":4,"notes":"PF/C","projection":9.2877,"advanced_stats":{"tov_pg":0.3333333333333333,"usage_pct":0.19199999999999998,"plus_minus_pg":-1.6666666666666667,"mins_pct":0.02,"is_qualified":false}}]}