{"bart_player_id":78051,"seasons":[{"year":2025,"team_name":"Milwaukee","team_conference":"Horz","class":"Fr","raw_row":["Maurice Thomas","Milwaukee","Horz",3,0.4,162.1,13.8,75,75,0,0,0,0,0,0,0,0,0,0,1,2,0.5,0,0,0,"Fr","6-0",20,0.307355,140.88,0,2025,78051,"Chicago, IL",null,"0.00000000",0,0,0,0,null,null,0,0,null,null,115.055,122.936,0.0531889,0.500903,-1.13489,4.54869,-5.68357,9.14599,"1.8400",10.9453,-1.7993,"0.0000","0.2000","0.2000","0.0000","0.0000","0.0000","0.6000","Combo G",23.7228,"2004-10-15"],"games":3,"notes":"Combo G","projection":23.7228,"advanced_stats":{"tov_pg":0,"usage_pct":0.2344,"plus_minus_pg":-2.4,"mins_pct":0.007,"is_qualified":false}}]}