{"bart_player_id":78061,"seasons":[{"year":2024,"team_name":"Rider","team_conference":"MAAC","class":"Fr","raw_row":["Nic Anthony","Rider","MAAC",3,0.5,100,44.2,41.7,46.33,0,0,0,0,1,1,1,1,1,1,1,5,0.2,0,0,16.7,"Fr","6-3",24,0.30407,132.391,6.7,2024,78061,"Brantford, ON",null,"0.50000000",1,1,0,0,"1.0000",null,0,0,null,null,115.268,115.582,0.10406,0.577876,-11.7568,3.52689,-15.2837,5.85036,"4.2500",10.0905,-4.24015,"0.0000","0.5000","0.5000","0.2500","0.2500","0.0000","2.0000","Wing G",46.5349,"2004-10-15"],"games":3,"notes":"Wing G","projection":46.5349,"advanced_stats":{"tov_pg":0.5,"usage_pct":0.30425,"plus_minus_pg":2.25,"mins_pct":0.013,"is_qualified":false}}]}