{"bart_player_id":78086,"seasons":[{"year":2024,"team_name":"New Mexico St.","team_conference":"CUSA","class":"Sr","raw_row":["Jonathan Kanyanga","New Mexico St.","CUSA",26,22.8,82.7,12,56.7,58.2,6.3,19.6,3,38.1,7,11,0.636,17,30,0.567,0,0,0,6.3,1.4,36.7,"Sr","6-9",24,-0.479395,74.5744,6.2,2024,78086,"Kinshasa, Congo",null,0.22732853,17,29,0,1,0.5862,"0.0000",6,8,"0.7500",null,105.664,106.059,0.839398,51.6024,-3.06865,-5.96147,2.89283,-4.51942,10.5333,-5.94234,1.42292,0.6333,"1.9000",2.5333,0.1667,0.2667,0.6667,1.6333,"C",0,"1999-05-03"],"games":26,"notes":"C","projection":0,"advanced_stats":{"tov_pg":0.7333333333333333,"usage_pct":0.10116666666666665,"plus_minus_pg":-0.03333333333333333,"mins_pct":0.247,"is_qualified":true}}]}