{"bart_player_id":78082,"seasons":[{"year":2024,"team_name":"Coppin St.","team_conference":"MEAC","class":"Fr","raw_row":["Preist Ryan","Coppin St.","MEAC",16,24.7,85.2,21.6,38.9,41.73,6.2,12.7,10.1,14.3,16,27,0.593,34,81,0.42,2,14,0.143,1.6,1,28.4,"Fr","6-6",13,-0.161772,85.9753,2.1,2024,78082,"Pittsburgh, PA",null,0.73333333,15,34,19,47,0.4412,0.4043,1,2,"0.5000",null,110.353,113.875,1.03872,43.3923,-8.64784,-5.57024,-3.07759,-5.87158,18.0625,-3.11402,-2.75756,"1.0000","1.8750","2.8750",0.6875,0.3125,"0.2500","5.6250","Wing F",2.87977,"2004-10-15"],"games":16,"notes":"Wing F","projection":2.8798,"advanced_stats":{"tov_pg":0.9375,"usage_pct":0.27975,"plus_minus_pg":-8,"mins_pct":0.251,"is_qualified":false}}]}