{"bart_player_id":78107,"seasons":[{"year":2024,"team_name":"East Carolina","team_conference":"Amer","class":"Fr","raw_row":["Logan Bourgeois","East Carolina","Amer",9,1.8,98.5,12.8,42.9,42.86,0,5.3,0,0,0,0,0,0,1,0,2,6,0.333,0,0,0,"Fr","6-1",5,0.00194607,88.799,5.2,2024,78107,"Fleury-Les-Aubrais, France",null,"0.00000000",0,0,0,1,null,"0.0000",0,0,null,null,116.496,118.003,0.109973,2.34275,-8.29158,-2.67439,-5.61719,-6.68046,2.5556,-3.59239,-3.08806,"0.0000",0.1111,0.1111,"0.0000","0.0000","0.0000",0.6667,"Combo G",15.74,"2004-10-15"],"games":9,"notes":"Combo G","projection":15.74,"advanced_stats":{"tov_pg":0,"usage_pct":0.17700000000000002,"plus_minus_pg":0.4444444444444444,"mins_pct":0.017,"is_qualified":false}}]}