{"bart_player_id":78111,"seasons":[{"year":2025,"team_name":"Saint Francis","team_conference":"NEC","class":"So","raw_row":["Blaze Angellotti","Saint Francis","NEC",1,0.1,0,0,0,0,0,0,0,0,0,0,0,0,0,0,0,0,0,0,0,0,"So","6-4",13,-0.501063,-6.4866,0,2025,78111,"Julian, PA",null,"0.00000000",null,null,null,null,null,null,null,null,null,null,119.185,110.623,0.110119,0.136315,-7.19571,-4.5814,-2.61431,-11.8971,"3.5750",-7.14316,-4.75393,"0.0000","1.0000","1.0000","0.0000","0.0000","0.2500","0.2500","PF/C",0,"2004-10-15"],"games":1,"notes":"PF/C","projection":0,"advanced_stats":{"tov_pg":0.25,"usage_pct":0.11175,"plus_minus_pg":-0.75,"mins_pct":0.01,"is_qualified":false}}]}