{"bart_player_id":78144,"seasons":[{"year":2024,"team_name":"Chattanooga","team_conference":"SC","class":"Fr","raw_row":["TJ Kolbe","Chattanooga","SC",3,0.5,0,30.6,0,0,0,18,0,32,0,0,0,0,0,0,0,3,0,0,9.8,0,"Fr","6-2",24,-0.651152,-5.24938,0,2024,78144,"Hendersonville, TN",null,"0.00000000",0,0,0,0,null,null,0,0,null,null,88.1662,93.5552,0.256928,1.89127,-22.2104,-21.3406,-0.869808,-28.4578,"1.7500",-24.4135,-4.04438,"0.0000","0.2500","0.2500","0.0000","0.2500","0.0000","0.0000","Combo G",28.0593,"2004-10-15"],"games":3,"notes":"Combo G","projection":28.0593,"advanced_stats":{"tov_pg":0.2,"usage_pct":0.3822,"plus_minus_pg":0.6,"mins_pct":0.006,"is_qualified":false}}]}