{"bart_player_id":78168,"seasons":[{"year":2026,"team_name":"Western Illinois","team_conference":"OVC","class":"Fr","raw_row":["Danny Stephens","Western Illinois","OVC",15,23,88.5,20.4,42.8,47.17,3.9,11.6,6.2,19.2,17,23,0.739,16,35,0.457,11,41,0.268,1.2,1.6,30.3,"Fr","6-7",23,-0.38464,85.8798,2.5,2026,78168,"Bowen, IL",null,0.41180624,6,15,10,20,"0.4000","0.5000",1,1,"1.0000",null,117.13,126.209,0.483677,38.7918,-8.41116,-4.62702,-3.78414,-7.59374,17.2267,-3.83063,-3.76312,"0.6000","1.6000","2.2000",0.4667,0.4667,"0.2000",5.4667,"Wing G",9.42997,"2004-10-15"],"games":15,"notes":"Wing G","projection":9.43,"advanced_stats":{"tov_pg":1.1333333333333333,"usage_pct":0.20113333333333333,"plus_minus_pg":-10.8,"mins_pct":0.207,"is_qualified":false}}]}