{"bart_player_id":78188,"seasons":[{"year":2025,"team_name":"Northern Iowa","team_conference":"MVC","class":"Fr","raw_row":["Wes Rubin","Northern Iowa","MVC",13,2.2,78.4,30.3,36.4,37.66,9.3,8.7,21.3,21.7,1,2,0.5,4,8,0.5,0,3,0,0,0,18.2,"Fr","6-8",5,-0.0291856,85.846,2.9,2025,78188,"Chicago, IL",null,0.80005597,4,5,0,3,"0.8000","0.0000",0,0,null,null,110.683,111.704,0.148966,3.42271,-11.3615,-7.26006,-4.10143,-12.9634,"2.5000",-7.58898,-5.37446,0.2857,0.2143,"0.5000",0.2857,"0.0000",0.0714,0.7857,"Wing F",6.45886,"2004-10-15"],"games":13,"notes":"Wing F","projection":6.4589,"advanced_stats":{"tov_pg":0.35714285714285715,"usage_pct":0.2973571428571429,"plus_minus_pg":-1.3571428571428572,"mins_pct":0.027,"is_qualified":false}}]}