{"bart_player_id":78196,"seasons":[{"year":2024,"team_name":"Queens","team_conference":"ASun","class":"Fr","raw_row":["Kobe George","Queens","ASun",22,11.9,80.3,17.4,28.9,34.85,1.4,10.6,11.3,10.5,10,14,0.714,7,22,0.318,4,23,0.174,1.3,1.5,31.1,"Fr","6-3",0,-0.298225,75.8011,3.8,2024,78196,"Greensboro, NC",null,1.19990399,6,17,1,5,0.3529,"0.2000",0,0,null,null,114.705,114.031,0.386232,23.8814,-7.96044,-4.91883,-3.04161,-8.0746,7.5417,-5.75717,-2.31743,0.0833,"0.7500",0.8333,"0.5000",0.3333,0.0833,"2.6250","Wing G",8.47362,"2004-10-15"],"games":22,"notes":"Wing G","projection":8.4736,"advanced_stats":{"tov_pg":0.4166666666666667,"usage_pct":0.18404166666666666,"plus_minus_pg":-0.16666666666666666,"mins_pct":0.137,"is_qualified":false}}]}