{"bart_player_id":78209,"seasons":[{"year":2025,"team_name":"Alcorn St.","team_conference":"SWAC","class":"Sr","raw_row":["Del'Jayvien Harried","Alcorn St.","SWAC",14,5.5,96.3,15,60.7,61.59,3.4,5.4,3.1,29.4,2,3,0.667,7,10,0.7,1,4,0.25,0,2.6,21.4,"Sr","6-3",24,-0.0523644,86.6994,5.8,2025,78209,"Vicksburg, MS",null,0.19994399,7,9,0,1,0.7778,"0.0000",0,0,null,null,111.825,117.76,0.238113,10.2921,-5.55863,-3.77128,-1.78735,-7.17269,"4.9000",-5.72788,-1.44481,0.1429,0.2143,0.3571,0.0714,0.2143,"0.0000",1.3571,"Wing G",3.52813,"2002-10-15"],"games":14,"notes":"Wing G","projection":3.5281,"advanced_stats":{"tov_pg":0.35714285714285715,"usage_pct":0.11385714285714288,"plus_minus_pg":0.5714285714285714,"mins_pct":0.055,"is_qualified":false}}]}