{"bart_player_id":78206,"seasons":[{"year":2024,"team_name":"Alcorn St.","team_conference":"SWAC","class":"Jr","raw_row":["Alex Tsynkevich","Alcorn St.","SWAC",24,12.4,87.1,11.9,31.6,37.47,10.9,12,2.2,16.1,9,19,0.474,6,19,0.316,0,0,0,0,0.8,100,"Jr","6-10",7,-0.27119,76.3969,6.2,2024,78206,"Minsk, Belarus",null,0.59999998,5,13,1,6,0.3846,0.1667,0,0,null,null,117.755,121.16,0.209677,21.5462,-8.48358,-3.66052,-4.82306,-9.06148,"6.4400",-4.9815,-4.07998,"0.5600","0.6000","1.1600","0.1200","0.0800","0.0000","0.8800","C",0,"2001-10-23"],"games":24,"notes":"C","projection":0,"advanced_stats":{"tov_pg":0.19230769230769232,"usage_pct":0.12584615384615383,"plus_minus_pg":-4.346153846153846,"mins_pct":0.125,"is_qualified":false}}]}