{"bart_player_id":78205,"seasons":[{"year":2024,"team_name":"Alcorn St.","team_conference":"SWAC","class":"Jr","raw_row":["Roderick Jones","Alcorn St.","SWAC",9,10.3,78.2,20.7,28.2,32.44,1.9,16.4,23.7,17.8,7,12,0.583,8,31,0.258,2,8,0.25,0,0.5,30.8,"Jr","6-2",4,-0.382816,80.8195,3.1,2024,78205,"Albany, GA",null,2.12498603,6,18,2,13,0.3333,0.1538,0,0,null,null,117.21,110.521,0.989784,18.4322,-10.3365,-5.59511,-4.74138,-9.98668,14.2222,-4.6978,-5.28888,0.2222,1.8889,2.1111,1.8889,0.1111,"0.0000",3.2222,"Combo G",3.67381,"2002-10-15"],"games":9,"notes":"Combo G","projection":3.6738,"advanced_stats":{"tov_pg":0.8888888888888888,"usage_pct":0.215,"plus_minus_pg":-7.333333333333333,"mins_pct":0.1,"is_qualified":false}}]}