{"bart_player_id":78225,"seasons":[{"year":2024,"team_name":"Youngstown St.","team_conference":"Horz","class":"So","raw_row":["Tommy Fryda","Youngstown St.","Horz",6,0.9,178.7,23.5,75,80.81,10.9,0,20.5,0,2,2,1,0,1,0,2,3,0.667,0,0,50,"So","6-1",30,0.502555,175.474,4,2024,78225,"Boardman, OH",null,"2.00000000",0,0,0,1,null,"0.0000",0,0,null,null,113.541,121.893,0.0502197,0.991198,10.9197,16.6859,-5.76625,18.7397,"2.7000",17.9325,0.807231,"0.1000","0.1000","0.2000","0.2000","0.0000","0.1000","1.1000","Pure PG",16.9205,"2003-10-15"],"games":6,"notes":"Pure PG","projection":16.9205,"advanced_stats":{"tov_pg":0.1,"usage_pct":0.1476,"plus_minus_pg":2,"mins_pct":0.021,"is_qualified":false}}]}