{"bart_player_id":78236,"seasons":[{"year":2024,"team_name":"Central Arkansas","team_conference":"ASun","class":"Sr","raw_row":["Daniel Sofield","Central Arkansas","ASun",27,54.1,106,18.5,51.2,53.63,1.7,8,12.3,12.8,35,49,0.714,34,76,0.447,48,131,0.366,1.1,1.3,23.7,"Sr","6-7",21,0.833637,98.5712,2.1,2024,78236,"Jackson, NJ",null,1.37935696,25,41,9,35,0.6098,0.2571,4,4,"1.0000",null,118.762,121.595,0.749161,90.0068,-3.89883,-0.312168,-3.58666,-2.97307,24.1071,-0.448029,-2.52504,0.3571,1.8571,2.2143,1.4286,0.5714,0.2143,9.3214,"Wing G",11.4628,"2001-10-15"],"games":27,"notes":"Wing G","projection":11.4628,"advanced_stats":{"tov_pg":1.0357142857142858,"usage_pct":0.1911785714285714,"plus_minus_pg":-2.607142857142857,"mins_pct":0.526,"is_qualified":true}}]}