{"bart_player_id":78244,"seasons":[{"year":2024,"team_name":"UCLA","team_conference":"P12","class":"Fr","raw_row":["Ilane Fibleuil","UCLA","P12",23,12,104.9,11.2,47.8,50.2,8.5,18.7,6.5,18.1,3,4,0.75,8,13,0.615,2,10,0.2,4.3,2,17.4,"Fr","6-6",8,0.158355,95.4368,4.2,2024,78244,"Massy, France",75.4,"1.00000000",7,8,1,5,"0.8750","0.2000",1,1,"1.0000",null,99.5048,96.3157,0.790844,29.7858,3.1513,-0.659345,3.81064,1.68712,"6.3600",-0.625344,2.31246,"0.4800","1.0000","1.4800","0.2400","0.2000","0.2000","1.0000","Stretch 4",4.02595,"2005-06-26"],"games":23,"notes":"Stretch 4","projection":4.026,"advanced_stats":{"tov_pg":0.24,"usage_pct":0.13327999999999998,"plus_minus_pg":-0.12,"mins_pct":0.119,"is_qualified":false}}]}