{"bart_player_id":78258,"seasons":[{"year":2024,"team_name":"Duquesne","team_conference":"A10","class":"Fr","raw_row":["Lucas Perusek","Duquesne","A10",1,0.1,0,0,0,0,0,0,0,0,0,0,0,0,0,0,0,0,0,0,0,0,"Fr","6-1",30,-0.330204,-6.5831,0,2024,78258,"Willoughby Hills, OH",null,"0.50000000",null,null,null,null,null,null,null,null,null,null,113.325,116.89,0.0474917,0.0855329,-3.42165,-3.39976,-0.0218927,-9.63196,"2.0000",-5.91819,-3.71377,"0.5000","0.0000","0.5000","0.5000","0.0000","0.0000","0.0000","PF/C",0,"2004-10-15"],"games":1,"notes":"PF/C","projection":0,"advanced_stats":{"tov_pg":0,"usage_pct":0.139,"plus_minus_pg":0.5,"mins_pct":0.003,"is_qualified":false}}]}