{"bart_player_id":78251,"seasons":[{"year":2024,"team_name":"Colorado","team_conference":"P12","class":"Fr","raw_row":["Cody Williams","Colorado","P12",24,45.2,109.4,20.1,59.5,62.02,3.3,9.2,10.4,20.5,55,77,0.714,90,153,0.588,17,41,0.415,2.4,1.3,39.7,"Fr","6-8",10,2.56449,115.264,2.8,2024,78251,"Gilbert, AZ",98.8,"0.79165000",67,91,23,62,0.7363,"0.3710",15,20,"0.7500",10,105.2,99.9214,2.94572,111.488,2.56195,1.3007,1.26126,2.94792,"28.1250",1.98158,0.966343,0.7083,2.2917,"3.0000",1.5833,"0.6250",0.6667,11.9167,"Wing F",3.5231,"2004-11-20"],"games":24,"notes":"Wing F","projection":3.5231,"advanced_stats":{"tov_pg":2,"usage_pct":0.21045833333333328,"plus_minus_pg":6.291666666666667,"mins_pct":0.455,"is_qualified":true}}]}