{"bart_player_id":78266,"seasons":[{"year":2024,"team_name":"Wright St.","team_conference":"Horz","class":"Sr","raw_row":["Bo Myers","Wright St.","Horz",8,1.4,174.5,21.5,75,82.28,7.6,13.7,9.6,0,4,4,1,0,1,0,3,5,0.6,0,0,66.7,"Sr","6-6",5,0.612153,171.594,2.4,2024,78266,"Rockbridge, OH",null,"1.00000000",0,0,0,1,null,"0.0000",0,0,null,null,117.775,122.714,0.0579749,2.34123,6.80521,13.7202,-6.915,10.995,"3.5000",13.4722,-2.47725,"0.1000","0.4000","0.5000","0.1000","0.0000","0.0000","2.0000","Wing G",16.2067,"2001-10-15"],"games":8,"notes":"Wing G","projection":16.2067,"advanced_stats":{"tov_pg":0.1,"usage_pct":0.1661,"plus_minus_pg":1.7,"mins_pct":0.029,"is_qualified":false}}]}