{"bart_player_id":78284,"seasons":[{"year":2024,"team_name":"La Salle","team_conference":"A10","class":"Fr","raw_row":["Efe Tahmaz","La Salle","A10",2,0.2,300,4.5,150,150,0,38.7,0,0,0,0,0,0,0,0,1,1,1,0,0,0,"Fr","6-8",14,0.811493,244.483,0,2024,78284,"Istanbul, Turkey",null,"0.00000000",0,0,0,0,null,null,0,0,null,null,104.213,108.001,0.117508,0.60681,-5.44416,-1.09968,-4.34448,43.8655,4.6667,36.1446,7.72085,0.3333,0.6667,"1.0000","0.0000","0.0000","0.0000","2.0000","Stretch 4",22.8925,"2004-04-03"],"games":2,"notes":"Stretch 4","projection":22.8925,"advanced_stats":{"tov_pg":0,"usage_pct":0.18600000000000003,"plus_minus_pg":4.666666666666667,"mins_pct":0.011,"is_qualified":false}}]}