{"bart_player_id":78296,"seasons":[{"year":2025,"team_name":"Georgetown","team_conference":"BE","class":"So","raw_row":["Hashem Asadallah","Georgetown","BE",5,0.6,0,15.3,0,0,0,15.6,0,0,0,0,0,0,2,0,0,1,0,0,0,0,"So","6-2",15,-0.475424,-0.358945,5.3,2025,78296,"Jabriya, Kuwait",null,"0.00000000",0,0,0,2,null,"0.0000",0,0,null,null,107.799,114.372,0.0918111,1.06933,-21.1361,-14.991,-6.14507,-28.3534,"1.5200",-20.8672,-7.48621,"0.0000","0.2000","0.2000","0.0000","0.0000","0.0000","0.0000","PF/C",7.19073,"2005-04-02"],"games":5,"notes":"PF/C","projection":7.1907,"advanced_stats":{"tov_pg":0,"usage_pct":0.1994,"plus_minus_pg":-1.8,"mins_pct":0.006,"is_qualified":false}}]}