{"bart_player_id":78295,"seasons":[{"year":2024,"team_name":"Stonehill","team_conference":"NEC","class":"Fr","raw_row":["Se'yphon Triplett","Stonehill","NEC",15,13.5,76.2,31.9,44.8,48.67,7.5,6.3,6.2,29,14,19,0.737,27,57,0.474,2,10,0.2,0,2.8,28.4,"Fr","6-0",4,-0.163063,84.216,3.2,2024,78295,"Springfield, MA",null,0.13793103,20,43,7,14,0.4651,"0.5000",2,2,"1.0000",null,112.777,113.923,0.622779,26.8275,-14.1595,-9.42884,-4.73069,-9.63331,"11.2500",-5.81457,-3.81874,0.6875,"0.6250",1.3125,"0.2500","0.5000","0.0000",5.0625,"Wing G",3.56101,"2004-10-15"],"games":15,"notes":"Wing G","projection":3.561,"advanced_stats":{"tov_pg":1.7058823529411764,"usage_pct":0.29523529411764704,"plus_minus_pg":-3.588235294117647,"mins_pct":0.144,"is_qualified":false}}]}