{"bart_player_id":78299,"seasons":[{"year":2024,"team_name":"Texas A&M Corpus Chris","team_conference":"Slnd","class":"Fr","raw_row":["Amont'e Allen-Johnson","Texas A&M Corpus Chris","Slnd",5,2.7,61,26.4,50,50.56,6.8,7.5,6,48.7,2,4,0.5,2,3,0.667,1,4,0.25,0,5.5,57.1,"Fr","6-1",5,-0.502338,65.2272,6.5,2024,78299,"Flint, MI",null,0.66666667,0,1,2,2,"0.0000","1.0000",0,0,null,null,94.2266,94.0104,0.786683,6.8816,-7.57868,-9.58462,2.00594,-8.20629,"9.3750",-8.38868,0.182394,"0.2500","0.8750","1.1250","1.0000","0.5000","0.0000","3.0000","Scoring PG",7.23683,"2004-10-15"],"games":5,"notes":"Scoring PG","projection":7.2368,"advanced_stats":{"tov_pg":1.5,"usage_pct":0.21287499999999998,"plus_minus_pg":4.25,"mins_pct":0.053,"is_qualified":false}}]}