{"bart_player_id":78325,"seasons":[{"year":2024,"team_name":"St. Bonaventure","team_conference":"A10","class":"Sr","raw_row":["Anthony Belardinelli","St. Bonaventure","A10",5,0.7,125,11.9,50,50,13.8,0,0,0,0,0,0,1,1,1,0,1,0,0,0,0,"Sr","6-3",23,0.11148,106.425,0,2024,78325,"Upper Saddle River, NJ",null,"0.00000000",1,1,0,0,"1.0000",null,0,0,null,null,114.441,120.986,0.0599003,0.820837,-4.52844,1.51276,-6.0412,-6.05247,"1.8000",-0.866127,-5.18634,"0.2000","0.0000","0.2000","0.0000","0.0000","0.0000","0.4000","Wing G",6.51724,"2001-10-15"],"games":5,"notes":"Wing G","projection":6.5172,"advanced_stats":{"tov_pg":0,"usage_pct":0.0872,"plus_minus_pg":-1.4,"mins_pct":0.006,"is_qualified":false}}]}