{"bart_player_id":78328,"seasons":[{"year":2024,"team_name":"Cal Baptist","team_conference":"WAC","class":"So","raw_row":["Chris Chiles","Cal Baptist","WAC",26,22.4,100.5,10.3,46.6,49.23,3.2,6.1,5.5,17,7,10,0.7,7,14,0.5,9,30,0.3,1.4,2.4,22.7,"So","6-4",2,-0.0699147,86.6876,2.9,2024,78328,"Elk Grove, CA",null,0.72715704,4,8,3,6,"0.5000","0.5000",0,0,null,null,102.679,105.137,0.941611,46.7696,-0.416113,-1.5743,1.15819,-1.79574,10.8571,-3.20842,1.41269,0.3214,0.6786,"1.0000",0.2857,0.3929,0.1429,"2.0000","Combo G",6.53693,"2003-10-15"],"games":26,"notes":"Combo G","projection":6.5369,"advanced_stats":{"tov_pg":0.39285714285714285,"usage_pct":0.11357142857142856,"plus_minus_pg":-0.6785714285714286,"mins_pct":0.229,"is_qualified":false}}]}