{"bart_player_id":78375,"seasons":[{"year":2025,"team_name":"UC San Diego","team_conference":"BW","class":"So","raw_row":["Yaqub Mir","UC San Diego","BW",2,0.3,0,11.7,0,0,0,0,0,0,0,0,0,0,0,0,0,1,0,0,0,0,"So","6-2",22,-0.583548,-1.12327,0,2025,78375,"Granite Bay, CA",null,1.33340001,0,0,0,0,null,null,0,0,null,null,107.928,105.682,0.167528,0.353654,-13.8519,-9.98613,-3.86574,-20.7365,5.6667,-14.3466,-6.38988,"0.0000",0.6667,0.6667,0.6667,0.6667,"0.0000","2.0000","Pure PG",15.0749,"2004-10-15"],"games":2,"notes":"Pure PG","projection":15.0749,"advanced_stats":{"tov_pg":0,"usage_pct":0.12066666666666666,"plus_minus_pg":4.333333333333333,"mins_pct":0.012,"is_qualified":false}}]}