{"bart_player_id":78402,"seasons":[{"year":2024,"team_name":"Rutgers","team_conference":"B10","class":"So","raw_row":["Jacob Morales","Rutgers","B10",5,0.6,30.4,11.5,0,0,12.4,27.7,0,0,0,0,0,0,1,0,0,1,0,0,0,0,"So","6-4",15,-0.344665,26.4971,10,2024,78402,"Montvale, NJ",null,"0.00000000",0,0,0,1,null,"0.0000",0,0,null,null,95.6255,93.5221,0.205726,1.61402,-15.6248,-10.9003,-4.72446,-16.8093,"1.6000",-15.5779,-1.23137,"0.2000","0.4000","0.6000","0.0000","0.0000","0.0000","0.0000","PF/C",7.5339,"2003-10-15"],"games":5,"notes":"PF/C","projection":7.5339,"advanced_stats":{"tov_pg":0,"usage_pct":0.097,"plus_minus_pg":0.6,"mins_pct":0.006,"is_qualified":false}}]}