{"bart_player_id":78428,"seasons":[{"year":2024,"team_name":"Coppin St.","team_conference":"MEAC","class":"So","raw_row":["Ronnie Williams","Coppin St.","MEAC",5,3.1,40.1,14.7,16.7,16.67,0,6.8,0,0,0,0,0,2,5,0.4,0,7,0,3.2,1.7,0,"So","6-5",24,-1.29925,36.5734,1.1,2024,78428,"Tampa, FL",null,"0.00000000",1,1,1,4,"1.0000","0.2500",0,0,null,null,111.246,112.859,0.442649,5.16115,-14.2724,-10.2066,-4.0658,-13.959,"7.2000",-9.68168,-4.27731,"0.0000","0.4000","0.4000","0.0000","0.2000","0.2000","0.8000","PF/C",11.4726,"2003-10-15"],"games":5,"notes":"PF/C","projection":11.4726,"advanced_stats":{"tov_pg":0,"usage_pct":0.10925,"plus_minus_pg":-6.25,"mins_pct":0.032,"is_qualified":false}}]}