{"bart_player_id":78436,"seasons":[{"year":2025,"team_name":"Central Arkansas","team_conference":"ASun","class":"Fr","raw_row":["J.D. Roberts","Central Arkansas","ASun",5,0.7,235.1,4.3,0,0,0,0,57.8,0,0,0,0,0,0,0,0,0,0,0,0,0,"Fr","6-6",8,0.610422,188.607,0,2025,78436,"Kansas City, MO",null,"2.50000000",null,null,null,null,null,null,null,null,null,null,126.799,122.86,0.0550931,0.786572,-28.8567,-10.0275,-18.8293,-2.46424,"2.3000",1.59644,-4.06068,0.1667,0.3333,"0.5000","0.5000","0.0000","0.0000",0.8333,"Pure PG",0,"2004-10-15"],"games":5,"notes":"Pure PG","projection":0,"advanced_stats":{"tov_pg":0,"usage_pct":0.05533333333333334,"plus_minus_pg":0.8333333333333334,"mins_pct":0.01,"is_qualified":false}}]}