{"bart_player_id":78442,"seasons":[{"year":2024,"team_name":"The Citadel","team_conference":"SC","class":"Fr","raw_row":["Levi Birkholz","The Citadel","SC",14,6.5,76,8.3,25,27.4,1.6,9.6,8.9,9.5,1,2,0.5,1,5,0.2,1,5,0.2,0,0.8,20,"Fr","6-3",11,-0.497045,61.9545,3.2,2024,78442,"Lake Mills, WI",null,"1.75010620",1,3,0,2,0.3333,"0.0000",0,0,null,null,113.094,114.982,0.291148,10.4179,-7.46858,-4.77228,-2.6963,-8.4354,6.0588,-6.60563,-1.82977,0.2353,0.4118,0.6471,0.4118,0.0588,"0.0000",0.7059,"Wing G",3.96989,"2004-10-15"],"games":14,"notes":"Wing G","projection":3.9699,"advanced_stats":{"tov_pg":0.23529411764705882,"usage_pct":0.11935294117647058,"plus_minus_pg":-0.8823529411764706,"mins_pct":0.08,"is_qualified":false}}]}