{"bart_player_id":78461,"seasons":[{"year":2024,"team_name":"Furman","team_conference":"SC","class":"Fr","raw_row":["Cason Collins","Furman","SC",3,0.2,100,25.9,50,50,0,38.4,0,0,0,0,0,1,2,0.5,0,0,0,0,0,0,"Fr","6-3",22,0.0580296,105.3,0,2024,78461,"Morehead City, NC",null,0.60000001,1,2,0,0,"0.5000",null,0,0,null,null,105.401,102.648,0.0969137,0.581917,-19.3125,-9.071,-10.2415,-7.59193,"1.4000",-5.26928,-2.32265,"0.0000","0.2000","0.2000","0.2000","0.2000","0.0000","0.4000","Wing G",0,"2004-10-15"],"games":3,"notes":"Wing G","projection":0,"advanced_stats":{"tov_pg":0,"usage_pct":0.1508,"plus_minus_pg":-0.6,"mins_pct":0.005,"is_qualified":false}}]}