{"bart_player_id":78477,"seasons":[{"year":2024,"team_name":"Sacred Heart","team_conference":"NEC","class":"Sr","raw_row":["Alex Sobel","Sacred Heart","NEC",29,63.2,119.2,22.6,59.1,61.13,11.8,18.9,12.9,13.3,77,116,0.664,137,231,0.593,0,1,0,11.7,2.6,50,"Sr","6-8",31,2.72137,118.581,5.1,2024,78477,"Setauket, NY",null,1.29268107,121,188,16,43,0.6436,0.3721,11,11,"1.0000",null,97.7123,104.09,2.40227,181.681,6.64409,1.72639,4.9177,4.21613,25.9355,2.40985,1.80628,2.8065,4.6129,7.4194,1.7097,1.2258,2.6452,12.2258,"C",0.0751449,"2000-02-08"],"games":29,"notes":"C","projection":0.0751,"advanced_stats":{"tov_pg":1.2580645161290323,"usage_pct":0.21932258064516136,"plus_minus_pg":2.838709677419355,"mins_pct":0.627,"is_qualified":true}}]}