{"bart_player_id":78487,"seasons":[{"year":2024,"team_name":"Sacred Heart","team_conference":"NEC","class":"Sr","raw_row":["Kyle McGee","Sacred Heart","NEC",29,62.6,101.9,20.7,48,52.76,2.4,12,12.5,15.4,71,99,0.717,52,119,0.437,37,105,0.352,0.9,2.6,44.2,"Sr","6-4",10,0.947098,99.1161,2.6,2024,78487,"Jersey City, NJ",null,1.30235742,25,47,26,71,0.5319,0.3662,0,0,null,null,105.731,113.204,1.56107,132.808,-3.04175,-0.554765,-2.48699,-2.29568,25.7097,-0.738647,-1.55703,0.5161,"2.8710",3.3871,1.8065,"1.1290",0.1935,9.7742,"Combo G",7.96584,"2001-10-15"],"games":29,"notes":"Combo G","projection":7.9658,"advanced_stats":{"tov_pg":1.3870967741935485,"usage_pct":0.20974193548387102,"plus_minus_pg":1.5161290322580645,"mins_pct":0.622,"is_qualified":true}}]}