{"bart_player_id":78481,"seasons":[{"year":2024,"team_name":"Oakland","team_conference":"Horz","class":"Sr","raw_row":["Jack Gohlke","Oakland","Horz",36,77.5,121.5,16.9,56.3,58.33,1.3,13.7,6.3,6.4,51,65,0.785,4,8,0.5,137,364,0.376,0.3,1.2,17.5,"Sr","6-3",3,2.72864,113.951,1.5,2024,78481,"Pewaukee, WI",null,1.80970351,3,5,2,4,"0.6000","0.5000",1,1,"1.0000",null,108.831,107.885,2.44013,178.135,2.02018,3.54873,-1.52855,2.97097,31.5278,3.68384,-0.712869,0.3611,3.7778,4.1389,1.0556,0.6667,0.0833,13.0556,"Wing G",18.8784,"1999-12-03"],"games":36,"notes":"Wing G","projection":18.8784,"advanced_stats":{"tov_pg":0.5833333333333334,"usage_pct":0.18674999999999997,"plus_minus_pg":2.4444444444444446,"mins_pct":0.773,"is_qualified":true}}]}