{"bart_player_id":78493,"seasons":[{"year":2024,"team_name":"Kansas St.","team_conference":"B12","class":"Sr","raw_row":["Taymont Lindsey","Kansas St.","B12",4,0.2,0,12.7,0,0,0,0,0,0,0,0,0,0,1,0,0,0,0,0,0,0,"Sr","5-8",10,-0.233526,-1.15483,0,2024,78493,"Kerens, TX",null,"0.00000000",0,1,0,0,"0.0000",null,0,0,null,null,113.419,105.532,0.0651783,0.269259,-15.0757,-11.8307,-3.24499,-16.3843,"0.7500",-10.3509,-6.03346,"0.0000","0.0000","0.0000","0.0000","0.0000","0.0000","0.0000","Combo G",0,"2001-10-15"],"games":4,"notes":"Combo G","projection":0,"advanced_stats":{"tov_pg":0,"usage_pct":0.44925,"plus_minus_pg":1,"mins_pct":0.002,"is_qualified":false}}]}