{"bart_player_id":78494,"seasons":[{"year":2025,"team_name":"Youngstown St.","team_conference":"Horz","class":"So","raw_row":["David Wilkerson","Youngstown St.","Horz",25,13.6,96,25.3,47.8,49.92,4.5,12.3,20.3,19.4,10,15,0.667,22,45,0.489,7,23,0.304,0.6,2.3,22.1,"So","6-4",13,0.201556,98.1648,5.7,2025,78494,"Lansing, MI",null,1.16664169,17,31,5,14,0.5484,0.3571,0,0,null,null,103.951,105.925,0.621417,30.8002,-4.75588,-2.96808,-1.7878,-3.6979,7.6778,-3.21884,-0.479063,0.3704,0.8889,1.2593,0.7778,0.2593,"0.0370","2.9630","Combo G",7.51132,"2003-10-15"],"games":25,"notes":"Combo G","projection":7.5113,"advanced_stats":{"tov_pg":0.6666666666666666,"usage_pct":0.23540740740740743,"plus_minus_pg":2.2222222222222223,"mins_pct":0.151,"is_qualified":false}}]}