{"bart_player_id":78501,"seasons":[{"year":2024,"team_name":"New Mexico St.","team_conference":"CUSA","class":"Fr","raw_row":["Keylon Dorsey","New Mexico St.","CUSA",14,5.8,37.3,19.2,12.5,15.98,5.3,28.6,0,18.6,2,4,0.5,1,7,0.143,1,13,0.077,0,1.8,20,"Fr","6-5",5,-0.80708,37.9182,8.5,2024,78501,"Houston, TX",null,"0.00000000",0,1,1,6,"0.0000",0.1667,0,0,null,null,103.796,102.986,0.439575,14.0924,-19.1627,-12.872,-6.29072,-18.8811,"5.5000",-14.8478,-4.03329,0.1875,"1.2500",1.4375,"0.0000","0.1250",0.0625,1.4375,"Stretch 4",11.6543,"2004-10-15"],"games":14,"notes":"Stretch 4","projection":11.6543,"advanced_stats":{"tov_pg":0.3125,"usage_pct":0.2305,"plus_minus_pg":-1.125,"mins_pct":0.07,"is_qualified":false}}]}