{"bart_player_id":78509,"seasons":[{"year":2024,"team_name":"Northwestern St.","team_conference":"Slnd","class":"So","raw_row":["Jimel Lane","Northwestern St.","Slnd",29,47,83.8,16.4,44.5,46.52,4.2,15.2,4.6,23.4,21,35,0.6,50,102,0.49,7,34,0.206,2.9,1.7,25.7,"So","6-7",0,-0.786145,76.933,4.9,2024,78509,"Miami, FL",null,0.36587026,37,64,13,38,0.5781,0.3421,17,18,0.9444,null,108.445,112.086,1.24847,103.6,-5.63382,-5.42497,-0.20885,-7.01733,19.5161,-6.24461,-0.772722,0.8065,2.5806,3.3871,0.4839,0.7097,0.6452,5.4839,"Wing F",3.4343,"2003-10-15"],"games":29,"notes":"Wing F","projection":3.4343,"advanced_stats":{"tov_pg":1.3225806451612903,"usage_pct":0.17022580645161287,"plus_minus_pg":-2.903225806451613,"mins_pct":0.467,"is_qualified":true}}]}