{"bart_player_id":78514,"seasons":[{"year":2024,"team_name":"Army","team_conference":"Pat","class":"Fr","raw_row":["Dylan Blair","Army","Pat",27,19.5,70.9,18.6,39.8,41.52,0,9.1,16.1,31.6,5,8,0.625,5,19,0.263,11,35,0.314,0,2.4,14.8,"Fr","5-9",23,-0.63812,67.3353,3.2,2024,78514,"Downingtown, PA",null,0.91299961,1,2,4,17,"0.5000",0.2353,0,0,null,null,105.043,111.119,0.584547,36.262,-11.2038,-8.44254,-2.76125,-9.79335,8.8276,-8.37341,-1.41994,"0.0000",0.6552,0.6552,0.7241,0.3103,0.0345,1.6552,"Combo G",9.34592,"2004-10-15"],"games":27,"notes":"Combo G","projection":9.3459,"advanced_stats":{"tov_pg":0.7931034482758621,"usage_pct":0.1650689655172414,"plus_minus_pg":-2.2413793103448274,"mins_pct":0.197,"is_qualified":false}}]}