{"bart_player_id":78530,"seasons":[{"year":2024,"team_name":"Northwestern St.","team_conference":"Slnd","class":"Jr","raw_row":["Jae Slack","Northwestern St.","Slnd",22,25.7,104,18.7,46.7,50.89,6,15.4,4.6,11.8,26,38,0.684,16,46,0.348,18,46,0.391,0.7,1.7,41.3,"Jr","6-6",12,0.501132,98.925,4.6,2024,78530,"Fort Worth, TX",null,0.64289389,10,28,6,18,0.3571,0.3333,0,0,null,null,109.529,113.579,0.823131,53.993,-4.35212,-1.40699,-2.94514,-3.13258,14.5833,-1.09722,-2.03536,0.9167,1.7917,2.7083,"0.3750","0.5000",0.0833,5.2083,"Wing F",8.49732,"2002-10-15"],"games":22,"notes":"Wing F","projection":8.4973,"advanced_stats":{"tov_pg":0.5833333333333334,"usage_pct":0.20016666666666671,"plus_minus_pg":-2.2916666666666665,"mins_pct":0.27,"is_qualified":true}}]}