{"bart_player_id":78536,"seasons":[{"year":2024,"team_name":"Texas A&M Corpus Chris","team_conference":"Slnd","class":"Jr","raw_row":["Xavier Glenn","Texas A&M Corpus Chris","Slnd",2,0.3,94.4,20,40,40,26.2,0,0,0,0,0,0,2,5,0.4,0,0,0,0,0,0,"Jr","6-4",23,-0.0266332,84.7389,0,2024,78536,"Bixby, OK",null,1.33340001,1,2,1,3,"0.5000",0.3333,0,0,null,null,109.523,120.211,0.071939,0.39418,-9.55474,-1.24914,-8.3056,-0.175312,5.3333,7.85017,-8.02548,"1.0000",0.6667,1.6667,0.6667,"0.0000",0.3333,"4.0000","PF/C",0,"2002-10-15"],"games":2,"notes":"PF/C","projection":0,"advanced_stats":{"tov_pg":0,"usage_pct":0.5303333333333333,"plus_minus_pg":4.333333333333333,"mins_pct":0.011,"is_qualified":false}}]}