{"bart_player_id":78541,"seasons":[{"year":2024,"team_name":"Miami OH","team_conference":"MAC","class":"Jr","raw_row":["Bradley Dean","Miami OH","MAC",22,35.6,97.2,21,47.1,50.89,2.5,12.2,13.5,15.1,24,28,0.857,23,63,0.365,28,75,0.373,0.5,2.7,20.3,"Jr","6-2",1,0.559654,96.8475,2.6,2024,78541,"Gate City, VA",null,1.41670001,12,24,11,39,"0.5000",0.2821,0,0,null,null,103.548,106.595,1.62274,78.732,-1.81581,-1.40968,-0.406131,-1.24321,"19.7500",-1.21811,-0.0250972,0.4167,2.0833,"2.5000",1.4167,0.9583,"0.1250","7.0000","Combo G",10.3584,"2002-10-15"],"games":22,"notes":"Combo G","projection":10.3584,"advanced_stats":{"tov_pg":1,"usage_pct":0.20174999999999998,"plus_minus_pg":0.4166666666666667,"mins_pct":0.369,"is_qualified":true}}]}