{"bart_player_id":78551,"seasons":[{"year":2025,"team_name":"Northern Colorado","team_conference":"BSky","class":"So","raw_row":["Radek Homer","Northern Colorado","BSky",7,1.1,0,12.4,0,0,0,8.3,0,31.5,0,0,0,0,2,0,0,1,0,0,0,0,"So","6-2",10,-0.665732,-0.962444,13.5,2025,78551,"Highlands Ranch, CO",null,2.99999987,0,1,0,1,"0.0000","0.0000",0,0,null,null,112.884,118.337,0.0986181,1.93284,-17.2014,-12.9391,-4.26221,-26.9191,3.1778,-20.8153,-6.10373,"0.0000",0.5556,0.5556,0.3333,0.1111,"0.0000",0.5556,"PF/C",4.07381,"2004-10-15"],"games":7,"notes":"PF/C","projection":4.0738,"advanced_stats":{"tov_pg":0.1111111111111111,"usage_pct":0.21444444444444444,"plus_minus_pg":-0.8888888888888888,"mins_pct":0.02,"is_qualified":false}}]}