{"bart_player_id":78568,"seasons":[{"year":2024,"team_name":"Prairie View A&M","team_conference":"SWAC","class":"So","raw_row":["Chris Felix Jr.","Prairie View A&M","SWAC",26,34.1,101,21.3,38.8,48.41,5.2,8.6,4.7,8.6,57,68,0.838,46,125,0.368,4,9,0.444,2.2,1,50.7,"So","6-5",25,0.621093,100.328,4.1,2024,78568,"Houston, TX",null,0.71420002,18,46,28,79,0.3913,0.3544,0,0,null,null,111.622,115.612,0.790869,56.8419,-8.21172,-4.1338,-4.07791,-4.17909,15.4286,-1.84064,-2.33846,0.7857,"1.0000",1.7857,0.3571,0.3214,0.2857,"6.2500","Wing G",1.26647,"2003-10-15"],"games":26,"notes":"Wing G","projection":1.2665,"advanced_stats":{"tov_pg":0.5,"usage_pct":0.16924999999999998,"plus_minus_pg":-2.7857142857142856,"mins_pct":0.349,"is_qualified":true}}]}