{"bart_player_id":78573,"seasons":[{"year":2024,"team_name":"Le Moyne","team_conference":"NEC","class":"Sr","raw_row":["Isaiah Salter","Le Moyne","NEC",29,60.5,103.5,14.5,49.6,53.22,2,6.3,18.8,19.5,27,34,0.794,23,51,0.451,30,86,0.349,0.3,3.2,24.8,"Sr","6-0",5,0.316379,92.3432,2.3,2024,78573,"Charlotte, NC",null,2.26465876,14,24,9,27,0.5833,0.3333,0,0,null,null,106.008,113.859,1.40419,119.464,-3.03402,-1.60801,-1.42601,-3.23982,23.9375,-2.96574,-0.274081,"0.5000","1.3750","1.8750",2.4062,"1.5000",0.0625,5.8125,"Scoring PG",7.14946,"2001-10-15"],"games":29,"notes":"Scoring PG","projection":7.1495,"advanced_stats":{"tov_pg":1.0625,"usage_pct":0.13906249999999995,"plus_minus_pg":1.1875,"mins_pct":0.6,"is_qualified":true}}]}