{"bart_player_id":78588,"seasons":[{"year":2025,"team_name":"Oakland","team_conference":"Horz","class":"Fr","raw_row":["Zavier Banks","Oakland","Horz",6,1.3,148.5,29.6,50,64.34,20.6,6.9,13.2,0,6,7,0.857,3,6,0.5,0,0,0,0,0,116.7,"Fr","6-5",24,0.804602,170.665,0,2025,78588,"Detroit, MI",null,1.99930009,2,4,1,2,"0.5000","0.5000",0,0,null,null,118.54,114.204,0.174825,1.74177,3.76523,9.80993,-6.0447,11.546,3.8286,13.493,-1.94695,"1.0000",0.2857,1.2857,0.2857,"0.0000","0.0000","2.0000","PF/C",0,"2004-10-15"],"games":6,"notes":"PF/C","projection":0,"advanced_stats":{"tov_pg":0.14285714285714285,"usage_pct":0.2612857142857143,"plus_minus_pg":-1,"mins_pct":0.019,"is_qualified":false}}]}