{"bart_player_id":78609,"seasons":[{"year":2025,"team_name":"Central Arkansas","team_conference":"ASun","class":"Fr","raw_row":["Ben Fox","Central Arkansas","ASun",31,52.8,105.5,14.3,50.3,52.75,3.6,7.5,4.5,11.7,27,38,0.711,13,30,0.433,46,133,0.346,0.8,1.8,23.3,"Fr","6-5",13,0.323898,94.1965,2.5,2025,78609,"Little Rock, AR",null,0.89475515,7,16,6,14,0.4375,0.4286,1,1,"1.0000",null,119.096,120.43,0.832186,96.1804,-4.92587,-1.33218,-3.5937,-4.663,21.9576,-1.97757,-2.68543,0.7576,1.4242,2.1818,0.5152,"0.6970",0.1212,6.5455,"Wing G",11.7593,"2004-10-15"],"games":31,"notes":"Wing G","projection":11.7593,"advanced_stats":{"tov_pg":0.5757575757575758,"usage_pct":0.16248484848484848,"plus_minus_pg":-2.242424242424242,"mins_pct":0.537,"is_qualified":true}}]}