{"bart_player_id":78618,"seasons":[{"year":2025,"team_name":"Northern Arizona","team_conference":"BSky","class":"Sr","raw_row":["Ali Ragab","Northern Arizona","BSky",16,8.5,65.6,15.5,38.5,38.13,13.9,23.2,3.2,45.1,1,3,0.333,5,13,0.385,0,0,0,7.9,0.6,23.1,"Sr","7-0",22,-0.65945,59.8216,6.7,2025,78618,"Cairo, Egypt",null,0.23529411,4,10,1,3,"0.4000",0.3333,1,1,"1.0000",null,104.912,107.283,0.538902,20.5815,-8.27014,-10.35,2.07982,-10.272,"7.1900",-9.67822,-0.593736,"1.1500","1.3000","2.4500","0.2000","0.1000","0.6000","1.6500","C",0,"2002-10-15"],"games":16,"notes":"C","projection":0,"advanced_stats":{"tov_pg":0.85,"usage_pct":0.17085,"plus_minus_pg":2.95,"mins_pct":0.106,"is_qualified":false}}]}