{"bart_player_id":78616,"seasons":[{"year":2025,"team_name":"Alabama A&M","team_conference":"SWAC","class":"Sr","raw_row":["Clance Crosby","Alabama A&M","SWAC",28,21.5,98.8,18,58.5,59.2,10.9,9.2,7.1,26.7,21,36,0.583,31,53,0.585,0,0,0,4.5,1.3,67.9,"Sr","6-9",10,0.0827414,92.444,9.1,2025,78616,"Oklahoma City, OK",null,0.43992558,26,39,5,14,0.6667,0.3571,2,2,"1.0000",null,111.469,117.942,0.427751,41.6227,-5.39888,-4.1066,-1.29228,-7.90498,"8.8710",-6.10879,-1.79619,"1.0000",0.9355,1.9355,0.3548,0.2258,0.3871,2.9355,"C",0,"2002-10-15"],"games":28,"notes":"C","projection":0,"advanced_stats":{"tov_pg":0.8064516129032258,"usage_pct":0.19122580645161294,"plus_minus_pg":-1.967741935483871,"mins_pct":0.213,"is_qualified":false}}]}