{"bart_player_id":78667,"seasons":[{"year":2026,"team_name":"McNeese St.","team_conference":"Slnd","class":"Jr","raw_row":["Yanis Ndjonga","McNeese St.","Slnd",26,19.8,142.2,9.4,71.7,72.49,14.4,20.8,1.3,15.1,6,8,0.75,20,27,0.741,1,3,0.333,1.7,2.1,26.7,"Jr","6-8",13,1.01892,122.585,4.5,2026,78667,"Yaoundé, Cameroon",null,0.37486876,20,27,0,0,0.7407,null,2,2,"1.0000",null,99.16,99.7668,1.16675,49.5289,0.823616,0.71847,0.105146,0.554536,10.3821,0.651996,-0.0974597,1.5714,1.8214,3.3929,0.1071,0.4286,0.1071,2.4286,"PF/C",0.705664,"2002-10-15"],"games":26,"notes":"PF/C","projection":0.7057,"advanced_stats":{"tov_pg":0.2857142857142857,"usage_pct":0.08650000000000001,"plus_minus_pg":4.571428571428571,"mins_pct":0.211,"is_qualified":false}}]}