{"bart_player_id":78673,"seasons":[{"year":2024,"team_name":"Nevada","team_conference":"MWC","class":"Fr","raw_row":["Isaac Hymes","Nevada","MWC",1,0.3,300,3.9,150,150,0,28.8,0,0,0,0,0,0,0,0,1,1,1,0,0,0,"Fr","6-8",24,1.77147,216.204,0,2024,78673,"Phoenix, AZ",null,"0.00000000",0,0,0,0,null,null,0,0,null,null,100.657,111.942,0.258641,0.718216,-1.0181,1.20862,-2.22672,29.3929,"4.0000",21.8788,7.51407,"0.0000","1.0000","1.0000","0.0000","0.0000","0.0000","3.0000","Wing F",14.9151,"2004-10-15"],"games":1,"notes":"Wing F","projection":14.9151,"advanced_stats":{"tov_pg":0,"usage_pct":0.13,"plus_minus_pg":1,"mins_pct":0.003,"is_qualified":false}}]}