{"bart_player_id":78670,"seasons":[{"year":2024,"team_name":"Appalachian St.","team_conference":"SB","class":"Fr","raw_row":["Josh Hayes","Appalachian St.","SB",6,1,110.9,16.3,50,67.8,8.9,7.6,0,27.4,2,2,1,1,2,0.5,0,0,0,0,0,100,"Fr","6-9",22,0.0832323,99.6471,3.1,2024,78670,"Gainesville, FL",null,"0.40000000",1,1,0,1,"1.0000","0.0000",1,1,"1.0000",null,106.548,109.312,0.159877,1.59888,-8.31472,-3.95055,-4.36417,-5.83425,"6.6250",-3.86222,-1.97203,"0.8750","1.7500","2.6250","0.2500","0.2500","0.5000","3.7500","C",0,"2004-10-15"],"games":6,"notes":"C","projection":0,"advanced_stats":{"tov_pg":0.625,"usage_pct":0.19887500000000002,"plus_minus_pg":5,"mins_pct":0.038,"is_qualified":false}}]}