{"bart_player_id":78712,"seasons":[{"year":2024,"team_name":"Green Bay","team_conference":"Horz","class":"Fr","raw_row":["Jacob Antchak","Green Bay","Horz",5,1.4,84.3,26.5,50,50.85,14.8,21,0,27.4,2,4,0.5,2,4,0.5,0,0,0,0,0,100,"Fr","6-8",22,0.026161,90.7939,4.7,2024,78712,"Langley, BC",null,"0.00000000",2,4,0,0,"0.5000",null,0,1,"0.0000",null,108.515,110.4,0.238042,2.63797,-19.4719,-10.8615,-8.61044,-11.2901,3.7143,-8.07372,-3.21638,0.2857,0.5714,0.8571,"0.0000","0.0000","0.0000",1.5714,"C",0,"2004-10-15"],"games":5,"notes":"C","projection":0,"advanced_stats":{"tov_pg":0.42857142857142855,"usage_pct":0.20285714285714285,"plus_minus_pg":-0.5714285714285714,"mins_pct":0.021,"is_qualified":false}}]}