{"bart_player_id":78738,"seasons":[{"year":2024,"team_name":"Central Arkansas","team_conference":"ASun","class":"Jr","raw_row":["Issakha Niang","Central Arkansas","ASun",1,1.7,95.2,8.8,0,51.28,10.8,5.7,0,32.6,2,2,1,0,1,0,0,0,0,11.4,2.9,200,"Jr","6-8",14,-0.112039,86.9621,4,2024,78738,"Dakar, Senegal",null,"0.00000000",0,1,0,0,"0.0000",null,0,0,null,null,110.906,108.409,1.53841,3.97587,-2.0618,-5.52642,3.46461,-6.80049,"14.0000",-4.69426,-2.10623,"1.5000","1.0000","2.5000","0.0000","0.5000","1.0000","1.5000","C",0,"2002-10-15"],"games":1,"notes":"C","projection":0,"advanced_stats":{"tov_pg":0.3333333333333333,"usage_pct":0.061,"plus_minus_pg":0.6666666666666666,"mins_pct":0.021,"is_qualified":false}}]}