{"bart_player_id":78735,"seasons":[{"year":2025,"team_name":"East Carolina","team_conference":"Amer","class":"Jr","raw_row":["Grant Smith","East Carolina","Amer",1,0.2,0,14.6,0,0,0,0,0,0,0,0,0,0,1,0,0,0,0,0,0,0,"Jr","6-7",35,-0.814286,-0.476493,0,2025,78735,"Richmond, VA",null,"0.00000000",0,0,0,1,null,"0.0000",0,0,null,null,120.247,132.79,-0.00912133,0.206961,-21.1492,-14.4238,-6.72534,-28.6315,"2.5000",-17.4583,-11.1732,0.3333,0.3333,0.6667,"0.0000","0.0000","0.0000","0.0000","PF/C",0,"2003-10-15"],"games":1,"notes":"PF/C","projection":0,"advanced_stats":{"tov_pg":0.6666666666666666,"usage_pct":0.168,"plus_minus_pg":-4,"mins_pct":0.006,"is_qualified":false}}]}