{"bart_player_id":78756,"seasons":[{"year":2024,"team_name":"UTEP","team_conference":"CUSA","class":"Jr","raw_row":["Sebastian Cole","UTEP","CUSA",8,4.1,69.7,14.6,38.9,45.23,2.3,2.5,7.4,37.8,2,2,1,2,3,0.667,1,6,0.167,0,4.5,22.2,"Jr",null,21,-0.515046,64.5661,8.6,2024,78756,"Aurora, CO",null,1.83318063,1,2,1,1,"0.5000","1.0000",0,0,null,null,98.5279,100.393,0.64746,9.4063,-4.29616,-5.62662,1.33047,-6.6763,8.4545,-9.28078,2.60448,0.0909,0.1818,0.2727,"1.0000",0.6364,"0.0000",2.1818,"Scoring PG",6.60962,"2002-10-15"],"games":8,"notes":"Scoring PG","projection":6.6096,"advanced_stats":{"tov_pg":0.5454545454545454,"usage_pct":0.12954545454545457,"plus_minus_pg":4.363636363636363,"mins_pct":0.068,"is_qualified":false}}]}