{"bart_player_id":78761,"seasons":[{"year":2024,"team_name":"Cincinnati","team_conference":"B12","class":"Sr","raw_row":["Landen Long","Cincinnati","B12",5,0.5,158.2,10.8,75,75,0,0,0,0,0,0,0,0,1,0,1,1,1,0,0,0,"Sr","5-11",14,0.235035,136.958,0,2024,78761,"Mason, OH",null,"0.00000000",0,1,0,0,"0.0000",null,0,0,null,null,110.198,110.087,0.0995403,0.69467,0.267667,2.59712,-2.32946,4.3529,"1.4000",5.51174,-1.15884,"0.0000","0.0000","0.0000","0.0000","0.0000","0.0000","0.6000","Combo G",7.81429,"2001-10-15"],"games":5,"notes":"Combo G","projection":7.8143,"advanced_stats":{"tov_pg":0,"usage_pct":0.1268,"plus_minus_pg":0.6,"mins_pct":0.006,"is_qualified":false}}]}