{"bart_player_id":78771,"seasons":[{"year":2025,"team_name":"Cleveland St.","team_conference":"Horz","class":"Fr","raw_row":["Danny Young","Cleveland St.","Horz",8,1.9,63.1,13.4,21.4,25.16,0,0,0,0,1,2,0.5,0,4,0,1,3,0.333,0,2.4,28.6,"Fr","6-1",5,-0.373892,55.1607,11.2,2025,78771,"Shaker Heights, OH",null,2.49999996,0,4,0,0,"0.0000",null,0,0,null,null,108.654,113.515,0.197261,3.30601,-9.80885,-6.38102,-3.42783,-16.7269,"5.2700",-13.6118,-3.11513,"0.0000","0.2000","0.2000","0.5000","0.3000","0.0000","2.1000","Pure PG",7.20577,"2004-10-15"],"games":8,"notes":"Pure PG","projection":7.2058,"advanced_stats":{"tov_pg":0.2,"usage_pct":0.1862,"plus_minus_pg":2.9,"mins_pct":0.036,"is_qualified":false}}]}