{"bart_player_id":78784,"seasons":[{"year":2024,"team_name":"Idaho St.","team_conference":"BSky","class":"Jr","raw_row":["Gavin Gilstrap","Idaho St.","BSky",13,4.3,66.6,12.6,50,40.4,2.2,19.9,3.3,26.5,0,4,0,4,8,0.5,0,0,0,5.8,2.2,50,"Jr","6-11",32,-0.449146,57.9508,10,2024,78784,"Spokane, WA",null,0.49981255,3,5,1,3,"0.6000",0.3333,0,0,null,null,104.281,106.404,0.3545,10.9791,-6.76164,-8.37462,1.61298,-7.9625,4.6667,-9.75718,1.79468,0.0667,0.6667,0.7333,0.1333,"0.2000","0.2000",0.6667,"C",0,"2002-10-15"],"games":13,"notes":"C","projection":0,"advanced_stats":{"tov_pg":0.26666666666666666,"usage_pct":0.13859999999999997,"plus_minus_pg":-0.8666666666666667,"mins_pct":0.052,"is_qualified":false}}]}