{"bart_player_id":78796,"seasons":[{"year":2024,"team_name":"Sacred Heart","team_conference":"NEC","class":"Fr","raw_row":["Daniel Bublil","Sacred Heart","NEC",2,0.3,206.9,35.5,100,100,0,0,100,0,0,0,0,1,1,1,0,0,0,0,0,0,"Fr",null,11,0.779308,238.3,0,2024,78796,"Ra'anana, Israel",null,"1.00000000",0,0,1,1,null,"1.0000",0,0,null,null,117.463,134.638,-0.0211414,0.254691,19.113,34.2303,-15.1173,31.1375,"1.7500",26.8267,4.31075,"0.0000","0.0000","0.0000","0.5000","0.2500","0.0000","1.0000","Pure PG",0,"2004-10-15"],"games":2,"notes":"Pure PG","projection":0,"advanced_stats":{"tov_pg":0,"usage_pct":0.20400000000000001,"plus_minus_pg":-1.25,"mins_pct":0.005,"is_qualified":false}}]}