{"bart_player_id":78802,"seasons":[{"year":2024,"team_name":"Southern Indiana","team_conference":"OVC","class":"So","raw_row":["Johnny Semany","Southern Indiana","OVC",8,1.8,93.7,5.7,0,25.64,5.3,21.8,8.5,0,1,2,0.5,0,0,0,0,1,0,0,0,200,"So","6-0",14,-0.113932,76.0685,3.8,2024,78802,"Danville, CA",null,0.80000001,0,0,0,0,null,null,0,0,null,null,109.241,106.905,0.215618,3.39016,-5.93114,-3.62961,-2.30153,-9.17788,"2.7000",-6.2696,-2.90827,"0.1000","0.5000","0.6000","0.1000","0.0000","0.0000","0.4000","Wing G",2.73502,"2003-10-15"],"games":8,"notes":"Wing G","projection":2.735,"advanced_stats":{"tov_pg":0,"usage_pct":0.045399999999999996,"plus_minus_pg":0.4,"mins_pct":0.022,"is_qualified":false}}]}