{"bart_player_id":78811,"seasons":[{"year":2024,"team_name":"Southern Miss","team_conference":"SB","class":"Jr","raw_row":["Bryson Hall","Southern Miss","SB",23,18.8,86.3,12.6,29.6,47.59,5,13.7,6.3,28.4,21,25,0.84,8,21,0.381,0,6,0,1.4,1,92.6,"Jr","6-6",24,-0.428947,75.9402,5.3,2024,78811,"Northport, AL",null,0.47058822,4,8,4,13,"0.5000",0.3077,0,1,"0.0000",null,107.921,108.578,0.746764,35.8586,-6.63955,-5.31775,-1.3218,-6.6908,"10.0000",-6.03161,-0.65919,"0.4800","1.2800","1.7600","0.3200","0.2400","0.1200","1.7200","Wing F",1.52938,"2002-10-15"],"games":23,"notes":"Wing F","projection":1.5294,"advanced_stats":{"tov_pg":0.68,"usage_pct":0.12824000000000002,"plus_minus_pg":-1.68,"mins_pct":0.21,"is_qualified":false}}]}