{"bart_player_id":78828,"seasons":[{"year":2024,"team_name":"Murray St.","team_conference":"MVC","class":"Fr","raw_row":["Lawrent Rice","Murray St.","MVC",13,9.2,110.7,21.7,56.6,56.22,3.1,10.2,16.9,12.4,4,8,0.5,14,23,0.609,5,15,0.333,1.1,2.7,21.1,"Fr","6-3",33,0.838919,116.146,3.5,2024,78828,"Dayton, OH",60.8,2.20011996,6,7,8,16,0.8571,"0.5000",1,1,"1.0000",null,107.548,105.751,0.755409,19.4248,0.78015,1.9213,-1.14115,5.56285,"8.0000",4.13345,1.42941,"0.2000",0.6667,0.8667,0.7333,0.3333,0.0667,3.1333,"Combo G",8.00384,"2004-10-15"],"games":13,"notes":"Combo G","projection":8.0038,"advanced_stats":{"tov_pg":0.3333333333333333,"usage_pct":0.23259999999999997,"plus_minus_pg":-0.3333333333333333,"mins_pct":0.093,"is_qualified":false}}]}