{"bart_player_id":78839,"seasons":[{"year":2024,"team_name":"South Florida","team_conference":"Amer","class":"Fr","raw_row":["Nic Smith","South Florida","Amer",2,0.3,0,21.4,0,0,0,0,0,67.8,0,1,0,0,0,0,0,0,0,0,0,0,"Fr","6-0",33,-0.617334,-0.376523,0,2024,78839,"Hales Corner, WI",null,"0.00000000",0,0,0,0,null,null,0,0,null,null,112.5,112.195,0.127567,0.370994,-23.9209,-21.7197,-2.20125,-31.3963,"2.0000",-19.3899,-12.0063,"0.0000","0.0000","0.0000","0.0000","0.0000","0.0000","0.0000","PF/C",0,"2004-10-15"],"games":2,"notes":"PF/C","projection":0,"advanced_stats":{"tov_pg":0.5,"usage_pct":0.221,"plus_minus_pg":-5,"mins_pct":0.003,"is_qualified":false}}]}