{"bart_player_id":78849,"seasons":[{"year":2024,"team_name":"Valparaiso","team_conference":"MVC","class":"Fr","raw_row":["Sherman Weatherspoon IV","Valparaiso","MVC",30,40.1,90.9,17.3,48.3,49.41,2.1,4.6,5.6,17.7,7,8,0.875,24,62,0.387,32,87,0.368,1.5,2.6,5.4,"Fr","6-2",4,0.00174145,88.6068,4.3,2024,78849,"Bowie, MD",null,0.57696436,13,27,11,35,0.4815,0.3143,0,0,null,null,112.016,110.805,1.13659,79.0404,-3.21968,-2.05901,-1.16066,-2.98615,16.6129,-2.87776,-0.108386,0.3226,0.6774,"1.0000",0.4839,0.7419,0.2258,4.9677,"Combo G",10.1959,"2004-10-15"],"games":30,"notes":"Combo G","projection":10.1959,"advanced_stats":{"tov_pg":0.8387096774193549,"usage_pct":0.19193548387096773,"plus_minus_pg":-5.129032258064516,"mins_pct":0.403,"is_qualified":true}}]}