{"bart_player_id":78855,"seasons":[{"year":2024,"team_name":"Jacksonville St.","team_conference":"CUSA","class":"Fr","raw_row":["Tyre Patterson","Jacksonville St.","CUSA",11,0.9,125,27.2,70,70,10.5,33.5,27.9,20,0,0,0,2,3,0.667,1,2,0.5,0,0,0,"Fr","6-2",22,0.162564,135.425,3.6,2024,78855,"Athens, AL",null,"0.49965010",0,1,2,2,"0.0000","1.0000",0,0,null,null,101.525,102.979,0.0957624,1.97535,5.69194,6.7456,-1.05366,5.20147,1.5714,4.90661,0.294859,0.0714,0.2857,0.3571,0.0714,"0.0000","0.0000","1.0000","Stretch 4",11.4335,"2004-10-15"],"games":11,"notes":"Stretch 4","projection":11.4335,"advanced_stats":{"tov_pg":0.13333333333333333,"usage_pct":0.19859999999999997,"plus_minus_pg":0.26666666666666666,"mins_pct":0.018,"is_qualified":false}}]}