{"bart_player_id":78862,"seasons":[{"year":2024,"team_name":"Jacksonville St.","team_conference":"CUSA","class":"Fr","raw_row":["Thomas Curlee","Jacksonville St.","CUSA",3,0.3,0,0,0,0,0,0,0,0,0,0,0,0,0,0,0,0,0,0,0,0,"Fr","6-3",55,-0.440937,-6.72693,0,2024,78862,"Anniston, AL",null,"0.00000000",null,null,null,null,null,null,null,null,null,null,112.889,108.901,0.100287,0.377264,-4.58866,-3.12999,-1.45867,-6.009,"2.0000",-4.68078,-1.32822,"0.0000","0.0000","0.0000","0.0000","0.0000","0.0000","0.0000","PF/C",0,"2004-10-15"],"games":3,"notes":"PF/C","projection":0,"advanced_stats":{"tov_pg":0.25,"usage_pct":0.07925,"plus_minus_pg":-0.25,"mins_pct":0.007,"is_qualified":false}}]}