{"bart_player_id":78895,"seasons":[{"year":2024,"team_name":"Miami FL","team_conference":"ACC","class":"Fr","raw_row":["Nick Cassano","Miami FL","ACC",2,0.2,0,0,0,0,0,0,0,0,0,0,0,0,0,0,0,0,0,0,0,0,"Fr","6-7",11,-0.493519,-6.23973,0,2024,78895,"Naples, FL",null,"0.00000000",null,null,null,null,null,null,null,null,null,null,117.059,134.176,-0.0187338,0.287415,-3.07762,-2.46085,-0.616769,-6.83027,"1.5000",-5.25822,-1.57205,"0.0000","0.0000","0.0000","0.0000","0.0000","0.0000","0.0000","PF/C",0,"2005-05-02"],"games":2,"notes":"PF/C","projection":0,"advanced_stats":{"tov_pg":0,"usage_pct":0,"plus_minus_pg":-3.5,"mins_pct":0.002,"is_qualified":false}}]}