{"bart_player_id":78900,"seasons":[{"year":2024,"team_name":"Rider","team_conference":"MAAC","class":"Fr","raw_row":["DJ Dudley","Rider","MAAC",27,25.5,91.1,25.6,45.8,51.41,3.9,17.7,17.2,25.6,33,43,0.767,35,83,0.422,9,23,0.391,1.4,2.2,40.6,"Fr","6-4",0,0.311018,96.2442,3.1,2024,78900,"San Diego, CA",null,0.83332043,11,33,24,50,0.3333,"0.4800",2,2,"1.0000",null,102.895,105.929,0.999749,61.4244,-4.39968,-3.88787,-0.511809,-2.49255,11.8571,-1.6326,-0.859949,0.3929,1.8214,2.2143,1.0714,0.4643,0.1429,"5.0000","Wing G",4.19726,"2004-10-15"],"games":27,"notes":"Wing G","projection":4.1973,"advanced_stats":{"tov_pg":1.2857142857142858,"usage_pct":0.4537857142857143,"plus_minus_pg":-0.42857142857142855,"mins_pct":0.258,"is_qualified":true}}]}