{"bart_player_id":78919,"seasons":[{"year":2024,"team_name":"San Jose St.","team_conference":"MWC","class":"Fr","raw_row":["Bennett Blackerby","San Jose St.","MWC",4,0.8,100.3,9.1,150,150,0,0,0,66.6,0,0,0,0,0,0,1,1,1,0,0,0,"Fr","6-0",24,-0.0279996,85.3489,4,2024,78919,"Austin, TX",null,"0.00000000",0,0,0,0,null,null,0,0,null,null,122.44,116.817,0.119364,0.913183,-7.31326,-4.69524,-2.61801,-5.20739,"3.0000",-1.58602,-3.62137,"0.0000","0.0000","0.0000","0.0000","0.0000","0.0000","1.2000","Combo G",6.0855,"2004-10-15"],"games":4,"notes":"Combo G","projection":6.0855,"advanced_stats":{"tov_pg":0.2,"usage_pct":0.131,"plus_minus_pg":3,"mins_pct":0.011,"is_qualified":false}}]}