{"bart_player_id":78926,"seasons":[{"year":2026,"team_name":"Houston","team_conference":"B12","class":"So","raw_row":["Jacob McFarland","Houston","B12",4,0.7,43.1,7.6,0,0,10.2,21,0,0,0,1,0,0,1,0,0,0,0,0,5.6,100,"So","6-11",13,-0.553478,34.3667,3.6,2026,78926,"Moreno Valley, CA",81.8,"0.00000000",0,1,0,0,"0.0000",null,0,0,null,null,86.5196,84.5204,0.475671,2.77743,-1.56908,-5.04624,3.47716,-1.26866,"2.7500",-5.06086,3.79219,"0.2500","0.5000","0.7500","0.0000","0.2500","0.0000","0.0000","C",0,"2004-10-15"],"games":4,"notes":"C","projection":0,"advanced_stats":{"tov_pg":0,"usage_pct":0.04775,"plus_minus_pg":1.75,"mins_pct":0.007,"is_qualified":false}}]}