{"bart_player_id":78928,"seasons":[{"year":2024,"team_name":"Howard","team_conference":"MEAC","class":"Fr","raw_row":["AJ Magbegor","Howard","MEAC",18,9.6,88.3,18.7,44.4,49.82,8.7,8.1,9.1,28.8,10,15,0.667,12,26,0.462,0,1,0,0.8,1.3,55.6,"Fr","6-7",40,-0.0753907,85.5028,6.5,2024,78928,"Australia",null,0.53846155,8,16,4,10,"0.5000","0.4000",1,1,"1.0000",null,110.501,115.506,0.369649,19.26,-8.40484,-5.02528,-3.37955,-7.68172,"7.0500",-5.26219,-2.41953,"0.5500","0.6000","1.1500","0.3500","0.1500","0.0500","2.1000","PF/C",0.450715,"2004-04-07"],"games":18,"notes":"PF/C","projection":0.4507,"advanced_stats":{"tov_pg":0.65,"usage_pct":0.15739999999999996,"plus_minus_pg":0.35,"mins_pct":0.105,"is_qualified":false}}]}