{"bart_player_id":78930,"seasons":[{"year":2024,"team_name":"Idaho St.","team_conference":"BSky","class":"Fr","raw_row":["James Bodily","Idaho St.","BSky",5,0.5,300,4.9,150,150,0,0,0,0,0,0,0,0,0,0,2,2,1,0,0,0,"Fr","6-3",22,0.650442,244.783,13.3,2024,78930,"Bancroft, ID",null,"0.00000000",0,0,0,0,null,null,0,0,null,null,117.821,118.03,0.0522448,0.573509,-0.236565,3.67523,-3.91179,32.0531,1.2857,25.9212,6.13191,"0.0000",0.1429,0.1429,"0.0000","0.0000","0.0000",0.8571,"Scoring PG",19.0991,"2004-10-15"],"games":5,"notes":"Scoring PG","projection":19.0991,"advanced_stats":{"tov_pg":0,"usage_pct":0.17271428571428574,"plus_minus_pg":0.5714285714285714,"mins_pct":0.007,"is_qualified":false}}]}