{"bart_player_id":78958,"seasons":[{"year":2024,"team_name":"New Hampshire","team_conference":"AE","class":"So","raw_row":["Dior Davis","New Hampshire","AE",27,15.9,88.8,16.3,34.1,46.04,2.2,16.5,7.4,17.5,22,28,0.786,11,33,0.333,2,8,0.25,0.5,2.3,68.3,"So","6-2",2,-0.117895,83.7766,4,2024,78958,"New York City, NY",null,"1.00000000",7,17,4,16,0.4118,"0.2500",0,0,null,null,102.267,104.38,0.643444,38.3065,-6.06663,-5.86124,-0.205394,-4.3835,7.8214,-5.20649,0.822991,0.1786,1.3571,1.5357,0.3929,0.3214,0.0357,"2.2500","Wing G",2.28395,"2003-10-15"],"games":27,"notes":"Wing G","projection":2.284,"advanced_stats":{"tov_pg":0.39285714285714285,"usage_pct":0.15360714285714283,"plus_minus_pg":0.8214285714285714,"mins_pct":0.174,"is_qualified":false}}]}