{"bart_player_id":78960,"seasons":[{"year":2024,"team_name":"Morehead St.","team_conference":"OVC","class":"Sr","raw_row":["Riley Minix","Morehead St.","OVC",31,87.3,122.7,28.1,60.4,63.95,9.7,21.1,14.4,15.3,120,145,0.828,190,292,0.651,52,152,0.342,3.1,2.1,32.7,"Sr","6-7",22,5.1801,131.347,2.7,2024,78960,"Vero Beach, FL",null,0.93825347,130,171,60,121,0.7602,0.4959,20,20,"1.0000",null,97.3126,99.774,3.73063,221.047,6.42337,4.79833,1.62504,8.07695,"33.8000",6.88976,1.18719,3.0286,6.6286,9.6571,2.1714,1.3143,"1.0000",20.9429,"Stretch 4",8.58948,"2000-09-22"],"games":31,"notes":"Stretch 4","projection":8.5895,"advanced_stats":{"tov_pg":2.3142857142857145,"usage_pct":0.2895714285714286,"plus_minus_pg":11.485714285714286,"mins_pct":0.845,"is_qualified":true}}]}