{"bart_player_id":78979,"seasons":[{"year":2024,"team_name":"Saint Francis","team_conference":"NEC","class":"Fr","raw_row":["Braylen Blue","Saint Francis","NEC",14,10.6,79.9,12.3,38.6,39.22,2.8,4.1,9.7,24.8,1,2,0.5,1,1,1,5,21,0.238,1,1.5,9.1,"Fr","6-5",1,-0.540965,70.2356,1.7,2024,78979,"Sun Prairie, WI",null,"1.00000000",1,1,0,0,"1.0000",null,0,0,null,null,115.453,119.932,0.313967,15.3196,-9.26223,-4.6757,-4.58653,-8.28258,"8.6000",-4.37348,-3.9091,"0.2000",0.2667,0.4667,0.4667,"0.2000",0.0667,1.9333,"Wing G",10.6198,"2004-10-15"],"games":14,"notes":"Wing G","projection":10.6198,"advanced_stats":{"tov_pg":0.4375,"usage_pct":0.1299375,"plus_minus_pg":-1.375,"mins_pct":0.109,"is_qualified":false}}]}