{"bart_player_id":78987,"seasons":[{"year":2024,"team_name":"Cal St. Fullerton","team_conference":"BW","class":"Jr","raw_row":["Trevor Williams","Cal St. Fullerton","BW",1,0.2,0,0,0,0,0,0,0,0,0,0,0,0,0,0,0,0,0,0,0,0,"Jr","6-1",14,-0.666616,-7.47766,0,2024,78987,"Los Angeles, CA",null,"0.00000000",null,null,null,null,null,null,null,null,null,null,115.592,108.889,0.150512,0.181077,-5.35117,-4.13183,-1.21934,-9.4488,"6.0000",-6.31385,-3.13495,"0.0000",0.6667,0.6667,"0.0000",0.3333,"0.0000",0.6667,"PF/C",0,"2002-10-15"],"games":1,"notes":"PF/C","projection":0,"advanced_stats":{"tov_pg":0,"usage_pct":0.08733333333333333,"plus_minus_pg":3,"mins_pct":0.014,"is_qualified":false}}]}