{"bart_player_id":78997,"seasons":[{"year":2024,"team_name":"Western Carolina","team_conference":"SC","class":"Fr","raw_row":["Keshawn Brown Jr","Western Carolina","SC",9,1.6,101.2,24,70,65.22,0,11.3,10.1,25.9,2,4,0.5,2,4,0.5,1,1,1,0,3.1,80,"Fr","5-10",11,0.101264,102.4,2.1,2024,78997,"Durham, NC",null,1.49970001,1,1,1,3,"1.0000",0.3333,0,0,null,null,100.242,103.26,0.200106,3.64978,-2.7567,-2.69126,-0.0654443,-0.391126,"3.5000",-1.15744,0.766313,"0.0000",0.1667,0.1667,"0.2500",0.1667,"0.0000",1.4167,"Combo G",3.13695,"2004-10-15"],"games":9,"notes":"Combo G","projection":3.137,"advanced_stats":{"tov_pg":0.16666666666666666,"usage_pct":0.1900833333333333,"plus_minus_pg":0.4166666666666667,"mins_pct":0.032,"is_qualified":false}}]}