{"bart_player_id":78994,"seasons":[{"year":2024,"team_name":"Stonehill","team_conference":"NEC","class":"Fr","raw_row":["Austin Abrams","Stonehill","NEC",14,8.4,83.9,25.3,50,54.79,4.4,5.6,19.7,34,6,6,1,6,13,0.462,6,17,0.353,0,2.9,20,"Fr","6-4",1,-0.0201311,87.7652,3.6,2024,78994,"Ellicott City, MD",null,0.60005597,4,7,2,6,0.5714,0.3333,0,0,null,null,112.954,115.894,0.364304,16.4887,-9.29739,-5.43929,-3.8581,-5.83218,7.2143,-3.12918,-2.703,0.2857,0.3571,0.6429,0.6429,0.3571,"0.0000",2.5714,"Scoring PG",9.72917,"2004-10-15"],"games":14,"notes":"Scoring PG","projection":9.7292,"advanced_stats":{"tov_pg":1.0714285714285714,"usage_pct":0.2481428571428572,"plus_minus_pg":-2.857142857142857,"mins_pct":0.081,"is_qualified":false}}]}