{"bart_player_id":79016,"seasons":[{"year":2024,"team_name":"North Alabama","team_conference":"ASun","class":"Fr","raw_row":["Hugh Hargett","North Alabama","ASun",1,0.2,300,6.7,150,150,0,0,0,0,0,0,0,0,0,0,1,1,1,0,0,0,"Fr","5-11",21,1.07497,243.471,0,2024,79016,"Florence, AL",null,0.66670001,0,0,0,0,null,null,0,0,null,null,120.437,135.964,-0.0373901,0.183075,3.28615,7.22394,-3.93779,50.8288,"4.0000",45.1851,5.64365,"0.0000","0.0000","0.0000",0.6667,0.3333,"0.0000",2.3333,"Scoring PG",23.9288,"2004-10-15"],"games":1,"notes":"Scoring PG","projection":23.9288,"advanced_stats":{"tov_pg":0,"usage_pct":0.26133333333333336,"plus_minus_pg":0.6666666666666666,"mins_pct":0.01,"is_qualified":false}}]}