{"bart_player_id":79014,"seasons":[{"year":2025,"team_name":"Lindenwood","team_conference":"OVC","class":"Fr","raw_row":["Alex Nokes","Lindenwood","OVC",2,0.2,0,0,0,0,0,0,0,0,0,0,0,0,0,0,0,0,0,0,0,0,"Fr","6-8",21,-0.503192,-6.89556,13.3,2025,79014,"Pacific Palisades, CA",null,"0.00000000",null,null,null,null,null,null,null,null,null,null,114.639,99.7615,0.166652,0.311386,-7.93683,-5.91114,-2.02569,-14.4917,"4.7000",-12.843,-1.64869,"0.2500","0.2500","0.5000","0.0000","0.0000","0.0000","0.7500","C",0,"2004-10-15"],"games":2,"notes":"C","projection":0,"advanced_stats":{"tov_pg":0.5,"usage_pct":0.06225,"plus_minus_pg":6,"mins_pct":0.014,"is_qualified":false}}]}