{"bart_player_id":79017,"seasons":[{"year":2024,"team_name":"North Alabama","team_conference":"ASun","class":"Fr","raw_row":["Drake James","North Alabama","ASun",1,0.2,0,29.2,0,0,0,0,0,100,0,0,0,0,0,0,0,0,0,0,0,0,"Fr","6-3",11,-0.644196,-4.24711,0,2024,79017,"Florence, AL",null,"1.00000000",null,null,null,null,null,null,null,null,null,null,120.437,135.964,-0.0373901,0.183075,-32.6305,-30.7742,-1.85631,-33.3499,"4.0000",-19.8073,-13.5426,"0.0000",1.3333,1.3333,0.6667,"0.0000","0.0000",2.6667,"PF/C",0,"2004-10-15"],"games":1,"notes":"PF/C","projection":0,"advanced_stats":{"tov_pg":0.6666666666666666,"usage_pct":0.2843333333333334,"plus_minus_pg":0,"mins_pct":0.01,"is_qualified":false}}]}