{"bart_player_id":79015,"seasons":[{"year":2024,"team_name":"Saint Louis","team_conference":"A10","class":"Fr","raw_row":["Bruce Zhang","Saint Louis","A10",30,22.5,83.1,18.6,41.5,45.73,9.1,15,5.8,26.9,15,22,0.682,27,65,0.415,0,0,0,6.9,0.6,33.8,"Fr","7-0",12,-0.146668,84.1737,7.1,2024,79015,"Nanchang, China",null,0.36001442,21,40,6,25,"0.5250","0.2400",0,0,null,null,114.46,111.847,0.623905,50.0277,-4.57737,-4.94063,0.363259,-6.86078,"9.6000",-6.10383,-0.75695,0.7333,1.2333,1.9667,"0.3000","0.1000",0.5667,"2.3000","C",0,"2004-10-15"],"games":30,"notes":"C","projection":0,"advanced_stats":{"tov_pg":0.8333333333333334,"usage_pct":0.18566666666666665,"plus_minus_pg":-5,"mins_pct":0.217,"is_qualified":false}}]}