{"bart_player_id":79048,"seasons":[{"year":2024,"team_name":"Miami OH","team_conference":"MAC","class":"Fr","raw_row":["Hampton Dauparas","Miami OH","MAC",5,0.5,103.3,8.9,0,52.63,0,37.9,0,0,1,2,0.5,0,0,0,0,0,0,0,9.8,0,"Fr","6-5",14,-0.0141203,85.1855,6.7,2024,79048,"Long Beach, IN",null,1.99930009,0,0,0,0,null,null,0,0,null,null,77.0863,84.5068,0.191834,2.3242,-1.8344,-5.59261,3.75821,3.19274,1.7143,-4.1254,7.31814,0.2857,0.4286,0.7143,0.2857,0.1429,"0.0000",0.1429,"Wing G",0,"2004-10-15"],"games":5,"notes":"Wing G","projection":0,"advanced_stats":{"tov_pg":0.14285714285714285,"usage_pct":0.10528571428571429,"plus_minus_pg":0.7142857142857143,"mins_pct":0.01,"is_qualified":false}}]}