{"bart_player_id":79059,"seasons":[{"year":2024,"team_name":"Southeastern Louisiana","team_conference":"Slnd","class":"Fr","raw_row":["Jason Malbrue","Southeastern Louisiana","Slnd",11,2.1,75.6,21.4,40,44.59,5,14.7,0,23.5,3,6,0.5,2,5,0.4,0,0,0,0,10,120,"Fr","6-6",4,-0.107731,74.1852,6.7,2024,79059,"New Orleans, LA",null,"0.00000000",1,3,1,2,0.3333,"0.5000",0,0,null,null,89.2467,94.0063,0.273759,7.34905,-6.04888,-7.74849,1.69961,-1.74734,2.7692,-7.71731,5.96997,0.3077,0.4615,0.7692,"0.0000",0.3846,0.0769,1.1538,"Combo G",0,"2004-10-15"],"games":11,"notes":"Combo G","projection":0,"advanced_stats":{"tov_pg":0.15384615384615385,"usage_pct":0.212,"plus_minus_pg":-0.3076923076923077,"mins_pct":0.028,"is_qualified":false}}]}