{"bart_player_id":79070,"seasons":[{"year":2025,"team_name":"East Tennessee St.","team_conference":"SC","class":"So","raw_row":["David Meriwether","East Tennessee St.","SC",2,0.4,124.4,22.5,50,50,26,0,0,0,0,0,0,1,2,0.5,0,0,0,0,0,0,"So","6-10",11,0.234725,121.242,9.3,2025,79070,"Indianapolis, IN",null,"0.00000000",1,2,0,0,"0.5000",null,0,0,null,null,113.974,117.787,0.104386,0.408374,-9.81462,0.268021,-10.0826,-5.56656,4.9333,-1.93736,-3.6292,0.3333,1.6667,"2.0000","0.0000",0.3333,"1.0000",1.3333,"C",0,"2004-10-15"],"games":2,"notes":"C","projection":0,"advanced_stats":{"tov_pg":0.3333333333333333,"usage_pct":0.21333333333333335,"plus_minus_pg":5.333333333333333,"mins_pct":0.012,"is_qualified":false}}]}