{"bart_player_id":79106,"seasons":[{"year":2025,"team_name":"Southern Utah","team_conference":"WAC","class":"So","raw_row":["Duncan Reid","Southern Utah","WAC",23,15.2,95,12,41.5,41.72,2.7,5.8,6.9,8.4,1,2,0.5,2,9,0.222,10,32,0.313,0.5,0,4.9,"So","6-4",23,-0.128066,84.7859,2.1,2025,79106,"Highland, UT",null,"2.00065030",2,5,0,4,"0.4000","0.0000",0,0,null,null,114.702,116.785,0.384556,19.6545,-6.0729,-2.62551,-3.44739,-5.31684,8.2692,-2.41389,-2.90295,0.2308,0.5385,0.7692,0.3077,"0.0000",0.0769,2.1538,"Wing G",10.7464,"2004-10-15"],"games":23,"notes":"Wing G","projection":10.7464,"advanced_stats":{"tov_pg":0.15384615384615385,"usage_pct":0.1548846153846154,"plus_minus_pg":-0.07692307692307693,"mins_pct":0.174,"is_qualified":false}}]}