{"bart_player_id":79113,"seasons":[{"year":2024,"team_name":"UMBC","team_conference":"AE","class":"Fr","raw_row":["Marcel Gardner","UMBC","AE",4,0.6,143.4,18.4,50,67.8,0,29,0,0,2,2,1,1,2,0.5,0,0,0,0,0,100,"Fr","6-8",12,0.313291,140.168,17.1,2024,79113,"Potomac, MD",null,"0.00000000",1,1,0,1,"1.0000","0.0000",0,0,null,null,104.848,110.901,0.11948,1.53367,-10.6071,-2.21037,-8.39668,-5.23014,"1.6000",-5.2829,0.0527661,"0.0000","0.4000","0.4000","0.0000","0.0000","0.0000","0.8000","C",0,"2004-10-15"],"games":4,"notes":"C","projection":0,"advanced_stats":{"tov_pg":0,"usage_pct":0.13040000000000002,"plus_minus_pg":1.75,"mins_pct":0.006,"is_qualified":false}}]}