{"bart_player_id":79112,"seasons":[{"year":2025,"team_name":"Mississippi St.","team_conference":"SEC","class":"Sr","raw_row":["Trey Jackson III","Mississippi St.","SEC",5,0.6,61.3,17.1,0,16.95,13.2,13.9,0,0,1,2,0.5,0,1,0,0,1,0,0,7.1,100,"Sr","6-2",40,-0.17935,57.8743,9.9,2025,79112,"Starkville, MS",null,"0.00000000",0,0,0,1,null,"0.0000",0,0,null,null,95.8712,95.8711,0.201854,2.09973,-5.44037,-4.23925,-1.20112,-12.5672,"1.6200",-13.4335,0.866373,"0.2000","0.2000","0.4000","0.0000","0.2000","0.0000","0.2000","Wing G",6.92482,"2001-10-23"],"games":5,"notes":"Wing G","projection":6.9248,"advanced_stats":{"tov_pg":0,"usage_pct":0.21340000000000003,"plus_minus_pg":-2.2,"mins_pct":0.006,"is_qualified":false}}]}