{"bart_player_id":79158,"seasons":[{"year":2024,"team_name":"Stony Brook","team_conference":"CAA","class":"Fr","raw_row":["Peyton Frey","Stony Brook","CAA",9,0.9,154.4,26.4,66.7,71.94,26.6,8.3,0,0,2,2,1,4,6,0.667,0,0,0,0,0,33.3,"Fr","6-6",12,0.391188,166.623,9.2,2024,79158,"Columbus, OH",null,"0.00000000",3,4,1,2,"0.7500","0.5000",0,0,null,null,112.798,114.87,0.0787249,1.6727,-2.1538,8.63158,-10.7854,9.62687,"1.9000",10.9288,-1.30188,"0.3000","0.4000","0.7000","0.0000","0.0000","0.0000","1.1000","PF/C",0,"2004-10-15"],"games":9,"notes":"PF/C","projection":0,"advanced_stats":{"tov_pg":0,"usage_pct":0.22759999999999997,"plus_minus_pg":-1,"mins_pct":0.014,"is_qualified":false}}]}