{"bart_player_id":79203,"seasons":[{"year":2024,"team_name":"Albany","team_conference":"AE","class":"Fr","raw_row":["Jack Margoupis","Albany","AE",18,7.1,119.2,27.6,58.1,60.73,18.5,12,2.4,13.3,8,10,0.8,13,24,0.542,8,19,0.421,3.2,0.6,23.3,"Fr","6-8",5,0.705408,130.447,7.3,2024,79203,"Sutton, MA",null,0.16656111,8,16,5,8,"0.5000","0.6250",1,1,"1.0000",null,109.75,112.465,0.305141,13.818,-3.21858,3.07669,-6.29526,2.31443,5.1053,5.90067,-3.58625,0.7895,0.5263,1.3158,0.0526,0.0526,0.1579,3.5263,"PF/C",11.5937,"2004-10-15"],"games":18,"notes":"PF/C","projection":11.5937,"advanced_stats":{"tov_pg":0.3157894736842105,"usage_pct":0.28952631578947363,"plus_minus_pg":1.5789473684210527,"mins_pct":0.074,"is_qualified":false}}]}