{"bart_player_id":79213,"seasons":[{"year":2024,"team_name":"Arkansas Pine Bluff","team_conference":"SWAC","class":"Jr","raw_row":["Jyre McCloud","Arkansas Pine Bluff","SWAC",8,13.6,110.1,12.8,50,55.03,9.3,13.1,2.7,14.6,7,8,0.875,14,27,0.519,0,1,0,0,1.9,28.6,"Jr","6-5",11,0.747516,100.3,5.4,2024,79213,"Leesburg, FL",null,0.42850411,12,24,2,3,"0.5000",0.6667,0,0,null,null,114.082,108.975,1.37733,26.3116,-5.69121,-2.54949,-3.14172,-6.85866,16.8182,-3.21165,-3.64701,"2.0000",2.1818,4.1818,0.2727,0.6364,0.0909,5.1818,"Wing F",0.374592,"2002-10-15"],"games":8,"notes":"Wing F","projection":0.3746,"advanced_stats":{"tov_pg":0.6363636363636364,"usage_pct":0.1348181818181818,"plus_minus_pg":-4,"mins_pct":0.149,"is_qualified":false}}]}