{"bart_player_id":79229,"seasons":[{"year":2024,"team_name":"Toledo","team_conference":"MAC","class":"Fr","raw_row":["Xavier Thomas","Toledo","MAC",8,1.9,134.1,21,85.7,85.33,4.8,24.2,0,21.6,4,5,0.8,3,4,0.75,2,3,0.667,0,0,71.4,"Fr","6-5",4,0.477989,132.656,8,2024,79229,"Detroit, MI",null,"0.00000000",2,2,1,2,"1.0000","0.5000",0,0,null,null,109.476,113.755,0.182406,4.13191,-7.42936,0.661468,-8.09083,1.60344,"3.1250",2.58889,-0.985457,"0.1250","0.6250","0.7500","0.0000","0.0000","0.0000","2.0000","Stretch 4",6.9399,"2004-10-15"],"games":8,"notes":"Stretch 4","projection":6.9399,"advanced_stats":{"tov_pg":0.2222222222222222,"usage_pct":0.22522222222222224,"plus_minus_pg":-0.3333333333333333,"mins_pct":0.019,"is_qualified":false}}]}