{"bart_player_id":79224,"seasons":[{"year":2025,"team_name":"East Tennessee St.","team_conference":"SC","class":"So","raw_row":["Jaxson Jones","East Tennessee St.","SC",6,1,71,30.2,21.4,25.16,0,0,16.1,0,1,2,0.5,0,1,0,1,6,0.167,0,0,28.6,"So","6-4",15,-0.1144,72.5783,3.5,2025,79224,"Council Bluffs, IA",null,"0.75000000",0,1,0,0,"0.0000",null,0,0,null,null,114.93,123.324,0.0562371,1.01132,-19.2128,-6.9633,-12.2495,-20.0605,1.9125,-10.723,-9.33751,"0.0000","0.0000","0.0000","0.1250","0.1250","0.0000","0.5000","Pure PG",30.581,"2004-10-15"],"games":6,"notes":"Pure PG","projection":30.581,"advanced_stats":{"tov_pg":0,"usage_pct":0.347375,"plus_minus_pg":0,"mins_pct":0.012,"is_qualified":false}}]}