{"bart_player_id":79223,"seasons":[{"year":2025,"team_name":"Creighton","team_conference":"BE","class":"Fr","raw_row":["Sterling Knox","Creighton","BE",4,1.7,76.4,27.1,60,60,5.2,21,0,36.2,0,0,0,6,10,0.6,0,0,0,0,0,0,"Fr","6-4",4,-0.190808,80.6525,5,2025,79223,"Las Vegas, NV",null,"0.00000000",4,5,2,5,"0.8000","0.4000",0,0,null,null,103.712,109.248,0.471056,4.22898,-15.4223,-10.6393,-4.78293,-8.56964,"6.0250",-7.50364,-1.066,"0.2500","1.2500","1.5000","0.0000","0.0000","0.0000","3.0000","PF/C",0,"2004-10-15"],"games":4,"notes":"PF/C","projection":0,"advanced_stats":{"tov_pg":1,"usage_pct":0.2405,"plus_minus_pg":-2.5,"mins_pct":0.017,"is_qualified":false}}]}