{"bart_player_id":79238,"seasons":[{"year":2024,"team_name":"Nebraska Omaha","team_conference":"Sum","class":"Sr","raw_row":["Nick Davis","Nebraska Omaha","Sum",29,65.7,105.9,19.1,50.8,53.28,8,17.2,5.9,12.9,57,93,0.613,100,196,0.51,0,1,0,5.6,1.2,47.2,"Sr","6-9",21,1.13038,100.967,3.8,2024,79238,"Arlington, TX",null,0.68423793,71,121,29,75,0.5868,0.3867,5,6,0.8333,null,108.327,109.572,1.91622,141.153,-1.47519,-2.36693,0.891746,-2.11449,25.8182,-1.43838,-0.676106,1.7273,3.7273,5.4545,0.7879,0.5758,1.0909,9.0303,"C",0.0767212,"2001-10-15"],"games":29,"notes":"C","projection":0.0767,"advanced_stats":{"tov_pg":1.1515151515151516,"usage_pct":0.1938181818181818,"plus_minus_pg":3.090909090909091,"mins_pct":0.639,"is_qualified":true}}]}