{"bart_player_id":79283,"seasons":[{"year":2024,"team_name":"Dayton","team_conference":"A10","class":"Fr","raw_row":["Petras Padegimas","Dayton","A10",25,14.8,98.1,10.1,52,52.02,5.4,5.7,6.2,25.1,1,2,0.5,4,10,0.4,6,15,0.4,2.9,0.6,8,"Fr","6-8",12,-0.0145805,88.0379,5.7,2024,79283,"Kaunas, Lithuania",null,0.87500002,4,8,0,2,"0.5000","0.0000",0,0,null,null,107.961,104.477,0.706495,26.5454,-0.444228,-1.04533,0.601105,-2.9706,"7.8400",-3.32521,0.354609,"0.3200","0.4000","0.7200","0.2800","0.0800","0.2000","1.0800","Stretch 4",4.73086,"2005-05-14"],"games":25,"notes":"Stretch 4","projection":4.7309,"advanced_stats":{"tov_pg":0.32,"usage_pct":0.08256000000000001,"plus_minus_pg":-0.4,"mins_pct":0.15,"is_qualified":false}}]}