{"bart_player_id":79287,"seasons":[{"year":2024,"team_name":"Southern Miss","team_conference":"SB","class":"Sr","raw_row":["Luke Ladner","Southern Miss","SB",3,0.4,0,7.9,0,0,0,0,0,0,0,0,0,0,1,0,0,0,0,0,0,0,"Sr","6-1",4,-0.527965,-2.71428,0,2024,79287,"Kiln, MS",null,"0.00000000",0,0,0,1,null,"0.0000",0,0,null,null,117.318,113.652,0.0978804,0.426651,-14.5818,-9.85958,-4.72218,-17.7536,"1.7500",-11.183,-6.5706,"0.0000","0.0000","0.0000","0.0000","0.0000","0.0000","0.5000","PF/C",0,"2001-10-15"],"games":3,"notes":"PF/C","projection":0,"advanced_stats":{"tov_pg":0,"usage_pct":0.11199999999999999,"plus_minus_pg":0.75,"mins_pct":0.006,"is_qualified":false}}]}