{"bart_player_id":79338,"seasons":[{"year":2024,"team_name":"Northern Arizona","team_conference":"BSky","class":"Fr","raw_row":["Isaiah Kai","Northern Arizona","BSky",17,8.9,69.2,14,35.3,45.34,1,7.1,10.3,38.2,6,6,1,6,15,0.4,0,2,0,1.8,1.5,35.3,"Fr","6-2",23,-0.627483,62.3636,5.7,2024,79338,"Gilbert, AZ",null,0.63637771,2,5,4,10,"0.4000","0.4000",0,0,null,null,112.924,112.462,0.433628,17.5688,-9.81187,-8.255,-1.55687,-11.3697,"7.0000",-9.08188,-2.28782,0.0588,0.4118,0.4706,0.4118,0.1765,0.1176,1.0588,"Combo G",0.975013,"2004-10-15"],"games":17,"notes":"Combo G","projection":0.975,"advanced_stats":{"tov_pg":0.6470588235294118,"usage_pct":0.17229411764705882,"plus_minus_pg":-3.823529411764706,"mins_pct":0.09,"is_qualified":false}}]}