{"bart_player_id":79368,"seasons":[{"year":2024,"team_name":"Detroit Mercy","team_conference":"Horz","class":"So","raw_row":["Tyree Davis","Detroit Mercy","Horz",25,21.9,113.7,11.5,58.1,58.63,9.6,11.7,1.4,14.4,11,19,0.579,25,42,0.595,0,1,0,2.7,1.9,44.2,"So","6-6",13,0.365825,97.9828,9,2024,79368,"Houston, TX",null,"0.25000000",19,31,6,11,0.6129,0.5455,3,3,"1.0000",null,117.456,117.078,0.524994,44.8155,-4.98472,-2.58537,-2.39935,-6.70512,"11.3200",-5.41668,-1.28843,"0.9200","1.0400","1.9600","0.0800","0.3600","0.2800","2.4400","PF/C",0.207481,"2003-10-15"],"games":25,"notes":"PF/C","projection":0.2075,"advanced_stats":{"tov_pg":0.32,"usage_pct":0.08883999999999999,"plus_minus_pg":-3.76,"mins_pct":0.22,"is_qualified":false}}]}