{"bart_player_id":79361,"seasons":[{"year":2024,"team_name":"Detroit Mercy","team_conference":"Horz","class":"Jr","raw_row":["Trenton Johnson","Detroit Mercy","Horz",7,11.7,103.3,10.9,54.2,55.16,3.1,5,11.7,21.4,1,1,1,10,14,0.714,2,10,0.2,0.7,0.4,4.2,"Jr","6-2",12,0.150008,90.5806,2.1,2024,79361,"South Bend, IN",0.2,1.50005828,1,1,8,12,"1.0000",0.6667,0,0,null,null,124.657,122.674,0.591498,15.6296,-7.2788,-2.9658,-4.313,-6.65369,21.5714,-2.98113,-3.67256,0.5714,0.8571,1.4286,1.2857,0.1429,0.1429,3.8571,"Wing G",3.88362,"2002-10-15"],"games":7,"notes":"Wing G","projection":3.8836,"advanced_stats":{"tov_pg":0.8571428571428571,"usage_pct":0.11042857142857142,"plus_minus_pg":-6.571428571428571,"mins_pct":0.117,"is_qualified":false}}]}