{"bart_player_id":79392,"seasons":[{"year":2024,"team_name":"Fairleigh Dickinson","team_conference":"NEC","class":"Sr","raw_row":["DeVante Jamison","Fairleigh Dickinson","NEC",30,44,84,22.5,42.8,44.3,0.8,9.8,29.3,24.5,22,40,0.55,43,107,0.402,21,67,0.313,0.4,3.4,23,"Sr","5-8",14,-0.314109,83.4391,3.5,2024,79392,"Dorchester, MA",null,1.53705733,32,60,11,47,0.5333,"0.2340",0,0,null,null,106.142,112.787,1.08767,103.759,-7.53915,-4.87067,-2.66848,-6.54472,17.7097,-4.85565,-1.68907,0.1613,1.6129,1.7742,2.6774,1.0968,0.0968,5.8065,"Scoring PG",6.86726,"2001-10-15"],"games":30,"notes":"Scoring PG","projection":6.8673,"advanced_stats":{"tov_pg":1.7419354838709677,"usage_pct":0.2084838709677419,"plus_minus_pg":-4.67741935483871,"mins_pct":0.424,"is_qualified":true}}]}