{"bart_player_id":79405,"seasons":[{"year":2024,"team_name":"Northern Illinois","team_conference":"MAC","class":"Fr","raw_row":["Luka Gogic","Northern Illinois","MAC",1,0.1,0,0,0,0,0,0,0,0,0,0,0,0,0,0,0,0,0,0,0,0,"Fr","6-6",21,-0.331147,-6.85481,0,2024,79405,"Belgrade, Serbia",null,"0.00000000",null,null,null,null,null,null,null,null,null,null,123.414,108.832,0.0754551,0.086995,-6.64385,-3.78128,-2.86256,-8.52214,2.6667,-5.12288,-3.39926,"0.0000","0.0000","0.0000","0.0000",0.3333,"0.0000","1.0000","PF/C",0,"2004-10-15"],"games":1,"notes":"PF/C","projection":0,"advanced_stats":{"tov_pg":0,"usage_pct":0.19433333333333333,"plus_minus_pg":-2.6666666666666665,"mins_pct":0.006,"is_qualified":false}}]}