{"bart_player_id":79419,"seasons":[{"year":2024,"team_name":"North Carolina Central","team_conference":"MEAC","class":"Jr","raw_row":["Cobey Harraway","North Carolina Central","MEAC",15,15.8,59.2,10.3,25,25.62,2.7,12.2,3,16.6,3,11,0.273,2,10,0.2,3,16,0.188,2,0.3,42.3,"Jr","6-7",31,-1.54423,49.4429,3.7,2024,79419,"Seattle, WA",null,1.12511248,null,null,null,null,null,null,null,null,null,null,108.884,113.133,0.688326,24.3996,-8.51685,-6.05259,-2.46427,-9.8742,11.3333,-6.89302,-2.98119,0.3333,1.2778,1.6111,"0.5000",0.1667,0.2778,1.2778,"Wing F",5.48022,"2002-10-15"],"games":15,"notes":"Wing F","projection":5.4802,"advanced_stats":{"tov_pg":0.4444444444444444,"usage_pct":0.12761111111111112,"plus_minus_pg":-0.5,"mins_pct":0.173,"is_qualified":false}}]}