{"bart_player_id":79421,"seasons":[{"year":2024,"team_name":"Presbyterian","team_conference":"BSth","class":"So","raw_row":["AJ Shaw","Presbyterian","BSth",1,0.1,0,0,0,0,0,0,0,0,0,0,0,0,0,0,0,0,0,0,0,0,"So","6-1",13,-0.331852,-7.05806,0,2024,79421,"Charlotte, NC",null,"0.25000000",null,null,null,null,null,null,null,null,null,null,118.431,106.771,0.0826049,0.0915991,-6.81266,-4.1261,-2.68657,-9.37749,"3.0000",-4.43025,-4.94724,"0.2500","0.7500","1.0000","0.2500","0.0000","0.0000","1.5000","PF/C",0,"2003-10-15"],"games":1,"notes":"PF/C","projection":0,"advanced_stats":{"tov_pg":0,"usage_pct":0.15175,"plus_minus_pg":2,"mins_pct":0.01,"is_qualified":false}}]}