{"bart_player_id":79432,"seasons":[{"year":2024,"team_name":"Air Force","team_conference":"MWC","class":"Fr","raw_row":["Brady Ruggles","Air Force","MWC",10,1.2,94.8,10.9,0,70.18,0,8.8,11.5,38.7,2,3,0.667,0,0,0,0,0,0,0,4.2,0,"Fr","6-6",33,-0.0195047,84.8292,0,2024,79432,"Wheaton, IL",null,"1.00000000",0,0,0,0,null,null,0,0,null,null,111.945,109.205,0.111238,2.46322,-5.71533,-4.4607,-1.25463,-6.07103,"1.5000",-4.32326,-1.74777,"0.0000","0.1000","0.1000","0.1000","0.1000","0.0000","0.2000","Combo G",0,"2004-10-15"],"games":10,"notes":"Combo G","projection":0,"advanced_stats":{"tov_pg":0.1,"usage_pct":0.075,"plus_minus_pg":0.1,"mins_pct":0.011,"is_qualified":false}}]}