{"bart_player_id":79440,"seasons":[{"year":2024,"team_name":"Notre Dame","team_conference":"ACC","class":"So","raw_row":["Zane Harbaugh","Notre Dame","ACC",2,0.4,89.8,14.4,0,0,23.4,22.7,36,0,0,0,0,0,0,0,0,1,0,0,0,0,"So","6-6",23,-0.0197374,86.3013,0,2024,79440,"Owasso, OK",null,"1.00000000",0,0,0,0,null,null,0,0,null,null,104.322,113.789,0.145635,0.802522,1.35735,0.681596,0.675751,-0.52462,"2.5000",0.465254,-0.989874,"0.5000","0.5000","1.0000","0.5000","0.0000","0.0000","0.0000","PF/C",11.6319,"2003-10-15"],"games":2,"notes":"PF/C","projection":11.6319,"advanced_stats":{"tov_pg":0,"usage_pct":0.149,"plus_minus_pg":-3,"mins_pct":0.004,"is_qualified":false}}]}