{"bart_player_id":79459,"seasons":[{"year":2024,"team_name":"Detroit Mercy","team_conference":"Horz","class":"Fr","raw_row":["Michael Oaks","Detroit Mercy","Horz",11,7.4,98.1,13.8,47.2,49.08,11.1,11.9,2.1,17.7,3,5,0.6,7,16,0.438,1,2,0.5,8,0.6,27.8,"Fr","6-10",null,-0.0631461,86.4914,5.4,2024,79459,"Houston, TX",null,"0.25000000",5,8,0,1,"0.6250","0.0000",1,1,"1.0000",null,117.905,120.372,0.309043,14.8741,-5.61705,-4.70728,-0.909773,-6.23786,8.7273,-5.03087,-1.20699,0.8182,0.8182,1.6364,0.0909,0.0909,0.6364,1.8182,"PF/C",1.22806,"2004-10-15"],"games":11,"notes":"PF/C","projection":1.2281,"advanced_stats":{"tov_pg":0.36363636363636365,"usage_pct":0.1210909090909091,"plus_minus_pg":0.45454545454545453,"mins_pct":0.074,"is_qualified":false}}]}