{"bart_player_id":79451,"seasons":[{"year":2024,"team_name":"Boston College","team_conference":"ACC","class":"Fr","raw_row":["Asher Jackson","Boston College","ACC",1,0.1,0,20,0,0,0,0,0,58.6,0,0,0,0,0,0,0,1,0,0,0,0,"Fr",null,33,-0.307361,0,0,2024,79451,null,null,"0.00000000",0,0,0,0,null,null,0,0,null,null,116.389,122.789,0.0270238,0.0965286,-20.4057,-17.066,-3.33975,-101.972,"1.0000",-63.3947,-38.5771,"0.0000","0.0000","0.0000","0.0000","0.0000","0.0000","0.0000","Combo G",40.9018,"2004-10-15"],"games":1,"notes":"Combo G","projection":40.9018,"advanced_stats":{"tov_pg":1,"usage_pct":0.791,"plus_minus_pg":-7,"mins_pct":0.001,"is_qualified":false}}]}