{"bart_player_id":79463,"seasons":[{"year":2024,"team_name":"Massachusetts","team_conference":"A10","class":"Fr","raw_row":["Tyler Mason","Massachusetts","A10",8,1.4,71.4,16,50,50,6.1,18.8,0,40.1,0,0,0,2,4,0.5,0,0,0,0,0,0,"Fr","6-10",24,-0.157527,68.4002,13.3,2024,79463,"Stafford, VA",null,"0.00000000",1,2,1,2,"0.5000","0.5000",0,0,null,null,104.69,102.579,0.218592,2.96478,-14.7353,-9.93338,-4.80189,-14.0983,"2.2500",-12.9756,-1.12269,"0.1250","0.3750","0.5000","0.0000","0.0000","0.0000","0.5000","C",0,"2004-10-15"],"games":8,"notes":"C","projection":0,"advanced_stats":{"tov_pg":0.25,"usage_pct":0.208875,"plus_minus_pg":-1,"mins_pct":0.015,"is_qualified":false}}]}