{"bart_player_id":79472,"seasons":[{"year":2024,"team_name":"Towson","team_conference":"CAA","class":"Fr","raw_row":["Jackson Prince","Towson","CAA",3,0.4,94,31.6,37.5,37.5,0,23.8,0,0,0,0,0,0,0,0,1,4,0.25,0,0,0,"Fr","6-4",45,0.0710498,100.862,0,2024,79472,"Waldorf, MD",null,"0.00000000",0,0,0,0,null,null,0,0,null,null,103.104,105.093,0.147377,0.77162,-14.6157,-3.08139,-11.5343,-4.44333,1.6667,0.24239,-4.68572,"0.0000",0.3333,0.3333,"0.0000","0.0000","0.0000","1.0000","Wing G",47.208,"2004-10-15"],"games":3,"notes":"Wing G","projection":47.208,"advanced_stats":{"tov_pg":0,"usage_pct":0.2415,"plus_minus_pg":-0.25,"mins_pct":0.004,"is_qualified":false}}]}