"Abbrev","Stat Name","Description","Unit","Pctile Dir","Available In"
"%AST ATB3","% of Assists on Above Break 3s","The percentage of total assists that were assists on above the break 3s.","Percentage","Highest % = 100th","Player Game PBP, Team Agg PBP, Player Agg PBP, Team Game PBP"
"%AST ATR2","% of Assists At The Rim","The percentage of total assists that were assists at the rim.","Percentage","Highest % = 100th","Player Game PBP, Team Agg PBP, Player Agg PBP, Team Game PBP"
"%AST RIM+3s","% of Assists At The Rim + on 3s","The percentage of total assists that were assists either at the rim or on 3-pointers.","Percentage","Highest % = 100th","Player Game PBP, Team Agg PBP, Player Agg PBP"
"%AST RIM+PAINT","% of Assists At The Rim + In The Paint","The percentage of total assists that were assists in the paint (including shots at the rim).","Percentage","Highest % = 100th","Player Game PBP, Team Agg PBP, Player Agg PBP"
"%AST C3","% of Assists on Corner 3s","The percentage of total assists that were assists on corner 3s.","Percentage","Highest % = 100th","Player Game PBP, Team Agg PBP, Player Agg PBP, Team Game PBP"
"%AST DUNK","% of Assists on Dunks","The percentage of total assists that were assists on dunks.","Percentage","Highest % = 100th","Player Game PBP, Team Agg PBP, Player Agg PBP, Team Game PBP"
"%AST PAINT2","% of Assists In The Paint","The percentage of total assists that were assists in the paint (not at the rim).","Percentage","Highest % = 100th","Player Game PBP, Team Agg PBP, Player Agg PBP, Team Game PBP"
"%AST MID2","% of Assists In The Midrange","The percentage of total assists that were assists in the midrange.","Percentage","Highest % = 100th","Player Game PBP, Team Agg PBP, Player Agg PBP, Team Game PBP"
"%AST2","% of Assists on 2s","The percentage of total assists that were assists on made 2-pointers.","Percentage","Highest % = 100th","Player Game PBP, Team Agg PBP, Player Agg PBP, Team Game PBP"
"%AST3","% of Assists on 3s","The percentage of total assists that were assists on made 3-pointers.","Percentage","Highest % = 100th","Player Game PBP, Team Agg PBP, Player Agg PBP, Team Game PBP"
"HC FREQ","% Frequency in Half Court","The percentage of the team's offensive chances that were marked as half court (as opposed to transition or putback) chances.","Percentage","Highest % = 100th","Team Agg PBP, Team Game PBP"
"TR FREQ","% Frequency in Transition","The percentage of the team's offensive chances that were marked as transition (as opposed to half court or putback) chances.","Percentage","Highest % = 100th","Team Agg PBP, Team Game PBP"
"PB FREQ","% Frequency on Putbacks","The percentage of the team's offensive chances that were marked as putback(as opposed to half court or transition ) chances.","Percentage","Highest % = 100th","Team Agg PBP, Team Game PBP"
"POSS%","% Time in Possession","Of all time where either team has possession (so excluding time when neither team has possession), what percentage belongs to this team.","Percentage","Highest % = 100th","Team Agg PBP, Team Game PBP"
"%MP Leading","Pct of Minutes Leading","Share of total minutes the team led.","Percentage","Highest % = 100th","Team Agg PBP, Team Game PBP"
"%MP Lead 1-9","Pct of Mins Leading by 1-9","Share of total minutes the team led by 1-9 points.","Percentage","Highest % = 100th","Team Agg PBP, Team Game PBP"
"%MP Lead 10-19","Pct of Mins Leading by 10-19","Share of total minutes the team led by 10-19 points.","Percentage","Highest % = 100th","Team Agg PBP, Team Game PBP"
"%MP Lead 20+","Pct of Mins Leading by 20+","Share of total minutes the team led by 20 or more points.","Percentage","Highest % = 100th","Team Agg PBP, Team Game PBP"
"%MP Tied","Pct of Mins Tied","Share of total minutes the team was tied with the opponent.","Percentage","Highest % = 100th","Team Agg PBP, Team Game PBP"
"%MP Trailing","Pct of Minutes Trailing","Share of total minutes the team trailed.","Percentage","Lowest % = 100th","Team Agg PBP, Team Game PBP"
"%MP Trail 1-9","Pct of Mins Trailing by 1-9","Share of total minutes the team trailed by 1-9 points.","Percentage","Lowest % = 100th","Team Agg PBP, Team Game PBP"
"%MP Trail 10-19","Pct of Mins Trailing by 10-19","Share of total minutes the team trailed by 10-19 points.","Percentage","Lowest % = 100th","Team Agg PBP, Team Game PBP"
"%MP Trail 20+","Pct of Mins Trailing by 20+","Share of total minutes the team trailed by 20 or more points.","Percentage","Lowest % = 100th","Team Agg PBP, Team Game PBP"
"DUNK FGA%","% of Shots as Dunks","The percentage of shots taken that were dunk attempts.","Percentage","Highest % = 100th","Team Agg PBP, Player Agg PBP, Team Game PBP"
"LAYUP FGA%","% of Shots as Layups","Percentage of the players shots taken as layups.","Percentage","Highest % = 100th","Team Agg PBP, Player Agg PBP, Team Game PBP"
"LAY+DUNK FGA%","% of Shots as Layups + Dunks","Percentage of the players shots taken as layups and dunks.","Percentage","Highest % = 100th","Team Agg PBP, Player Agg PBP, Team Game PBP"
"% Shots Center","% of Shots from Center of Court","Percentage of shots taken from the center of the court. This includes all shots where the shooter is positioned within 1 foot in either direction of the imaginary centerline of the court connecting the two rims.","Percentage","Highest % = 100th","Player Game PBP, Team Agg PBP, Player Agg PBP, Team Game PBP"
"% Shots Left","% of Shots from Left Side of Court","Percentage of shots taken from the left side of the court. This includes all shots where the shooter is positioned more than 1 foot to the left of the court's imaginary centerline.","Percentage","Highest % = 100th","Player Game PBP, Team Agg PBP, Player Agg PBP, Team Game PBP"
"% Shots Right","% of Shots from Right Side of Court","Percentage of shots taken from the right side of the court. This includes all shots where the shooter is positioned more than 1 foot to the right of the court's imaginary centerline.","Percentage","Highest % = 100th","Player Game PBP, Team Agg PBP, Player Agg PBP, Team Game PBP"
"%TM AST","% of Team Assists","The percentage of a team's assists that a player is responsible for (player AST / team total AST).","Percentage","Highest % = 100th","Player Game PBP, Player Agg PBP"
"%TM FGA","% of Team FGAs","The percentage of a team's field goal attempts that a player is responsible for (player FGA / team total FGA).","Percentage","Highest % = 100th","Player Agg PBP"
"%TM FTA","% of Team Free Throws","The percentage of a team's free throw attempts that a player is responsible for (player FTA / team total FTA).","Percentage","Highest % = 100th","Player Agg PBP"
"%TM TOV","% of Team Turnovers","The percentage of a team's turnovers that a player is responsible for (player TOV / team total TOV).","Percentage","Lowest % = 100th","Player Agg PBP"
"%POTOV","Points off Turnovers % of Total Points","The percentage of all points scored by the player that were points off turnovers.","Percentage","Highest % = 100th","Team Game, Team Agg"
"%2PTS","% of Total Points from 2-Pointers","The percentage of points scored by the player that were scored on two-point field goals.","Percentage","Highest % = 100th","Team Game, Player Agg, Team Agg, Player Game"
"%3PTS","% of Total Points from 3-Pointers","The percentage of points scored by the player that were scored on three-point field goals.","Percentage","Highest % = 100th","Team Game, Player Agg, Team Agg, Player Game"
"%FTPTS","% of Total Points from Free Throws","The percentage of points scored by the player that were scored on free throws.","Percentage","Highest % = 100th","Team Game, Player Agg, Team Agg, Player Game"
"%PITP","Points in the Paint % of Total Points","The percentage of all points scored by the player that were points in the paint.","Percentage","Highest % = 100th","Team Game, Player Agg, Team Agg, Player Game"
"%SCP","2nd Chance Points % of Total Points","The percentage of all points scored by the player that were second chance points.","Percentage","Highest % = 100th","Team Game, Player Agg, Team Agg, Player Game"
"%FBP","Fast Break Points % of Total Points","The percentage of all points scored by the player that were fast break points.","Percentage","Highest % = 100th","Team Game, Player Agg, Team Agg, Player Game"
"TOV 10 SECS","10 Second Violation","The total number of turnovers tagged by the scorer as a 10 second violation by the team.","Integer","Lowest # = 100th","Team Agg PBP, Team Game PBP"
"STRK 10+","10-0 Scoring Streaks","The total number of scoring streaks of 10+ consecutive points scored by the team.","Integer","Highest # = 100th","Team Agg PBP"
"AGST 10+","10-0 Scoring Streaks Allowed","The total number of scoring streaks allowed of 10+ consecutive points allowed by the team.","Integer","Lowest # = 100th","Team Agg PBP"
"STRK 12+","12-0 Scoring Streaks","The total number of scoring streaks of 12+ consecutive points scored by the team.","Integer","Highest # = 100th","Team Agg PBP"
"AGST 12+","12-0 Scoring Streaks Allowed","The total number of scoring streaks allowed of 12+ consecutive points allowed by the team.","Integer","Lowest # = 100th","Team Agg PBP"
"Poss 1st FGA/100","First FGA of Possession / 100 Poss","Team's first-shot field goal attempts per 100 possessions (shots taken before any offensive rebound on the possession).","Number","Highest # = 100th","Team Agg PBP"
"Poss 1st FGA/40","First FGA of Possession / 40 Mins","Team's first-shot field goal attempts per 40 minutes (shots taken before any offensive rebound on the possession).","Number","Highest # = 100th","Team Agg PBP"
"Poss 1st FGA/G","First FGA of Possession / Game","Team's first-shot field goal attempts per game (shots taken before any offensive rebound on the possession).","Number","Highest # = 100th","Team Agg PBP"
"Poss 1st FGA","First FGA of Possession","Team's count of field goal attempts that were the first shot of a possession (no offensive rebound preceded the attempt).","Integer","Highest # = 100th","Team Agg PBP, Team Game PBP"
"2PM","2 Point Field Goals Made","The total number of 2-point field goals made.","Integer","Highest # = 100th","Player Game PBP, Team Game, Player Agg, Team Agg, Player Game, Team Agg PBP, Player Agg PBP, Lineup, Team Game PBP, On/Off"
"2PA","2-Point Field Goal Attempts","The total number of 2-point field goal attempts.","Integer","Highest # = 100th","Player Game PBP, Team Game, Player Agg, Team Agg, Player Game, Team Agg PBP, Player Agg PBP, Lineup, Team Game PBP, On/Off"
"2P%","2-Point Percentage","Percentage of the player's 2-point field goal attempts that were made.","Percentage","Highest % = 100th","Player Game PBP, Team Game, Player Agg, Team Agg, Player Game, Team Agg PBP, Player Agg PBP, Lineup, Team Game PBP, On/Off"
"20 Pt / 10 Ast","Games with 20+ Points and 10+ Assists","Number of games where the player recorded 20+ points and 10+ assists.","Integer","Highest # = 100th","Player Agg"
"20 Pt / 10 Reb","Games with 20+ Points and 10+ Rebounds","Number of games where the player recorded 20+ points and 10+ rebounds.","Integer","Highest # = 100th","Player Agg"
"SCP PTS","2nd Chance Points","The total number of second chance points.","Integer","Highest # = 100th","Team Game, Player Agg, Team Agg, Player Game"
"Poss 2nd FGA/100","Second FGA of Possession / 100 Poss","Team's second-shot field goal attempts per 100 possessions (shots taken after one offensive rebound).","Number","Highest # = 100th","Team Agg PBP"
"Poss 2nd FGA/40","Second FGA of Possession / 40 Mins","Team's second-shot field goal attempts per 40 minutes (shots taken after one offensive rebound).","Number","Highest # = 100th","Team Agg PBP"
"Poss 2nd FGA/G","Second FGA of Possession / Game","Team's second-shot field goal attempts per game (shots taken after one offensive rebound).","Number","Highest # = 100th","Team Agg PBP"
"Poss 2nd FGA","Second FGA of Possession","Team's count of field goal attempts that were the second shot of a possession (taken after one offensive rebound).","Integer","Highest # = 100th","Team Agg PBP, Team Game PBP"
"FT% 2-1","Free Throw % Change, 2nd vs 1st Attempt","Difference between second-FT percentage and first-FT percentage (FT2% minus FT1%). Positive values mean the shooter improved on the second attempt; negative means they got worse.","Percentage","Highest % = 100th","Player Game PBP, Team Agg PBP, Player Agg PBP"
"SCP DIFF","2nd Chance Points Differential","How many more or fewer second chance points the team scored compared to their opponent.","Integer","Highest # = 100th","Team Game, Team Agg"
"SCP PTS/100","2nd Chance Points / 100 Poss","An estimate of the number of second chance points per 100 possessions played.","Number","Highest # = 100th","Team Agg"
"SCP PTS/40","2nd Chance Points / 40 Mins","The number of second chance points per 40 minutes played.","Number","Highest # = 100th","Player Agg, Team Agg"
"SCP PTS/G","2nd Chance Points / Game","The number of second chance points per game.","Number","Highest # = 100th","Player Agg, Team Agg"
"FGM2 ASTD%","2P Assisted Pct","The percentage of 2P shots made that were assisted.","Percentage","Highest % = 100th","Player Game PBP, Team Agg PBP, Player Agg PBP, Team Game PBP"
"AST2","2P Assists","The total number of assists where the shooter scored on a 2-point shot.","Integer","Highest # = 100th","Player Game PBP, Player Agg PBP"
"AST2/40","2P Assists / 40 Mins","The total number of assists per 40 minutes where the shooter scored on a 2-point shot.","Number","Highest # = 100th","Player Agg PBP"
"AST2/G","2P Assists / Game","The total number of assists per game where the shooter scored on a 2-point shot.","Number","Highest # = 100th","Player Agg PBP"
"2SFLD%","2-Point Shooting Fouled Pct","The percentage of 2-point shot attempts where a foul was drawn.","Percentage","Highest % = 100th","Player Game PBP, Team Agg PBP, Player Agg PBP, Team Game PBP"
"2SFLD/100","2-Point Shooting Fouls Drawn / 100 Poss","The number of 2-point shooting fouls drawn per 100 possessions.","Number","Highest # = 100th","Team Agg PBP"
"2SFLD/40","2-Point Shooting Fouls Drawn / 40 Mins","The number of 2-point shooting fouls drawn per 40 minutes.","Number","Highest # = 100th","Team Agg PBP, Player Agg PBP"
"2SFLD/G","2-Point Shooting Fouls Drawn / Game","The number of 2-point shooting fouls drawn per game.","Number","Highest # = 100th","Team Agg PBP, Player Agg PBP"
"2SFLD","2-Point Shooting Fouls Drawn","The total number of 2-point shooting fouls drawn.","Integer","Highest # = 100th","Player Game PBP, Team Agg PBP, Player Agg PBP, Team Game PBP"
"2P SHOT ATT","2P Shot Attempts (inc SFLs)","The number of 2-point field goal attempts plus shooting fouls drawn on missied shots. Effectively, the number of 2-point shot attempts by the player.","Integer","Highest # = 100th","Player Game PBP, Team Agg PBP, Player Agg PBP, Team Game PBP"
"2P% (0-10s)","2P% (0 - 10 on Shot Clock)","Percentage of the player's 2-point field goal attempts taken with 0 - 10 seconds remaining on the shot clock that were made.","Percentage","Highest % = 100th","Player Game PBP, Team Agg PBP, Player Agg PBP, Team Game PBP"
"2P% (20-30s)","2P% (10 - 20 on Shot Clock)","Percentage of the player's 2-point field goal attempts taken with 20 - 30 seconds remaining on the shot clock that were made.","Percentage","Highest % = 100th","Player Game PBP, Team Agg PBP, Player Agg PBP, Team Game PBP"
"2P% (10-20s)","2P% (20 - 30 on Shot Clock)","Percentage of the player's 2-point field goal attempts taken with 10 - 20 seconds remaining on the shot clock that were made.","Percentage","Highest % = 100th","Player Game PBP, Team Agg PBP, Player Agg PBP, Team Game PBP"
"2P% in HC","2P% in Half Court","An estimate of 2-point field goal percentage (makes / attempts) on shots in the half court, rather than in transition or on putbacks.","Percentage","Highest % = 100th","Player Game PBP, Team Agg PBP, Player Agg PBP, Team Game PBP"
"2P% in TR","2P% in Transition","An estimate of 2-point field goal percentage (makes / attempts) on shots in transition, rather than in the half court or on putbacks.","Percentage","Highest % = 100th","Player Game PBP, Team Agg PBP, Player Agg PBP, Team Game PBP"
"2PA DIFF","2P Attempt Differential","How many more or fewer 2-point field goal attempts the team took compared to their opponent.","Integer","Highest # = 100th","Team Game, Team Agg"
"2PA (0-10s)","2PAs (0-10 on Shot Clock)","The total number of 2-point field goal attempts taken with 0 - 10 seconds remaining on the shot clock.","Integer","Highest # = 100th","Player Game PBP, Team Agg PBP, Player Agg PBP, Team Game PBP"
"2PA (10-20s)","2PAs (10-20 on Shot Clock)","The total number of 2-point field goal attempts taken with 10 - 20 seconds remaining on the shot clock.","Integer","Highest # = 100th","Player Game PBP, Team Agg PBP, Player Agg PBP, Team Game PBP"
"2PA (20-30s)","2PAs (20-30 on Shot Clock)","The total number of 2-point field goal attempts taken with 20 - 30 seconds remaining on the shot clock.","Integer","Highest # = 100th","Player Game PBP, Team Agg PBP, Player Agg PBP, Team Game PBP"
"2PA/100","2-Point Field Goal Attempts / 100 Poss","An estimate of the number of 2-point field goal attempts per 100 possessions played.","Number","Highest # = 100th","Team Agg, Team Agg PBP, Lineup, On/Off"
"2PA/40","2-Point Field Goal Attempts / 40 Mins","The number of 2-point field goal attempts per 40 minutes played.","Number","Highest # = 100th","Player Agg, Team Agg, Team Agg PBP, Player Agg PBP, Lineup, On/Off"
"2PA/G","2-Point Field Goal Attempts / Game","The number of 2-point field goal attempts per game.","Number","Highest # = 100th","Player Agg, Team Agg, Team Agg PBP, Player Agg PBP"
"2PA in HC","2P Attempts in Half Court","An estimate of the total number of 2-point field goal attempts taken in the half court, rather than in transition or on putbacks.","Integer","Highest # = 100th","Player Game PBP, Team Agg PBP, Player Agg PBP, Team Game PBP"
"2PA in TR","2P Attempts in Transition","An estimate of the total number of 2-point field goal attempts taken in transition, rather than in the half court or on putbacks.","Integer","Highest # = 100th","Player Game PBP, Team Agg PBP, Player Agg PBP, Team Game PBP"
"2PM DIFF","2P Made Differential","How many more or fewer 2-point field goals made the team had compared to their opponent.","Integer","Highest # = 100th","Team Game, Team Agg"
"2PM in HC","2P Made in Half Court","An estimate of the total number of 2-point field goals made in the half court, rather than in transition or on putbacks.","Integer","Highest # = 100th","Player Game PBP, Team Agg PBP, Player Agg PBP, Team Game PBP"
"2PM in TR","2P Made in Transition","An estimate of the total number of 2-point field goals made in transition, rather than in the half court or on putbacks.","Integer","Highest # = 100th","Player Game PBP, Team Agg PBP, Player Agg PBP, Team Game PBP"
"2PM (0-10s)","2s Made with 0-10 Secs on Shot Clock","The total number of 2-point field goals made with 0 - 10 seconds remaining on the shot clock.","Integer","Highest # = 100th","Player Game PBP, Team Agg PBP, Player Agg PBP, Team Game PBP"
"2PM (10-20s)","2s Made with 10-20 Secs on Shot Clock","The total number of 2-point field goals made with 10 - 20 seconds remaining on the shot clock.","Integer","Highest # = 100th","Player Game PBP, Team Agg PBP, Player Agg PBP, Team Game PBP"
"2PM (20-30s)","2s Made with 20-30 Secs on Shot Clock","The total number of 2-point field goals made with 20 - 30 seconds remaining on the shot clock.","Integer","Highest # = 100th","Player Game PBP, Team Agg PBP, Player Agg PBP, Team Game PBP"
"3PM","3 Point Field Goals Made","The total number of 3-point field goals made.","Integer","Highest # = 100th","Player Game PBP, Team Game, Player Agg, Team Agg, Player Game, Team Agg PBP, Player Agg PBP, Lineup, Team Game PBP, On/Off"
"TOV 3 SECS","3 Second Violation","The total number of turnovers tagged by the scorer as a 3 second violation by the team.","Integer","Lowest # = 100th","Team Agg PBP, Team Game PBP"
"3PAr","Three Point Attempt Rate","Percentage of the player's field goal attempts that were 3-point field goal attempts.","Percentage","Highest % = 100th","Player Game PBP, Team Game, Player Agg, Team Agg, Player Game, Team Agg PBP, Player Agg PBP, Lineup, Team Game PBP, On/Off"
"3PA","3-Point Field Goal Attempts","The total number of 3-point field goal attempts taken.","Integer","Highest # = 100th","Player Game PBP, Team Game, Player Agg, Team Agg, Player Game, Team Agg PBP, Player Agg PBP, Lineup, Team Game PBP, On/Off"
"3P%","3-Point Percentage","Percentage of the player's 3-point field goal attempts that were made.","Percentage","Highest % = 100th","Player Game PBP, Team Game, Player Agg, Team Agg, Player Game, Team Agg PBP, Player Agg PBP, Lineup, Team Game PBP, On/Off"
"FGM3 ASTD%","3P Assisted Pct","The percentage of 3P shots made that were assisted.","Percentage","Highest % = 100th","Player Game PBP, Team Agg PBP, Player Agg PBP, Team Game PBP"
"AST3","3P Assists","The total number of assists where the shooter scored on a 3-point shot.","Integer","Highest # = 100th","Player Game PBP, Player Agg PBP"
"AST3/40","3P Assists / 40 Mins","The total number of assists per 40 minutes where the shooter scored on a 3-point shot.","Number","Highest # = 100th","Player Agg PBP"
"AST3/G","3P Assists / Game","The total number of assists per game where the shooter scored on a 3-point shot.","Number","Highest # = 100th","Player Agg PBP"
"3SFLD%","3-Point Shooting Fouled Pct","The percentage of 3-point shot attempts where a foul was drawn.","Percentage","Highest % = 100th","Player Game PBP, Team Agg PBP, Player Agg PBP, Team Game PBP"
"3SFLD/100","3-Point Shooting Fouls Drawn / 100 Poss","The number of 3-point shooting fouls drawn per 100 possessions.","Number","Highest # = 100th","Team Agg PBP"
"3SFLD/40","3-Point Shooting Fouls Drawn / 40 Mins","The number of 3-point shooting fouls drawn per 40 minutes.","Number","Highest # = 100th","Team Agg PBP, Player Agg PBP"
"3SFLD/G","3-Point Shooting Fouls Drawn / Game","The number of 3-point shooting fouls drawn per game.","Number","Highest # = 100th","Team Agg PBP, Player Agg PBP"
"3SFLD","3-Point Shooting Fouls Drawn","The total number of 3-point shooting fouls drawn.","Integer","Highest # = 100th","Player Game PBP, Team Agg PBP, Player Agg PBP, Team Game PBP"
"3P SHOT ATT","3P Shot Attempts (inc SFLs)","The number of 3-point field goal attempts plus shooting fouls drawn on missied shots. Effectively, the number of 3-point shot attempts by the player.","Integer","Highest # = 100th","Player Game PBP, Team Agg PBP, Player Agg PBP, Team Game PBP"
"3P% (0-10s)","3P% (0 - 10 on Shot Clock)","Percentage of the player's 3-point field goal attempts taken with 0 - 10 seconds remaining on the shot clock that were made.","Percentage","Highest % = 100th","Player Game PBP, Team Agg PBP, Player Agg PBP, Team Game PBP"
"3P% (20-30s)","3P% (10 - 20 on Shot Clock)","Percentage of the player's 3-point field goal attempts taken with 20 - 30 seconds remaining on the shot clock that were made.","Percentage","Highest % = 100th","Player Game PBP, Team Agg PBP, Player Agg PBP, Team Game PBP"
"3P% (10-20s)","3P% (20 - 30 on Shot Clock)","Percentage of the player's 3-point field goal attempts taken with 10 - 20 seconds remaining on the shot clock that were made.","Percentage","Highest % = 100th","Player Game PBP, Team Agg PBP, Player Agg PBP, Team Game PBP"
"3P% in HC","3P% in Half Court","An estimate of 3-point field goal percentage (makes / attempts) on shots in the half court, rather than in transition or on putbacks.","Percentage","Highest % = 100th","Player Game PBP, Team Agg PBP, Player Agg PBP, Team Game PBP"
"3P% in TR","3P% in Transition","An estimate of 3-point field goal percentage (makes / attempts) on shots in transition, rather than in the half court or on putbacks.","Percentage","Highest % = 100th","Player Game PBP, Team Agg PBP, Player Agg PBP, Team Game PBP"
"3PA DIFF","3P Attempt Differential","How many more or fewer 3-point field goal attempts the team took compared to their opponent.","Integer","Highest # = 100th","Team Game, Team Agg"
"3PA (0-10s)","3PAs (0-10 on Shot Clock)","The total number of 3-point field goal attempts taken with 0 - 10 seconds remaining on the shot clock.","Integer","Highest # = 100th","Player Game PBP, Team Agg PBP, Player Agg PBP, Team Game PBP"
"3PA (10-20s)","3PAs (10-20 on Shot Clock)","The total number of 3-point field goal attempts taken with 10 - 20 seconds remaining on the shot clock.","Integer","Highest # = 100th","Player Game PBP, Team Agg PBP, Player Agg PBP, Team Game PBP"
"3PA (20-30s)","3PAs (20-30 on Shot Clock)","The total number of 3-point field goal attempts taken with 20 - 30 seconds remaining on the shot clock.","Integer","Highest # = 100th","Player Game PBP, Team Agg PBP, Player Agg PBP, Team Game PBP"
"3PA/100","3-Point Field Goal Attempts / 100 Poss","An estimate of the number of 3-point field goal attempts per 100 possessions played.","Number","Highest # = 100th","Team Agg, Team Agg PBP, Lineup, On/Off"
"3PA/40","3-Point Field Goal Attempts / 40 Mins","The number of 3-point field goal attempts per 40 minutes played.","Number","Highest # = 100th","Player Agg, Team Agg, Team Agg PBP, Player Agg PBP, Lineup, On/Off"
"3PA/G","3-Point Field Goal Attempts / Game","The number of 3-point field goal attempts per game.","Number","Highest # = 100th","Player Agg, Team Agg, Team Agg PBP, Player Agg PBP"
"3PA in HC","3P Attempts in Half Court","An estimate of the total number of 3-point field goal attempts taken in the half court, rather than in transition or on putbacks.","Integer","Highest # = 100th","Player Game PBP, Team Agg PBP, Player Agg PBP, Team Game PBP"
"3PA in TR","3P Attempts in Transition","An estimate of the total number of 3-point field goal attempts taken in transition, rather than in the half court or on putbacks.","Integer","Highest # = 100th","Player Game PBP, Team Agg PBP, Player Agg PBP, Team Game PBP"
"3PM DIFF","3P Made Differential","How many more or fewer 3-point field goals made the team had compared to their opponent.","Integer","Highest # = 100th","Team Game, Team Agg"
"3PM in HC","3P Made in Half Court","An estimate of the total number of 3-point field goals made in the half court, rather than in transition or on putbacks.","Integer","Highest # = 100th","Player Game PBP, Team Agg PBP, Player Agg PBP, Team Game PBP"
"3PM in TR","3P Made in Transition","An estimate of the total number of 3-point field goals made in transition, rather than in the half court or on putbacks.","Integer","Highest # = 100th","Player Game PBP, Team Agg PBP, Player Agg PBP, Team Game PBP"
"Poss 3rd+ FGA/100","Third+ FGA of Possession / 100 Poss","Team's third-plus shot field goal attempts per 100 possessions (shots taken after multiple offensive rebounds).","Number","Highest # = 100th","Team Agg PBP"
"Poss 3rd+ FGA/40","Third+ FGA of Possession / 40 Mins","Team's third-plus shot field goal attempts per 40 minutes (shots taken after multiple offensive rebounds).","Number","Highest # = 100th","Team Agg PBP"
"Poss 3rd+ FGA/G","Third+ FGA of Possession / Game","Team's third-plus shot field goal attempts per game (shots taken after multiple offensive rebounds).","Number","Highest # = 100th","Team Agg PBP"
"Poss 3rd+ FGA","Third+ FGA of Possession","Team's count of field goal attempts that were the third or later shot of a possession (taken after multiple offensive rebounds).","Integer","Highest # = 100th","Team Agg PBP, Team Game PBP"
"3PM (0-10s)","3s Made with 0-10 Secs on Shot Clock","The total number of 3-point field goals made with 0 - 10 seconds remaining on the shot clock.","Integer","Highest # = 100th","Player Game PBP, Team Agg PBP, Player Agg PBP, Team Game PBP"
"3PM (10-20s)","3s Made with 10-20 Secs on Shot Clock","The total number of 3-point field goals made with 10 - 20 seconds remaining on the shot clock.","Integer","Highest # = 100th","Player Game PBP, Team Agg PBP, Player Agg PBP, Team Game PBP"
"3PM (20-30s)","3s Made with 20-30 Secs on Shot Clock","The total number of 3-point field goals made with 20 - 30 seconds remaining on the shot clock.","Integer","Highest # = 100th","Player Game PBP, Team Agg PBP, Player Agg PBP, Team Game PBP"
"TOV 5 SECS","5 Second Violation","The total number of turnovers tagged by the scorer as a 5 second violation by the team.","Integer","Lowest # = 100th","Team Agg PBP, Team Game PBP"
"5x3 Games","Games with 3+ Pts, Rebs, Asts, Stls & Blks","Number of games where the player recorded at least 3 in every categoriy of points, rebounds, assists, steals, and blocks.","Integer","Highest # = 100th","Player Agg"
"5x4 Games","Games with 4+ Pts, Rebs, Asts, Stls & Blks","Number of games where the player recorded at least 4 in every categoriy of points, rebounds, assists, steals, and blocks.","Integer","Highest # = 100th","Player Agg"
"5x5 Games","Games with 5+ Pts, Rebs, Asts, Stls & Blks","Number of games where the player recorded at least 5 in every categoriy of points, rebounds, assists, steals, and blocks.","Integer","Highest # = 100th","Player Agg"
"STRK 8+","8-0 Scoring Streaks","The total number of scoring streaks of 8+ consecutive points scored by the team.","Integer","Highest # = 100th","Team Agg PBP"
"AGST 8+","8-0 Scoring Streaks Allowed","The total number of scoring streaks allowed of 8+ consecutive points allowed by the team.","Integer","Lowest # = 100th","Team Agg PBP"
"ATB3 ASTD%","Above Break 3s Assisted Pct","The percentage of shots made on above the break 3s that were assisted.","Percentage","Highest % = 100th","Player Game PBP, Team Agg PBP, Player Agg PBP, Team Game PBP"
"ATB3 AST","Above Break 3s Assists","The total number of assists where the shooter scored an above the break 3.","Integer","Highest # = 100th","Player Game PBP, Player Agg PBP"
"ATB3 AST/40","Above Break 3s Assists / 40 Mins","The total number of assists per 40 minutes where the shooter scored an above the break 3.","Number","Highest # = 100th","Player Game PBP, Player Agg PBP"
"ATB3 AST/G","Above Break 3s Assists / Game","The total number of assists per game where the shooter scored an above the break 3.","Number","Highest # = 100th","Player Agg PBP"
"ATB3 DRB CHNC","Above Break 3s Defensive Rebound Chances","The total number of defensive rebounds chances (defensive rebounds grabbed plus opponent offensive rebounds) on opponent's missed above the break 3s.","Integer","Highest # = 100th","Team Agg PBP, Team Game PBP"
"ATB3 DRB%","Above Break 3s Defensive Rebounding Percentage","Percentage of the opponent's missed above the break 3s that were defensive rebounded by the team.","Percentage","Highest % = 100th","Team Agg PBP, Team Game PBP"
"ATB3 DRB","Above Break 3s Defensive Rebounds","The total number of defensive rebounds grabbed on opponent's missed above the break 3s.","Integer","Highest # = 100th","Team Agg PBP, Team Game PBP"
"ATB3 FGA (0-10s)","Above Break 3s FGAs with 0-10 Secs on Shot Clock","The total number of field goal attempts on above the break 3s taken with 0 - 10 seconds remaining on the shot clock.","Integer","Highest # = 100th","Player Game PBP, Team Agg PBP, Player Agg PBP, Team Game PBP"
"ATB3 FGA (10-20s)","Above Break 3s FGAs with 10-20 Secs on Shot Clock","The total number of field goal attempts on above the break 3s taken with 10 - 20 seconds remaining on the shot clock.","Integer","Highest # = 100th","Player Game PBP, Team Agg PBP, Player Agg PBP, Team Game PBP"
"ATB3 FGA (20-30s)","Above Break 3s FGAs with 20-30 Secs on Shot Clock","The total number of field goal attempts on above the break 3s taken with 20 - 30 seconds remaining on the shot clock.","Integer","Highest # = 100th","Player Game PBP, Team Agg PBP, Player Agg PBP, Team Game PBP"
"ATB3 FGA/100","Above Break 3s FGA / 100 Poss","Field goal attempts on above the break 3s per 100 possessions played.","Number","Highest # = 100th","Team Agg PBP, Lineup, On/Off"
"ATB3 FGA/40","Above Break 3s FGA / 40 Mins","Field goal attempts on above the break 3s per 40 minutes played.","Number","Highest # = 100th","Team Agg PBP, Player Agg PBP, Lineup, On/Off"
"ATB3 FGA/G","Above Break 3s FGA / Game","Field goal attempts on above the break 3s per game.","Number","Highest # = 100th","Team Agg PBP, Player Agg PBP"
"ATB3 FGA% (0-10s) A","Above Break 3s FGA% (0-10s) % of all shots","Percentage of all shots taken that were above the break 3s with 0 - 10 seconds remaining on the shot clock.","Percentage","Highest % = 100th","Player Game PBP, Team Agg PBP, Player Agg PBP, Team Game PBP"
"ATB3 FGA% (0-10s) Z","Above Break 3s FGA% (0-10s) % of ATB 3s","Percentage of all above the break 3s that were taken with 0 - 10 seconds remaining on the shot clock.","Percentage","Highest % = 100th","Player Game PBP, Team Agg PBP, Player Agg PBP, Team Game PBP"
"ATB3 FGA% (0-10s) C","Above Break 3s FGA% (0-10s) % of 0-10s shots","Percentage of all shots taken with 0 - 10 seconds remaining on the shot clock that were above the break 3s.","Percentage","Highest % = 100th","Player Game PBP, Team Agg PBP, Player Agg PBP, Team Game PBP"
"ATB3 FGA% (10-20s) A","Above Break 3s FGA% (10-20s) % of all shots","Percentage of all shots taken that were above the break 3s with 10 - 20 seconds remaining on the shot clock.","Percentage","Highest % = 100th","Player Game PBP, Team Agg PBP, Player Agg PBP, Team Game PBP"
"ATB3 FGA% (10-20s) Z","Above Break 3s FGA% (10-20s) % of ATB 3s","Percentage of all above the break 3s that were taken with 10 - 20 seconds remaining on the shot clock.","Percentage","Highest % = 100th","Player Game PBP, Team Agg PBP, Player Agg PBP, Team Game PBP"
"ATB3 FGA% (20-30s) A","Above Break 3s FGA% (20-30s) % of all shots","Percentage of all shots taken that were above the break 3s with 20 - 30 seconds remaining on the shot clock.","Percentage","Highest % = 100th","Player Game PBP, Team Agg PBP, Player Agg PBP, Team Game PBP"
"ATB3 FGA% (20-30s) Z","Above Break 3s FGA% (20-30s) % of ATB 3s","Percentage of all above the break 3s that were taken with 20 - 30 seconds remaining on the shot clock.","Percentage","Highest % = 100th","Player Game PBP, Team Agg PBP, Player Agg PBP, Team Game PBP"
"ATB3 FGA% (20-30s) C","Above Break 3s FGA% (20-30s) % of 20-30s shots","Percentage of all shots taken with 20 - 30 seconds remaining on the shot clock that were above the break 3s.","Percentage","Highest % = 100th","Player Game PBP, Team Agg PBP, Player Agg PBP, Team Game PBP"
"ATB3 FGM","Above Break 3s FGM","The total number of field goals made on above the break 3s.","Integer","Highest # = 100th","Player Game PBP, Team Agg PBP, Player Agg PBP, Lineup, Team Game PBP, On/Off"
"ATB3 FGM (0-10s)","Above Break 3s FGMs with 0-10 Secs on Shot Clock","The total number of field goals made on above the break 3s taken with 0 - 10 seconds remaining on the shot clock.","Integer","Highest # = 100th","Player Game PBP, Team Agg PBP, Player Agg PBP, Team Game PBP"
"ATB3 FGM (10-20s)","Above Break 3s FGMs with 10-20 Secs on Shot Clock","The total number of field goals made on above the break 3s taken with 10 - 20 seconds remaining on the shot clock.","Integer","Highest # = 100th","Player Game PBP, Team Agg PBP, Player Agg PBP, Team Game PBP"
"ATB3 FGM (20-30s)","Above Break 3s FGMs with 20-30 Secs on Shot Clock","The total number of field goals made on above the break 3s taken with 20 - 30 seconds remaining on the shot clock.","Integer","Highest # = 100th","Player Game PBP, Team Agg PBP, Player Agg PBP, Team Game PBP"
"ATB3 ORB CHNC","Above Break 3s Offensive Rebound Chances","The total number of offensive rebounds chances (offensive rebounds grabbed plus opponent defensive rebounds) on the team's missed above the break 3s.","Integer","Highest # = 100th","Team Agg PBP, Team Game PBP"
"ATB3 ORB%","Above Break 3s Offensive Rebounding Percentage","Percentage of the team's missed above the break 3s that were offensive rebounded by the team.","Percentage","Highest % = 100th","Team Agg PBP, Team Game PBP"
"ATB3 ORB","Above Break 3s Offensive Rebounds","The total number of offensive rebounds grabbed on the team's missed above the break 3s.","Integer","Highest # = 100th","Team Agg PBP, Team Game PBP"
"ATB3 REB CHNC","Above Break 3s Rebound Chances","The total number of rebounds chances (rebounds grabbed plus opponent rebounds) on the team's and opponent's missed above the break 3s.","Integer","Highest # = 100th","Team Agg PBP, Team Game PBP"
"ATB3 REB%","Above Break 3s Rebounding Percentage","Percentage of the team's and opponent's missed above the break 3s that were rebounded by the team.","Percentage","Highest % = 100th","Team Agg PBP, Team Game PBP"
"ATB3 REB","Above Break 3s Rebounds","The total number of rebounds grabbed on the team's and opponent's missed above the break 3s.","Integer","Highest # = 100th","Team Agg PBP, Team Game PBP"
"ATB3 FGA% (10-20s) C","Above Break 3s FGA% (10-20s) % of 10-20s shots","Percentage of all shots taken with 10 - 20 seconds remaining on the shot clock that were above the break 3s.","Percentage","Highest % = 100th","Player Game PBP, Team Agg PBP, Player Agg PBP, Team Game PBP"
"DRtg Adj","Adjustment to DRtg","The size of the adjustment for the team's adjusted defensive rating, that takes into account the average defensive rating allowed by the team's opponents throughout the season.","Number","Lowest # = 100th","Team Agg"
"eFG% Adj","Adjustment to eFG%","The size of the adjustment for the team's adjusted effective field goal percentage, that takes into account the average eFG% allowed by the team's opponents throughout the season.","Percentage","Highest % = 100th","Team Agg"
"FTA Rate Adj","Adjustment to FTA Rate","The size of the adjustment for the team's adjusted free throw attempt rate, that takes into account the average FTA Rate allowed by the team's opponents throughout the season.","Percentage","Highest % = 100th","Team Agg"
"Net Rtg Adj","Adjustment to Net Rating","The size of the adjustment for the team's adjusted net rating, that takes into account the average Net Rating allowed by the team's opponents throughout the season.","Number","Highest # = 100th","Team Agg"
"ORB% Adj","Adjustment to ORB%","The size of the adjustment for the team's adjusted offensive rebound percentage, that takes into account the average ORB% allowed by the team's opponents throughout the season.","Percentage","Highest % = 100th","Team Agg"
"ORtg Adj","Adjustment to ORtg","The size of the adjustment for the team's adjusted offensive rating, that takes into account the average offensive rating allowed by the team's opponents throughout the season.","Number","Highest # = 100th","Team Agg"
"Pace Adj","Adjustment to Pace","The size of the adjustment for the team's adjusted pace, that takes into account the average pace by the team's opponents throughout the season.","Number","Highest # = 100th","Team Agg"
"TOV% Adj","Adjustment to TOV%","The size of the adjustment for the team's adjusted turnover percentage, that takes into account the average TOV% allowed by the team's opponents throughout the season.","Percentage","Lowest % = 100th","Team Agg"
"OOP FGA%","Alley-Oop % of Shots","The percentage of shots taken that were alley-oop dunk attempts.","Percentage","Highest % = 100th","Team Agg PBP, Player Agg PBP"
"OOP AST","Alley-Oop Assists","The total number of alley-oops assisted by the player.","Integer","Highest # = 100th","Player Game PBP, Player Agg PBP"
"OOP AST/40","Alley-Oop Assists / 40 Mins","The number of alley-oops assisted by the player, per 40 minutes played.","Number","Highest # = 100th","Player Agg PBP"
"OOP AST/G","Alley-Oop Assists / Game","The number of alley-oops assisted by the player, per game.","Number","Highest # = 100th","Player Agg PBP"
"OOP FG%","Alley-Oop FG%","Field goal percentage on alley-oops.","Percentage","Highest % = 100th","Team Agg PBP, Player Agg PBP"
"OOP FGA/100","Alley-Oop FGA / 100 Poss","The number of alley-oop field goal attempts by the player, per 100 possessions played.","Number","Highest # = 100th","Team Agg PBP"
"OOP FGA/40","Alley-Oop FGA / 40 Mins","The number of alley-oop field goal attempts by the player, per 40 minutes played.","Number","Highest # = 100th","Team Agg PBP, Player Agg PBP"
"OOP FGA/G","Alley-Oop FGA / Game","The number of alley-oop field goal attempts by the player, per game.","Number","Highest # = 100th","Team Agg PBP, Player Agg PBP"
"OOP FGA","Alley-Oop Field Goals Attempted","The total number of alley-oop field goal attempts by the player.","Integer","Highest # = 100th","Player Game PBP, Team Agg PBP, Player Agg PBP, Team Game PBP"
"OOP FGM","Alley-Oop Field Goals Made","The total number of alley-oop field goals made by the player.","Integer","Highest # = 100th","Player Game PBP, Team Agg PBP, Player Agg PBP, Team Game PBP"
"And1%","And 1 Percentage","The percentage of shooting fouls drawn where the shot was made.","Percentage","Highest % = 100th","Player Game PBP, Team Agg PBP, Player Agg PBP, Team Game PBP"
"3And1%","And 1 Percentage on 3P SFLs","The percentage of 3-point shooting fouls drawn where the shot was made.","Percentage","Highest % = 100th","Player Game PBP, Team Agg PBP, Player Agg PBP, Team Game PBP"
"And 1s","And 1s","The total number of times a shot was made while being fouled by a defender from the opposing team (total number of And 1s).","Integer","Highest # = 100th","Player Game PBP, Team Agg PBP, Player Agg PBP, Team Game PBP"
"And1/100","And 1s / 100 Poss","The number of and 1s (made shot + foul drawn) per 100 possessions.","Number","Highest # = 100th","Team Agg PBP"
"And1/40","And 1s / 40 Mins","The number of and 1s (made shot + foul drawn) per 40 minutes.","Number","Highest # = 100th","Team Agg PBP, Player Agg PBP"
"And1/G","And 1s / Game","The number of and 1s (made shot + foul drawn) per game.","Number","Highest # = 100th","Team Agg PBP, Player Agg PBP"
"2P And 1s","And 1s on 2P SFLs","The total number of times a 2-point shot was made while being fouled by a defender from the opposing team (total number of And 1s made on 2-point shooting fouls).","Integer","Highest # = 100th","Player Game PBP, Team Agg PBP, Team Game PBP"
"3P And 1s","And 1s on 3P SFLs","The total number of times a 3-point shot was made while being fouled by a defender from the opposing team (total number of And 1s made on 3-point shooting fouls).","Integer","Highest # = 100th","Player Game PBP, Team Agg PBP, Player Agg PBP, Team Game PBP"
"AP Poll","AP Poll Rank","The AP Poll ranking of the team in a given game.","Integer","Lowest # = 100th","Player Game PBP, Team Game, Player Game, Team Game PBP"
"AP Poll Agst","AP Poll Rank Against","The AP Poll ranking of the team's opponent in a given game.","Integer","Lowest # = 100th","Player Game PBP, Team Game, Player Game, Team Game PBP"
"AST%","Assist Percentage","An estimate of the percentage of teammate field goals a player assisted while he was on the floor.","Percentage","Highest % = 100th","Team Game, Player Agg, Team Agg, Player Game, Lineup, On/Off"
"AST Ratio","Assist Ratio","The percentage of possessions used by the player that ends in an assist.","Percentage","Highest % = 100th","Team Game, Player Agg, Team Agg, Player Game, Lineup, On/Off"
"AST/USG","Assist-To-Usage Ratio","A player's assist percentage can be inflated from a player having a high usage rate, as he'll have more opportunities to generate assists. With AST% / USG%, a player must have a high AST% relative to their USG% to perform well.","Ratio","Highest # = 100th","Player Agg, Player Game"
"a2PM","Assisted 2-Point Field Goals","The total number of assisted 2-point field goals made by the player.","Integer","Highest # = 100th","Player Game PBP, Team Agg PBP, Player Agg PBP, Team Game PBP"
"a2PM/100","Assisted 2-Point Field Goals / 100 Poss","The number of assisted 2-point field goals made by the player, per 100 possessions played.","Number","Highest # = 100th","Team Agg PBP"
"a2PM/40","Assisted 2-Point Field Goals / 40 Mins","The number of assisted 2-point field goals made by the player, per 40 minutes played.","Number","Highest # = 100th","Team Agg PBP, Player Agg PBP"
"a2PM/G","Assisted 2-Point Field Goals / Game","The number of assisted 2-point field goals made by the player, per game.","Number","Highest # = 100th","Team Agg PBP, Player Agg PBP"
"a3PM","Assisted 3-Point Field Goals","The total number of assisted 3-point field goals made by the player.","Integer","Highest # = 100th","Player Game PBP, Team Agg PBP, Player Agg PBP, Team Game PBP"
"a3PM/100","Assisted 3-Point Field Goals / 100 Poss","The number of assisted 3-point field goals made by the player, per 100 possessions played.","Number","Highest # = 100th","Team Agg PBP"
"a3PM/40","Assisted 3-Point Field Goals / 40 Mins","The number of assisted 3-point field goals made by the player, per 40 minutes played.","Number","Highest # = 100th","Team Agg PBP, Player Agg PBP"
"a3PM/G","Assisted 3-Point Field Goals / Game","The number of assisted 3-point field goals made by the player, per game.","Number","Highest # = 100th","Team Agg PBP, Player Agg PBP"
"ATB3 aFGM","Assisted Above Break 3s","The total number of assisted above the break 3s made by the player.","Integer","Highest # = 100th","Player Game PBP, Team Agg PBP, Player Agg PBP, Team Game PBP"
"ATB3 aFGM/100","Assisted Above Break 3s / 100 Poss","The number of assisted above the break 3s made by the player, per 100 possessions played.","Number","Highest # = 100th","Team Agg PBP"
"ATB3 aFGM/40","Assisted Above Break 3s / 40 Mins","The number of assisted above the break 3s made by the player, per 40 minutes played.","Number","Highest # = 100th","Team Agg PBP, Player Agg PBP"
"ATB3 aFGM/G","Assisted Above Break 3s / Game","The number of assisted above the break 3s made by the player, per game.","Number","Highest # = 100th","Team Agg PBP, Player Agg PBP"
"C3 aFGM","Assisted Corner 3s","The total number of assisted corner 3-pointers made by the player.","Integer","Highest # = 100th","Player Game PBP, Team Agg PBP, Player Agg PBP, Team Game PBP"
"C3 aFGM/100","Assisted Corner 3s / 100 Poss","The number of assisted corner 3-pointers made by the player, per 100 possessions played.","Number","Highest # = 100th","Team Agg PBP"
"C3 aFGM/40","Assisted Corner 3s / 40 Mins","The number of assisted corner 3-pointers made by the player, per 40 minutes played.","Number","Highest # = 100th","Team Agg PBP, Player Agg PBP"
"C3 aFGM/G","Assisted Corner 3s / Game","The number of assisted corner 3-pointers made by the player, per game.","Number","Highest # = 100th","Team Agg PBP, Player Agg PBP"
"DUNK aFGM","Assisted Dunks","The total number of assisted dunks made by the player.","Integer","Highest # = 100th","Player Game PBP, Team Agg PBP, Player Agg PBP, Team Game PBP"
"DUNK aFGM/100","Assisted Dunks / 100 Poss","The number of assisted dunks made by the player, per 100 possessions played.","Number","Highest # = 100th","Team Agg PBP"
"DUNK aFGM/40","Assisted Dunks / 40 Mins","The number of assisted dunks made by the player, per 40 minutes played.","Number","Highest # = 100th","Team Agg PBP, Player Agg PBP"
"DUNK aFGM/G","Assisted Dunks / Game","The number of assisted dunks made by the player, per game.","Number","Highest # = 100th","Team Agg PBP, Player Agg PBP"
"aFGM","Assisted Field Goals Made","The total number of assisted field goals made by the player.","Integer","Highest # = 100th","Player Game PBP, Team Agg PBP, Player Agg PBP, Team Game PBP"
"aFGM/100","Assisted Field Goals / 100 Poss","The number of assisted field goals made by the player, per 100 possessions played.","Number","Highest # = 100th","Team Agg PBP"
"aFGM/40","Assisted Field Goals / 40 Mins","The number of assisted field goals made by the player, per 40 minutes played.","Number","Highest # = 100th","Team Agg PBP, Player Agg PBP"
"aFGM/G","Assisted Field Goals / Game","The number of assisted field goals made by the player, per game.","Number","Highest # = 100th","Team Agg PBP, Player Agg PBP"
"MID2 aFGM","Assisted Midrange 2s","The total number of assisted midrange 2s made by the player.","Integer","Highest # = 100th","Player Game PBP, Team Agg PBP, Player Agg PBP, Team Game PBP"
"MID2 aFGM/100","Assisted Midrange 2s / 100 Poss","The number of assisted midrange 2s made by the player, per 100 possessions played.","Number","Highest # = 100th","Team Agg PBP"
"MID2 aFGM/40","Assisted Midrange 2s / 40 Mins","The number of assisted midrange 2s made by the player, per 40 minutes played.","Number","Highest # = 100th","Team Agg PBP, Player Agg PBP"
"MID2 aFGM/G","Assisted Midrange 2s / Game","The number of assisted midrange 2s made by the player, per game.","Number","Highest # = 100th","Team Agg PBP, Player Agg PBP"
"PAINT2 aFGM","Assisted In The Paint 2s","The total number of assisted shots made in the paint (not at the rim) by the player.","Integer","Highest # = 100th","Player Game PBP, Team Agg PBP, Player Agg PBP, Team Game PBP"
"PAINT2 aFGM/100","Assisted In The Paint 2s / 100 Poss","The total number of assisted shots made in the paint (not at the rim) by the player, per 100 possessions played.","Number","Highest # = 100th","Team Agg PBP"
"PAINT2 aFGM/40","Assisted In The Paint 2s / 40 Mins","The total number of assisted shots made in the paint (not at the rim) by the player, per 40 minutes played.","Number","Highest # = 100th","Team Agg PBP, Player Agg PBP"
"PAINT2 aFGM/G","Assisted In The Paint 2s / Game","The total number of assisted shots made in the paint (not at the rim) by the player, per game.","Number","Highest # = 100th","Team Agg PBP, Player Agg PBP"
"ASTDPTS","Points Assisted On","The total number of points scored by the player that were assisted by a teammate.","Integer","Highest # = 100th","Player Game PBP, Player Agg PBP"
"ATR2 aFGM","Assisted Shots At Rim","The total number of assisted shots at the rim made by the player.","Integer","Highest # = 100th","Player Game PBP, Team Agg PBP, Player Agg PBP, Team Game PBP"
"ATR2 aFGM/100","Assisted Shots At Rim / 100 Poss","The number of assisted shots at the rim made by the player, per 100 possessions played.","Number","Highest # = 100th","Team Agg PBP"
"ATR2 aFGM/40","Assisted Shots At Rim / 40 Mins","The number of assisted shots at the rim made by the player, per 40 minutes played.","Number","Highest # = 100th","Team Agg PBP, Player Agg PBP"
"ATR2 aFGM/G","Assisted Shots At Rim / Game","The number of assisted shots at the rim made by the player, per game.","Number","Highest # = 100th","Team Agg PBP, Player Agg PBP"
"AST","Assists","The total number of assists.","Integer","Highest # = 100th","Player Game PBP, Team Game, Player Agg, Team Agg, Player Game, Team Agg PBP, Player Agg PBP, Lineup, Team Game PBP, On/Off"
"AST/100","Assists / 100 Poss","An estimate of the number of assists per 100 possessions played.","Number","Highest # = 100th","Team Agg, Lineup, On/Off"
"AST/40","Assists / 40 Mins","The number of assists per 40 minutes played.","Number","Highest # = 100th","Player Agg, Team Agg, Lineup, On/Off"
"AST/G","Assists / Game","The number of assists per game.","Number","Highest # = 100th","Player Agg, Team Agg"
"AST/TOV","Assist-To-Turnover Ratio","The ratio of total assists to total turnovers committed by the player.","Ratio","Highest # = 100th","Team Game, Player Agg, Team Agg, Player Game, Lineup, On/Off"
"astTm","astTm","Team Assists","-","-","Player Game PBP, Player Agg PBP"
"Rim + 3s aFGM","At The Rim + 3s Assisted FGM","The total number of assisted shots made at the rim and on three pointers made by the player.","Integer","Highest # = 100th","Player Game PBP, Team Agg PBP, Player Agg PBP, Team Game PBP"
"Rim + 3s aFGM/100","At The Rim + 3s Assisted FGM / 100 Poss","The number of assisted shots made at the rim (within 4.5 feet of the basket) and on three pointers made by the player, per 100 possessions played.","Number","Highest # = 100th","Team Agg PBP"
"Rim + 3s aFGM/40","At The Rim + 3s Assisted FGM / 40 Mins","The number of assisted shots made at the rim (within 4.5 feet of the basket) and on three pointers made by the player, per 40 minutes played.","Number","Highest # = 100th","Team Agg PBP, Player Agg PBP"
"Rim + 3s aFGM/G","At The Rim + 3s Assisted FGM / Game","The number of assisted shots made at the rim (within 4.5 feet of the basket) and on three pointers made by the player, per game.","Number","Highest # = 100th","Team Agg PBP, Player Agg PBP"
"Rim + 3s ASTD%","At The Rim + 3s Assisted Pct","The percentage of shots made either at the rim (within 4.5 feet of the basket) or on a three pointer that were assisted.","Percentage","Highest % = 100th","Player Game PBP, Team Agg PBP, Player Agg PBP, Team Game PBP"
"Rim + 3s AST","At The Rim + 3s Assists","The total number of assists where the shooter scored either at the rim (within 4.5 feet of the basket) or on a three pointer.","Integer","Highest # = 100th","Player Game PBP, Player Agg PBP"
"Rim + 3s AST/40","At The Rim + 3s Assists / 40 Mins","The total number of assists per 40 minutes where the shooter scored either at the rim (within 4.5 feet of the basket), or on a three pointer.","Number","Highest # = 100th","Player Game PBP, Player Agg PBP"
"Rim + 3s eFG%","At The Rim + 3s eFG%","Effective field goal percentage on shots at the rim (within 4.5 feet of the basket) as well as three pointers.","Percentage","Highest % = 100th","Player Game PBP, Team Agg PBP, Player Agg PBP, Team Game PBP"
"Rim + 3s FG%","At The Rim + 3s FG%","Field goal percentage on shots at the rim (within 4.5 feet of the basket) as well as three pointers.","Percentage","Highest % = 100th","Player Game PBP, Team Agg PBP, Player Agg PBP, Team Game PBP"
"Rim + 3s FGA","At The Rim + 3s FGA","Field goal attempts at the rim (within 4.5 feet of the basket) and on three pointers.","Integer","Highest # = 100th","Player Game PBP, Team Agg PBP, Player Agg PBP, Team Game PBP"
"Rim + 3s FGA/100","At The Rim + 3s FGA / 100 Poss","Field goal attempts either at the rim (within 4.5 feet of the basket) or on three pointers, per 100 possessions played.","Number","Highest # = 100th","Team Agg PBP"
"Rim + 3s FGA/40","At The Rim + 3s FGA / 40 Mins","Field goal attempts either at the rim (within 4.5 feet of the basket) or on three pointers, per 40 minutes played.","Number","Highest # = 100th","Team Agg PBP, Player Agg PBP"
"Rim + 3s FGA/G","At The Rim + 3s FGA / Game","Field goal attempts either at the rim (within 4.5 feet of the basket) or on three pointers, per game.","Number","Highest # = 100th","Team Agg PBP, Player Agg PBP"
"Rim + 3s FGA%","At The Rim + 3s FGA%","Percentage of shots taken either at the rim (within 4.5 feet of the basket) or as a three pointer.","Percentage","Highest % = 100th","Player Game PBP, Team Agg PBP, Player Agg PBP, Team Game PBP"
"Rim + 3s FGM","At The Rim + 3s FGM","Field goals made either at the rim (within 4.5 feet of the basket) or on three pointers.","Integer","Highest # = 100th","Player Game PBP, Team Agg PBP, Player Agg PBP, Team Game PBP"
"Rim + 3s uFGM","At The Rim + 3s Unassisted FGM","The total number of unassisted shots made at the rim (within 4.5 feet of the basket) and on three pointers made by the player.","Integer","Highest # = 100th","Player Game PBP, Team Agg PBP, Player Agg PBP, Team Game PBP"
"ATR2 ASTD%","At The Rim Assisted Pct","The percentage of shots made at the rim that were assisted, within 4.5 feet of the basket.","Percentage","Highest % = 100th","Player Game PBP, Team Agg PBP, Player Agg PBP, Team Game PBP"
"ATR2 AST","At The Rim Assists","The total number of assists where the shooter scored at the rim, within 4.5 feet of the basket.","Integer","Highest # = 100th","Player Game PBP, Player Agg PBP"
"ATR2 AST/40","At The Rim Assists / 40 Mins","The total number of assists per 40 minutes where the shooter scored at the rim, within 4.5 feet of the basket.","Number","Highest # = 100th","Player Game PBP, Player Agg PBP"
"ATR2 AST/G","At The Rim Assists / Game","The total number of assists per game where the shooter scored at the rim, within 4.5 feet of the basket.","Number","Highest # = 100th","Player Agg PBP"
"ATR2 DRB CHNC","At The Rim Defensive Rebound Chances","The total number of defensive rebounds chances (defensive rebounds grabbed plus opponent offensive rebounds) on opponent's missed shots at the rim.","Integer","Highest # = 100th","Team Agg PBP, Team Game PBP"
"ATR2 DRB%","At The Rim Defensive Rebounding Percentage","Percentage of the opponent's missed shots at the rim that were defensive rebounded by the team.","Percentage","Highest % = 100th","Team Agg PBP, Team Game PBP"
"ATR2 DRB","At The Rim Defensive Rebounds","The total number of defensive rebounds grabbed on opponent's missed shots at the rim.","Integer","Highest # = 100th","Team Agg PBP, Team Game PBP"
"ATR2 FG%","At The Rim FG%","Field goal percentage at the rim, within 4.5 feet of the basket.","Percentage","Highest % = 100th","Player Game PBP, Team Agg PBP, Player Agg PBP, Lineup, Team Game PBP, On/Off"
"ATR2 FG% (0-10s)","At The Rim FG% with 0-10 Secs on Shot Clock","Field goal percentage on shots taken at the rim with 0 - 10 seconds remaining on the shot clock.","Percentage","Highest % = 100th","Player Game PBP, Team Agg PBP, Player Agg PBP, Team Game PBP"
"ATR2 FG% (10-20s)","At The Rim FG% with 10-20 Secs on Shot Clock","Field goal percentage on shots taken at the rim with 10 - 20 seconds remaining on the shot clock.","Percentage","Highest % = 100th","Player Game PBP, Team Agg PBP, Player Agg PBP, Team Game PBP"
"ATR2 FG% (20-30s)","At The Rim FG% with 20-30 Secs on Shot Clock","Field goal percentage on shots taken at the rim with 20 - 30 seconds remaining on the shot clock.","Percentage","Highest % = 100th","Player Game PBP, Team Agg PBP, Player Agg PBP, Team Game PBP"
"ATR2 FGA","At The Rim FGA","Field goal attempts at the rim, within 4.5 feet of the basket.","Integer","Highest # = 100th","Player Game PBP, Team Agg PBP, Player Agg PBP, Lineup, Team Game PBP, On/Off"
"ATR2 FGA (0-10s)","At The Rim FGAs with 0-10 Secs on Shot Clock","The total number of field goal attempts at the rim taken with 0 - 10 seconds remaining on the shot clock.","Integer","Highest # = 100th","Player Game PBP, Team Agg PBP, Player Agg PBP, Team Game PBP"
"ATR2 FGA (10-20s)","At The Rim FGAs with 10-20 Secs on Shot Clock","The total number of field goal attempts at the rim taken with 10 - 20 seconds remaining on the shot clock.","Integer","Highest # = 100th","Player Game PBP, Team Agg PBP, Player Agg PBP, Team Game PBP"
"ATR2 FGA (20-30s)","At The Rim FGAs with 20-30 Secs on Shot Clock","The total number of field goal attempts at the rim taken with 20 - 30 seconds remaining on the shot clock.","Integer","Highest # = 100th","Player Game PBP, Team Agg PBP, Player Agg PBP, Team Game PBP"
"ATR2 FGA/100","At The Rim FGA / 100 Poss","Field goal attempts at the rim (within 4.5 feet of the basket) per 100 possessions played.","Number","Highest # = 100th","Team Agg PBP, Lineup, On/Off"
"ATR2 FGA/40","At The Rim FGA / 40 Mins","Field goal attempts at the rim (within 4.5 feet of the basket) per 40 minutes played.","Number","Highest # = 100th","Team Agg PBP, Player Agg PBP, Lineup, On/Off"
"ATR2 FGA/G","At The Rim FGA / Game","Field goal attempts at the rim (within 4.5 feet of the basket) per game.","Number","Highest # = 100th","Team Agg PBP, Player Agg PBP"
"ATR2 FGA%","At The Rim FGA%","Percentage of shots taken at the rim, within 4.5 feet of the basket.","Percentage","Highest % = 100th","Player Game PBP, Team Agg PBP, Player Agg PBP, Lineup, Team Game PBP, On/Off"
"ATR2 FGA% (0-10s) A","At The Rim FGA% (0-10s) % of all shots","Percentage of all shots taken that were at the rim with 0 - 10 seconds remaining on the shot clock.","Percentage","Highest % = 100th","Player Game PBP, Team Agg PBP, Player Agg PBP, Team Game PBP"
"ATR2 FGA% (0-10s) Z","At The Rim FGA% (0-10s) % of ATR","Percentage of all shots at the rim that were taken with 0 - 10 seconds remaining on the shot clock.","Percentage","Highest % = 100th","Player Game PBP, Team Agg PBP, Player Agg PBP, Team Game PBP"
"ATR2 FGA% (0-10s) C","At The Rim FGA% (0-10s) % of 0-10s shots","Percentage of all shots taken with 0 - 10 seconds remaining on the shot clock that were at the rim.","Percentage","Highest % = 100th","Player Game PBP, Team Agg PBP, Player Agg PBP, Team Game PBP"
"ATR2 FGA% (10-20s) A","At The Rim FGA% (10-20s) % of all shots","Percentage of all shots taken that were at the rim with 10 - 20 seconds remaining on the shot clock.","Percentage","Highest % = 100th","Player Game PBP, Team Agg PBP, Player Agg PBP, Team Game PBP"
"ATR2 FGA% (10-20s) Z","At The Rim FGA% (10-20s) % of ATR","Percentage of all shots at the rim that were taken with 10 - 20 seconds remaining on the shot clock.","Percentage","Highest % = 100th","Player Game PBP, Team Agg PBP, Player Agg PBP, Team Game PBP"
"ATR2 FGA% (10-20s) C","At The Rim FGA% (10-20s) % of 10-20s shots","Percentage of all shots taken with 10 - 20 seconds remaining on the shot clock that were at the rim.","Percentage","Highest % = 100th","Player Game PBP, Team Agg PBP, Player Agg PBP, Team Game PBP"
"ATR2 FGA% (20-30s) A","At The Rim FGA% (20-30s) % of all shots","Percentage of all shots taken that were at the rim with 20 - 30 seconds remaining on the shot clock.","Percentage","Highest % = 100th","Player Game PBP, Team Agg PBP, Player Agg PBP, Team Game PBP"
"ATR2 FGA% (20-30s) Z","At The Rim FGA% (20-30s) % of ATR","Percentage of all shots at the rim that were taken with 20 - 30 seconds remaining on the shot clock.","Percentage","Highest % = 100th","Player Game PBP, Team Agg PBP, Player Agg PBP, Team Game PBP"
"ATR2 FGA% (20-30s) C","At The Rim FGA% (20-30s) % of 20-30s shots","Percentage of all shots taken with 20 - 30 seconds remaining on the shot clock that were at the rim.","Percentage","Highest % = 100th","Player Game PBP, Team Agg PBP, Player Agg PBP, Team Game PBP"
"ATR2 FGM","At The Rim FGM","Field goals made at the rim (within 4.5 feet of the basket).","Integer","Highest # = 100th","Player Game PBP, Team Agg PBP, Player Agg PBP, Lineup, Team Game PBP, On/Off"
"ATR2 FGM (0-10s)","At The Rim FGMs with 0-10 Secs on Shot Clock","The total number of field goals made at the rim taken with 0 - 10 seconds remaining on the shot clock.","Integer","Highest # = 100th","Player Game PBP, Team Agg PBP, Player Agg PBP, Team Game PBP"
"ATR2 FGM (10-20s)","At The Rim FGMs with 10-20 Secs on Shot Clock","The total number of field goals made at the rim taken with 10 - 20 seconds remaining on the shot clock.","Integer","Highest # = 100th","Player Game PBP, Team Agg PBP, Player Agg PBP, Team Game PBP"
"ATR2 FGM (20-30s)","At The Rim FGMs with 20-30 Secs on Shot Clock","The total number of field goals made at the rim taken with 20 - 30 seconds remaining on the shot clock.","Integer","Highest # = 100th","Player Game PBP, Team Agg PBP, Player Agg PBP, Team Game PBP"
"ATR2 ORB CHNC","At The Rim Offensive Rebound Chances","The total number of offensive rebounds chances (offensive rebounds grabbed plus opponent defensive rebounds) on the team's missed shots at the rim.","Integer","Highest # = 100th","Team Agg PBP, Team Game PBP"
"ATR2 ORB%","At The Rim Offensive Rebounding Percentage","Percentage of the team's missed shots at the rim that were offensive rebounded by the team.","Percentage","Highest % = 100th","Team Agg PBP, Team Game PBP"
"ATR2 ORB","At The Rim Offensive Rebounds","The total number of offensive rebounds grabbed on the team's missed shots at the rim.","Integer","Highest # = 100th","Team Agg PBP, Team Game PBP"
"ATR2 REB CHNC","At The Rim Rebound Chances","The total number of rebounds chances (rebounds grabbed plus opponent rebounds) on the team's and opponent's missed shots at the rim.","Integer","Highest # = 100th","Team Agg PBP, Team Game PBP"
"ATR2 REB%","At The Rim Rebounding Percentage","Percentage of the team's and opponent's missed shots at the rim that were rebounded by the team.","Percentage","Highest % = 100th","Team Agg PBP, Team Game PBP"
"ATR2 REB","At The Rim Rebounds","The total number of rebounds grabbed on the team's and opponent's missed shots at the rim.","Integer","Highest # = 100th","Team Agg PBP, Team Game PBP"
"ATB3 FG%","Above Break 3s FG%","Field goal percentage on above the break 3s.","Percentage","Highest % = 100th","Player Game PBP, Team Agg PBP, Player Agg PBP, Lineup, Team Game PBP, On/Off"
"ATB3 FGA","Above Break 3s FGA","The total number of field goal attempts on above the break 3s.","Integer","Highest # = 100th","Player Game PBP, Team Agg PBP, Player Agg PBP, Lineup, Team Game PBP, On/Off"
"ATB3 FGA%","Above Break 3s FGA%","Percentage of shots taken as above the break 3s.","Percentage","Highest % = 100th","Player Game PBP, Team Agg PBP, Player Agg PBP, Lineup, Team Game PBP, On/Off"
"ATB3 FG% (0-10s)","Above Break 3s FG% with 0-10 Secs on Shot Clock","Field goal percentage on above the break 3s taken with 0 - 10 seconds remaining on the shot clock.","Percentage","Highest % = 100th","Player Game PBP, Team Agg PBP, Player Agg PBP, Team Game PBP"
"ATB3 FG% (10-20s)","Above Break 3s FG% with 10-20 Secs on Shot Clock","Field goal percentage on above the break 3s taken with 10 - 20 seconds remaining on the shot clock.","Percentage","Highest % = 100th","Player Game PBP, Team Agg PBP, Player Agg PBP, Team Game PBP"
"ATB3 FG% (20-30s)","Above Break 3s FG% with 20-30 Secs on Shot Clock","Field goal percentage on above the break 3s taken with 20 - 30 seconds remaining on the shot clock.","Percentage","Highest % = 100th","Player Game PBP, Team Agg PBP, Player Agg PBP, Team Game PBP"
"Avg Kill Len (No Fouls)","Avg Length of Kill Runs (No Fouls Allowed)","Average length in stops of the strictest kill runs (3+ consecutive stops with no points allowed, no free throws allowed, and no defensive fouls). Measures how long these strictest kill runs typically last.","Number","Highest # = 100th","Team Agg PBP, Team Game PBP"
"Avg Kill Len (No FTs)","Avg Length of Kill Runs (No FTs Allowed)","Average length in stops of stricter kill runs (3+ consecutive stops with no points and no free throws allowed). Measures how long these kill runs typically last.","Number","Highest # = 100th","Team Agg PBP, Team Game PBP"
"Avg Kill Len (No Pts)","Avg Length of Kill Runs (No Pts Allowed)","Average length in stops of a defensive kill run (3+ consecutive stops with no points allowed). Measures how long kill runs typically last when they occur.","Number","Highest # = 100th","Team Agg PBP, Team Game PBP"
"S/CHNC D","Average Seconds / Defensive Chance","The average number of seconds per defensive chance. This number is identical to seconds / defensive possession, except with seconds after an offensive rebound excluded, and with putback chances excluded. This number effectively measures the average number of seconds from the start of a possession until a team's first shot, shooting foul or turnover.","Number","Highest # = 100th","Team Agg PBP, Team Game PBP"
"S/POSS D","Average Seconds / Defensive Poss","The average number of seconds per defensive possession. This number measures the average length of entire defensive possessions, so added seconds from offensive rebounds count, as offensive rebounds extend a single possession.","Number","Highest # = 100th","Team Agg PBP, Team Game PBP"
"S/PUT D","Average Seconds / Defensive Putback","The average number of seconds per defensive putback. This number measures the average length of chances (average seconds until the next shot, shooting foul or turnover) that start following an offensive rebound.","Number","Highest # = 100th","Team Agg PBP, Team Game PBP"
"S/CHNC O","Average Seconds / Offensive Chance","The average number of seconds per offensive chance. This number is identical to seconds / offensive possession, except with seconds after an offensive rebound excluded, and with putback chances excluded. This number effectively measures the average number of seconds from the start of a possession until a team's first shot, shooting foul or turnover.","Number","Lowest # = 100th","Team Agg PBP, Team Game PBP"
"S/POSS O","Average Seconds / Offensive Poss","The average number of seconds per offensive possession. This number measures the average length of entire offensive possessions, so added seconds from offensive rebounds count, as offensive rebounds extend a single possession.","Number","Lowest # = 100th","Team Agg PBP, Team Game PBP"
"S/PUT O","Average Seconds / Offensive Putback","The average number of seconds per offensive putback. This number measures the average length of chances (average seconds until the next shot, shooting foul or turnover) that start following an offensive rebound.","Number","Lowest # = 100th","Team Agg PBP, Team Game PBP"
"2PA Avg Dist","Average Shot Distance on 2-Point Attempts","Average shot distance on 2-point field goal attempts. Shot distances are based on scorekeeper-tagged locations and may contain minor shot-location inaccuracies.","Number","Lowest # = 100th","Player Game PBP, Team Agg PBP, Player Agg PBP, Team Game PBP"
"3PA Avg Dist","Average Shot Distance on 3-Point Attempts","Average shot distance on 3-point field goal attempts. Shot distances are based on scorekeeper-tagged locations and may contain minor shot-location inaccuracies. Heaves (above 35 feet) are removed.","Number","Lowest # = 100th","Player Game PBP, Team Agg PBP, Player Agg PBP, Team Game PBP"
"ATB3 Avg Dist","Average Shot Distance on Above Break 3s","Average shot distance of above the break 3s attempts. Shot distances are based on scorekeeper-tagged locations and may contain minor shot-location inaccuracies. Heaves (above 35 feet) are removed.","Number","Lowest # = 100th","Player Game PBP, Team Agg PBP, Player Agg PBP, Team Game PBP"
"FGA Avg Dist","Average Shot Distance on Field Goal Attempts","Average shot distance on all field goal attempts. Shot distances are based on scorekeeper-tagged locations and may contain minor shot-location inaccuracies. Heaves (above 35 feet) are removed.","Number","Lowest # = 100th","Player Game PBP, Team Agg PBP, Player Agg PBP, Team Game PBP"
"BC/Poss CHLG","Backcourt / Poss Challenges","Total number of head coach challenges on backcourt violations or whether team control (possession) was established before a foul or violation (women's basketball only).","Integer","Highest # = 100th","Team Agg PBP, Team Game PBP"
"TOV PASS","Bad Pass Turnover","The total number of turnovers tagged by the scorer as a bad pass turnover by the team.","Integer","Lowest # = 100th","Team Agg PBP, Team Game PBP"
"BC/Poss CHLG%","Backcourt / Poss Challenge Success Percentage","Percentage of coach challenges on backcourt violations or whether team control was established before a foul or violation that were successful (women's basketball only).","Percentage","Highest % = 100th","Team Agg PBP, Team Game PBP"
"BH FG%","Behind The Hoop FG%","Field goal percentage on shots taken behind the hoop.","Percentage","Highest % = 100th","Player Game PBP, Team Agg PBP, Player Agg PBP, Team Game PBP"
"BH FGA","Behind The Hoop FGA","Field goal attempts taken behind the hoop.","Integer","Highest # = 100th","Player Game PBP, Team Agg PBP, Player Agg PBP, Team Game PBP"
"BH FGA/100","Behind The Hoop FGA / 100 Poss","Field goal attempts taken behind the hoop per 100 possessions played.","Number","Highest # = 100th","Team Agg PBP"
"BH FGA/40","Behind The Hoop FGA / 40 Mins","Field goal attempts taken behind the hoop per 40 minutes played.","Number","Highest # = 100th","Team Agg PBP, Player Agg PBP"
"BH FGA/G","Behind The Hoop FGA / Game","Field goal attempts taken behind the hoop per game.","Number","Highest # = 100th","Team Agg PBP, Player Agg PBP"
"BH FGA%","Behind The Hoop FGA%","Percentage of shots taken behind the hoop.","Percentage","Highest % = 100th","Player Game PBP, Team Agg PBP, Player Agg PBP, Team Game PBP"
"BH FGM","Behind The Hoop FGM","Field goals made on shots taken behind the hoop.","Integer","Highest # = 100th","Player Game PBP, Team Agg PBP, Player Agg PBP, Team Game PBP"
"BENCH/100","Bench Points / 100 Poss","An estimate of the number of bench points per 100 possessions played.","Number","Highest # = 100th","Team Agg"
"BENCH/40","Bench Points / 40 Mins","The number of bench points per 40 minutes played.","Number","Highest # = 100th","Team Agg"
"BENCH/G","Bench Points / Game","The number of bench points per game.","Number","Highest # = 100th","Team Agg"
"Bench Mins","Bench Minutes","Total minutes played by non-starters (bench) across the scope.","Integer","Highest # = 100th","Team Game, Team Agg"
"Bench Mins/G","Bench Minutes / Game","Average minutes per game played by non-starters (bench).","Number","Highest # = 100th","Team Agg"
"Bench Mins%","Bench Minutes Percentage","Share of total team minutes played by non-starters (bench).","Percentage","Highest % = 100th","Team Game, Team Agg"
"BENCH","Bench Points","The total number of bench points.","Integer","Highest # = 100th","Team Game, Team Agg"
"Bench Pts","Bench Points","Total points scored by non-starters (bench) across the scope.","Integer","Highest # = 100th","Team Game, Team Agg"
"Bench Pts/G","Bench Points / Game","Average points per game scored by non-starters (bench).","Number","Highest # = 100th","Team Agg"
"Bench Pts%","Bench Points Percentage","Share of total team points scored by non-starters (bench).","Percentage","Highest % = 100th","Team Game, Team Agg"
"biggestRunAgst","biggestRunAgst","No description available","-","-","Team Game"
"BLK%","Block Percentage","An estimate of the percentage of opponent two-point field goal attempts blocked by the player while he was on the floor.","Percentage","Highest % = 100th","Team Game, Player Agg, Team Agg, Player Game, Lineup, On/Off"
"BLKR%","Block Recovery Percentage","Percentage of player's blocked shots where the blocker's team secured the resulting rebound (live or deadball), ending the other team's offensive possession.","Percentage","Highest % = 100th","Player Game PBP, Team Agg PBP, Player Agg PBP, Team Game PBP"
"BLKD","Blocked","The total number of times blocked.","Integer","Lowest # = 100th","Team Game, Player Agg, Team Agg, Player Game"
"BLKD/100","Blocked / 100 Poss","An estimate of the number of times blocked per 100 possessions played.","Number","Lowest # = 100th","Team Agg"
"BLKD/40","Blocked / 40 Mins","The number of times blocked per 40 minutes played.","Number","Lowest # = 100th","Player Agg, Team Agg"
"BLKD/FGA","Blocked / FGA","The ratio of shots blocked to field goal attempts by the player.","Ratio","Lowest # = 100th","Player Agg"
"BLKD/G","Blocked / Game","The number of times blocked per game.","Number","Lowest # = 100th","Player Agg, Team Agg"
"BLK","Blocks","The total number of blocks.","Integer","Highest # = 100th","Player Game PBP, Team Game, Player Agg, Team Agg, Player Game, Team Agg PBP, Player Agg PBP, Lineup, Team Game PBP, On/Off"
"BLK/100","Blocks / 100 Poss","An estimate of the number of blocks per 100 possessions played.","Number","Highest # = 100th","Team Agg, Team Agg PBP, Lineup, On/Off"
"BLK/40","Blocks / 40 Mins","The number of blocks per 40 minutes played.","Number","Highest # = 100th","Player Agg, Team Agg, Team Agg PBP, Player Agg PBP, Lineup, On/Off"
"BLK/G","Blocks / Game","The number of blocks per game.","Number","Highest # = 100th","Player Agg, Team Agg, Team Agg PBP, Player Agg PBP"
"BLK/PF","Blocks / Personal Foul","The ratio of blocks to personal fouls committed by the player.","Ratio","Highest # = 100th","Team Game, Player Agg, Team Agg, Player Game, Lineup, On/Off"
"BLK2","Blocks on 2s","The total number of blocks by the player on opposing 2P shot attempts.","Integer","Highest # = 100th","Player Game PBP, Team Agg PBP, Player Agg PBP, Team Game PBP"
"BLK2/100","Blocks on 2s / 100 Poss","The number of blocks by the player on opposing 2P shot attempts, per 100 possessions played.","Number","Highest # = 100th","Team Agg PBP"
"BLK2/40","Blocks on 2s / 40 Mins","The number of blocks by the player on opposing 2P shot attempts, per 40 minutes played.","Number","Highest # = 100th","Team Agg PBP, Player Agg PBP"
"BLK2/G","Blocks on 2s / Game","The number of blocks by the player on opposing 2P shot attempts, per game.","Number","Highest # = 100th","Team Agg PBP, Player Agg PBP"
"BLK3","Blocks on 3s","The total number of blocks by the player on opposing 3P shot attempts.","Integer","Highest # = 100th","Player Game PBP, Team Agg PBP, Player Agg PBP, Team Game PBP"
"BLK3/100","Blocks on 3s / 100 Poss","The number of blocks by the player on opposing 3P shot attempts, per 100 possessions played.","Number","Highest # = 100th","Team Agg PBP"
"BLK3/40","Blocks on 3s / 40 Mins","The number of blocks by the player on opposing 3P shot attempts, per 40 minutes played.","Number","Highest # = 100th","Team Agg PBP, Player Agg PBP"
"BLK3/G","Blocks on 3s / Game","The number of blocks by the player on opposing 3P shot attempts, per game.","Number","Highest # = 100th","Team Agg PBP, Player Agg PBP"
"BLKR","Blocks Recovered","The total number of blocks where the blocker's team secured the resulting rebound (live or deadball). The block ended the offensive possession rather than the offense recovering it.","Integer","Highest # = 100th","Player Game PBP, Team Agg PBP, Player Agg PBP, Team Game PBP"
"BLKR/100","Blocks Recovered / 100 Poss","The number of blocks per 100 possessions where the blocker's team secured the resulting rebound (live or deadball), ending the other team's offensive possession.","Number","Highest # = 100th","Team Agg PBP"
"BLKR/40","Blocks Recovered / 40 Mins","The number of blocks per 40 minutes where the blocker's team secured the resulting rebound (live or deadball), ending the other team's offensive possession.","Number","Highest # = 100th","Team Agg PBP, Player Agg PBP"
"BLKR/G","Blocks Recovered / Game","The number of blocks per game where the blocker's team secured the resulting rebound (live or deadball), ending the other team's offensive possession.","Number","Highest # = 100th","Team Agg PBP, Player Agg PBP"
"CHLG%","Challenge Success Percentage","Percentage of coach challenges that were successful.","Percentage","Highest % = 100th","Team Agg PBP, Team Game PBP"
"Challenge","Head Coach Challenges","Total number of head coach challenges used.","Integer","Highest # = 100th","Team Agg PBP, Team Game PBP"
"CLASS YR","Class Year","One of Freshman (Fr), Sophomore (So), Junior (Jr) or Senior (Sr). 5th Year Players and Grad Transfers are marked as Seniors in the raw data. No "redshirt" designation for players is available in the raw data. Please report any incorrectly listed player class years to us.","txt","Highest # = 100th","Player Game PBP, Player Agg, Player Game, Player Agg PBP"
"coachEject","coachEject","No description available","-","-","Team Agg PBP, Team Game PBP"
"C3 ASTD%","Corner 3s Assisted Pct","The percentage of shots made on corner 3s that were assisted.","Percentage","Highest % = 100th","Player Game PBP, Team Agg PBP, Player Agg PBP, Team Game PBP"
"C3 AST","Corner 3s Assists","The total number of assists where the shooter scored a corner 3.","Integer","Highest # = 100th","Player Game PBP, Player Agg PBP"
"C3 AST/40","Corner 3s Assists / 40 Mins","The total number of assists per 40 minutes where the shooter scored a corner 3.","Number","Highest # = 100th","Player Game PBP, Player Agg PBP"
"C3 AST/G","Corner 3s Assists / Game","The total number of assists per game where the shooter scored a corner 3.","Number","Highest # = 100th","Player Agg PBP"
"C3 DRB CHNC","Corner 3s Defensive Rebound Chances","The total number of defensive rebounds chances (defensive rebounds grabbed plus opponent offensive rebounds) on opponent's missed corner 3s.","Integer","Highest # = 100th","Team Agg PBP, Team Game PBP"
"C3 DRB%","Corner 3s Defensive Rebounding Percentage","Percentage of the opponent's missed corner 3s that were defensive rebounded by the team.","Percentage","Highest % = 100th","Team Agg PBP, Team Game PBP"
"C3 DRB","Corner 3s Defensive Rebounds","The total number of defensive rebounds grabbed on opponent's missed corner 3s.","Integer","Highest # = 100th","Team Agg PBP, Team Game PBP"
"C3 FG%","Corner 3s FG%","Field goal percentage on corner 3-pointers.","Percentage","Highest % = 100th","Player Game PBP, Team Agg PBP, Player Agg PBP, Lineup, Team Game PBP, On/Off"
"C3 FG% (0-10s)","Corner 3s FG% with 0-10 Secs on Shot Clock","Field goal percentage on corner 3s taken with 0 - 10 seconds remaining on the shot clock.","Percentage","Highest % = 100th","Player Game PBP, Team Agg PBP, Player Agg PBP, Team Game PBP"
"C3 FG% (10-20s)","Corner 3s FG% with 10-20 Secs on Shot Clock","Field goal percentage on corner 3s taken with 10 - 20 seconds remaining on the shot clock.","Percentage","Highest % = 100th","Player Game PBP, Team Agg PBP, Player Agg PBP, Team Game PBP"
"C3 FG% (20-30s)","Corner 3s FG% with 20-30 Secs on Shot Clock","Field goal percentage on corner 3s taken with 20 - 30 seconds remaining on the shot clock.","Percentage","Highest % = 100th","Player Game PBP, Team Agg PBP, Player Agg PBP, Team Game PBP"
"C3 FGA","Corner 3s FGA","Field goal attempts on corner 3-pointers.","Integer","Highest # = 100th","Player Game PBP, Team Agg PBP, Player Agg PBP, Lineup, Team Game PBP, On/Off"
"C3 FGA (0-10s)","Corner 3s FGAs with 0-10 Secs on Shot Clock","The total number of field goal attempts on corner 3s taken with 0 - 10 seconds remaining on the shot clock.","Integer","Highest # = 100th","Player Game PBP, Team Agg PBP, Player Agg PBP, Team Game PBP"
"C3 FGA (10-20s)","Corner 3s FGAs with 10-20 Secs on Shot Clock","The total number of field goal attempts on corner 3s taken with 10 - 20 seconds remaining on the shot clock.","Integer","Highest # = 100th","Player Game PBP, Team Agg PBP, Player Agg PBP, Team Game PBP"
"C3 FGA (20-30s)","Corner 3s FGAs with 20-30 Secs on Shot Clock","The total number of field goal attempts on corner 3s taken with 20 - 30 seconds remaining on the shot clock.","Integer","Highest # = 100th","Player Game PBP, Team Agg PBP, Player Agg PBP, Team Game PBP"
"C3 FGA/100","Corner 3s FGA / 100 Poss","Field goal attempts on corner 3s per 100 possessions played.","Number","Highest # = 100th","Team Agg PBP, Lineup, On/Off"
"C3 FGA/40","Corner 3s FGA / 40 Mins","Field goal attempts on corner 3s per 40 minutes played.","Number","Highest # = 100th","Team Agg PBP, Player Agg PBP, Lineup, On/Off"
"C3 FGA/G","Corner 3s FGA / Game","Field goal attempts on corner 3s per game.","Number","Highest # = 100th","Team Agg PBP, Player Agg PBP"
"C3 FGA%","Corner 3s FGA%","Percentage of shots taken as corner 3-pointers.","Percentage","Highest % = 100th","Player Game PBP, Team Agg PBP, Player Agg PBP, Lineup, Team Game PBP, On/Off"
"C3 FGA% (0-10s) A","Corner 3s FGA% (0-10s) % of all shots","Percentage of all shots taken that were corner 3s with 0 - 10 seconds remaining on the shot clock.","Percentage","Highest % = 100th","Player Game PBP, Team Agg PBP, Player Agg PBP, Team Game PBP"
"C3 FGA% (0-10s) C","Corner 3s FGA% (0-10s) % of 0-10s shots","Percentage of all shots taken with 0 - 10 seconds remaining on the shot clock that were corner 3s.","Percentage","Highest % = 100th","Player Game PBP, Team Agg PBP, Player Agg PBP, Team Game PBP"
"C3 FGA% (0-10s) Z","Corner 3s FGA% (0-10s) % of ATR","Percentage of all corner 3s that were taken with 0 - 10 seconds remaining on the shot clock.","Percentage","Highest % = 100th","Player Game PBP, Team Agg PBP, Player Agg PBP, Team Game PBP"
"C3 FGA% (10-20s) A","Corner 3s FGA% (10-20s) % of all shots","Percentage of all shots taken that were corner 3s with 10 - 20 seconds remaining on the shot clock.","Percentage","Highest % = 100th","Player Game PBP, Team Agg PBP, Player Agg PBP, Team Game PBP"
"C3 FGA% (10-20s) C","Corner 3s FGA% (10-20s) % of 10-20s shots","Percentage of all shots taken with 10 - 20 seconds remaining on the shot clock that were corner 3s.","Percentage","Highest % = 100th","Player Game PBP, Team Agg PBP, Player Agg PBP, Team Game PBP"
"C3 FGA% (10-20s) Z","Corner 3s FGA% (10-20s) % of ATR","Percentage of all corner 3s that were taken with 10 - 20 seconds remaining on the shot clock.","Percentage","Highest % = 100th","Player Game PBP, Team Agg PBP, Player Agg PBP, Team Game PBP"
"C3 FGA% (20-30s) A","Corner 3s FGA% (20-30s) % of all shots","Percentage of all shots taken that were corner 3s with 20 - 30 seconds remaining on the shot clock.","Percentage","Highest % = 100th","Player Game PBP, Team Agg PBP, Player Agg PBP, Team Game PBP"
"C3 FGA% (20-30s) C","Corner 3s FGA% (20-30s) % of 20-30s shots","Percentage of all shots taken with 20 - 30 seconds remaining on the shot clock that were corner 3s.","Percentage","Highest % = 100th","Player Game PBP, Team Agg PBP, Player Agg PBP, Team Game PBP"
"C3 FGA% (20-30s) Z","Corner 3s FGA% (20-30s) % of ATR","Percentage of all corner 3s that were taken with 20 - 30 seconds remaining on the shot clock.","Percentage","Highest % = 100th","Player Game PBP, Team Agg PBP, Player Agg PBP, Team Game PBP"
"C3 FGM","Corner 3s FGM","The total number of field goals made on corner 3s.","Integer","Highest # = 100th","Player Game PBP, Team Agg PBP, Player Agg PBP, Lineup, Team Game PBP, On/Off"
"C3 FGM (0-10s)","Corner 3s FGMs with 0-10 Secs on Shot Clock","The total number of field goals made on corner 3s taken with 0 - 10 seconds remaining on the shot clock.","Integer","Highest # = 100th","Player Game PBP, Team Agg PBP, Player Agg PBP, Team Game PBP"
"C3 FGM (10-20s)","Corner 3s FGMs with 10-20 Secs on Shot Clock","The total number of field goals made on corner 3s taken with 10 - 20 seconds remaining on the shot clock.","Integer","Highest # = 100th","Player Game PBP, Team Agg PBP, Player Agg PBP, Team Game PBP"
"C3 FGM (20-30s)","Corner 3s FGMs with 20-30 Secs on Shot Clock","The total number of field goals made on corner 3s taken with 20 - 30 seconds remaining on the shot clock.","Integer","Highest # = 100th","Player Game PBP, Team Agg PBP, Player Agg PBP, Team Game PBP"
"C3 ORB CHNC","Corner 3s Offensive Rebound Chances","The total number of offensive rebounds chances (offensive rebounds grabbed plus opponent defensive rebounds) on the team's missed corner 3s.","Integer","Highest # = 100th","Team Agg PBP, Team Game PBP"
"C3 ORB%","Corner 3s Offensive Rebounding Percentage","Percentage of the team's missed corner 3s that were offensive rebounded by the team.","Percentage","Highest % = 100th","Team Agg PBP, Team Game PBP"
"C3 ORB","Corner 3s Offensive Rebounds","The total number of offensive rebounds grabbed on the team's missed corner 3s.","Integer","Highest # = 100th","Team Agg PBP, Team Game PBP"
"C3 REB CHNC","Corner 3s Rebound Chances","The total number of rebounds chances (rebounds grabbed plus opponent rebounds) on the team's and opponent's missed corner 3s.","Integer","Highest # = 100th","Team Agg PBP, Team Game PBP"
"C3 REB%","Corner 3s Rebounding Percentage","Percentage of the team's and opponent's missed corner 3s that were rebounded by the team.","Percentage","Highest % = 100th","Team Agg PBP, Team Game PBP"
"C3 REB","Corner 3s Rebounds","The total number of rebounds grabbed on the team's and opponent's missed corner 3s.","Integer","Highest # = 100th","Team Agg PBP, Team Game PBP"
"Curr Team Mins","Current Season Team Minutes","Total minutes the team has played this season, summed across all players on the roster.","Integer","Highest # = 100th","Team Agg"
"DRB%","Defensive Rebound Percentage","An estimate of the percentage of available defensive rebounds a player grabbed while he was on the floor.","Percentage","Highest % = 100th","Player Game PBP, Team Game, Player Agg, Team Agg, Player Game, Lineup, On/Off"
"DPF","Defensive Personal Fouls","The total number of defensive personal fouls committed.","Integer","Lowest # = 100th","Player Game PBP, Team Game, Player Agg, Team Agg, Player Game, Team Agg PBP, Player Agg PBP, Team Game PBP"
"Player DRtg","Individual Defensive Player Rating","Individual defensive player rating (iDRtg) is an all-in-one metric developed by Dean Oliver in his 2004 book Basketball on Paper. In Oliver's words, individual defensive rating estimates how many points the player allowed per 100 possessions he individually faced while on the court. iDRtg is computed using box score statistics only, and therefore does not account for who the player is playing with or against. The equation for iDRtg can be found at https://www.basketball-reference.com/about/ratings.html","Number","Lowest # = 100th","Player Agg"
"DPOSS","Defensive Possessions","The total number of defensive possessions played by the player.","Integer","Highest # = 100th","Player Game PBP, Team Game, Team Agg, Team Agg PBP, Player Agg PBP, Lineup, Team Game PBP"
"DRAPM","Defensive RAPM","Defensive RAPM (DRAPM) is an all-in-one metric we've developed internally here at CBB Analytics. DRAPM incorporates both a player's individual box score statistics as well as their on-court play-by-play impact, which means DRAPM is able to account for who the player is playing with and against. DRAPM can be interpreted as a player's impact on their team's points allowed per 100 possessions below the division average. DRAPM is similar to the defensive components of all-in-one statistics developed for the NBA such as RPM, EPM, and LEBRON.","Number","Highest # = 100th","Player Agg"
"DRtg","Defensive Rating","Points allowed per 100 possessions by the team.","Number","Lowest # = 100th","Team Game, Team Agg, Lineup, On/Off"
"DRtg**Adj","Adjusted Defensive Rating","The team's defensive rating, taking into account an adjustment based on the average defensive rating allowed by the team's opponents throughout the season.","Number","Lowest # = 100th","Team Agg"
"DRB","Defensive Rebounds","The total number of defensive rebounds.","Integer","Highest # = 100th","Team Game, Player Agg, Team Agg, Player Game, Lineup, On/Off"
"DWS","Defensive Win Shares","Defensive Win Shares (DWS) is an all-in-one metric originally developed by Bill James for baseball, and adapted by Justin Kubatko (basketball-reference) for use in basketball. DWS attempts to divvy up credit for team success on defense to the individuals on the team, by estimating the number of defensive possessions a player was involved in over the year and the number of points prevented by the player's defensive efforts, which are then converted into the number of wins the player has contributed to their team. DWS is computed using box score statistics only, and therefore does not account for who the player is playing with or against. The equation for DWS can be found at https://www.sports-reference.com/cbb/about/ws.html","Number","Highest # = 100th","Player Agg"
"DWS/40","Defensive Win Shares / 40 Mins","Defensive Win Shares (DWS) generated per 40 minutes. The equation for DWS can be found at https://www.sports-reference.com/cbb/about/ws.html","num2","Highest # = 100th","Player Agg"
"dFirstChnc","dFirstChnc","No description available","-","-","Team Agg PBP, Team Game PBP"
"Dbl-Dbl","Double-Doubles","Number of games this season where the player hit double figures (10+) in at least two of: points, rebounds, assists, steals, blocks.","Integer","Highest # = 100th","Player Agg"
"dPbkChnc","dPbkChnc","No description available","-","-","Team Agg PBP, Team Game PBP"
"DPF%","Defensive Personal Fouls Percentage","The percentage of possessions with a defensive personal foul committed.","Percentage","Lowest % = 100th","Player Game PBP, Team Agg PBP, Player Agg PBP, Team Game PBP"
"DPF/100","Defensive Personal Fouls / 100 Poss","An estimate of the number of defensive personal fouls committed per 100 possessions played.","Number","Lowest # = 100th","Team Agg, Team Agg PBP"
"DPF/40","Defensive Personal Fouls / 40 Mins","The number of defensive personal fouls committed per 40 minutes played.","Number","Lowest # = 100th","Player Agg, Team Agg, Team Agg PBP, Player Agg PBP"
"DPF/G","Defensive Personal Fouls / Game","The number of defensive personal fouls committed per game.","Number","Lowest # = 100th","Player Agg, Team Agg, Team Agg PBP, Player Agg PBP"
"dPossTm","dPossTm","No description available","-","-","Player Agg, Player Game"
"Draft Pick","Draft Overall Pick","The overall pick number of the player in the draft. 1 is the first overall pick, 2 is the second overall pick, etc.","Integer","Lowest # = 100th","Player Agg, Player Agg PBP"
"Round Num","Draft Round Number","The round number of the draft in which the player was selected. R1 is the first round, R2 is the second round, etc.","Integer","Lowest # = 100th","Player Agg, Player Agg PBP"
"Round Pick","Draft Round Pick","The pick number of the player in the draft round. 1 is the first pick of the round, 2 is the second pick of the round, etc.","Integer","Lowest # = 100th","Player Agg, Player Agg PBP"
"DRB CHNC","DRB Chances","Total number of defensive rebounds plus opponent offensive rebounds.","Integer","Highest # = 100th","Lineup"
"DRBFG CHNC","DRB Chances off FGs","Total number of defensive rebound opportunities (defensive rebounds plus opponent offensive rebounds) off missed field goals.","Integer","Highest # = 100th","Player Game PBP, Team Agg PBP, Player Agg PBP, Team Game PBP"
"DRBFT CHNC","DRB Chances off FTs","Total number of defensive rebound opportunities (defensive rebounds plus opponent offensive rebounds) off missed free throws.","Integer","Highest # = 100th","Player Game PBP, Team Agg PBP, Player Agg PBP, Team Game PBP"
"DRB DIFF","Defensive Rebound Differential","How many more or fewer defensive rebounds the team had compared to their opponent.","Integer","Highest # = 100th","Team Game, Team Agg"
"DRBFG","DRB off FGs","Total number of defensive rebounds (defensive rebounds plus opponent offensive rebounds) off missed field goals.","Integer","Highest # = 100th","Player Game PBP, Team Agg PBP, Player Agg PBP, Team Game PBP"
"DRBFG/100","DRB off FGs / 100 Poss","The number of defensive rebounds per 100 possessions (defensive rebounds plus opponent offensive rebounds) off missed field goals.","Number","Highest # = 100th","Team Agg PBP"
"DRBFG/40","DRB off FGs / 40 Mins","The number of defensive rebounds per 40 minutes (defensive rebounds plus opponent offensive rebounds) off missed field goals.","Number","Highest # = 100th","Team Agg PBP, Player Agg PBP"
"DRBFG/G","DRB off FGs / Game","The number of defensive rebounds per game (defensive rebounds plus opponent offensive rebounds) off missed field goals.","Number","Highest # = 100th","Team Agg PBP, Player Agg PBP"
"DRBFT","DRB off FTs","Total number of defensive rebounds (defensive rebounds plus opponent offensive rebounds) off missed free throws.","Integer","Highest # = 100th","Player Game PBP, Team Agg PBP, Player Agg PBP, Team Game PBP"
"DRBFT/100","DRB off FTs / 100 Poss","The number of defensive rebounds per 100 possessions (defensive rebounds plus opponent offensive rebounds) off missed free throws.","Number","Highest # = 100th","Team Agg PBP"
"DRBFT/40","DRB off FTs / 40 Mins","The number of defensive rebounds per 40 minutes (defensive rebounds plus opponent offensive rebounds) off missed free throws.","Number","Highest # = 100th","Team Agg PBP, Player Agg PBP"
"DRBFT/G","DRB off FTs / Game","The number of defensive rebounds per game (defensive rebounds plus opponent offensive rebounds) off missed free throws.","Number","Highest # = 100th","Team Agg PBP, Player Agg PBP"
"DRBFG%","Defensive Rebound Percentage on missed FGs","The percentage of opponent's missed field goals a player grabbed while he was on the floor.","Percentage","Highest % = 100th","Player Game PBP, Team Agg PBP, Player Agg PBP, Team Game PBP"
"DRBFT%","Defensive Rebound Percentage on missed FTs","The percentage of opponent's missed free throws a player grabbed while he was on the floor.","Percentage","Highest % = 100th","Player Game PBP, Team Agg PBP, Player Agg PBP, Team Game PBP"
"TM DRB","drbTm","No description available","Integer","Highest # = 100th","Player Agg, Player Game"
"DRB/100","Defensive Rebounds / 100 Poss","An estimate of the number of defensive rebounds per 100 possessions played.","Number","Highest # = 100th","Team Agg, Lineup, On/Off"
"DRB/40","Defensive Rebounds / 40 Mins","The number of defensive rebounds per 40 minutes played.","Number","Highest # = 100th","Player Agg, Team Agg, Lineup, On/Off"
"DRB/G","Defensive Rebounds / Game","The number of defensive rebounds per game.","Number","Highest # = 100th","Player Agg, Team Agg"
"TOV DRIBBLING","Dribbing Turnover","The total number of turnovers tagged by the scorer as a dribbling turnover by the team.","Integer","Lowest # = 100th","Team Agg PBP, Team Game PBP"
"dSecsFirstChnc","dSecsFirstChnc","No description available","-","-","Team Agg PBP, Team Game PBP"
"dSecsPbkChnc","dSecsPbkChnc","No description available","-","-","Team Agg PBP, Team Game PBP"
"dSecsPoss","dSecsPoss","No description available","-","-","Team Agg PBP, Team Game PBP"
"DUNK ASTD%","At Rim Assisted Pct","The percentage of a player's dunks that were assisted.","Percentage","Highest % = 100th","Team Agg PBP, Player Agg PBP, Team Game PBP"
"DUNK AST","Dunk Assists","The total number of assists by the player where the shooter dunked.","Integer","Highest # = 100th","Player Game PBP, Player Agg PBP"
"DUNK FGA","Dunk Attempts","The total number of dunk attempts by the player.","Integer","Highest # = 100th","Player Game PBP, Team Agg PBP, Player Agg PBP, Team Game PBP"
"DUNK FGA/100","Dunks Attempted / 100 Poss","The number of dunks attempted by the player, per 100 possessions played.","Number","Highest # = 100th","Team Agg PBP"
"DUNK FGA/40","Dunks Attempted / 40 Mins","The number of dunks attempted by the player, per 40 minutes played.","Number","Highest # = 100th","Team Agg PBP, Player Agg PBP"
"DUNK FGA/G","Dunks Attempted / Game","The number of dunks attempted by the player, per game.","Number","Highest # = 100th","Team Agg PBP, Player Agg PBP"
"DUNK FGM","Dunks Made","The total number of dunks made by the player.","Integer","Highest # = 100th","Player Game PBP, Team Agg PBP, Player Agg PBP, Team Game PBP"
"eFG%","Effective Field Goal Percentage","The player's field goal percentage taking into account the additional point from 3s.","Percentage","Highest % = 100th","Player Game PBP, Team Game, Player Agg, Team Agg, Player Game, Team Agg PBP, Player Agg PBP, Lineup, Team Game PBP, On/Off"
"eFG%**Adj","Adjusted Effective Field Goal Percentage","The team's effective field goal percentage, taking into account an adjustment based on the average eFG% allowed by the team's opponents throughout the season.","Percentage","Highest % = 100th","Team Agg"
"EFF","Team Efficiency","(PTS + AST + BLK + STL + Fouls Drawn + REB) - (TOV + BLKD + PF + TF + (2PA - 2PM) + (3PA - 3PM) + (FTA - FTM)).","Number","Highest # = 100th","Team Game, Team Agg"
"efgPctS01","efgPctS01","No description available","-","-","Player Game PBP, Team Agg PBP, Player Agg PBP, Team Game PBP"
"efgPctS12","efgPctS12","No description available","-","-","Player Game PBP, Team Agg PBP, Player Agg PBP, Team Game PBP"
"efgPctS23","efgPctS23","No description available","-","-","Player Game PBP, Team Agg PBP, Player Agg PBP, Team Game PBP"
"eject","eject","No description available","-","-","Player Game PBP, Team Agg PBP, Player Agg PBP, Team Game PBP"
"expncGpAllWtd","expncGpAllWtd","No description available","-","-","Team Game, Team Agg"
"expncMinsAllWtd","expncMinsAllWtd","No description available","-","-","Team Game, Team Agg"
"expncMinsKnown","expncMinsKnown","No description available","-","-","Team Game"
"BC/Poss CHLG Fail","Failed Backcourt / Poss Challenges","Total number of unsuccessful coach challenges on backcourt violations or whether team control was established before a foul or violation (women's basketball only).","Integer","Lowest # = 100th","Team Agg PBP, Team Game PBP"
"CHLG Fail","Failed Coach Challenges","Total number of unsuccessful coach challenges.","Integer","Lowest # = 100th","Team Agg PBP, Team Game PBP"
"Foul CHLG Fail","Failed Foul Challenges","Total number of unsuccessful coach challenges on foul-related plays. Men: restricted-area block/charge positioning. Women: correct player charged with the foul.","Integer","Lowest # = 100th","Team Agg PBP, Team Game PBP"
"GOI CHLG Fail","Failed Goaltending / Basket Interference Challenges","Total number of unsuccessful coach challenges on goaltending or basket interference calls, whether the ball was illegally touched on or above the rim (men's basketball only).","Integer","Lowest # = 100th","Team Agg PBP, Team Game PBP"
"OOB CHLG Fail","Failed Out of Bounds Challenges","Total number of unsuccessful coach challenges on out-of-bounds calls (which team last touched the ball before it went out).","Integer","Lowest # = 100th","Team Agg PBP, Team Game PBP"
"FLP2 FG%","Far Left Paint 2s FG%","Field goal percentage on far left paint 2-pointers.","Percentage","Highest % = 100th","Player Game PBP, Team Agg PBP, Player Agg PBP, Team Game PBP"
"FLP2 FGA","Far Left Paint 2s FGA","Field goal attempts on far left paint 2-pointers.","Integer","Highest # = 100th","Player Game PBP, Team Agg PBP, Player Agg PBP, Team Game PBP"
"FLP2 FGA/100","Far Left Paint 2s FGA / 100 Poss","Field goal attempts on far left paint 2-pointers per 100 possessions played.","Number","Highest # = 100th","Team Agg PBP"
"FLP2 FGA/40","Far Left Paint 2s FGA / 40 Mins","Field goal attempts on far left paint 2-pointers per 40 minutes played.","Number","Highest # = 100th","Team Agg PBP, Player Agg PBP"
"FLP2 FGA/G","Far Left Paint 2s FGA / Game","Field goal attempts on far left paint 2-pointers per game.","Number","Highest # = 100th","Team Agg PBP, Player Agg PBP"
"FLP2 FGA%","Far Left Paint 2s FGA%","Percentage of shots taken as far left paint 2-pointers.","Percentage","Highest % = 100th","Player Game PBP, Team Agg PBP, Player Agg PBP, Team Game PBP"
"FLP2 FGM","Far Left Paint 2s FGM","Field goals made on far left paint 2-pointers.","Integer","Highest # = 100th","Player Game PBP, Team Agg PBP, Player Agg PBP, Team Game PBP"
"FRP2 FG%","Far Right Paint 2s FG%","Field goal percentage on far right paint 2-pointers.","Percentage","Highest % = 100th","Player Game PBP, Team Agg PBP, Player Agg PBP, Team Game PBP"
"FRP2 FGA","Far Right Paint 2s FGA","Field goal attempts on far right paint 2-pointers.","Integer","Highest # = 100th","Player Game PBP, Team Agg PBP, Player Agg PBP, Team Game PBP"
"FRP2 FGA/100","Far Right Paint 2s FGA / 100 Poss","Field goal attempts on far right paint 2-pointers per 100 possessions played.","Number","Highest # = 100th","Team Agg PBP"
"FRP2 FGA/40","Far Right Paint 2s FGA / 40 Mins","Field goal attempts on far right paint 2-pointers per 40 minutes played.","Number","Highest # = 100th","Team Agg PBP, Player Agg PBP"
"FRP2 FGA/G","Far Right Paint 2s FGA / Game","Field goal attempts on far right paint 2-pointers per game.","Number","Highest # = 100th","Team Agg PBP, Player Agg PBP"
"FRP2 FGA%","Far Right Paint 2s FGA%","Percentage of shots taken as far right paint 2-pointers.","Percentage","Highest % = 100th","Player Game PBP, Team Agg PBP, Player Agg PBP, Team Game PBP"
"FRP2 FGM","Far Right Paint 2s FGM","Field goals made on far right paint 2-pointers.","Integer","Highest # = 100th","Player Game PBP, Team Agg PBP, Player Agg PBP, Team Game PBP"
"FBP","Fast Break Points","The total number of fast break points scored.","Integer","Highest # = 100th","Team Game, Player Agg, Team Agg, Player Game"
"FBPTS PTS/100","Fast Break Points / 100 Poss","An estimate of the number of fast break points per 100 possessions played.","Number","Highest # = 100th","Team Agg"
"FBPTS PTS/40","Fast Break Points / 40 Mins","The number of fast break points per 40 minutes played.","Number","Highest # = 100th","Player Agg, Team Agg"
"FBPTS PTS/G","Fast Break Points / Game","The number of fast break points per game.","Number","Highest # = 100th","Player Agg, Team Agg"
"FBP DIFF","Fast Break Points Differential","How many more or fewer fast break points the team scored compared to their opponent.","Integer","Highest # = 100th","Team Game, Team Agg"
"FFL/100","Floor Fouls Committed / 100 Poss","The number of defensive floor fouls committed per 100 possessions.","Number","Lowest # = 100th","Team Agg PBP"
"FFL/40","Floor Fouls Committed / 40 Mins","The number of defensive floor fouls committed per 40 minutes.","Number","Lowest # = 100th","Team Agg PBP, Player Agg PBP"
"FFL/G","Floor Fouls Committed / Game","The number of defensive floor fouls committed per game.","Number","Lowest # = 100th","Team Agg PBP, Player Agg PBP"
"FFL%","Floor Fouls Committed Pct","The percentage of possessions where a defensive floor foul was committed.","Percentage","Lowest % = 100th","Player Game PBP, Team Agg PBP, Player Agg PBP, Team Game PBP"
"FFL","Floor Fouls Committed","The total number of defensive floor fouls committed.","Integer","Lowest # = 100th","Player Game PBP, Team Agg PBP, Player Agg PBP, Team Game PBP"
"FFLD","Floor Fouls Drawn","The total number of floor fouls drawn.","Integer","Highest # = 100th","Player Game PBP, Team Agg PBP, Player Agg PBP, Team Game PBP"
"FFLD/100","Floor Fouls Drawn / 100 Poss","The number of floor fouls drawn per 100 possessions.","Number","Highest # = 100th","Team Agg PBP"
"FFLD/40","Floor Fouls Drawn / 40 Mins","The number of floor fouls drawn per 40 minutes.","Number","Highest # = 100th","Team Agg PBP, Player Agg PBP"
"FFLD/G","Floor Fouls Drawn / Game","The number of floor fouls drawn per game.","Number","Highest # = 100th","Team Agg PBP, Player Agg PBP"
"FGA","Field Goal Attempts","The total number of field goal attempts.","Integer","Highest # = 100th","Player Game PBP, Team Game, Player Agg, Team Agg, Player Game, Team Agg PBP, Player Agg PBP, Lineup, Team Game PBP, On/Off"
"FG% 0-10s","FG% (0 - 10 on Shot Clock)","Percentage of the player's field goal attempts taken with 0 - 10 seconds remaining on the shot clock that were made.","Percentage","Highest % = 100th","Player Game PBP, Team Agg PBP, Player Agg PBP, Team Game PBP"
"FG% 20-30s","FG% (10 - 20 on Shot Clock)","Percentage of the player's field goal attempts taken with 20 - 30 seconds remaining on the shot clock that were made.","Percentage","Highest % = 100th","Player Game PBP, Team Agg PBP, Player Agg PBP, Team Game PBP"
"FG% 10-20s","FG% (20 - 30 on Shot Clock)","Percentage of the player's field goal attempts taken with 10 - 20 seconds remaining on the shot clock that were made.","Percentage","Highest % = 100th","Player Game PBP, Team Agg PBP, Player Agg PBP, Team Game PBP"
"FG% Center","FG% from Center of Court","Field goal percentage on shots taken from the center of the court. This includes all shots where the shooter is positioned within 1 foot in either direction of the imaginary centerline of the court connecting the two rims.","Percentage","Highest % = 100th","Player Game PBP, Team Agg PBP, Player Agg PBP, Team Game PBP"
"FG% Left","FG% from Left Side of Court","Field goal percentage on shots taken from the left side of the court. This includes all shots where the shooter is positioned more than 1 foot to the left of the court's imaginary centerline.","Percentage","Highest % = 100th","Player Game PBP, Team Agg PBP, Player Agg PBP, Team Game PBP"
"FG% Right","FG% from Right Side of Court","Field goal percentage on shots taken from the right side of the court. This includes all shots where the shooter is positioned more than 1 foot to the right of the court's imaginary centerline.","Percentage","Highest % = 100th","Player Game PBP, Team Agg PBP, Player Agg PBP, Team Game PBP"
"FG% in HC","FG% in Half Court","An estimate of overall field goal percentage (makes / attempts) on shots in the half court, rather than in transition or on putbacks.","Percentage","Highest % = 100th","Player Game PBP, Team Agg PBP, Player Agg PBP, Team Game PBP"
"FG% in TR","FG% in Transition","An estimate of overall field goal percentage (makes / attempts) on shots in transition, rather than in the half court or on putbacks.","Percentage","Highest % = 100th","Player Game PBP, Team Agg PBP, Player Agg PBP, Team Game PBP"
"Poss 1st FG%","FG% on First FGA of Possession","Team's shooting percentage on first-shot attempts of a possession. Reflects efficiency before any offensive rebound extends the possession.","Percentage","Highest % = 100th","Team Agg PBP, Team Game PBP"
"Poss 2nd FG%","FG% on Second FGA of Possession","Team's shooting percentage on second-shot attempts of a possession (shots taken after one offensive rebound).","Percentage","Highest % = 100th","Team Agg PBP, Team Game PBP"
"Poss 3rd+ FG%","FG% on Third+ FGA of Possession","Team's shooting percentage on third-or-later shot attempts of a possession (shots taken after multiple offensive rebounds).","Percentage","Highest % = 100th","Team Agg PBP, Team Game PBP"
"DUNK FG%","FG% on Dunks","Field goal percentage on dunks.","Percentage","Highest % = 100th","Team Agg PBP, Player Agg PBP, Team Game PBP"
"LAYUP FG%","FG% on Layups","Field goal percentage on layups attempted.","Percentage","Highest % = 100th","Team Agg PBP, Player Agg PBP, Team Game PBP"
"LAY+DUNK FG%","FG% on Layups + Dunks","Field goal percentage on layups and dunks attempted.","Percentage","Highest % = 100th","Team Agg PBP, Player Agg PBP, Team Game PBP"
"FG% on PB","FG% on Putbacks","An estimate of overall field goal percentage (makes / attempts) on shots in the context of putback attempts (as opposed to transition or half court).","Percentage","Highest % = 100th","Player Game PBP, Team Agg PBP, Player Agg PBP, Team Game PBP"
"Self ORB FG%","Putback FG% After Self ORB","The field goal percentage on putback shots taken after the player rebounds their own missed field goal. A putback is a shot taken within 3 seconds of the rebound and 8 feet of the rim.","Percentage","Highest % = 100th","Player Game PBP, Team Agg PBP, Player Agg PBP, Team Game PBP"
"FGA DIFF","FG Attempt Differential","How many more or fewer field goal attempts the team took compared to their opponent.","Integer","Highest # = 100th","Team Game, Team Agg"
"FGA Center","FGA from Center of Court","Total field goal attempts taken from the center of the court. This includes all shots where the shooter is positioned within 1 foot in either direction of the imaginary centerline of the court connecting the two rims.","Integer","Highest # = 100th","Player Game PBP, Team Agg PBP, Player Agg PBP, Team Game PBP"
"FGA Left","FGA from Left Side of Court","Total field goal attempts taken from the left side of the court. This includes all shots where the shooter is positioned more than 1 foot to the left of the court's imaginary centerline.","Integer","Highest # = 100th","Player Game PBP, Team Agg PBP, Player Agg PBP, Team Game PBP"
"FGA Right","FGA from Right Side of Court","Total field goal attempts taken from the right side of the court. This includes all shots where the shooter is positioned more than 1 foot to the right of the court's imaginary centerline.","Integer","Highest # = 100th","Player Game PBP, Team Agg PBP, Player Agg PBP, Team Game PBP"
"FGA% (0-10s) 2s","FGA% (0-10s) % of all 2s","Percentage of all 2s that were taken with 0 - 10 seconds remaining on the shot clock.","Percentage","Highest % = 100th","Player Game PBP, Team Agg PBP, Player Agg PBP, Team Game PBP"
"FGA% (0-10s) 3s","FGA% (0-10s) % of all 3s","Percentage of all 3s that were taken with 0 - 10 seconds remaining on the shot clock.","Percentage","Highest % = 100th","Player Game PBP, Team Agg PBP, Player Agg PBP, Team Game PBP"
"FGA% (0-10s) A","FGA% (0-10s) % of all shots","Percentage of all shots that were taken with 0 - 10 seconds remaining on the shot clock.","Percentage","Highest % = 100th","Player Game PBP, Team Agg PBP, Player Agg PBP, Team Game PBP"
"FGA% (10-20s) 2s","FGA% (10-20s) % of all 2s","Percentage of all 2s that were taken with 10 - 20 seconds remaining on the shot clock.","Percentage","Highest % = 100th","Player Game PBP, Team Agg PBP, Player Agg PBP, Team Game PBP"
"FGA% (10-20s) 3s","FGA% (10-20s) % of all 3s","Percentage of all 3s that were taken with 10 - 20 seconds remaining on the shot clock.","Percentage","Highest % = 100th","Player Game PBP, Team Agg PBP, Player Agg PBP, Team Game PBP"
"FGA% (10-20s) A","FGA% (10-20s) % of all shots","Percentage of all shots that were taken with 10 - 20 seconds remaining on the shot clock.","Percentage","Highest % = 100th","Player Game PBP, Team Agg PBP, Player Agg PBP, Team Game PBP"
"FGA% (20-30s) 2s","FGA% (20-30s) % of all 2s","Percentage of all 2s that were taken with 20 - 30 seconds remaining on the shot clock.","Percentage","Highest % = 100th","Player Game PBP, Team Agg PBP, Player Agg PBP, Team Game PBP"
"FGA% (20-30s) 3s","FGA% (20-30s) % of all 3s","Percentage of all 3s that were taken with 20 - 30 seconds remaining on the shot clock.","Percentage","Highest % = 100th","Player Game PBP, Team Agg PBP, Player Agg PBP, Team Game PBP"
"FGA% (20-30s) A","FGA% (20-30s) % of all shots","Percentage of all shots that were taken with 20 - 30 seconds remaining on the shot clock.","Percentage","Highest % = 100th","Player Game PBP, Team Agg PBP, Player Agg PBP, Team Game PBP"
"FGA% in HC","% of FGA in Half Court","An estimate of the percentage of all shots that were taken in the half court, rather than in transition or on putbacks.","Percentage","Highest % = 100th","Player Game PBP, Team Agg PBP, Player Agg PBP, Team Game PBP"
"FGA% in TR","% of FGA in Transition","An estimate of the percentage of all shots that were taken in transition, rather than in the half court or on putbacks.","Percentage","Highest % = 100th","Player Game PBP, Team Agg PBP, Player Agg PBP, Team Game PBP"
"FGA% on PB","% of FGA on Putbacks","An estimate of the percentage of all shots that were taken on putbacks, rather than in the half court or in transition.","Percentage","Highest % = 100th","Player Game PBP, Team Agg PBP, Player Agg PBP, Team Game PBP"
"fga2Pb","fga2Pb","No description available","-","-","Player Game PBP, Team Game PBP"
"fga3Agst","fga3Agst","No description available","-","-","Team Game, Player Agg, Team Agg, Player Game, Lineup, On/Off"
"fga3Pb","fga3Pb","No description available","-","-","Player Game PBP, Team Game PBP"
"fgaBox","fgaBox","No description available","-","-","Player Game PBP, Team Game PBP"
"FGA (0-10s)","FGAs (0-10 on Shot Clock)","The total number of field goal attempts taken with 0 - 10 seconds remaining on the shot clock.","Integer","Highest # = 100th","Player Game PBP, Team Agg PBP, Player Agg PBP, Team Game PBP"
"FGA (10-20s)","FGAs (10-20 on Shot Clock)","The total number of field goal attempts taken with 10 - 20 seconds remaining on the shot clock.","Integer","Highest # = 100th","Player Game PBP, Team Agg PBP, Player Agg PBP, Team Game PBP"
"FGA (20-30s)","FGAs (20-30 on Shot Clock)","The total number of field goal attempts taken with 20 - 30 seconds remaining on the shot clock.","Integer","Highest # = 100th","Player Game PBP, Team Agg PBP, Player Agg PBP, Team Game PBP"
"FGA/100","Field Goal Attempts / 100 Poss","An estimate of the number of field goal attempts per 100 possessions played.","Number","Highest # = 100th","Team Agg, Team Agg PBP, Lineup, On/Off"
"FGA/40","Field Goal Attempts / 40 Mins","The number of field goal attempts per 40 minutes played.","Number","Highest # = 100th","Player Agg, Team Agg, Team Agg PBP, Player Agg PBP, Lineup, On/Off"
"FGA/G","Field Goal Attempts / Game","The number of field goal attempts per game.","Number","Highest # = 100th","Player Agg, Team Agg, Team Agg PBP, Player Agg PBP"
"FGA in HC","Field Goal Attempts in Half Court","An estimate of the total number of field goal attempts taken in the half court, rather than in transition or on putbacks.","Integer","Highest # = 100th","Player Game PBP, Team Agg PBP, Player Agg PBP, Team Game PBP"
"FGA in TR","Field Goal Attempts in Transition","An estimate of the total number of field goal attempts taken in transition, rather than in the half court or on putback.","Integer","Highest # = 100th","Player Game PBP, Team Agg PBP, Player Agg PBP, Team Game PBP"
"FGA on PB","Field Goal Attempts on Putbacks","An estimate of the total number of field goal attempts taken on putbacks, rather than in the half court or in transition.","Integer","Highest # = 100th","Player Game PBP, Team Agg PBP, Player Agg PBP, Team Game PBP"
"fgaTm","fgaTm","No description available","-","-","Player Game PBP, Player Agg, Player Game, Player Agg PBP"
"FGM ASTD%","FGM Assisted Pct","The percentage of all fields goals made that were assisted.","Percentage","Highest % = 100th","Player Game PBP, Team Agg PBP, Player Agg PBP, Team Game PBP"
"FGM DIFF","Team FGMs - Opponent FGMs","The number of field goals made by the team minus the number of field goals made by the opposing team.","Integer","Highest # = 100th","Team Game, Team Agg"
"FGM Center","FGM from Center of Court","Total field goals made from the center of the court. This includes all shots where the shooter is positioned within 1 foot in either direction of the imaginary centerline of the court connecting the two rims.","Integer","Highest # = 100th","Player Game PBP, Team Agg PBP, Player Agg PBP, Team Game PBP"
"FGM Left","FGM from Left Side of Court","Total field goals made from the left side of the court. This includes all shots where the shooter is positioned more than 1 foot to the left of the court's imaginary centerline.","Integer","Highest # = 100th","Player Game PBP, Team Agg PBP, Player Agg PBP, Team Game PBP"
"FGM Right","FGM from Right Side of Court","Total field goals made from the right side of the court. This includes all shots where the shooter is positioned more than 1 foot to the left of the court's imaginary centerline.","Integer","Highest # = 100th","Player Game PBP, Team Agg PBP, Player Agg PBP, Team Game PBP"
"FGM in HC","Field Goals Made in Half Court","An estimate of the total number of field goals made in the half court, rather than in transition or on putbacks.","Integer","Highest # = 100th","Player Game PBP, Team Agg PBP, Player Agg PBP, Team Game PBP"
"FGM in TR","Field Goals Made in Transition","An estimate of the total number of field goals made in transition, rather than in the half court or on putbacks.","Integer","Highest # = 100th","Player Game PBP, Team Agg PBP, Player Agg PBP, Team Game PBP"
"Poss 1st FGM","FGM on First FGA of Possession","Team's count of made field goals on the first shot of a possession (no offensive rebound preceded the make).","Integer","Highest # = 100th","Team Agg PBP, Team Game PBP"
"Poss 2nd FGM","FGM on Second FGA of Possession","Team's count of made field goals on the second shot of a possession (made after one offensive rebound).","Integer","Highest # = 100th","Team Agg PBP, Team Game PBP"
"Poss 3rd+ FGM","FGM on Third+ FGA of Possession","Team's count of made field goals on the third or later shot of a possession (made after multiple offensive rebounds).","Integer","Highest # = 100th","Team Agg PBP, Team Game PBP"
"FGM on PB","Field Goals Made on Putbacks","An estimate of the total number of field goals made on putbacks, rather than in the half court or in transition.","Integer","Highest # = 100th","Player Game PBP, Team Agg PBP, Player Agg PBP, Team Game PBP"
"fgm2Pb","fgm2Pb","No description available","-","-","Player Game PBP, Team Game PBP"
"fgm3Pb","fgm3Pb","No description available","-","-","Player Game PBP, Team Game PBP"
"FGM (0-10s)","FGMs (0-10 on Shot Clock)","The total number of field goals made, taken with 0 - 10 seconds remaining on the shot clock.","Integer","Highest # = 100th","Player Game PBP, Team Agg PBP, Player Agg PBP, Team Game PBP"
"FGM (10-20s)","FGMs (10-20 on Shot Clock)","The total number of field goals made, taken with 10 - 20 seconds remaining on the shot clock.","Integer","Highest # = 100th","Player Game PBP, Team Agg PBP, Player Agg PBP, Team Game PBP"
"FGM (20-30s)","FGMs (20-30 on Shot Clock)","The total number of field goals made, taken with 20 - 30 seconds remaining on the shot clock.","Integer","Highest # = 100th","Player Game PBP, Team Agg PBP, Player Agg PBP, Team Game PBP"
"fgmTm","fgmTm","No description available","-","-","Player Agg, Player Game"
"FGM","Field Goals Made","The total number of field goals made.","Integer","Highest # = 100th","Player Game PBP, Team Game, Player Agg, Team Agg, Player Game, Team Agg PBP, Player Agg PBP, Lineup, Team Game PBP, On/Off"
"FG%","Field Goal Percentage","The percentage of all field goal attempts by the player that were made.","Percentage","Highest % = 100th","Player Game PBP, Team Game, Player Agg, Team Agg, Player Game, Team Agg PBP, Player Agg PBP, Lineup, Team Game PBP, On/Off"
"fl1","fl1","No description available","-","-","Player Game PBP, Team Agg PBP, Player Agg PBP, Team Game PBP"
"fl2","fl2","No description available","-","-","Player Game PBP, Team Agg PBP, Player Agg PBP, Team Game PBP"
"FFLD%","Floor Fouled Pct","The percentage of possessions where a floor foul was drawn.","Percentage","Highest % = 100th","Player Game PBP, Team Agg PBP, Player Agg PBP, Team Game PBP"
"Foul CHLG%","Foul Challenge Success Percentage","Percentage of coach challenges on foul-related plays that were successful.","Percentage","Highest % = 100th","Team Agg PBP, Team Game PBP"
"Foul Challenge","Foul Challenges","Total number of head coach challenges on foul-related plays. Men: restricted-area block/charge positioning only. Women: correct player charged with the foul.","Integer","Highest # = 100th","Team Agg PBP, Team Game PBP"
"GFO","foulOut","The total number of player-games where the player fouled out of the game.","Integer","Lowest # = 100th","Player Agg, Player Game"
"foulOuts","foulOuts","No description available","-","-","Team Game, Team Agg"
"FT%","Free Throw Percentage","Percentage of the player's free throw attempts that were made.","Percentage","Highest % = 100th","Player Game PBP, Team Game, Player Agg, Team Agg, Player Game, Team Agg PBP, Player Agg PBP, Lineup, Team Game PBP, On/Off"
"Fr Mins%","Freshman Minutes Percentage","Share of total team minutes played by freshmen on the roster.","Percentage","Highest % = 100th","Team Game, Team Agg"
"Fr Mins","Freshman Minutes","Total minutes played by freshmen on the roster.","Integer","Highest # = 100th","Team Game, Team Agg"
"Fr Mins/G","Freshman Minutes / Game","Average minutes per game played by freshmen on the roster.","Number","Highest # = 100th","Team Agg"
"Fr Pts","Freshman Points","Total points scored by freshmen on the roster.","Integer","Highest # = 100th","Team Game, Team Agg"
"Fr Pts/G","Freshman Points Scored / Game","Points per game scored by freshmen on the roster.","Number","Highest # = 100th","Team Agg"
"Fr Pts%","Freshman Points Percentage","Share of total team points scored by freshmen on the roster.","Percentage","Highest % = 100th","Team Game, Team Agg"
"FTA Rate","Free Throw Attempt Rate","A player's free throw attempts as a percentage of their field goal attempts.","Percentage","Highest % = 100th","Team Game, Player Agg, Team Agg, Player Game, Lineup, On/Off"
"FTA Rate**Adj","Adjusted Free Throw Attempt Rate","The team's free throw attempt rate, taking into account an adjustment based on the average FTA Rate allowed by the team's opponents throughout the season.","Percentage","Highest % = 100th","Team Agg"
"FTA","Free Throw Attempts","The total number of free throw attempts.","Integer","Highest # = 100th","Player Game PBP, Team Game, Player Agg, Team Agg, Player Game, Team Agg PBP, Player Agg PBP, Lineup, Team Game PBP, On/Off"
"FTM Rate","Free Throw Made Rate","A player's free throws made as a percentage of their field goal attempts.","Percentage","Highest % = 100th","Team Game, Player Agg, Team Agg, Player Game, Lineup, On/Off"
"FT1%","FT% on First Free Throw","Free throw percentage on the first free throw attempt.","Percentage","Highest % = 100th","Player Game PBP, Team Agg PBP, Player Agg PBP, Team Game PBP"
"FT2%","FT% on Second Free Throw","Free throw percentage on the second free throw attempt.","Percentage","Highest % = 100th","Player Game PBP, Team Agg PBP, Player Agg PBP, Team Game PBP"
"FT3%","FT% on Third Free Throw","Free throw percentage on the third free throw attempt.","Percentage","Highest % = 100th","Player Game PBP, Team Agg PBP, Player Agg PBP, Team Game PBP"
"FTA1","First Free Throw Attempts","The total number of first free throw attempts.","Integer","Highest # = 100th","Player Game PBP, Team Agg PBP, Player Agg PBP, Team Game PBP"
"ft1a1Pct","ft1a1Pct","No description available","-","-","Player Game PBP, Team Agg PBP, Player Agg PBP, Team Game PBP"
"FTM1","First Free Throws Made","The total number of first free throws made.","Integer","Highest # = 100th","Player Game PBP, Team Agg PBP, Player Agg PBP, Team Game PBP"
"FTA2","Second Free Throw Attempts","The total number of second free throw attempts.","Integer","Highest # = 100th","Player Game PBP, Team Agg PBP, Player Agg PBP, Team Game PBP"
"FTM2","Second Free Throws Made","The total number of second free throw attempts made.","Integer","Highest # = 100th","Player Game PBP, Team Agg PBP, Player Agg PBP, Team Game PBP"
"FTA3","Third Free Throw Attempts","The total number of third free throw attempts.","Integer","Highest # = 100th","Player Game PBP, Team Agg PBP, Player Agg PBP, Team Game PBP"
"FTM3","Third Free Throws Made","The total number of third free throw attempts made.","Integer","Highest # = 100th","Player Game PBP, Team Agg PBP, Player Agg PBP, Team Game PBP"
"FTA DIFF","FT Attempt Differential","How many more or fewer free throw attempts the team took compared to their opponent.","Integer","Highest # = 100th","Team Game, Team Agg"
"fta1a1","fta1a1","No description available","-","-","Player Game PBP, Team Agg PBP, Player Agg PBP, Team Game PBP"
"FTA/100","Free Throw Attempts / 100 Poss","An estimate of the number of free throw attempts per 100 possessions played.","Number","Highest # = 100th","Team Agg, Lineup, On/Off"
"FTA/40","Free Throw Attempts / 40 Mins","The number of free throw attempts per 40 minutes played.","Number","Highest # = 100th","Player Agg, Team Agg, Lineup, On/Off"
"FTA/G","Free Throw Attempts / Game","The number of free throw attempts per game.","Number","Highest # = 100th","Player Agg, Team Agg"
"ftaTm","ftaTm","No description available","-","-","Player Game PBP, Player Agg, Player Game, Player Agg PBP"
"FTM DIFF","FT Made Differential","How many more or fewer free throws made the team had compared to their opponent.","Integer","Highest # = 100th","Team Game, Team Agg"
"ftm1a1","ftm1a1","No description available","-","-","Player Game PBP, Team Agg PBP, Player Agg PBP, Team Game PBP"
"ftRatio","ftRatio","No description available","-","-","Player Game PBP, Team Agg PBP, Player Agg PBP, Team Game PBP"
"FTM","Free Throws Made","The total number of free throws made.","Integer","Highest # = 100th","Player Game PBP, Team Game, Player Agg, Team Agg, Player Game, Team Agg PBP, Player Agg PBP, Lineup, Team Game PBP, On/Off"
"GFO","Games Fouled Out","The total number of games played where the player fouled out of the game.","Integer","Lowest # = 100th","Player Agg, Player Game"
"GP","Games Played","The number of games played by the player.","Integer","Highest # = 100th","Team Game, Player Agg, Team Agg, Player Game, Team Agg PBP, Player Agg PBP"
"GP PBP","Games Played (PBP)","The number of games played by the player that were tagged using the NCAA's LiveStats system. LiveStats feeds every play-by-play stat across the site - games tagged by older systems (StatCrew, PrestoSports) are omitted since their PBP data lacks details we need.","Integer","Highest # = 100th","Player Game PBP, Team Game, Player Agg, Team Agg, Team Agg PBP, Player Agg PBP, Lineup, Team Game PBP"
"GS","Games Started","The number of games started by the player.","Integer","Highest # = 100th","Player Agg, Player Game"
"GS PBP","Games Started (PBP)","The number of games started by the player that were tagged using the NCAA's LiveStats system. LiveStats feeds every play-by-play stat across the site - games tagged by older systems (StatCrew, PrestoSports) are omitted since their PBP data lacks details we need.","Integer","Highest # = 100th","Player Game PBP, Player Agg PBP"
"gameUpdated","gameUpdated","No description available","-","-","Team Game"
"GOI CHLG%","Goaltending / Basket Interference Challenge Success Percentage","Percentage of coach challenges on goaltending or basket interference calls that were successful (men's basketball only).","Percentage","Highest % = 100th","Team Agg PBP, Team Game PBP"
"GOI Challenge","Goaltending / Basket Interference Challenges","Total number of head coach challenges on goaltending or basket interference calls, whether the ball was illegally touched on or above the rim (men's basketball only).","Integer","Highest # = 100th","Team Agg PBP, Team Game PBP"
"gTk%","Good Take Rate","The percentage of true shot attempts (FGAs + 0.44 * FTA) that were shots at the rim, from 3P range, or trips to the FT line.","Percentage","Highest % = 100th","Player Game PBP, Team Agg PBP, Player Agg PBP, Team Game PBP"
"gw","gw","No description available","-","-","Player Agg"
"HKM%","Hakeem Percentage","The sum of a player's block percentage and steal percentage.","Percentage","Highest % = 100th","Team Game, Player Agg, Team Agg, Player Game, Lineup, On/Off"
"HC CHNC","Half Court Chances","The total number of chances that came in the half court.","Integer","Highest # = 100th","Team Agg PBP, Team Game PBP"
"HC PPC","Half Court Points / Chance","Total points scored in the half court divided by the number of half court chances.","num2","Highest # = 100th","Team Agg PBP, Team Game PBP"
"H3 FG%","Heaves 3s FG%","Field goal percentage on heaves (35+ feet).","Percentage","Highest % = 100th","Player Game PBP, Team Agg PBP, Player Agg PBP, Team Game PBP"
"H3 FGA","Heaves 3s FGA","Field goal attempts on heaves (35+ feet).","Integer","Highest # = 100th","Player Game PBP, Team Agg PBP, Player Agg PBP, Team Game PBP"
"H3 FGA/100","Heaves 3s FGA / 100 Poss","Field goal attempts on heaves (35+ feet) per 100 possessions played.","Number","Highest # = 100th","Team Agg PBP"
"H3 FGA/40","Heaves 3s FGA / 40 Mins","Field goal attempts on heaves (35+ feet) per 40 minutes played.","Number","Highest # = 100th","Team Agg PBP, Player Agg PBP"
"H3 FGA/G","Heaves 3s FGA / Game","Field goal attempts on heaves (35+ feet) per game.","Number","Highest # = 100th","Team Agg PBP, Player Agg PBP"
"H3 FGA%","Heaves 3s FGA%","Percentage of shots taken as heaves (35+ feet).","Percentage","Highest % = 100th","Player Game PBP, Team Agg PBP, Player Agg PBP, Team Game PBP"
"H3 FGM","Heaves 3s FGM","Field goals made on heaves (35+ feet).","Integer","Highest # = 100th","Player Game PBP, Team Agg PBP, Player Agg PBP, Team Game PBP"
"PAINT2 DRB CHNC","In The Paint 2s Defensive Rebound Chances","The total number of defensive rebounds chances (defensive rebounds grabbed plus opponent offensive rebounds) on opponent's missed shots in the paint (but not at the rim).","Integer","Highest # = 100th","Team Agg PBP, Team Game PBP"
"PAINT2 DRB%","In The Paint 2s Defensive Rebounding Percentage","Percentage of the opponent's missed shots in the paint (but not at the rim) that were defensive rebounded by the team.","Percentage","Highest % = 100th","Team Agg PBP, Team Game PBP"
"PAINT2 DRB","In The Paint 2s Defensive Rebounds","The total number of defensive rebounds grabbed on opponent's missed shots in the paint (but not at the rim).","Integer","Highest # = 100th","Team Agg PBP, Team Game PBP"
"PAINT2 ASTD%","In The Paint 2s Assisted Pct","The percentage of shots made in the paint (but not at the rim) that were assisted.","Percentage","Highest % = 100th","Player Game PBP, Team Agg PBP, Player Agg PBP, Team Game PBP"
"PAINT2 AST","In The Paint 2s Assists","The total number of assists where the shooter scored in the paint (but not at the rim).","Integer","Highest # = 100th","Player Game PBP, Player Agg PBP"
"PAINT2 AST/40","In The Paint 2s Assists / 40 Mins","The total number of assists per 40 minutes where the shooter scored in the paint (but not at the rim).","Number","Highest # = 100th","Player Game PBP, Player Agg PBP"
"PAINT2 AST/G","In The Paint 2s Assists / Game","The total number of assists per game where the shooter scored in the paint (but not at the rim).","Number","Highest # = 100th","Player Agg PBP"
"Stop%","Individual Defensive Stop Percentage","Share of opponent possessions this player ended with a defensive stop (recovered block, steal, or charge drawn) while on court.","Percentage","Highest % = 100th","Player Game PBP, Player Agg PBP"
"Stops","Individual Defensive Stops","Plays where this player ended an opponent's possession defensively — sum of recovered blocks (block where the defense kept the ball), steals, and offensive personal foul drawn.","Integer","Highest # = 100th","Player Game PBP, Player Agg PBP"
"Stops/100","Individual Defensive Stops / 100 Poss","Individual defensive stops per 100 player possessions. A stop is a recovered block, steal, or offensive personal foul drawn.","Number","Highest # = 100th","Player Agg PBP"
"Stops/40","Individual Defensive Stops / 40 Mins","Individual defensive stops per 40 minutes played. A stop is a recovered block, steal, or offensive personal foul drawn.","Number","Highest # = 100th","Player Agg PBP"
"Stops/G","Individual Defensive Stops / Game","Individual defensive stops per game played. A stop is a recovered block, steal, or offensive personal foul drawn.","Number","Highest # = 100th","Player Agg PBP"
"isCT","isCT","No description available","-","-","Player Game PBP, Team Game, Player Game, Team Game PBP"
"JB STL%","Jailbreak Steal Percentage","Share of steals that turned into a transition bucket at the rim within 4 seconds. Higher = better at converting takeaways into points.","Percentage","Highest % = 100th","Team Agg PBP, Player Agg PBP"
"JB STL","Jailbreak Steals","The number of steals that led to a transition bucket at the rim within 4 seconds.","Integer","Highest # = 100th","Player Game PBP, Team Agg PBP, Player Agg PBP, Team Game PBP"
"JB STL/100","Jailbreak Steals / 100 Poss","Jailbreak steals (steals that led to a transition bucket at the rim within 4 seconds) per 100 possessions played.","Number","Highest # = 100th","Team Agg PBP"
"JB STL/40","Jailbreak Steals / 40 Mins","Jailbreak steals (steals that led to a transition bucket at the rim within 4 seconds) per 40 minutes played.","Number","Highest # = 100th","Team Agg PBP, Player Agg PBP"
"JB STL/G","Jailbreak Steals / Game","Jailbreak steals (steals that led to a transition bucket at the rim within 4 seconds) per game.","Number","Highest # = 100th","Team Agg PBP, Player Agg PBP"
"Jr Mins%","Junior Minutes Percentage","Share of total team minutes played by juniors on the roster.","Percentage","Highest % = 100th","Team Game, Team Agg"
"Jr Mins","Junior Minutes","Total minutes played by juniors on the roster.","Integer","Highest # = 100th","Team Game, Team Agg"
"Jr Mins/G","Junior Minutes / Game","Average minutes per game played by juniors on the roster.","Number","Highest # = 100th","Team Agg"
"Jr Pts","Junior Points","Total points scored by juniors on the roster.","Integer","Highest # = 100th","Team Game, Team Agg"
"Jr Pts/G","Junior Points Scored / Game","Points per game scored by juniors on the roster.","Number","Highest # = 100th","Team Agg"
"Jr Pts%","Junior Points Percentage","Share of total team points scored by juniors on the roster.","Percentage","Highest % = 100th","Team Game, Team Agg"
"Kill Run Len (No Fouls)","Sum of Kill Run Lengths (No Fouls Allowed)","Total stops summed across all 3+ consecutive stop runs where the opponent scored zero points, attempted no free throws, and the defense committed no fouls. Used to calculate average kill run length.","Integer","Highest # = 100th","Team Agg PBP, Team Game PBP"
"Kill Run Len (No FTs)","Sum of Kill Run Lengths (No FTs Allowed)","Total stops summed across all 3+ consecutive stop runs where the opponent scored zero points and attempted no free throws. Used to calculate average kill run length.","Integer","Highest # = 100th","Team Agg PBP, Team Game PBP"
"Kill Run Len (No Pts)","Sum of Kill Run Lengths (No Pts Allowed)","Total stops summed across all 3+ consecutive stop runs where the opponent scored zero points. Used to calculate average kill run length.","Integer","Highest # = 100th","Team Agg PBP, Team Game PBP"
"Kill Runs (No Fouls)","Distinct Kill Runs (No Fouls Allowed)","Count of distinct defensive runs of 3 or more consecutive stops where the opponent scored zero points, attempted no free throws, and the defense committed no fouls. A 6-stop run counts as 1 run here (vs 2 non-overlapping kills).","Integer","Highest # = 100th","Team Agg PBP, Team Game PBP"
"Kill Runs (No FTs)","Distinct Kill Runs (No FTs Allowed)","Count of distinct defensive runs of 3 or more consecutive stops where the opponent scored zero points and attempted no free throws. A 6-stop run counts as 1 run here (vs 2 non-overlapping kills).","Integer","Highest # = 100th","Team Agg PBP, Team Game PBP"
"Kill Runs (No Pts)","Distinct Kill Runs (No Pts Allowed)","Count of distinct defensive runs of 3 or more consecutive stops where the opponent scored zero points. A 6-stop run counts as 1 run here (vs 2 non-overlapping kills).","Integer","Highest # = 100th","Team Agg PBP, Team Game PBP"
"Kills (No Fouls)","3-Stop Kills (No Fouls Allowed)","The strictest kill: 3 consecutive defensive possessions where the opponent scored 0 points, did not attempt any free throws, AND the defense committed no fouls.","Integer","Highest # = 100th","Team Agg PBP, Team Game PBP"
"Kills/100 (No Fouls)","3-Stop Kills (No Fouls) / 100 Poss","Total number of strictest kills (3 stops with no points allowed, no free throws allowed and no defensive fouls committed) per 100 possessions played.","Number","Highest # = 100th","Team Agg PBP"
"Kills/40 (No Fouls)","3-Stop Kills (No Fouls) / 40 Mins","Total number of strictest kills (3 stops with no points allowed, no free throws allowed and no defensive fouls committed) per 40 minutes played.","Number","Highest # = 100th","Team Agg PBP"
"Kills/G (No Fouls)","3-Stop Kills (No Fouls) / Game","Total number of strictest kills (3 stops with no points allowed, no free throws allowed and no defensive fouls committed) per game.","Number","Highest # = 100th","Team Agg PBP"
"Kills (No FTs)","3-Stop Kills (No FTs Allowed)","A stricter kill: 3 consecutive defensive possessions where the opponent scored no points AND did not attempt any free throws.","Integer","Highest # = 100th","Team Agg PBP, Team Game PBP"
"Kills/100 (No FTs)","3-Stop Kills (No FTs) / 100 Poss","Total number of stricter kills (3 stops with no points allowed and no free throws allowed) per 100 possessions played.","Number","Highest # = 100th","Team Agg PBP"
"Kills/40 (No FTs)","3-Stop Kills (No FTs) / 40 Mins","Total number of stricter kills (3 stops with no points allowed and no free throws allowed) per 40 minutes played.","Number","Highest # = 100th","Team Agg PBP"
"Kills/G (No FTs","3-Stop Kills (No FTs) / Game","Total number of stricter kills (3 stops with no points allowed and no free throws allowed) per game.","Number","Highest # = 100th","Team Agg PBP"
"Kills (No Pts)","3-Stop Kills (No Pts Allowed)","A kill is 3 consecutive defensive possessions where the opponent scored 0 points. Total number of non-overlapping 3-stop runs over the games played.","Integer","Highest # = 100th","Team Agg PBP, Team Game PBP"
"Kills/100 (No Pts)","3-Stop Kills (No Pts) / 100 Poss","Total number of defensive kills (3 consecutive stops with no points allowed) per 100 possessions played.","Number","Highest # = 100th","Team Agg PBP"
"Kills/40 (No Pts)","3-Stop Kills (No Pts) / 40 Mins","Total number of defensive kills (3 consecutive stops with no points allowed) per 40 minutes played.","Number","Highest # = 100th","Team Agg PBP"
"Kills/G (No Pts)","3-Stop Kills (No Pts) / Game","Total number of defensive kills (3 consecutive stops with no points allowed) per game.","Number","Highest # = 100th","Team Agg PBP"
"lane2AstPg","lane2AstPg","No description available","-","-","Player Agg PBP"
"Largest Deficit","Largest Deficit","The largest point difference by which a team was trailing at any point during the game.","Integer","Lowest # = 100th","Team Game"
"Largest Lead","Largest Lead","The largest point difference by which a team was ahead at any point during the game.","Integer","Highest # = 100th","Team Game"
"Largest Score Margin","Largest Score Margin","The score at the moment when a team had its largest lead in the game.","txt","Highest # = 100th","Team Game"
"LAY+DUNK FGA/100","Layup + Dunk FGAs / 100 Poss","The number of layups and dunks attempted by the player, per 100 possessions played.","Number","Highest # = 100th","Team Agg PBP"
"LAY+DUNK FGA/40","Layup + Dunk FGAs / 40 Mins","The number of layups and dunks attempted by the player, per 40 minutes played.","Number","Highest # = 100th","Team Agg PBP, Player Agg PBP"
"LAY+DUNK FGA/G","Layup + Dunk FGAs / G","The number of layups and dunks attempted by the player, per game.","Number","Highest # = 100th","Team Agg PBP, Player Agg PBP"
"LAY+DUNK FGA","Layups + Dunks Attempted","The total combined number of layups and dunks attempted by the player.","Integer","Highest # = 100th","Player Game PBP, Team Agg PBP, Player Agg PBP, Team Game PBP"
"LAY+DUNK FGM","Layups + Dunks Made","The total number of layups and dunks made by the player.","Integer","Highest # = 100th","Player Game PBP, Team Agg PBP, Player Agg PBP, Team Game PBP"
"LAYUP FGA","Layups Attempted","The total number of layups attempted by the player.","Integer","Highest # = 100th","Player Game PBP, Team Agg PBP, Player Agg PBP, Team Game PBP"
"LAYUP FGA/100","Layups Attempted / 100 Poss","The number of layups attempted by the player per 100 possessions played.","Number","Highest # = 100th","Team Agg PBP"
"LAYUP FGA/40","Layups Attempted / 40 Mins","The number of layups attempted by the player per 40 minutes played.","Number","Highest # = 100th","Team Agg PBP, Player Agg PBP"
"LAYUP FGA/G","Layups Attempted / Game","The number of layups attempted by the player per game.","Number","Highest # = 100th","Team Agg PBP, Player Agg PBP"
"LAYUP FGM","Layups Made","The total number of layups made by the player.","Integer","Highest # = 100th","Player Game PBP, Team Agg PBP, Player Agg PBP, Team Game PBP"
"Lead Changes","Lead Changes","The number of times the leading team switched between the two teams during a game.","Integer","Highest # = 100th","Team Game"
"AST LDR","Led Game in Assists","Number of games, including ties, where this player led both teams in assists.","Integer","Highest # = 100th","Player Agg"
"BLK LDR","Led Game in Blocks","Number of games, including ties, where this player led both teams in blocks.","Integer","Highest # = 100th","Player Agg"
"PTS LDR","Led Game in Points","Number of games, including ties, where this player led both teams in points scored.","Integer","Highest # = 100th","Player Agg"
"P+A","Led Game in Pts/Ast","Number of games, including ties, where this player led both teams individually in both points and assists.","Integer","Highest # = 100th","Player Agg"
"P+R","Led Game in Pts/Reb","Number of games, including ties, where this player led both teams individually in both points and rebounds.","Integer","Highest # = 100th","Player Agg"
"P+R+A","Led Game in Pts/Reb/Ast","Number of games, including ties, where this player led both teams individually in all three of points, rebounds, and assists.","Integer","Highest # = 100th","Player Agg"
"P+R+A+S+B","Led Game in Pts/Reb/Ast/Stl/Blk","Number of games, including ties, where this player led both teams individually in all five of points, rebounds, assists, steals, and blocks.","Integer","Highest # = 100th","Player Agg"
"REB LDR","Led Game in Rebounds","Number of games, including ties, where this player led both teams in rebounds.","Integer","Highest # = 100th","Player Agg"
"STL LDR","Led Game in Steals","Number of games, including ties, where this player led both teams in steals.","Integer","Highest # = 100th","Player Agg"
"AST LDR","Led Team in Assists","Number of games, including ties, where this player led their team in assists.","Integer","Highest # = 100th","Player Agg"
"BLK LDR","Led Team in Blocks","Number of games, including ties, where this player led their team in blocks.","Integer","Highest # = 100th","Player Agg"
"PTS LDR","Led Team in Points","Number of games, including ties, where this player led their team in points scored.","Integer","Highest # = 100th","Player Agg"
"P+A","Led Team in Pts/Ast","Number of games, including ties, where this player led their team individually in both points and assists.","Integer","Highest # = 100th","Player Agg"
"P+R","Led Team in Pts/Reb","Number of games, including ties, where this player led their team individually in both points and rebounds.","Integer","Highest # = 100th","Player Agg"
"P+R+A","Led Team in Pts/Reb/Ast","Number of games, including ties, where this player led their team individually in all three of points, rebounds, and assists.","Integer","Highest # = 100th","Player Agg"
"P+R+A+S+B","Led Team in Pts/Reb/Ast/Stl/Blk","Number of games, including ties, where this player led their team individually in all five of points, rebounds, assists, steals, and blocks.","Integer","Highest # = 100th","Player Agg"
"REB LDR","Led Team in Rebounds","Number of games, including ties, where this player led their team in rebounds.","Integer","Highest # = 100th","Player Agg"
"STL LDR","Led Team in Steals","Number of games, including ties, where this player led their team in blocks.","Integer","Highest # = 100th","Player Agg"
"ledGameIn","ledGameIn","No description available","-","-","Player Agg, Player Game"
"ledTeamIn","ledTeamIn","No description available","-","-","Player Agg, Player Game"
"LB2 FG%","Left Baseline 2s FG%","Field goal percentage on left baseline 2-pointers.","Percentage","Highest % = 100th","Player Game PBP, Team Agg PBP, Player Agg PBP, Team Game PBP"
"LB2 FGA","Left Baseline 2s FGA","Field goal attempts on left baseline 2-pointers.","Integer","Highest # = 100th","Player Game PBP, Team Agg PBP, Player Agg PBP, Team Game PBP"
"LB2 FGA/100","Left Baseline 2s FGA / 100 Poss","Field goal attempts on left baseline 2-pointers per 100 possessions played.","Number","Highest # = 100th","Team Agg PBP"
"LB2 FGA/40","Left Baseline 2s FGA / 40 Mins","Field goal attempts on left baseline 2-pointers per 40 minutes played.","Number","Highest # = 100th","Team Agg PBP, Player Agg PBP"
"LB2 FGA/G","Left Baseline 2s FGA / Game","Field goal attempts on left baseline 2-pointers per game.","Number","Highest # = 100th","Team Agg PBP, Player Agg PBP"
"LB2 FGA%","Left Baseline 2s FGA%","Percentage of shots taken as left baseline 2-pointers.","Percentage","Highest % = 100th","Player Game PBP, Team Agg PBP, Player Agg PBP, Team Game PBP"
"LB2 FGM","Left Baseline 2s FGM","Field goals made on left baseline 2-pointers.","Integer","Highest # = 100th","Player Game PBP, Team Agg PBP, Player Agg PBP, Team Game PBP"
"LC3 FG%","Left Corner 3s FG%","Field goal percentage on left corner 3-pointers.","Percentage","Highest % = 100th","Player Game PBP, Team Agg PBP, Player Agg PBP, Team Game PBP"
"LC3 FGA","Left Corner 3s FGA","Field goal attempts on left corner 3-pointers.","Integer","Highest # = 100th","Player Game PBP, Team Agg PBP, Player Agg PBP, Team Game PBP"
"LC3 FGA/100","Left Corner 3s FGA / 100 Poss","Field goal attempts on left corner 3-pointers per 100 possessions played.","Number","Highest # = 100th","Team Agg PBP"
"LC3 FGA/40","Left Corner 3s FGA / 40 Mins","Field goal attempts on left corner 3-pointers per 40 minutes played.","Number","Highest # = 100th","Team Agg PBP, Player Agg PBP"
"LC3 FGA/G","Left Corner 3s FGA / Game","Field goal attempts on left corner 3-pointers per game.","Number","Highest # = 100th","Team Agg PBP, Player Agg PBP"
"LC3 FGA%","Left Corner 3s FGA%","Percentage of shots taken as left corner 3-pointers.","Percentage","Highest % = 100th","Player Game PBP, Team Agg PBP, Player Agg PBP, Team Game PBP"
"LC3 FGM","Left Corner 3s FGM","Field goals made on left corner 3-pointers.","Integer","Highest # = 100th","Player Game PBP, Team Agg PBP, Player Agg PBP, Team Game PBP"
"LE2 FG%","Left Elbow 2s FG%","Field goal percentage on left elbow 2-pointers.","Percentage","Highest % = 100th","Player Game PBP, Team Agg PBP, Player Agg PBP, Team Game PBP"
"LE2 FGA","Left Elbow 2s FGA","Field goal attempts on left elbow 2-pointers.","Integer","Highest # = 100th","Player Game PBP, Team Agg PBP, Player Agg PBP, Team Game PBP"
"LE2 FGA/100","Left Elbow 2s FGA / 100 Poss","Field goal attempts on left elbow 2-pointers per 100 possessions played.","Number","Highest # = 100th","Team Agg PBP"
"LE2 FGA/40","Left Elbow 2s FGA / 40 Mins","Field goal attempts on left elbow 2-pointers per 40 minutes played.","Number","Highest # = 100th","Team Agg PBP, Player Agg PBP"
"LE2 FGA/G","Left Elbow 2s FGA / Game","Field goal attempts on left elbow 2-pointers per game.","Number","Highest # = 100th","Team Agg PBP, Player Agg PBP"
"LE2 FGA%","Left Elbow 2s FGA%","Percentage of shots taken as left elbow 2-pointers.","Percentage","Highest % = 100th","Player Game PBP, Team Agg PBP, Player Agg PBP, Team Game PBP"
"LE2 FGM","Left Elbow 2s FGM","Field goals made on left elbow 2-pointers.","Integer","Highest # = 100th","Player Game PBP, Team Agg PBP, Player Agg PBP, Team Game PBP"
"L-R FG%","Left - Right FG% Difference","Left side FG% minus Right side FG%. Positive values indicate better shooting from the left side of the court.","Percentage","Highest % = 100th","Player Game PBP, Team Agg PBP, Player Agg PBP, Team Game PBP"
"L-R FGA%","Left - Right FGA% Difference","Left side % of shots minus right side % of shots. Positive values indicate a higher share of attempts from the left side of the court.","Percentage","Highest % = 100th","Player Game PBP, Team Agg PBP, Player Agg PBP, Team Game PBP"
"LW3 FG%","Left Wing 3s FG%","Field goal percentage on left wing 3-pointers.","Percentage","Highest % = 100th","Player Game PBP, Team Agg PBP, Player Agg PBP, Team Game PBP"
"LW3 FGA","Left Wing 3s FGA","Field goal attempts on left wing 3-pointers.","Integer","Highest # = 100th","Player Game PBP, Team Agg PBP, Player Agg PBP, Team Game PBP"
"LW3 FGA/100","Left Wing 3s FGA / 100 Poss","Field goal attempts on left wing 3-pointers per 100 possessions played.","Number","Highest # = 100th","Team Agg PBP"
"LW3 FGA/40","Left Wing 3s FGA / 40 Mins","Field goal attempts on left wing 3-pointers per 40 minutes played.","Number","Highest # = 100th","Team Agg PBP, Player Agg PBP"
"LW3 FGA/G","Left Wing 3s FGA / Game","Field goal attempts on left wing 3-pointers per game.","Number","Highest # = 100th","Team Agg PBP, Player Agg PBP"
"LW3 FGA%","Left Wing 3s FGA%","Percentage of shots taken as left wing 3-pointers.","Percentage","Highest % = 100th","Player Game PBP, Team Agg PBP, Player Agg PBP, Team Game PBP"
"LW3 FGM","Left Wing 3s FGM","Field goals made on left wing 3-pointers.","Integer","Highest # = 100th","Player Game PBP, Team Agg PBP, Player Agg PBP, Team Game PBP"
"LNG2 FG%","Long Distance 2s FG%","Field goal percentage on 15+ foot 2-pointers.","Percentage","Highest % = 100th","Player Game PBP, Team Agg PBP, Player Agg PBP, Team Game PBP"
"LNG2 FGA","Long Distance 2s FGA","Field goal attempts on 15+ foot 2-pointers.","Integer","Highest # = 100th","Player Game PBP, Team Agg PBP, Player Agg PBP, Team Game PBP"
"LNG2 FGA/100","Long Distance 2s FGA / 100 Poss","Field goal attempts on 15+ foot 2-pointers per 100 possessions played.","Number","Highest # = 100th","Team Agg PBP"
"LNG2 FGA/40","Long Distance 2s FGA / 40 Mins","Field goal attempts on 15+ foot 2-pointers per 40 minutes played.","Number","Highest # = 100th","Team Agg PBP, Player Agg PBP"
"LNG2 FGA/G","Long Distance 2s FGA / Game","Field goal attempts on 15+ foot 2-pointers per game.","Number","Highest # = 100th","Team Agg PBP, Player Agg PBP"
"LNG2 FGA%","Long Distance 2s FGA%","Percentage of shots taken as 15+ foot 2-pointers.","Percentage","Highest % = 100th","Player Game PBP, Team Agg PBP, Player Agg PBP, Team Game PBP"
"LNG2 FGM","Long Distance 2s FGM","Field goals made on 15+ foot 2-pointers.","Integer","Highest # = 100th","Player Game PBP, Team Agg PBP, Player Agg PBP, Team Game PBP"
"LNG3 FG%","Long Distance 3s FG%","Field goal percentage on 25+ foot 3-pointers.","Percentage","Highest % = 100th","Player Game PBP, Team Agg PBP, Player Agg PBP, Team Game PBP"
"LNG3 FGA","Long Distance 3s FGA","Field goal attempts on 25+ foot 3-pointers.","Integer","Highest # = 100th","Player Game PBP, Team Agg PBP, Player Agg PBP, Team Game PBP"
"LNG3 FGA/100","Long Distance 3s FGA / 100 Poss","Field goal attempts on 25+ foot 3-pointers per 100 possessions played.","Number","Highest # = 100th","Team Agg PBP"
"LNG3 FGA/40","Long Distance 3s FGA / 40 Mins","Field goal attempts on 25+ foot 3-pointers per 40 minutes played.","Number","Highest # = 100th","Team Agg PBP, Player Agg PBP"
"LNG3 FGA/G","Long Distance 3s FGA / Game","Field goal attempts on 25+ foot 3-pointers per game.","Number","Highest # = 100th","Team Agg PBP, Player Agg PBP"
"LNG3 FGA%","Long Distance 3s FGA%","Percentage of shots taken as 25+ foot 3-pointers.","Percentage","Highest % = 100th","Player Game PBP, Team Agg PBP, Player Agg PBP, Team Game PBP"
"LNG3 FGM","Long Distance 3s FGM","Field goals made on 25+ foot 3-pointers.","Integer","Highest # = 100th","Player Game PBP, Team Agg PBP, Player Agg PBP, Team Game PBP"
"Longest Scoring Run","Longest Scoring Run","The longest sequence of consecutive points scored by a team without the opposing team scoring.","Integer","Highest # = 100th","Team Game"
"Longest Scoring Run Score","Longest Scoring Run Score","The score at the moment when a team had its longest scoring run in the game.","txt","Highest # = 100th","Team Game"
"longestStopRun","longestStopRun","No description available","-","-","Team Agg PBP, Team Game PBP"
"Losses","Losses","The total number of games lost by the team.","Integer","Lowest # = 100th","Player Game PBP, Team Game, Team Agg, Player Game, Team Agg PBP, Team Game PBP"
"LOSS10","Losses Leading by 10","The number of losses by the team where the team led by 10+ points at some point in the game.","Integer","Lowest # = 100th","Team Agg"
"LOSS15","Losses Leading by 15","The number of losses by the team where the team led by 15+ points at some point in the game.","Integer","Lowest # = 100th","Team Agg"
"LOSS20","Losses Leading by 20","The number of losses by the team where the team led by 20+ points at some point in the game.","Integer","Lowest # = 100th","Team Agg"
"LOSS5","Losses Leading by 5","The number of losses by the team where the team led by 5+ points at some point in the game.","Integer","Lowest # = 100th","Team Agg"
"NO LEAD L","Losses Without Leading","The number of losses by the team where the team did not lead at any point in the game.","Integer","Highest # = 100th","Team Agg"
"TOV LOST","Lost Ball Turnover","The total number of turnovers tagged by the scorer as a lost ball turnover by the team.","Integer","Lowest # = 100th","Team Agg PBP, Team Game PBP"
"MED2 FG%","Medium Distance 2s FG%","Field goal percentage on 10-15 foot 2-pointers.","Percentage","Highest % = 100th","Player Game PBP, Team Agg PBP, Player Agg PBP, Team Game PBP"
"MED2 FGA","Medium Distance 2s FGA","Field goal attempts on 10-15 foot 2-pointers.","Integer","Highest # = 100th","Player Game PBP, Team Agg PBP, Player Agg PBP, Team Game PBP"
"MED2 FGA/100","Medium Distance 2s FGA / 100 Poss","Field goal attempts on 10-15 foot 2-pointers per 100 possessions played.","Number","Highest # = 100th","Team Agg PBP"
"MED2 FGA/40","Medium Distance 2s FGA / 40 Mins","Field goal attempts on 10-15 foot 2-pointers per 40 minutes played.","Number","Highest # = 100th","Team Agg PBP, Player Agg PBP"
"MED2 FGA/G","Medium Distance 2s FGA / Game","Field goal attempts on 10-15 foot 2-pointers per game.","Number","Highest # = 100th","Team Agg PBP, Player Agg PBP"
"MED2 FGA%","Medium Distance 2s FGA%","Percentage of shots taken as 10-15 foot 2-pointers.","Percentage","Highest % = 100th","Player Game PBP, Team Agg PBP, Player Agg PBP, Team Game PBP"
"MED2 FGM","Medium Distance 2s FGM","Field goals made on 10-15 foot 2-pointers.","Integer","Highest # = 100th","Player Game PBP, Team Agg PBP, Player Agg PBP, Team Game PBP"
"MID2 FG%","Midrange 2s FG%","Field goal percentage on midrange 2s.","Percentage","Highest % = 100th","Player Game PBP, Team Agg PBP, Player Agg PBP, Lineup, Team Game PBP, On/Off"
"MID2 FG% (0-10s)","Midrange 2s FG% with 0-10 Secs on Shot Clock","Field goal percentage on midrange 2s taken with 0 - 10 seconds remaining on the shot clock.","Percentage","Highest % = 100th","Player Game PBP, Team Agg PBP, Player Agg PBP, Team Game PBP"
"MID2 FG% (10-20s)","Midrange 2s FG% with 10-20 Secs on Shot Clock","Field goal percentage on midrange 2s taken with 10 - 20 seconds remaining on the shot clock.","Percentage","Highest % = 100th","Player Game PBP, Team Agg PBP, Player Agg PBP, Team Game PBP"
"MID2 FG% (20-30s)","Midrange 2s FG% with 20-30 Secs on Shot Clock","Field goal percentage on midrange 2s taken with 20 - 30 seconds remaining on the shot clock.","Percentage","Highest % = 100th","Player Game PBP, Team Agg PBP, Player Agg PBP, Team Game PBP"
"MID2 FGA","Midrange 2s FGA","Field goal attempts on midrange 2s.","Integer","Highest # = 100th","Player Game PBP, Team Agg PBP, Player Agg PBP, Lineup, Team Game PBP, On/Off"
"MID2 FGA (0-10s)","Midrange 2s FGAs with 0-10 Secs on Shot Clock","The total number of field goal attempts on midrange 2s taken with 0 - 10 seconds remaining on the shot clock.","Integer","Highest # = 100th","Player Game PBP, Team Agg PBP, Player Agg PBP, Team Game PBP"
"MID2 FGA (10-20s)","Midrange 2s FGAs with 10-20 Secs on Shot Clock","The total number of field goal attempts on midrange 2s taken with 10 - 20 seconds remaining on the shot clock.","Integer","Highest # = 100th","Player Game PBP, Team Agg PBP, Player Agg PBP, Team Game PBP"
"MID2 FGA (20-30s)","Midrange 2s FGAs with 20-30 Secs on Shot Clock","The total number of field goal attempts on midrange 2s taken with 20 - 30 seconds remaining on the shot clock.","Integer","Highest # = 100th","Player Game PBP, Team Agg PBP, Player Agg PBP, Team Game PBP"
"MID2 FGA/100","Midrange 2s FGA / 100 Poss","Field goal attempts on midrange 2s per 100 possessions played.","Number","Highest # = 100th","Team Agg PBP, Lineup, On/Off"
"MID2 FGA/40","Midrange 2s FGA / 40 Mins","Field goal attempts on midrange 2s per 40 minutes played.","Number","Highest # = 100th","Team Agg PBP, Player Agg PBP, Lineup, On/Off"
"MID2 FGA/G","Midrange 2s FGA / Game","Field goal attempts on midrange 2s per game.","Number","Highest # = 100th","Team Agg PBP, Player Agg PBP"
"MID2 FGA%","Midrange 2s FGA%","Percentage of shots taken as midrange 2s.","Percentage","Highest % = 100th","Player Game PBP, Team Agg PBP, Player Agg PBP, Lineup, Team Game PBP, On/Off"
"MID2 FGA% (0-10s) A","Midrange 2s FGA% (0-10s) % of all shots","Percentage of all shots taken that were midrange 2s with 0 - 10 seconds remaining on the shot clock.","Percentage","Highest % = 100th","Player Game PBP, Team Agg PBP, Player Agg PBP, Team Game PBP"
"MID2 FGA% (0-10s) C","Midrange 2s FGA% (0-10s) % of 0-10s shots","Percentage of all shots taken with 0 - 10 seconds remaining on the shot clock that were midrange 2s.","Percentage","Highest % = 100th","Player Game PBP, Team Agg PBP, Player Agg PBP, Team Game PBP"
"MID2 FGA% (0-10s) Z","Midrange 2s FGA% (0-10s) % of Mid 2s","Percentage of all midrange 2s that were taken with 0 - 10 seconds remaining on the shot clock.","Percentage","Highest % = 100th","Player Game PBP, Team Agg PBP, Player Agg PBP, Team Game PBP"
"MID2 FGA% (10-20s) A","Midrange 2s FGA% (10-20s) % of all shots","Percentage of all shots taken that were midrange 2s with 10 - 20 seconds remaining on the shot clock.","Percentage","Highest % = 100th","Player Game PBP, Team Agg PBP, Player Agg PBP, Team Game PBP"
"MID2 FGA% (10-20s) C","Midrange 2s FGA% (10-20s) % of 10-20s shots","Percentage of all shots taken with 10 - 20 seconds remaining on the shot clock that were midrange 2s.","Percentage","Highest % = 100th","Player Game PBP, Team Agg PBP, Player Agg PBP, Team Game PBP"
"MID2 FGA% (10-20s) Z","Midrange 2s FGA% (10-20s) % of Mid 2s","Percentage of all midrange 2s that were taken with 10 - 20 seconds remaining on the shot clock.","Percentage","Highest % = 100th","Player Game PBP, Team Agg PBP, Player Agg PBP, Team Game PBP"
"MID2 FGA% (20-30s) A","Midrange 2s FGA% (20-30s) % of all shots","Percentage of all shots taken that were midrange 2s with 20 - 30 seconds remaining on the shot clock.","Percentage","Highest % = 100th","Player Game PBP, Team Agg PBP, Player Agg PBP, Team Game PBP"
"MID2 FGA% (20-30s) C","Midrange 2s FGA% (20-30s) % of 20-30s shots","Percentage of all shots taken with 20 - 30 seconds remaining on the shot clock that were midrange 2s.","Percentage","Highest % = 100th","Player Game PBP, Team Agg PBP, Player Agg PBP, Team Game PBP"
"MID2 FGA% (20-30s) Z","Midrange 2s FGA% (20-30s) % of Mid 2s","Percentage of all midrange 2s that were taken with 20 - 30 seconds remaining on the shot clock.","Percentage","Highest % = 100th","Player Game PBP, Team Agg PBP, Player Agg PBP, Team Game PBP"
"MID2 FGM","Midrange 2s FGM","Field goals made on midrange 2s.","Integer","Highest # = 100th","Player Game PBP, Team Agg PBP, Player Agg PBP, Lineup, Team Game PBP, On/Off"
"MID2 FGM (0-10s)","Midrange 2s FGMs with 0-10 Secs on Shot Clock","The total number of field goals made on midrange 2s taken with 0 - 10 seconds remaining on the shot clock.","Integer","Highest # = 100th","Player Game PBP, Team Agg PBP, Player Agg PBP, Team Game PBP"
"MID2 FGM (10-20s)","Midrange 2s FGMs with 10-20 Secs on Shot Clock","The total number of field goals made on midrange 2s taken with 10 - 20 seconds remaining on the shot clock.","Integer","Highest # = 100th","Player Game PBP, Team Agg PBP, Player Agg PBP, Team Game PBP"
"MID2 FGM (20-30s)","Midrange 2s FGMs with 20-30 Secs on Shot Clock","The total number of field goals made on midrange 2s taken with 20 - 30 seconds remaining on the shot clock.","Integer","Highest # = 100th","Player Game PBP, Team Agg PBP, Player Agg PBP, Team Game PBP"
"MID2 ORB CHNC","Midrange 2s Offensive Rebound Chances","The total number of offensive rebounds chances (offensive rebounds grabbed plus opponent defensive rebounds) on the team's missed midrange 2s.","Integer","Highest # = 100th","Team Agg PBP, Team Game PBP"
"MID2 ORB%","Midrange 2s Offensive Rebounding Percentage","Percentage of the team's missed midrange 2s that were offensive rebounded by the team.","Percentage","Highest % = 100th","Team Agg PBP, Team Game PBP"
"MID2 ORB","Midrange 2s Offensive Rebounds","The total number of offensive rebounds grabbed on the team's missed midrange 2s.","Integer","Highest # = 100th","Team Agg PBP, Team Game PBP"
"MID2 REB CHNC","Midrange 2s Rebound Chances","The total number of rebounds chances (rebounds grabbed plus opponent rebounds) on the team's and opponent's missed midrange 2s.","Integer","Highest # = 100th","Team Agg PBP, Team Game PBP"
"MID2 REB%","Midrange 2s Rebounding Percentage","Percentage of the team's and opponent's missed midrange 2s that were rebounded by the team.","Percentage","Highest % = 100th","Team Agg PBP, Team Game PBP"
"PAINT2 REB%","Paint 2s Rebounding Percentage","Percentage of the team's and opponent's missed shots in the paint (but not at the rim) that were rebounded by the team.","Percentage","Highest % = 100th","Team Agg PBP, Team Game PBP"
"MID2 REB","Midrange 2s Rebounds","The total number of rebounds grabbed on the team's and opponent's missed midrange 2s.","Integer","Highest # = 100th","Team Agg PBP, Team Game PBP"
"MID2 ASTD%","Midrange Assisted Pct","The percentage of shots made from the midrange that were assisted.","Percentage","Highest % = 100th","Player Game PBP, Team Agg PBP, Player Agg PBP, Team Game PBP"
"MID2 AST","Midrange Assists","The total number of assists where the shooter scored from the midrange.","Integer","Highest # = 100th","Player Game PBP, Player Agg PBP"
"MID2 AST/40","Midrange Assists / 40 Mins","The total number of assists per 40 minutes where the shooter scored from the midrange.","Number","Highest # = 100th","Player Game PBP, Player Agg PBP"
"MID2 AST/G","Midrange Assists / Game","The total number of assists per game where the shooter scored from the midrange.","Number","Highest # = 100th","Player Agg PBP"
"MID2 DRB CHNC","Midrange Defensive Rebound Chances","The total number of defensive rebounds chances (defensive rebounds grabbed plus opponent offensive rebounds) on opponent's missed midrange 2s.","Integer","Highest # = 100th","Team Agg PBP, Team Game PBP"
"MID2 DRB%","Midrange Defensive Rebounding Percentage","Percentage of the opponent's missed midrange 2s that were defensive rebounded by the team.","Percentage","Highest % = 100th","Team Agg PBP, Team Game PBP"
"MID2 DRB","Midrange Defensive Rebounds","The total number of defensive rebounds grabbed on opponent's missed midrange 2s.","Integer","Highest # = 100th","Team Agg PBP, Team Game PBP"
"Ht-Known Mins","Current Mins for Players with Known Height","Sum of current-season minutes played by players whose height is on file. Used as the denominator for the team's minutes-weighted average height.","Integer","Highest # = 100th","Team Game, Team Agg"
"MP Leading","Minutes Played Leading","Total minutes the team played while leading by any amount.","Number","Highest # = 100th","Team Agg PBP, Team Game PBP"
"MP Lead 1-9","Minutes Played Leading by 1-9 Pts","Total minutes the team played while leading by 1-9 points.","Number","Highest # = 100th","Team Agg PBP, Team Game PBP"
"MP Lead 10-19","Minutes Played Leading by 10-19 Pts","Total minutes the team played while leading by 10-19 points.","Number","Highest # = 100th","Team Agg PBP, Team Game PBP"
"MP Lead 20+","Minutes Played Leading by 20+ Pts","Total minutes the team played while leading by 20 or more points.","Number","Highest # = 100th","Team Agg PBP, Team Game PBP"
"MP Tied","Minutes Played While Tied","Total minutes the team played while tied with the opponent.","Number","Highest # = 100th","Team Agg PBP, Team Game PBP"
"MP Trailing","Minutes Played Trailing","Total minutes the team played while trailing by any amount.","Number","Lowest # = 100th","Team Agg PBP, Team Game PBP"
"MP Trail 1-9","Minutes Played Trailing by 1-9 Pts","Total minutes the team played while trailing by 1-9 points.","Number","Lowest # = 100th","Team Agg PBP, Team Game PBP"
"MP Trail 10-19","Minutes Played Trailing by 10-19 Pts","Total minutes the team played while trailing by 10-19 points.","Number","Lowest # = 100th","Team Agg PBP, Team Game PBP"
"MP Trail 20+","Minutes Played Trailing by 20+ Pts","Total minutes the team played while trailing by 20 or more points.","Number","Lowest # = 100th","Team Agg PBP, Team Game PBP"
"IN POSS","Minutes with Possession","Number of minutes when the team is with possession. Due to minutes where neither team is in possession, team minutes + opponent minutes in possession do not add up to total game minutes.","Number","Highest # = 100th","Team Agg PBP, Team Game PBP"
"IN POSS/G","Minutes with Possession / Game","Number of minutes when the team is with possession, per game. Due to minutes where neither team is in possession, team minutes + opponent minutes in possession do not add up to total game minutes.","Number","Highest # = 100th","Team Agg PBP"
"OUT POSS","Minutes without Possession","Number of minutes when the opposing team is with possession. Due to minutes where neither team is in possession, team minutes + opponent minutes in possession do not add up to total game minutes.","Number","Lowest # = 100th","Team Agg PBP, Team Game PBP"
"OUT POSS/G","Minutes without Possession / Game","Number of minutes when the opposing team is with possession, per game. Due to minutes where neither team is in possession, team minutes + opponent minutes in possession do not add up to total game minutes.","Number","Lowest # = 100th","Team Agg PBP"
"minsCutoffPctile","minsCutoffPctile","No description available","-","-","On/Off"
"minsP40","minsP40","No description available","-","-","Player Agg"
"MINS/G","Minutes / Game","The number of minutes played per game.","Number","Highest # = 100th","Player Agg"
"Mins Continuity%","Minutes Continuity Percentage","For each player, the smaller of last year's minute share and this year's minute share, summed across the roster. Scores near 100 when the same players play the same minutes per game; near 0 when starters turned over. The best continuity metric available: it rewards keeping rotation roles intact, not just keeping the same bodies.","Percentage","Highest % = 100th","Team Agg"
"Off","Minutes Off Court","The total number of team minutes played with the player off-court.","Integer","Highest # = 100th","On/Off"
"On","Minutes On Court","The total number of team minutes played with the player on-court.","Integer","Highest # = 100th","On/Off"
"MINS","Minutes Played","The total number of minutes played by the player.","Integer","Highest # = 100th","Team Game, Player Agg, Team Agg, Player Game"
"MINS PBP","Minutes Played (PBP)","The total number of minutes played by the player in games tagged using the NCAA's LiveStats system. LiveStats feeds every play-by-play stat across the site - games tagged by older systems (StatCrew, PrestoSports) are omitted since their PBP data lacks details we need.","Integer","Highest # = 100th","Player Game PBP, Team Game, Player Agg, Team Agg, Team Agg PBP, Player Agg PBP, Lineup, Team Game PBP, On/Off"
"Pct","Percent of Team Minutes Played","The percentage of team minutes played with the player on-court.","Percentage","Highest % = 100th","On/Off"
"Name 1","Player Name 1","No description available","-","-","Lineup"
"Name 2","Player Name 2","No description available","-","-","Lineup"
"Name 3","Player Name 3","No description available","-","-","Lineup"
"Name 4","Player Name 4","No description available","-","-","Lineup"
"Name 5","Player Name 5","No description available","-","-","Lineup"
"3PAr**NBA","NBA Three Point Attempt Rate","Percentage of the player's field goal attempts that were NBA-distance 3-point field goal attempts.","Percentage","Highest % = 100th","Player Game PBP, Team Agg PBP, Player Agg PBP, Team Game PBP"
"3PA**NBA","NBA 3-Point Field Goal Attempts","The total number of NBA-distance 3-point field goal attempts taken.","Integer","Highest # = 100th","Player Game PBP, Team Agg PBP, Player Agg PBP, Team Game PBP"
"3P%**NBA","NBA 3-Point Percentage","Percentage of the player's NBA-distance 3-point field goal attempts that were made.","Percentage","Highest % = 100th","Player Game PBP, Team Agg PBP, Player Agg PBP, Team Game PBP"
"3PM**NBA","NBA 3-Point Field Goals Made","The total number of NBA-distance 3-point field goals made.","Integer","Highest # = 100th","Player Game PBP, Team Agg PBP, Player Agg PBP, Team Game PBP"
"3PA%**NBA","NBA 3PAs as a percent of all 3PAs","Percentage of the player's 3-point attempts that were NBA-distance 3-point field goal attempts.","Percentage","Highest % = 100th","Player Game PBP, Team Agg PBP, Player Agg PBP, Team Game PBP"
"NET Ranking","NCAA Net Ranking","The NCAA's Official NET Ranking metric.","Integer","Lowest # = 100th","Team Agg, Team Agg PBP"
"Net Rtg","Net Rating","Measures the team's point differential (points scored - points allowed) per 100 possessions.","Number","Highest # = 100th","Team Game, Team Agg, Lineup, On/Off"
"Net Rtg**Adj","Net Rating (Adj for opponent)","The team's net rating, taking into account an adjustment based on the average Net Rating allowed by the team's opponents throughout the season.","Number","Highest # = 100th","Team Agg"
"netRankAgst","netRankAgst","No description available","-","-","Player Game PBP, Team Game, Player Game, Team Game PBP"
"nextCompetitionId","nextCompetitionId","No description available","-","-","Player Agg, Player Agg PBP"
"nextTeamId","nextTeamId","No description available","-","-","Player Agg, Player Agg PBP"
"ORB%","Offensive Rebound Percentage","An estimate of the percentage of available offensive rebounds a player grabbed while he was on the floor.","Percentage","Highest % = 100th","Player Game PBP, Team Game, Player Agg, Team Agg, Player Game, Lineup, On/Off"
"ORB%**Adj","Adjusted Offensive Rebound Percentage","The team's offensive rebound percentage, taking into account an adjustment based on the average ORB% allowed by the team's opponents throughout the season.","Percentage","Highest % = 100th","Team Agg"
"TOV OFFENSIVE","Offensive Foul Turnover","The total number of turnovers tagged by the scorer as an offensive foul turnover by the team.","Integer","Lowest # = 100th","Team Agg PBP, Team Game PBP"
"OPF","Offensive Personal Fouls","The total number of offensive personal fouls committed.","Integer","Lowest # = 100th","Player Game PBP, Team Game, Player Agg, Team Agg, Player Game, Team Agg PBP, Player Agg PBP, Lineup, Team Game PBP, On/Off"
"OPFD","Offensive Personal Fouls Drawn","The total number of offensive personal fouls drawn by the player.","Integer","Highest # = 100th","Player Game PBP, Team Agg PBP, Player Agg PBP, Team Game PBP"
"Player ORtg","Individual Offensive Player Rating","Individual offensive player rating (iORtg) is an all-in-one metric developed by Dean Oliver in his 2004 book Basketball on Paper. In Oliver's words, individual offensive rating is the number of points produced by a player per hundred total individual possessions, or in other words, how many points a player is likely to generate when he tries. iORtg is computed using box score statistics only, and therefore does not account for who the player is playing with or against. The equation for iORtg can be found at https://www.basketball-reference.com/about/ratings.html","Number","Highest # = 100th","Player Agg"
"ORAPM","Offensive RAPM","Offensive RAPM (ORAPM) is an all-in-one metric we've developed internally here at CBB Analytics. ORAPM incorporates both a player's individual box score statistics as well as their on-court play-by-play impact, which means ORAPM is able to account for who the player is playing with and against. ORAPM can be interpreted as a player's impact on their team's points scored per 100 possessions above the division average. ORAPM is similar to the offensive components of all-in-one statistics developed for the NBA such as RPM, EPM, and LEBRON.","Number","Highest # = 100th","Player Agg"
"ORtg","Offensive Rating","Points scored per 100 possessions by the team.","Number","Highest # = 100th","Team Game, Team Agg, Lineup, On/Off"
"ORtg**Adj","Adjusted Offensive Rating","The team's offensive rating, taking into account an adjustment based on the average offensive rating allowed by the team's opponents throughout the season.","Number","Highest # = 100th","Team Agg"
"ORB","Offensive Rebounds","The total number of offensive rebounds.","Integer","Highest # = 100th","Player Game PBP, Team Game, Player Agg, Team Agg, Player Game, Team Agg PBP, Player Agg PBP, Lineup, Team Game PBP, On/Off"
"OWS","Offensive Win Shares","Offensive Win Shares (OWS) is an all-in-one metric originally developed by Bill James for baseball, and adapted by Justin Kubatko (basketball-reference) for use in basketball. OWS attempts to divvy up credit for team success on offense to the individuals on the team, by estimating the number of possessions a player used over the year and the number of points produced from those possessions, which are then converted into the number of wins the player has contributed to their team. OWS is computed using box score statistics only, and therefore does not account for who the player is playing with or against. The equation for OWS can be found at https://www.sports-reference.com/cbb/about/ws.html","Number","Highest # = 100th","Player Agg"
"OWS/40","Offensive Win Shares / 40 Mins","Offensive Win Shares (OWS) generated per 40 minutes. The equation for OWS can be found at https://www.sports-reference.com/cbb/about/ws.html","num2","Highest # = 100th","Player Agg"
"oFirstChnc","oFirstChnc","No description available","-","-","Team Agg PBP, Team Game PBP"
"OOB CHLG%","Out of Bounds Challenge Success Percentage","Percentage of coach challenges on out-of-bounds calls that were successful.","Percentage","Highest % = 100th","Team Agg PBP, Team Game PBP"
"oPbkChnc","oPbkChnc","No description available","-","-","Team Agg PBP, Team Game PBP"
"OPFD/100","Offensive Personal Fouls Drawn / 100 Poss","The total number of offensive personal fouls drawn by the player, per 100 possessions played.","Number","Highest # = 100th","Team Agg PBP"
"OPFD/40","Offensive Personal Fouls Drawn / 40 Mins","The total number of offensive personal fouls drawn by the player, per 40 minutes played.","Number","Highest # = 100th","Team Agg PBP, Player Agg PBP"
"OPFD/G","Offensive Personal Fouls Drawn / Game","The total number of offensive personal fouls drawn by the player, per game.","Number","Highest # = 100th","Team Agg PBP, Player Agg PBP"
"OPFD%","Offensive Personal Fouls Drawn Percentage","The percentage of defensive possessions with an offensive personal foul drawn by the player.","Percentage","Highest % = 100th","Player Game PBP, Team Agg PBP, Player Agg PBP, Team Game PBP"
"OPF%","Offensive Personal Fouls Percentage","The percentage of possessions with an offensive personal foul committed.","Percentage","Lowest % = 100th","Player Game PBP, Team Agg PBP, Player Agg PBP, Team Game PBP"
"OPF/100","Offensive Personal Fouls / 100 Poss","An estimate of the number of offensive personal fouls committed per 100 possessions played.","Number","Lowest # = 100th","Team Agg, Team Agg PBP, Lineup, On/Off"
"OPF/40","Offensive Personal Fouls / 40 Mins","The number of offensive personal fouls committed per 40 minutes played.","Number","Lowest # = 100th","Player Agg, Team Agg, Team Agg PBP, Player Agg PBP, Lineup, On/Off"
"OPF/G","Offensive Personal Fouls / Game","The number of offensive personal fouls committed per game.","Number","Lowest # = 100th","Player Agg, Team Agg, Team Agg PBP, Player Agg PBP"
"oPoss","oPoss","No description available","-","-","Player Game PBP, Team Game, Team Agg, Team Agg PBP, Player Agg PBP, Lineup, Team Game PBP"
"2PA AGST","Opponent 2-Point Field Goal Attempts","The total number of 2-point field goal attempts taken by the opponent.","Integer","Lowest # = 100th","Team Game, Team Agg"
"2PM AGST","Opponent 2-Point Field Goals Made","The total number of 2-point field goals made by the opponent.","Integer","Lowest # = 100th","Team Game, Team Agg, Lineup, On/Off"
"SCP AGST","Opponent 2nd Chance Points","The total number of second chance points by the opponent.","Integer","Lowest # = 100th","Team Game, Team Agg"
"3PM AGST","Opponent 3-Point Field Goals Made","The total number of 3-point field goals made by the opponent.","Integer","Lowest # = 100th","Team Game, Team Agg, Lineup, On/Off"
"DRB AGST","Opponent Defensive Rebounds","The total number of defensive rebounds grabbed by the opponent.","Integer","Lowest # = 100th","Team Game, Player Agg, Team Agg, Player Game, Lineup, On/Off"
"eFG% Agst","Opponent's Effective Field Goal Percentage","The opponent's field goal percentage taking into account the additional point from 3s.","Percentage","Lowest % = 100th","Team Game, Team Agg"
"FBP AGST","Opponent Fast Break Points","The total number of fast break points scored by the opponent.","Integer","Lowest # = 100th","Team Game, Team Agg"
"FGA AGST","Opponent Field Goal Attempts","The total number of field goal attempts taken by the opponent.","Integer","Lowest # = 100th","Team Game, Player Agg, Team Agg, Player Game, Lineup, On/Off"
"FGM AGST","Opponent Field Goals Made","The total number of field goals made by the opponent.","Integer","Lowest # = 100th","Team Game, Team Agg, Player Game, Lineup"
"FTA AGST","Opponent Free Throw Attempts","The total number of free throw attempts taken by the opponent.","Integer","Lowest # = 100th","Team Game, Team Agg, Player Game, Lineup"
"FTM AGST","Opponent Free Throws Made","The total number of free throws made by the opponent.","Integer","Lowest # = 100th","Team Game, Team Agg, Lineup, On/Off"
"ORB AGST","Opponent Offensive Rebounds","The total number of offensive rebounds grabbed by the opponent.","Integer","Lowest # = 100th","Team Game, Player Agg, Team Agg, Player Game, Lineup, On/Off"
"PITP AGST","Opponent Points In The Paint","The total number of points scored in the paint by the opponent.","Integer","Lowest # = 100th","Team Game, Team Agg"
"POTOV AGST","Opponent Points Off Turnovers","The total number of points off turnovers by the opponent.","Integer","Lowest # = 100th","Team Game, Team Agg"
"REB AGST","Opponent Rebounds","The total number of rebounds grabbed by the opponent.","Integer","Lowest # = 100th","Team Game, Player Agg, Team Agg, Player Game"
"TOV AGST","Opponent Turnovers","The total number of turnovers by the opponent.","Integer","Highest # = 100th","Team Game, Team Agg, Player Game, Lineup"
"FTA Rate Agst","Opponent's Free Throw Attempt Rate","A player's free throw attempts as a percentage of their field goal attempts.","Percentage","Lowest % = 100th","Team Game, Team Agg"
"ORB% Agst","Opponent's Offensive Rebound Percentage","An estimate of the percentage of available offensive rebounds a player grabbed while he was on the floor.","Percentage","Lowest % = 100th","Team Game, Team Agg"
"TOV% Agst","Opponent's Turnover Percentage","The percentage of possessions used by the player that ends in a turnover.","Percentage","Highest % = 100th","Team Game, Team Agg"
"teamMarketAgst","Opposing Team Market","No description available","-","-","Player Game PBP, Team Game, Player Game, Team Game PBP"
"ORBTV DIFF","Team ORBs, TOVs Forced - Opponent ORBs, TOVs Forced","The number of offensive rebounds plus turnovers forced by the team minus the number of rebounds plus turnovers forced by the opposing team.","Integer","Highest # = 100th","Team Game, Team Agg"
"ORB CHNC","ORB Chances","Total number of offensive rebounds plus opponent defensive rebounds.","Integer","Highest # = 100th","Lineup"
"ORBFG CHNC","ORB Chances off FGs","Total number of offensive rebound opportunities (offensive rebounds plus opponent defensive rebounds) off missed field goals.","Integer","Highest # = 100th","Player Game PBP, Team Agg PBP, Player Agg PBP, Team Game PBP"
"ORBFT CHNC","ORB Chances off FTs","Total number of offensive rebound opportunities (offensive rebounds plus opponent defensive rebounds) off missed free throws.","Integer","Highest # = 100th","Player Game PBP, Team Agg PBP, Player Agg PBP, Team Game PBP"
"ORB DIFF","Offensive Rebound Differential","How many more or fewer offensive rebounds the team had compared to their opponent.","Integer","Highest # = 100th","Team Game, Team Agg"
"ORBFG","ORB off FGs","Total number of offensive rebounds (offensive rebounds plus opponent defensive rebounds) off missed field goals.","Integer","Highest # = 100th","Player Game PBP, Team Agg PBP, Player Agg PBP, Team Game PBP"
"ORBFG/100","ORB off FGs / 100 Poss","The number of offensive rebounds per 100 possessions (offensive rebounds plus opponent defensive rebounds) off missed field goals.","Number","Highest # = 100th","Team Agg PBP"
"ORBFG/40","ORB off FGs / 40 Mins","The number of offensive rebounds per 40 minutes (offensive rebounds plus opponent defensive rebounds) off missed field goals.","Number","Highest # = 100th","Team Agg PBP, Player Agg PBP"
"ORBFG/G","ORB off FGs / Game","The number of offensive rebounds per game (offensive rebounds plus opponent defensive rebounds) off missed field goals.","Number","Highest # = 100th","Team Agg PBP, Player Agg PBP"
"ORBFT","ORB off FTs","Total number of offensive rebounds (offensive rebounds plus opponent defensive rebounds) off missed free throws.","Integer","Highest # = 100th","Player Game PBP, Team Agg PBP, Player Agg PBP, Team Game PBP"
"ORBFT/100","ORB off FTs / 100 Poss","The number of offensive rebounds per 100 possessions (offensive rebounds plus opponent defensive rebounds) off missed free throws.","Number","Highest # = 100th","Team Agg PBP"
"ORBFT/40","ORB off FTs / 40 Mins","The number of offensive rebounds per 40 minutes (offensive rebounds plus opponent defensive rebounds) off missed free throws.","Number","Highest # = 100th","Team Agg PBP, Player Agg PBP"
"ORBFT/G","ORB off FTs / Game","The number of offensive rebounds per game (offensive rebounds plus opponent defensive rebounds) off missed free throws.","Number","Highest # = 100th","Team Agg PBP, Player Agg PBP"
"ORBFG%","Offensive Rebound Percentage on missed FGs","The percentage of team's missed field goals a player grabbed while he was on the floor.","Percentage","Highest % = 100th","Player Game PBP, Team Agg PBP, Player Agg PBP, Team Game PBP"
"ORBFT%","Offensive Rebound % on missed FTs","The percentage of team's missed free throws a player grabbed while he was on the floor.","Percentage","Highest % = 100th","Player Game PBP, Team Agg PBP, Player Agg PBP, Team Game PBP"
"orbTm","orbTm","No description available","-","-","Player Agg, Player Game"
"ORB/100","Offensive Rebounds / 100 Poss","An estimate of the number of offensive rebounds per 100 possessions played.","Number","Highest # = 100th","Team Agg, Lineup, On/Off"
"ORB/40","Offensive Rebounds / 40 Mins","The number of offensive rebounds per 40 minutes played.","Number","Highest # = 100th","Player Agg, Team Agg, Lineup, On/Off"
"ORB/G","Offensive Rebounds / Game","The number of offensive rebounds per game.","Number","Highest # = 100th","Player Agg, Team Agg"
"oSecsFirstChnc","oSecsFirstChnc","No description available","-","-","Team Agg PBP, Team Game PBP"
"oSecsPbkChnc","oSecsPbkChnc","No description available","-","-","Team Agg PBP, Team Game PBP"
"SECS POSS","oSecsPoss","No description available","Number","Lowest # = 100th","Team Agg PBP, Team Game PBP"
"TOV OTHER","Other Turnovers","The total number of turnovers tagged by the scorer as some other turnover type (lane violation, offensive goal tending, other) by the team.","Integer","Lowest # = 100th","Team Agg PBP, Team Game PBP"
"TOV OOB","Out of Bounds","The total number of turnovers tagged by the scorer as an out of bounds turnover by the team.","Integer","Lowest # = 100th","Team Agg PBP, Team Game PBP"
"OOB Challenge","Out of Bounds Challenges","Total number of head coach challenges used on out-of-bounds calls (which team last touched the ball before it went out).","Integer","Highest # = 100th","Team Agg PBP, Team Game PBP"
"Pace","Pace","An estimate of the number of team possessions per 40 minutes.","Number","Highest # = 100th","Team Game, Team Agg, Lineup, On/Off"
"Pace**Adj","Adjusted Pace","The team's pace, taking into account an adjustment based on the average pace by the team's opponents throughout the season.","Number","Highest # = 100th","Team Agg"
"paceLg","paceLg","No description available","-","-","Player Agg"
"paceTm","paceTm","No description available","-","-","Player Agg"
"PAINT2 FG%","In The Paint 2s FG%","Field goal percentage on shots taken in the paint (but not at the rim).","Percentage","Highest % = 100th","Player Game PBP, Team Agg PBP, Player Agg PBP, Lineup, Team Game PBP, On/Off"
"PAINT2 FG% (0-10s)","In The Paint 2s FG% with 0-10 Secs on Shot Clock","Field goal percentage on shots taken in the paint (but not at the rim) with 0 - 10 seconds remaining on the shot clock.","Percentage","Highest % = 100th","Player Game PBP, Team Agg PBP, Player Agg PBP, Team Game PBP"
"PAINT2 FG% (10-20s)","In The Paint 2s FG% with 10-20 Secs on Shot Clock","Field goal percentage on shots taken in the paint (but not at the rim) with 10 - 20 seconds remaining on the shot clock.","Percentage","Highest % = 100th","Player Game PBP, Team Agg PBP, Player Agg PBP, Team Game PBP"
"PAINT2 FG% (20-30s)","In The Paint 2s FG% with 20-30 Secs on Shot Clock","Field goal percentage on shots taken in the paint (but not at the rim) with 20 - 30 seconds remaining on the shot clock.","Percentage","Highest % = 100th","Player Game PBP, Team Agg PBP, Player Agg PBP, Team Game PBP"
"PAINT2 FGA","In The Paint 2s FGA","The total number of field goal attempts on shots taken in the paint (but not at the rim).","Integer","Highest # = 100th","Player Game PBP, Team Agg PBP, Player Agg PBP, Lineup, Team Game PBP, On/Off"
"PAINT2 FGA (0-10s)","In The Paint 2s FGAs with 0-10 Secs on Shot Clock","The total number of field goal attempts on shots taken in the paint (but not at the rim) with 0 - 10 seconds remaining on the shot clock.","Integer","Highest # = 100th","Player Game PBP, Team Agg PBP, Player Agg PBP, Team Game PBP"
"PAINT2 FGA (10-20s)","In The Paint 2s FGAs with 10-20 Secs on Shot Clock","The total number of field goal attempts on shots taken in the paint (but not at the rim) with 10 - 20 seconds remaining on the shot clock.","Integer","Highest # = 100th","Player Game PBP, Team Agg PBP, Player Agg PBP, Team Game PBP"
"PAINT2 FGA (20-30s)","In The Paint 2s FGAs with 20-30 Secs on Shot Clock","The total number of field goal attempts on shots taken in the paint (but not at the rim) with 20 - 30 seconds remaining on the shot clock.","Integer","Highest # = 100th","Player Game PBP, Team Agg PBP, Player Agg PBP, Team Game PBP"
"PAINT2 FGA/100","In The Paint 2s FGA / 100 Poss","Field goal attempts on shots taken in the paint (but not at the rim) per 100 possessions played.","Number","Highest # = 100th","Team Agg PBP, Lineup, On/Off"
"PAINT2 FGA/40","In The Paint 2s FGA / 40 Mins","Field goal attempts on shots taken in the paint (but not at the rim) per 40 minutes played.","Number","Highest # = 100th","Team Agg PBP, Player Agg PBP, Lineup, On/Off"
"PAINT2 FGA/G","In The Paint 2s FGA / Game","Field goal attempts on shots taken in the paint (but not at the rim) per game.","Number","Highest # = 100th","Team Agg PBP, Player Agg PBP"
"PAINT2 FGA%","In The Paint 2s FGA%","Percentage of shots taken in the paint (not at the rim).","Percentage","Highest % = 100th","Player Game PBP, Team Agg PBP, Player Agg PBP, Lineup, Team Game PBP, On/Off"
"PAINT2 FGA% (0-10s) A","Paint 2s FGA% (0-10s) % of all shots","Percentage of all shots taken that were in the paint (but not at the rim) with 0 - 10 seconds remaining on the shot clock.","Percentage","Highest % = 100th","Player Game PBP, Team Agg PBP, Player Agg PBP, Team Game PBP"
"PAINT2 FGA% (0-10s) C","Paint 2s FGA% (0-10s) % of 0-10s shots","Percentage of all shots taken with 0 - 10 seconds remaining on the shot clock that were in the paint (but not at the rim).","Percentage","Highest % = 100th","Player Game PBP, Team Agg PBP, Player Agg PBP, Team Game PBP"
"PAINT2 FGA% (0-10s) Z","Paint 2s FGA% (0-10s) % of Paint 2s","Percentage of all shots in the paint (but not at the rim) that were taken with 0 - 10 seconds remaining on the shot clock.","Percentage","Highest % = 100th","Player Game PBP, Team Agg PBP, Player Agg PBP, Team Game PBP"
"PAINT2 FGA% (10-20s) A","Paint 2s FGA% (10-20s) % of all shots","Percentage of all shots taken that were in the paint (but not at the rim) with 10 - 20 seconds remaining on the shot clock.","Percentage","Highest % = 100th","Player Game PBP, Team Agg PBP, Player Agg PBP, Team Game PBP"
"PAINT2 FGA% (10-20s) C","Paint 2s FGA% (10-20s) % of 10-20s shots","Percentage of all shots taken with 10 - 20 seconds remaining on the shot clock that were in the paint (but not at the rim).","Percentage","Highest % = 100th","Player Game PBP, Team Agg PBP, Player Agg PBP, Team Game PBP"
"PAINT2 FGA% (10-20s) Z","Paint 2s FGA% (10-20s) % of Paint 2s","Percentage of all shots in the paint (but not at the rim) that were taken with 10 - 20 seconds remaining on the shot clock.","Percentage","Highest % = 100th","Player Game PBP, Team Agg PBP, Player Agg PBP, Team Game PBP"
"PAINT2 FGA% (20-30s) A","Paint 2s FGA% (20-30s) % of all shots","Percentage of all shots taken that were in the paint (but not at the rim) with 20 - 30 seconds remaining on the shot clock.","Percentage","Highest % = 100th","Player Game PBP, Team Agg PBP, Player Agg PBP, Team Game PBP"
"PAINT2 FGA% (20-30s) C","Paint 2s FGA% (20-30s) % of 20-30s shots","Percentage of all shots taken with 20 - 30 seconds remaining on the shot clock that were in the paint (but not at the rim).","Percentage","Highest % = 100th","Player Game PBP, Team Agg PBP, Player Agg PBP, Team Game PBP"
"PAINT2 FGA% (20-30s) Z","Paint 2s FGA% (20-30s) % of Paint 2s","Percentage of all shots in the paint (but not at the rim) that were taken with 20 - 30 seconds remaining on the shot clock.","Percentage","Highest % = 100th","Player Game PBP, Team Agg PBP, Player Agg PBP, Team Game PBP"
"PAINT2 FGM","In The Paint 2s FGM","The total number of field goals made on shots taken in the paint (but not at the rim).","Integer","Highest # = 100th","Player Game PBP, Team Agg PBP, Player Agg PBP, Lineup, Team Game PBP, On/Off"
"PAINT2 FGM (0-10s)","In The Paint 2s FGMs with 0-10 Secs on Shot Clock","The total number of field goals made on shots taken in the paint (but not at the rim) with 0 - 10 seconds remaining on the shot clock.","Integer","Highest # = 100th","Player Game PBP, Team Agg PBP, Player Agg PBP, Team Game PBP"
"PAINT2 FGM (10-20s)","In The Paint 2s FGMs with 10-20 Secs on Shot Clock","The total number of field goals made on shots taken in the paint (but not at the rim) with 10 - 20 seconds remaining on the shot clock.","Integer","Highest # = 100th","Player Game PBP, Team Agg PBP, Player Agg PBP, Team Game PBP"
"PAINT2 FGM (20-30s)","In The Paint 2s FGMs with 20-30 Secs on Shot Clock","The total number of field goals made on shots taken in the paint (but not at the rim) with 20 - 30 seconds remaining on the shot clock.","Integer","Highest # = 100th","Player Game PBP, Team Agg PBP, Player Agg PBP, Team Game PBP"
"PAINT2 ORB CHNC","In The Paint 2s Offensive Rebound Chances","The total number of offensive rebounds chances (offensive rebounds grabbed plus opponent defensive rebounds) on the team's missed shots in the paint (but not at the rim).","Integer","Highest # = 100th","Team Agg PBP, Team Game PBP"
"PAINT2 ORB%","In The Paint 2s Offensive Rebounding Percentage","Percentage of the team's missed shots in the paint (but not at the rim) that were offensive rebounded by the team.","Percentage","Highest % = 100th","Team Agg PBP, Team Game PBP"
"PAINT2 ORB","In The Paint 2s Offensive Rebounds","The total number of offensive rebounds grabbed on the team's missed shots in the paint (but not at the rim).","Integer","Highest # = 100th","Team Agg PBP, Team Game PBP"
"PAINT2 REB CHNC","Paint 2s Rebound Chances","The total number of rebounds chances (rebounds grabbed plus opponent rebounds) on the team's and opponent's missed shots in the paint (but not at the rim).","Integer","Highest # = 100th","Team Agg PBP, Team Game PBP"
"PAINT2 REB","Paint 2s Rebounds","The total number of rebounds grabbed on the team's and opponent's missed shots in the paint (but not at the rim).","Integer","Highest # = 100th","Team Agg PBP, Team Game PBP"
"PITP PTS/100","Points In The Paint / 100 Poss","An estimate of the number of points in the paint per 100 possessions played.","Number","Highest # = 100th","Team Agg"
"PITP PTS/40","Points In The Paint / 40 Mins","The number of points in the paint per 40 minutes played.","Number","Highest # = 100th","Player Agg, Team Agg"
"PITP PTS/G","Points In The Paint / Game","The number of points in the paint per game.","Number","Highest # = 100th","Player Agg, Team Agg"
"PITP DIFF","Points In The Paint Differential","How many more or fewer points in the paint the team scored compared to their opponent.","Integer","Highest # = 100th","Team Game, Team Agg"
"PAINT2 uFGM","paint2FgmU","No description available","-","-","Player Game PBP, Team Agg PBP, Player Agg PBP, Team Game PBP"
"Returner Rotation%","Returner Rotation Percentage","Share of this season's minutes played by returners (players who were also on last year's roster).","Percentage","Highest % = 100th","Team Agg"
"period","Period","No description available","-","-","Player Game PBP, Team Game, Player Game, Team Game PBP"
"PF","Personal Fouls","The total number of personal fouls committed.","Integer","Lowest # = 100th","Player Game PBP, Team Game, Player Agg, Team Agg, Player Game, Team Agg PBP, Player Agg PBP, Lineup, Team Game PBP, On/Off"
"PFD","Personal Fouls Drawn","The total number of personal fouls drawn.","Integer","Highest # = 100th","Player Game PBP, Team Game, Player Agg, Team Agg, Player Game, Team Agg PBP, Player Agg PBP, Lineup, Team Game PBP, On/Off"
"PFD/100","Personal Fouls Drawn / 100 Poss","An estimate of the number of personal fouls drawn per 100 possessions played.","Number","Highest # = 100th","Team Game, Team Agg, Player Game, Lineup, On/Off"
"PFD/40","Personal Fouls Drawn / 40 Mins","The number of personal fouls drawn per 40 minutes played.","Number","Highest # = 100th","Player Agg, Team Agg, Lineup, On/Off"
"PFD/FGA","PF Drawn / FGA","The ratio of personal fouls drawn to field goal attempts by the player.","Ratio","Highest # = 100th","Player Agg"
"PFD/G","Personal Fouls Drawn / Game","The number of personal fouls drawn per game.","Number","Highest # = 100th","Player Agg, Team Agg"
"PF Eff","Personal Foul Efficiency","The ratio of steals + blocks to personal fouls committed by the player.","Ratio","Highest # = 100th","Team Game, Player Agg, Team Agg, Player Game, Lineup, On/Off"
"PF%","Personal Fouls Percentage","The percentage of possessions with a personal foul committed.","Percentage","Lowest % = 100th","Player Game PBP, Team Agg PBP, Player Agg PBP, Team Game PBP"
"PF/100","Personal Fouls / 100 Poss","An estimate of the number of personal fouls committed per 100 possessions played.","Number","Lowest # = 100th","Team Agg, Team Agg PBP, Lineup, On/Off"
"PF/40","Personal Fouls / 40 Mins","The number of personal fouls committed per 40 minutes played.","Number","Lowest # = 100th","Player Agg, Team Agg, Team Agg PBP, Player Agg PBP, Lineup, On/Off"
"PF/G","Personal Fouls / Game","The number of personal fouls committed per game.","Number","Lowest # = 100th","Player Agg, Team Agg, Team Agg PBP, Player Agg PBP"
"PER","Player Efficiency Rating","Player efficiency rating (PER) is an all-in-one metric developed by John Hollinger. In Hollinger's words, PER sums up all of a player's positive accomplishments, subtracts the negative accomplishments, and returns a per-minute rating of a player's performance. PER is computed using box score statistics only, and therefore does not account for who the player is playing with or against. PER measures offensive performance more so than it does defensive performance. The equation for PER can be found at https://www.basketball-reference.com/about/per.html","Number","Highest # = 100th","Player Agg"
"HEIGHT","Player Height","Player height, listed in inches.","Integer","Highest # = 100th","Player Agg, Player Agg PBP"
"Player ID 1","Player ID 1","No description available","-","-","Lineup"
"Player ID 2","Player ID 2","No description available","-","-","Lineup"
"Player ID 3","Player ID 3","No description available","-","-","Lineup"
"Player ID 4","Player ID 4","No description available","-","-","Lineup"
"Player ID 5","Player ID 5","No description available","-","-","Lineup"
"Pos","Player Position","One of G (guard) or F (forward, center). Positions favor guards (60% of all players), then forwards (30%), with few centers (5%) and missing positions (5%). Due to the low number of players tagged as Centers, we have combined centers with forwards.","txt","-","Player Game PBP, Player Agg, Player Game, Player Agg PBP"
"Plus-Minus","Plus-Minus","The team's points scored minus the opponent's points scored with the player on-court.","Integer","Highest # = 100th","Player Agg, Player Game, Lineup, On/Off"
"PTS/100","Points Scored / 100 Poss","An estimate of the number of points scored per 100 possessions played.","Number","Highest # = 100th","Team Agg, Lineup, On/Off"
"PTS/40","Points Scored / 40 Mins","The number of points scored per 40 minutes played.","Number","Highest # = 100th","Player Agg, Team Agg, Player Agg PBP, Lineup, On/Off"
"PTS/G","Points Scored / Game","The number of points scored per game.","Number","Highest # = 100th","Player Agg, Team Agg, Player Agg PBP"
"PTS AGST","Points Against","The total number of points allowed by the player's team to its opponent.","Integer","Lowest # = 100th","Player Game PBP, Team Game, Team Agg, Player Game, Lineup, On/Off"
"PTS ASTD","Points Assisted","The total number of teammate points scored that were assisted by the player.","Integer","Highest # = 100th","Player Game PBP, Team Agg PBP, Player Agg PBP, Team Game PBP"
"PTS ASTD%","Points Assisted Pct","The percentage of points scored by the player that were assisted by teammates.","Percentage","Highest % = 100th","Player Game PBP, Team Agg PBP, Player Agg PBP, Team Game PBP"
"Pts Created","Points Created","The total number of points scored by the player plus teammate points scored on assists by the player.","Integer","Highest # = 100th","Player Game PBP, Player Agg PBP"
"Pts Created/40","Points Created / 40 Mins","The total number of points scored by the player plus teammate points scored on assists by the player, per 40 minutes.","Number","Highest # = 100th","Player Agg PBP"
"Pts Created/G","Points Created / Game","The total number of points scored by the player plus teammate points scored on assists by the player, per game.","Number","Highest # = 100th","Player Agg PBP"
"HC PTS","Points in the Half Court","The total number of points scored in the half court , rather than in transition or on putbacks.","Integer","Highest # = 100th","Team Agg PBP, Team Game PBP"
"PITP PTS","Points In The Paint","The total number of points scored in the paint.","Integer","Highest # = 100th","Team Game, Player Agg, Team Agg, Player Game"
"TR PTS","Points in Transition","The total number of points scored in transition, rather than the half court or on putbacks.","Integer","Highest # = 100th","Team Agg PBP, Team Game PBP"
"POTOV","Points Off Turnovers","The total number of points off turnovers.","Integer","Highest # = 100th","Team Game, Team Agg"
"POTOV/100","Points off Turnovers / 100 Poss","An estimate of the number of points off turnovers per 100 possessions played.","Number","Highest # = 100th","Team Agg"
"POTOV/40","Points off Turnovers / 40 Mins","The number of points off turnovers per 40 minutes played.","Number","Highest # = 100th","Team Agg"
"POTOV/G","Points Off Turnovers / Game","The number of points off turnovers per game.","Number","Highest # = 100th","Team Agg"
"POTOV DIFF","Points off Turnovers Differential","How many more or fewer points off turnovers the team scored compared to their opponent.","Integer","Highest # = 100th","Team Game, Team Agg"
"PB PTS","Points on Putbacks","The total number of points scored on putbacks, rather than in the half court or in transition.","Integer","Highest # = 100th","Team Agg PBP, Team Game PBP"
"PTS","Points Scored","The total number of points scored by the player.","Integer","Highest # = 100th","Player Game PBP, Team Game, Player Agg, Team Agg, Player Game, Team Agg PBP, Player Agg PBP, Lineup, Team Game PBP, On/Off"
"PTS DIFF","Points Scored Differential","How many more or fewer points the team scored compared to their opponent.","Integer","Highest # = 100th","Team Game, Team Agg"
"portalStatus","portalStatus","No description available","-","-","Player Agg, Player Agg PBP"
"positionGame","positionGame","No description available","-","-","Player Game"
"POSS","Possessions","The total number of possessions.","Integer","Highest # = 100th","Team Game, Player Agg, Team Agg, Player Game, Lineup, On/Off"
"possPbp","possPbp","No description available","-","-","Player Game PBP, Player Agg, Team Agg, Team Agg PBP, Player Agg PBP, Team Game PBP"
"possTm","possTm","No description available","-","-","Player Game"
"Prior GP, All Divisions","Total Prior Games Played, All Divisions","Total prior-season games played, summed across every player on the team's current roster. Excludes games from the current season. This includes and counts every player on the roster equally. Includes games played in Divisions 1, 2 and 3.","Integer","Highest # = 100th","Team Agg"
"Prior GP, D1","Total Prior Games Played, D1","Total prior-season games played at the Division 1 level, summed across every player on the team's current roster. This includes and counts every player on the roster equally. Only counts games played as a D1 player; prior-season games at D2, D3, or lower levels are excluded from this bucket.","Integer","Highest # = 100th","Team Agg"
"Prior GP, D2","Total Prior Games Played, D2","Total prior-season games played at the Division 2 level, summed across every player on the team's current roster. This includes and counts every player on the roster equally. Only counts games played as a D2 player; prior-season games at D1, D3, or lower levels are excluded from this bucket.","Integer","Highest # = 100th","Team Agg"
"Prior GP, D3","Total Prior Games Played, D3","Total prior-season games played at the Division 3 level, summed across every player on the team's current roster. This includes and counts every player on the roster equally. Only counts games played as a D3 player; prior-season games at D1, D2, or lower levels are excluded from this bucket.","Integer","Highest # = 100th","Team Agg"
"Prior Mins, All Divisions","Total Prior Minutes Played, All Divisions","Total prior-season minutes played, summed across every player on the team's current roster. This includes and counts every player on the roster equally. Includes minutes played in Divisions 1, 2 and 3.","Integer","Highest # = 100th","Team Agg"
"Prior Mins, D1","Total Prior Minutes Played, D1","Total prior-season minutes played at the Division 1 level, summed across every player on the team's current roster. This includes and counts every player on the roster equally. Only counts minutes played as a D1 player; prior-season minutes at D2, D3, or lower levels are excluded from this bucket.","Integer","Highest # = 100th","Team Agg"
"Prior Mins, D2","Total Prior Minutes Played, D2","Total prior-season minutes played at the Division 2 level, summed across every player on the team's current roster. This includes and counts every player on the roster equally. Only counts minutes played as a D2 player; prior-season minutes at D1, D3, or lower levels are excluded from this bucket.","Integer","Highest # = 100th","Team Agg"
"Prior Mins, D3","Total Prior Minutes Played, D3","Total prior-season minutes played at the Division 3 level, summed across every player on the team's current roster. This includes and counts every player on the roster equally. Only counts minutes played as a D3 player; prior-season minutes at D1, D2, or lower levels are excluded from this bucket.","Integer","Highest # = 100th","Team Agg"
"Prior Pts, All Divisions","Total Prior Points Scored, All Divisions","Total prior-season points scored, summed across every player on the team's current roster. This includes and counts every player on the roster equally. Includes points scored in Divisions 1, 2 and 3.","Integer","Highest # = 100th","Team Agg"
"Prior Pts, D1","Total Prior Points Scored, D1","Total prior-season points scored at the Division 1 level, summed across every player on the team's current roster. This includes and counts every player on the roster equally. Only counts points scored as a D1 player; prior-season points at D2, D3, or lower levels are excluded from this bucket.","Integer","Highest # = 100th","Team Agg"
"Prior Pts, D2","Total Prior Points Scored, D2","Total prior-season points scored at the Division 2 level, summed across every player on the team's current roster. This includes and counts every player on the roster equally. Only counts points scored as a D2 player; prior-season points at D1, D3, or lower levels are excluded from this bucket.","Integer","Highest # = 100th","Team Agg"
"Prior Pts, D3","Total Prior Points Scored, D3","Total prior-season points scored at the Division 3 level, summed across every player on the team's current roster. This includes and counts every player on the roster equally. Only counts points scored as a D3 player; prior-season points at D1, D2, or lower levels are excluded from this bucket.","Integer","Highest # = 100th","Team Agg"
"Prior Team Mins","Prior Year Team Minutes","Total minutes the team played last season. Used as the denominator for Returning Minutes Percentage.","Integer","Highest # = 100th","Team Agg"
"PTS H1","PTS H1","Points Scored in 1st Half","Integer","Highest # = 100th","Team Game"
"PTS H2","PTS H2","Points Scored in 2nd Half","Integer","Highest # = 100th","Team Game"
"PTS OT","PTS OT","Points Scored in OT","Integer","Highest # = 100th","Team Game"
"PTS Q1","PTS P1","Points Scored in 1st Period","Integer","Highest # = 100th","Team Game"
"PTS Q2","PTS P2","Points Scored in 2ndPeriod","Integer","Highest # = 100th","Team Game"
"PTS Q3","PTS P3","Points Scored in 3rd Period","Integer","Highest # = 100th","Team Game"
"PTS Q4","PTS P4","Points Scored in 4th Period","Integer","Highest # = 100th","Team Game"
"ptsAgstBox","ptsAgstBox","No description available","-","-","Team Game PBP"
"ptsScoredBox","ptsScoredBox","No description available","-","-","Team Game PBP"
"ptsScoredTm","ptsScoredTm","No description available","-","-","Player Game PBP, Player Game, Player Agg PBP"
"ptsScoredWb","ptsScoredWb","No description available","-","-","Team Game PBP"
"PPR","Pure Point Rating","Pace-adjusted measure of a player's assist-to-turnover ratio, scaled per 100 possessions. Pure Point Rating measures a player's quality as a distributor by balancing the value of an assist against the cost of a turnover. Positive values reflect a player who creates more value through assists than they cost through turnovers. Coined by John Hollinger.","Number","Highest # = 100th","Player Agg"
"PB CHNC","Putback Chances","The total number of chances that came on putbacks.","Integer","Highest # = 100th","Team Agg PBP, Team Game PBP"
"PB PPC","Putback Points / Chance","Total points scored on putbacks divided by the number of putback chances.","num2","Highest # = 100th","Team Agg PBP, Team Game PBP"
"QUAD","Quadrant Against","Quad 1, 2, 3, or 4 Game.","Integer","Lowest # = 100th","Player Game PBP, Team Game, Player Game, Team Game PBP"
"RAPM","RAPM (Regularized Adjusted Plus/Minus)","RAPM (Regularized Adjusted Plus/Minus) is an all-in-one metric we've developed internally here at CBB Analytics. RAPM does not incorporate a player's individual box score statistics, rather it only considers their on-court play-by-play impact. RAPM can be interpreted as a player's impact on their team's point differential per 100 possessions above the division average, accounting for the other 9 players on the court. RAPM is similar to all-in-one statistics developed for the NBA such as RPM, EPM, and LEBRON.","Number","Highest # = 100th","Player Agg"
"RBTV DIFF","Team REBs, TOVs Forced - Opponent REBs, TOVs Forced","The number of rebounds plus turnovers forced by the team minus the number of rebounds plus turnovers forced by the opposing team.","Integer","Highest # = 100th","Team Game, Team Agg"
"REB CHNC","REB Chances","Total combined number of rebounds grabbed by the team and allowed to the opponent.","Integer","Highest # = 100th","Lineup"
"REB DIFF","Rebound Differential","How many more or fewer rebounds the team had compared to their opponent.","Integer","Highest # = 100th","Team Game, Team Agg"
"REB%","Rebound Percentage","An estimate of the percentage of available rebounds a player grabbed while he was on the floor.","Percentage","Highest % = 100th","Player Game PBP, Team Game, Player Agg, Team Agg, Player Game, Lineup, On/Off"
"REB","Rebounds","The total number of rebounds grabbed.","Integer","Highest # = 100th","Team Game, Player Agg, Team Agg, Player Game, Lineup, On/Off"
"REB/100","Rebounds / 100 Poss","An estimate of the number of rebounds per 100 possessions played.","Number","Highest # = 100th","Team Agg, Lineup, On/Off"
"REB/40","Rebounds / 40 Mins","The number of rebounds per 40 minutes played.","Number","Highest # = 100th","Player Agg, Team Agg, Lineup, On/Off"
"REB/G","Rebounds / Game","The number of rebounds per game.","Number","Highest # = 100th","Player Agg, Team Agg"
"rebTm","rebTm","No description available","-","-","Player Agg, Player Game"
"Returner Mins","Current Minutes Played by Returning Players","Sum of current-season minutes played by players who were also on last year's roster (returners).","Integer","Highest # = 100th","Team Agg"
"Returner Mins","Current Mins by Returning Players","Sum of current-season minutes played by players who were also on last year's roster (returners).","Integer","Highest # = 100th","Team Game"
"Returning Mins%","Returning Minutes Percentage","Share of this season's minutes played by returners (players who were also on last year's roster).","Percentage","Highest % = 100th","Team Agg"
"Returning Prior Mins","Returning Player Prior Minutes","Sum of last year's minutes for players still on this year's roster.","Integer","Highest # = 100th","Team Agg"
"RB2 FG%","Right Baseline 2s FG%","Field goal percentage on right baseline 2-pointers.","Percentage","Highest % = 100th","Player Game PBP, Team Agg PBP, Player Agg PBP, Team Game PBP"
"RB2 FGA","Right Baseline 2s FGA","Field goal attempts on right baseline 2-pointers.","Integer","Highest # = 100th","Player Game PBP, Team Agg PBP, Player Agg PBP, Team Game PBP"
"RB2 FGA/100","Right Baseline 2s FGA / 100 Poss","Field goal attempts on right baseline 2-pointers per 100 possessions played.","Number","Highest # = 100th","Team Agg PBP"
"RB2 FGA/40","Right Baseline 2s FGA / 40 Mins","Field goal attempts on right baseline 2-pointers per 40 minutes played.","Number","Highest # = 100th","Team Agg PBP, Player Agg PBP"
"RB2 FGA/G","Right Baseline 2s FGA / Game","Field goal attempts on right baseline 2-pointers per game.","Number","Highest # = 100th","Team Agg PBP, Player Agg PBP"
"RB2 FGA%","Right Baseline 2s FGA%","Percentage of shots taken as right baseline 2-pointers.","Percentage","Highest % = 100th","Player Game PBP, Team Agg PBP, Player Agg PBP, Team Game PBP"
"RB2 FGM","Right Baseline 2s FGM","Field goals made on right baseline 2-pointers.","Integer","Highest # = 100th","Player Game PBP, Team Agg PBP, Player Agg PBP, Team Game PBP"
"RC3 FG%","Right Corner 3s FG%","Field goal percentage on right corner 3-pointers.","Percentage","Highest % = 100th","Player Game PBP, Team Agg PBP, Player Agg PBP, Team Game PBP"
"RC3 FGA","Right Corner 3s FGA","Field goal attempts on right corner 3-pointers.","Integer","Highest # = 100th","Player Game PBP, Team Agg PBP, Player Agg PBP, Team Game PBP"
"RC3 FGA/100","Right Corner 3s FGA / 100 Poss","Field goal attempts on right corner 3-pointers per 100 possessions played.","Number","Highest # = 100th","Team Agg PBP"
"RC3 FGA/40","Right Corner 3s FGA / 40 Mins","Field goal attempts on right corner 3-pointers per 40 minutes played.","Number","Highest # = 100th","Team Agg PBP, Player Agg PBP"
"RC3 FGA/G","Right Corner 3s FGA / Game","Field goal attempts on right corner 3-pointers per game.","Number","Highest # = 100th","Team Agg PBP, Player Agg PBP"
"RC3 FGA%","Right Corner 3s FGA%","Percentage of shots taken as right corner 3-pointers.","Percentage","Highest % = 100th","Player Game PBP, Team Agg PBP, Player Agg PBP, Team Game PBP"
"RC3 FGM","Right Corner 3s FGM","Field goals made on right corner 3-pointers.","Integer","Highest # = 100th","Player Game PBP, Team Agg PBP, Player Agg PBP, Team Game PBP"
"RE2 FG%","Right Elbow 2s FG%","Field goal percentage on right elbow 2-pointers.","Percentage","Highest % = 100th","Player Game PBP, Team Agg PBP, Player Agg PBP, Team Game PBP"
"RE2 FGA","Right Elbow 2s FGA","Field goal attempts on right elbow 2-pointers.","Integer","Highest # = 100th","Player Game PBP, Team Agg PBP, Player Agg PBP, Team Game PBP"
"RE2 FGA/100","Right Elbow 2s FGA / 100 Poss","Field goal attempts on right elbow 2-pointers per 100 possessions played.","Number","Highest # = 100th","Team Agg PBP"
"RE2 FGA/40","Right Elbow 2s FGA / 40 Mins","Field goal attempts on right elbow 2-pointers per 40 minutes played.","Number","Highest # = 100th","Team Agg PBP, Player Agg PBP"
"RE2 FGA/G","Right Elbow 2s FGA / Game","Field goal attempts on right elbow 2-pointers per game.","Number","Highest # = 100th","Team Agg PBP, Player Agg PBP"
"RE2 FGA%","Right Elbow 2s FGA%","Percentage of shots taken as right elbow 2-pointers.","Percentage","Highest % = 100th","Player Game PBP, Team Agg PBP, Player Agg PBP, Team Game PBP"
"RE2 FGM","Right Elbow 2s FGM","Field goals made on right elbow 2-pointers.","Integer","Highest # = 100th","Player Game PBP, Team Agg PBP, Player Agg PBP, Team Game PBP"
"RW3 FG%","Right Wing 3s FG%","Field goal percentage on right wing 3-pointers.","Percentage","Highest % = 100th","Player Game PBP, Team Agg PBP, Player Agg PBP, Team Game PBP"
"RW3 FGA","Right Wing 3s FGA","Field goal attempts on right wing 3-pointers.","Integer","Highest # = 100th","Player Game PBP, Team Agg PBP, Player Agg PBP, Team Game PBP"
"RW3 FGA/100","Right Wing 3s FGA / 100 Poss","Field goal attempts on right wing 3-pointers per 100 possessions played.","Number","Highest # = 100th","Team Agg PBP"
"RW3 FGA/40","Right Wing 3s FGA / 40 Mins","Field goal attempts on right wing 3-pointers per 40 minutes played.","Number","Highest # = 100th","Team Agg PBP, Player Agg PBP"
"RW3 FGA/G","Right Wing 3s FGA / Game","Field goal attempts on right wing 3-pointers per game.","Number","Highest # = 100th","Team Agg PBP, Player Agg PBP"
"RW3 FGA%","Right Wing 3s FGA%","Percentage of shots taken as right wing 3-pointers.","Percentage","Highest % = 100th","Player Game PBP, Team Agg PBP, Player Agg PBP, Team Game PBP"
"RW3 FGM","Right Wing 3s FGM","Field goals made on right wing 3-pointers.","Integer","Highest # = 100th","Player Game PBP, Team Agg PBP, Player Agg PBP, Team Game PBP"
"RIM+PAINT aFGM","At Rim + In The Paint Assisted FGM","The total number of assisted shots made in the paint (including shots at the rim) by the player.","Integer","Highest # = 100th","Player Game PBP, Team Agg PBP, Player Agg PBP, Team Game PBP"
"RIM+PAINT aFGM/100","At Rim + In The Paint Assisted FGM / 100","The total number of assisted shots made in the paint (including shots at the rim) by the player, per 100 possessions played.","Number","Highest # = 100th","Team Agg PBP"
"RIM+PAINT aFGM/40","At Rim + In The Paint Assisted FGM / 40","The total number of assisted shots made in the paint (including shots at the rim) by the player, per 40 minutes played.","Number","Highest # = 100th","Team Agg PBP, Player Agg PBP"
"RIM+PAINT aFGM/G","At Rim + In The Paint Assisted FGM / Game","The total number of assisted shots made in the paint (including shots at the rim) by the player, per game.","Number","Highest # = 100th","Team Agg PBP, Player Agg PBP"
"RIM+PAINT ASTD%","At Rim + In The Paint Assisted Pct","The percentage of shots made in the paint (including shots at the rim) that were assisted.","Percentage","Highest % = 100th","Player Game PBP, Team Agg PBP, Player Agg PBP, Team Game PBP"
"RIM+PAINT AST","At Rim + In The Paint Assists","The total number of assists where the shooter scored in the paint (including shots at the rim).","Integer","Highest # = 100th","Player Game PBP, Player Agg PBP"
"RIM+PAINT FG%","At Rim + In The Paint FG%","Field goal percentage on shots taken in the paint (including shots at the rim).","Percentage","Highest % = 100th","Player Game PBP, Team Agg PBP, Player Agg PBP, Team Game PBP"
"RIM+PAINT FGA","At Rim + In The Paint FGA","The total number of field goal attempts on shots taken in the paint (including shots at the rim).","Integer","Highest # = 100th","Player Game PBP, Team Agg PBP, Player Agg PBP, Team Game PBP"
"RIM+PAINT FGA/100","At Rim + In The Paint FGA / 100 Poss","Field goal attempts on shots taken in the paint (including shots at the rim) per 100 possessions played.","Number","Highest # = 100th","Team Agg PBP"
"RIM+PAINT FGA/40","At Rim + In The Paint FGA / 40 Mins","Field goal attempts on shots taken in the paint (including shots at the rim) per 40 minutes played.","Number","Highest # = 100th","Team Agg PBP, Player Agg PBP"
"RIM+PAINT FGA/G","At Rim + In The Paint FGA / Game","Field goal attempts on shots taken in the paint (including shots at the rim) per game.","Number","Highest # = 100th","Team Agg PBP, Player Agg PBP"
"RIM+PAINT FGA%","At Rim + In The Paint FGA%","Percentage of shots taken in the paint (including shots at the rim).","Percentage","Highest % = 100th","Player Game PBP, Team Agg PBP, Player Agg PBP, Team Game PBP"
"RIM+PAINT FGM","At Rim + In The Paint FGM","The total number of field goals made on shots taken in the paint (including shots at the rim).","Integer","Highest # = 100th","Player Game PBP, Team Agg PBP, Player Agg PBP, Team Game PBP"
"RIM+PAINT uFGM","At Rim + In The Paint Unassisted FGM","The total number of unassisted shots made in the paint (including shots at the rim) by the player.","Integer","Highest # = 100th","Player Game PBP, Team Agg PBP, Player Agg PBP, Team Game PBP"
"RIM+PAINT AST/40","At Rim + In The Paints Assists / 40 Mins","The total number of assists per 40 minutes where the shooter scored in the paint (including shots at the rim).","Number","Highest # = 100th","Player Game PBP, Player Agg PBP"
"rim3sAstPg","rim3sAstPg","No description available","-","-","Player Agg PBP"
"secs","secs","No description available","-","-","Lineup, On/Off"
"secsCutoffPctile","secsCutoffPctile","No description available","-","-","Lineup"
"Self ORB%","Self Offensive Rebound Percentage","The percentage of the player's own missed field goals that they offensive-rebounded.","Percentage","Highest % = 100th","Player Game PBP, Team Agg PBP, Player Agg PBP, Team Game PBP"
"Self ORB","Self Offensive Rebounds","Offensive rebounds where the player grabs their own missed field goal.","Integer","Highest # = 100th","Player Game PBP, Team Agg PBP, Player Agg PBP, Team Game PBP"
"Self ORB CHNC","Self Offensive Rebound Chances","Total field goals missed by the player (FGA minus FGM). Each miss is a chance for the player to rebound their own shot.","Integer","Highest # = 100th","Player Game PBP, Team Agg PBP, Player Agg PBP, Team Game PBP"
"Self ORB FGA","Putback FGA After Self ORB","The total number of putback shots taken after the player rebounds their own missed field goal. A putback is a shot taken within 3 seconds of the rebound and 8 feet of the rim.","Integer","Highest # = 100th","Player Game PBP, Team Agg PBP, Player Agg PBP, Team Game PBP"
"Self ORB FGM","Putback FGM After Self ORB","The total number of putback shots made after the player rebounds their own missed field goal. A putback is a shot taken within 3 seconds of the rebound and 8 feet of the rim.","Integer","Highest # = 100th","Player Game PBP, Team Agg PBP, Player Agg PBP, Team Game PBP"
"Self ORB Share","Share of ORebs From Own Miss","Percentage of the player's total offensive rebounds that come from rebounding their own missed shot.","Percentage","Highest % = 100th","Player Game PBP, Team Agg PBP, Player Agg PBP, Team Game PBP"
"Self ORB/100","Self Offensive Rebounds / 100 Poss","The number of offensive rebounds of own missed field goals per 40 minutes played.","Number","Highest # = 100th","Team Agg PBP"
"Self ORB/40","Self Offensive Rebounds / 40 Mins","The number of offensive rebounds of own missed field goals per 40 minutes played.","Number","Highest # = 100th","Team Agg PBP, Player Agg PBP"
"Self ORB/G","Self Offensive Rebounds / Game","The number of offensive rebounds of own missed field goals per game.","Number","Highest # = 100th","Team Agg PBP, Player Agg PBP"
"Sr Mins%","Senior Minutes Percentage","Share of total team minutes played by seniors on the roster.","Percentage","Highest % = 100th","Team Game, Team Agg"
"Sr Mins","Senior Minutes","Total minutes played by seniors on the roster.","Integer","Highest # = 100th","Team Game, Team Agg"
"Sr Mins/G","Senior Minutes / Game","Average minutes per game played by seniors on the roster.","Number","Highest # = 100th","Team Agg"
"Sr Pts","Senior Points","Total points scored by seniors on the roster.","Integer","Highest # = 100th","Team Game, Team Agg"
"Sr Pts/G","Senior Points Scored / Game","Points per game scored by seniors on the roster.","Number","Highest # = 100th","Team Agg"
"Sr Pts%","Senior Points Percentage","Share of total team points scored by seniors on the roster.","Percentage","Highest % = 100th","Team Game, Team Agg"
"SFL","Shooting Fouls Committed","The total number of shooting fouls committed.","Integer","Lowest # = 100th","Player Game PBP, Team Agg PBP, Player Agg PBP, Team Game PBP"
"sfl2Pts","sfl2Pts","No description available","-","-","Player Game PBP, Team Agg PBP, Player Agg PBP, Team Game PBP"
"sfl3Pts","sfl3Pts","No description available","-","-","Player Game PBP, Team Agg PBP, Player Agg PBP, Team Game PBP"
"sflAnd1","sflAnd1","No description available","-","-","Player Game PBP, Team Agg PBP, Player Agg PBP, Team Game PBP"
"SFLD%","Shooting Fouled Percentage","The percentage of shot attempts where a shooting foul was drawn.","Percentage","Highest % = 100th","Player Game PBP, Team Agg PBP, Player Agg PBP, Team Game PBP"
"SFLD","Shooting Fouls Drawn","The total number of shooting fouls drawn.","Integer","Highest # = 100th","Player Game PBP, Team Agg PBP, Player Agg PBP, Team Game PBP"
"SFLD/100","Shooting Fouls Drawn / 100 Poss","The number of shooting fouls drawn per 100 possessions.","Number","Highest # = 100th","Team Agg PBP"
"SFLD/40","Shooting Fouls Drawn / 40 Mins","The number of shooting fouls drawn per 40 minutes.","Number","Highest # = 100th","Team Agg PBP, Player Agg PBP"
"SFLD/G","Shooting Fouls Drawn / Game","The number of shooting fouls drawn per game.","Number","Highest # = 100th","Team Agg PBP, Player Agg PBP"
"SFL/100","Shooting Fouls Committed / 100 Poss","The total number of shooting fouls committed per 100 possessions.","Number","Lowest # = 100th","Team Agg PBP"
"SFL/40","Shooting Fouls Committed / 40 Mins","The total number of shooting fouls committed per 40 minutes.","Number","Lowest # = 100th","Team Agg PBP, Player Agg PBP"
"SFL/Game","Shooting Fouls Committed / Game","The total number of shooting fouls committed per game.","Number","Lowest # = 100th","Team Agg PBP, Player Agg PBP"
"SFL%","Shooting Fouls Committed Percentage","The percentage of possessions where a shooting foul was committed.","Percentage","Lowest % = 100th","Player Game PBP, Team Agg PBP, Player Agg PBP, Team Game PBP"
"SHT2 FG%","Short Distance 2s FG%","Field goal percentage on 4-10 foot 2-pointers.","Percentage","Highest % = 100th","Player Game PBP, Team Agg PBP, Player Agg PBP, Team Game PBP"
"SHT2 FGA","Short Distance 2s FGA","Field goal attempts on 4-10 foot 2-pointers.","Integer","Highest # = 100th","Player Game PBP, Team Agg PBP, Player Agg PBP, Team Game PBP"
"SHT2 FGA/100","Short Distance 2s FGA / 100 Poss","Field goal attempts on 4-10 foot 2-pointers per 100 possessions played.","Number","Highest # = 100th","Team Agg PBP"
"SHT2 FGA/40","Short Distance 2s FGA / 40 Mins","Field goal attempts on 4-10 foot 2-pointers per 40 minutes played.","Number","Highest # = 100th","Team Agg PBP, Player Agg PBP"
"SHT2 FGA/G","Short Distance 2s FGA / Game","Field goal attempts on 4-10 foot 2-pointers per game.","Number","Highest # = 100th","Team Agg PBP, Player Agg PBP"
"SHT2 FGA%","Short Distance 2s FGA%","Percentage of shots taken as 4-10 foot 2-pointers.","Percentage","Highest % = 100th","Player Game PBP, Team Agg PBP, Player Agg PBP, Team Game PBP"
"SHT2 FGM","Short Distance 2s FGM","Field goals made on 4-10 foot 2-pointers.","Integer","Highest # = 100th","Player Game PBP, Team Agg PBP, Player Agg PBP, Team Game PBP"
"SHT3 FG%","Short Distance 3s FG%","Field goal percentage on under 25-foot 3-pointers.","Percentage","Highest % = 100th","Player Game PBP, Team Agg PBP, Player Agg PBP, Team Game PBP"
"SHT3 FGA","Short Distance 3s FGA","Field goal attempts on under 25-foot 3-pointers.","Integer","Highest # = 100th","Player Game PBP, Team Agg PBP, Player Agg PBP, Team Game PBP"
"SHT3 FGA/100","Short Distance 3s FGA / 100 Poss","Field goal attempts on under 25-foot 3-pointers per 100 possessions played.","Number","Highest # = 100th","Team Agg PBP"
"SHT3 FGA/40","Short Distance 3s FGA / 40 Mins","Field goal attempts on under 25-foot 3-pointers per 40 minutes played.","Number","Highest # = 100th","Team Agg PBP, Player Agg PBP"
"SHT3 FGA/G","Short Distance 3s FGA / Game","Field goal attempts on under 25-foot 3-pointers per game.","Number","Highest # = 100th","Team Agg PBP, Player Agg PBP"
"SHT3 FGA%","Short Distance 3s FGA%","Percentage of shots taken as under 25-foot 3-pointers.","Percentage","Highest % = 100th","Player Game PBP, Team Agg PBP, Player Agg PBP, Team Game PBP"
"SHT3 FGM","Short Distance 3s FGM","Field goals made on under 25-foot 3-pointers.","Integer","Highest # = 100th","Player Game PBP, Team Agg PBP, Player Agg PBP, Team Game PBP"
"SLP2 FG%","Short Left Paint 2s FG%","Field goal percentage on short left paint 2-pointers.","Percentage","Highest % = 100th","Player Game PBP, Team Agg PBP, Player Agg PBP, Team Game PBP"
"SLP2 FGA","Short Left Paint 2s FGA","Field goal attempts on short left paint 2-pointers.","Integer","Highest # = 100th","Player Game PBP, Team Agg PBP, Player Agg PBP, Team Game PBP"
"SLP2 FGA/100","Short Left Paint 2s FGA / 100 Poss","Field goal attempts on short left paint 2-pointers per 100 possessions played.","Number","Highest # = 100th","Team Agg PBP"
"SLP2 FGA/40","Short Left Paint 2s FGA / 40 Mins","Field goal attempts on short left paint 2-pointers per 40 minutes played.","Number","Highest # = 100th","Team Agg PBP, Player Agg PBP"
"SLP2 FGA/G","Short Left Paint 2s FGA / Game","Field goal attempts on short left paint 2-pointers per game.","Number","Highest # = 100th","Team Agg PBP, Player Agg PBP"
"SLP2 FGA%","Short Left Paint 2s FGA%","Percentage of shots taken as short left paint 2-pointers.","Percentage","Highest % = 100th","Player Game PBP, Team Agg PBP, Player Agg PBP, Team Game PBP"
"SLP2 FGM","Short Left Paint 2s FGM","Field goals made on short left paint 2-pointers.","Integer","Highest # = 100th","Player Game PBP, Team Agg PBP, Player Agg PBP, Team Game PBP"
"SRP2 FG%","Short Right Paint 2s FG%","Field goal percentage on short right paint 2-pointers.","Percentage","Highest % = 100th","Player Game PBP, Team Agg PBP, Player Agg PBP, Team Game PBP"
"SRP2 FGA","Short Right Paint 2s FGA","Field goal attempts on short right paint 2-pointers.","Integer","Highest # = 100th","Player Game PBP, Team Agg PBP, Player Agg PBP, Team Game PBP"
"SRP2 FGA/100","Short Right Paint 2s FGA / 100 Poss","Field goal attempts on short right paint 2-pointers per 100 possessions played.","Number","Highest # = 100th","Team Agg PBP"
"SRP2 FGA/40","Short Right Paint 2s FGA / 40 Mins","Field goal attempts on short right paint 2-pointers per 40 minutes played.","Number","Highest # = 100th","Team Agg PBP, Player Agg PBP"
"SRP2 FGA/G","Short Right Paint 2s FGA / Game","Field goal attempts on short right paint 2-pointers per game.","Number","Highest # = 100th","Team Agg PBP, Player Agg PBP"
"SRP2 FGA%","Short Right Paint 2s FGA%","Percentage of shots taken as short right paint 2-pointers.","Percentage","Highest % = 100th","Player Game PBP, Team Agg PBP, Player Agg PBP, Team Game PBP"
"SRP2 FGM","Short Right Paint 2s FGM","Field goals made on short right paint 2-pointers.","Integer","Highest # = 100th","Player Game PBP, Team Agg PBP, Player Agg PBP, Team Game PBP"
"SHOT ATT","Shot Attempts (inc SFLs)","The number of field goal attempts plus shooting fouls drawn on missied shots. Effectively, the number of shot attempts by the player.","Integer","Highest # = 100th","Player Game PBP, Team Agg PBP, Player Agg PBP, Team Game PBP"
"TOV SHOT CLOCK","Shot Clock Violation","The total number of turnovers tagged by the scorer as a shot clock violation by the team.","Integer","Lowest # = 100th","Team Agg PBP, Team Game PBP"
"So Mins%","Sophomore Minutes Percentage","Share of total team minutes played by sophomores on the roster.","Percentage","Highest % = 100th","Team Game, Team Agg"
"So Mins","Sophomore Minutes","Total minutes played by sophomores on the roster.","Integer","Highest # = 100th","Team Game, Team Agg"
"So Mins/G","Sophomore Minutes / Game","Average minutes per game played by sophomores on the roster.","Number","Highest # = 100th","Team Agg"
"So Pts","Sophomore Points","Total points scored by sophomores on the roster.","Integer","Highest # = 100th","Team Game, Team Agg"
"So Pts/G","Sophomore Points Scored / Game","Points per game scored by sophomores on the roster.","Number","Highest # = 100th","Team Agg"
"So Pts%","Sophomore Points Percentage","Share of total team points scored by sophomores on the roster.","Percentage","Highest % = 100th","Team Game, Team Agg"
"Starter Mins","Starter Minutes","Total minutes played by starters across the scope.","Integer","Highest # = 100th","Team Game, Team Agg"
"Starter Mins/G","Starter Minutes / Game","Average minutes per game played by starters.","Number","Highest # = 100th","Team Agg"
"Starter Mins%","Starter Minutes Percentage","Share of total team minutes played by starters.","Percentage","Highest % = 100th","Team Game, Team Agg"
"Starter Pts","Starter Points","Total points scored by starters across the scope.","Integer","Highest # = 100th","Team Game, Team Agg"
"Starter Pts/G","Starter Points / Game","Average points per game scored by starters.","Number","Highest # = 100th","Team Agg"
"Starter Pts%","Starter Points Percentage","Share of total team points scored by starters.","Percentage","Highest % = 100th","Team Game, Team Agg"
"STL%","Steal Percentage","An estimate of the percentage of opponent possessions that end with a steal by the player while he was on the floor.","Percentage","Highest % = 100th","Team Game, Player Agg, Team Agg, Player Game, Team Agg PBP, Lineup, Team Game PBP, On/Off"
"STL","Steals","The total number of steals.","Integer","Highest # = 100th","Player Game PBP, Team Game, Player Agg, Team Agg, Player Game, Team Agg PBP, Player Agg PBP, Lineup, Team Game PBP, On/Off"
"STL/100","Steals / 100 Poss","An estimate of the number of steals per 100 possessions played.","Number","Highest # = 100th","Team Agg, Team Agg PBP, Lineup, On/Off"
"STL/40","Steals / 40 Mins","The number of steals per 40 minutes played.","Number","Highest # = 100th","Player Agg, Team Agg, Team Agg PBP, Player Agg PBP, Lineup, On/Off"
"STL/G","Steals / Game","The number of steals per game.","Number","Highest # = 100th","Player Agg, Team Agg, Team Agg PBP, Player Agg PBP"
"STL/PF","Steals / Personal Foul","The ratio of steals to personal fouls committed by the player.","Ratio","Highest # = 100th","Team Game, Player Agg, Team Agg, Player Game, Lineup, On/Off"
"STL3","Steals Beyond The Arc","The total number of steals by the player beyond the opposing team's 3P line (i.e. in 3P shooting range).","Integer","Highest # = 100th","Player Game PBP, Team Agg PBP, Player Agg PBP, Team Game PBP"
"STL3/100","Steals Beyond The Arc / 100 Poss","The number of steals by the player beyond the opposing team's 3P line (i.e. in 3P shooting range), per 100 possessions played.","Number","Highest # = 100th","Team Agg PBP"
"STL3/40","Steals Beyond The Arc / 40 Mins","The number of steals by the player beyond the opposing team's 3P line (i.e. in 3P shooting range), per 40 minutes played.","Number","Highest # = 100th","Team Agg PBP, Player Agg PBP"
"STL3/G","Steals Beyond The Arc / Game","The number of steals by the player beyond the opposing team's 3P line (i.e. in 3P shooting range), per game.","Number","Highest # = 100th","Team Agg PBP, Player Agg PBP"
"STL2","Steals Inside The Arc","The total number of steals by the player inside the opposing team's 3P line (i.e. in 2P shooting range).","Integer","Highest # = 100th","Player Game PBP, Team Agg PBP, Player Agg PBP, Team Game PBP"
"STL2/100","Steals Inside The Arc / 100 Poss","The number of steals by the player inside the opposing team's 3P line (i.e. in 2P shooting range), per 100 possessions played.","Number","Highest # = 100th","Team Agg PBP"
"STL2/40","Steals Inside The Arc / 40 Mins","The number of steals by the player inside the opposing team's 3P line (i.e. in 2P shooting range), per 40 minutes played.","Number","Highest # = 100th","Team Agg PBP, Player Agg PBP"
"STL2/G","Steals Inside The Arc / Game","The number of steals by the player inside the opposing team's 3P line (i.e. in 2P shooting range), per game.","Number","Highest # = 100th","Team Agg PBP, Player Agg PBP"
"STL/TOV","Steal-To-Turnover Ratio","The ratio of total steals to total turnovers committed by the player.","Ratio","Highest # = 100th","Team Game, Player Agg, Team Agg, Player Game, Lineup"
"Stop% (No Fouls)","Defensive Stop % (No Fouls Allowed)","The strictest stop rate: share of defensive possessions where the opponent scored 0 points, did not attempt any free throws, AND the defense committed no fouls.","Percentage","Highest % = 100th","Team Agg PBP, Team Game PBP"
"Stop% (No FTs)","Defensive Stop % (No FTs Allowed)","A stricter stop rate: share of defensive possessions where the opponent scored no points AND did not attempt any free throws.","Percentage","Highest % = 100th","Team Agg PBP, Team Game PBP"
"Stop% (No Pts)","Defensive Stop % (No Pts Allowed)","Share of defensive possessions where the opponent scored 0 points (no field goals made and no free throws made).","Percentage","Highest % = 100th","Team Agg PBP, Team Game PBP"
"Stops (No Fouls)","Defensive Stops (No Fouls Allowed)","The strictest stop: defensive possessions where the opponent scored 0 points, did not attempt any free throws, AND the defense committed no fouls.","Integer","Highest # = 100th","Team Agg PBP, Team Game PBP"
"Stops (No FTs)","Defensive Stops (No FTs Allowed)","A stricter stop: defensive possessions where the opponent scored no points AND did not attempt any free throws.","Integer","Highest # = 100th","Team Agg PBP, Team Game PBP"
"Stops (No Pts)","Defensive Stops (No Pts Allowed)","Total defensive possessions where the opponent scored 0 points (no field goals made and no free throws made).","Integer","Highest # = 100th","Team Agg PBP, Team Game PBP"
"SOS","Strength of Schedule","NCAA selection-committee formula: (2 _ opponents' win% + opponents-of-opponents' win%) / 3.","num3","Highest # = 100th","Team Agg"
"BC/Poss CHLG Pass","Successful Backcourt / Poss Challenges","Total number of successful coach challenges on backcourt violations or whether team control was established before a foul or violation (women's basketball only).","Integer","Highest # = 100th","Team Agg PBP, Team Game PBP"
"CHLG Pass","Successful Coach Challenges","Total number of successful coach challenges.","Integer","Highest # = 100th","Team Agg PBP, Team Game PBP"
"Foul CHLG Pass","Successful Foul Challenges","Total number of successful coach challenges on foul-related plays. Men: restricted-area block/charge positioning. Women: correct player charged with the foul.","Integer","Highest # = 100th","Team Agg PBP, Team Game PBP"
"GOI CHLG Pass","Successful Goaltending / Basket Interference Challenges","Total number of successful coach challenges on goaltending or basket interference calls, whether the ball was illegally touched on or above the rim (men's basketball only).","Integer","Highest # = 100th","Team Agg PBP, Team Game PBP"
"OOB CHLG Pass","Successful Out of Bounds Challenges","Total number of successful coach challenges on out-of-bounds calls (which team last touched the ball before it went out).","Integer","Highest # = 100th","Team Agg PBP, Team Game PBP"
"2PA Sum of Dist","Sum of All Shot Distances on 2-Point Attempts","Sum of shot distances on all 2-point field goal attemps.","Number","Highest # = 100th","Player Game PBP, Team Agg PBP, Player Agg PBP, Team Game PBP"
"3PA Sum of Dist","Sum of All Shot Distances on 3-Point Attempts","Sum of shot distances on all 3-point field goal attemps.","Number","Highest # = 100th","Player Game PBP, Team Agg PBP, Player Agg PBP, Team Game PBP"
"ATB Sum of Dist","Sum of All Shot Distances on Above Break 3s","Sum of shot distances for all above the break 3s attempted.","Number","Highest # = 100th","Player Game PBP, Team Agg PBP, Player Agg PBP, Team Game PBP"
"FGA Sum of Dist","Sum of All Shot Distances on 2-Point Attempts","Sum of shot distances on all field goal attemps.","Number","Highest # = 100th","Player Game PBP, Team Agg PBP, Player Agg PBP, Team Game PBP"
"Height x Mins","Sum of Player Height x Current Minutes","For each rostered player, height in inches multiplied by current minutes played, summed across the team. Used as the numerator for the team's minutes-weighted average height.","Number","Highest # = 100th","Team Game, Team Agg"
"Prior GP x Mins D1","Sum of Prior GP x Current Mins, D1","For each rostered player, prior games played at the Division 1 level multiplied by their current minutes played, summed across the team. Used as the numerator for Avg Prior GP, D1 (the team's playing-time-weighted average).","Number","Highest # = 100th","Team Game, Team Agg"
"Prior GP x Mins D2","Sum of Prior GP x Current Mins, D2","For each rostered player, prior games played at the Division 2 level multiplied by their current minutes played, summed across the team. Used as the numerator for Avg Prior GP, D2 (the team's playing-time-weighted average).","Number","Highest # = 100th","Team Game, Team Agg"
"Prior GP x Mins D3","Sum of Prior GP x Current Mins, D3","For each rostered player, prior games played at the Division 3 level multiplied by their current minutes played, summed across the team. Used as the numerator for Avg Prior GP, D3 (the team's playing-time-weighted average).","Number","Highest # = 100th","Team Game, Team Agg"
"Prior Mins x Mins D1","Sum of Prior Mins x Current Mins, D1","For each rostered player, prior minutes played at the Division 1 level multiplied by their current minutes played, summed across the team. Used as the numerator for Avg Prior Mins, D1 (the team's playing-time-weighted average).","Number","Highest # = 100th","Team Game, Team Agg"
"Prior Mins x Mins D2","Sum of Prior Mins x Current Mins, D2","For each rostered player, prior minutes played at the Division 2 level multiplied by their current minutes played, summed across the team. Used as the numerator for Avg Prior Mins, D2 (the team's playing-time-weighted average).","Number","Highest # = 100th","Team Game, Team Agg"
"Prior Mins x Mins D3","Sum of Prior Mins x Current Mins, D3","For each rostered player, prior minutes played at the Division 3 level multiplied by their current minutes played, summed across the team. Used as the numerator for Avg Prior Mins, D3 (the team's playing-time-weighted average).","Number","Highest # = 100th","Team Game, Team Agg"
"Prior Pts x Mins All","Sum of Prior Pts x Current Mins, All Levels","For each rostered player, prior points scored at any level multiplied by their current minutes played, summed across the team. Used as the numerator for Avg Prior Pts, All Levels (the team's playing-time-weighted average).","Number","Highest # = 100th","Team Game, Team Agg"
"Prior Pts x Mins D1","Sum of Prior Pts x Current Mins, D1","For each rostered player, prior points scored at the Division 1 level multiplied by their current minutes played, summed across the team. Used as the numerator for Avg Prior Pts, D1 (the team's playing-time-weighted average).","Number","Highest # = 100th","Team Game, Team Agg"
"Prior Pts x Mins D2","Sum of Prior Pts x Current Mins, D2","For each rostered player, prior points scored at the Division 2 level multiplied by their current minutes played, summed across the team. Used as the numerator for Avg Prior Pts, D2 (the team's playing-time-weighted average).","Number","Highest # = 100th","Team Game, Team Agg"
"Prior Pts x Mins D3","Sum of Prior Pts x Current Mins, D3","For each rostered player, prior points scored at the Division 3 level multiplied by their current minutes played, summed across the team. Used as the numerator for Avg Prior Pts, D3 (the team's playing-time-weighted average).","Number","Highest # = 100th","Team Game, Team Agg"
"Team Ht","Effective Team Height","The team's average player height in inches, weighted by minutes played. Players who play more count more towards the average - the result reflects the height of the actual rotation, not a straight average of the listed roster.","Number","Highest # = 100th","Team Game, Team Agg"
"teamId","Team ID","No description available","-","-","Player Game PBP, Team Game, Player Agg, Team Agg, Player Game, Team Agg PBP, Player Agg PBP, Lineup, Team Game PBP, On/Off"
"teamMarket","Team Market","No description available","-","-","Player Game PBP, Team Game, Player Agg, Team Agg, Player Game, Team Agg PBP, Player Agg PBP, Lineup, Team Game PBP"
"TF","Technical Fouls","The total number of technical fouls committed.","Integer","Lowest # = 100th","Team Game, Player Agg, Team Agg, Player Game, Lineup, On/Off"
"tfBench","tfBench","No description available","-","-","Team Game, Team Agg"
"tfCoach","tfCoach","No description available","-","-","Team Game, Team Agg"
"TF/100","Technical Fouls / 100 Poss","An estimate of the number of technical fouls committed per 100 possessions played.","Number","Lowest # = 100th","Team Agg"
"TF/40","Technical Fouls / 40 Mins","The number of technical fouls committed per 40 minutes played.","Number","Lowest # = 100th","Player Agg, Team Agg"
"TF/G","Technical Fouls / Game","The number of technical fouls committed per game.","Number","Lowest # = 100th","Player Agg, Team Agg"
"Time Leading","Time Leading","Number of minutes during a game when the team was ahead in the score throughout the game.","Number","Highest # = 100th","Team Game"
"Times Tied","Times Tied","Number of times during a game when the score was equal between the two teams.","Integer","Highest # = 100th","Team Game"
"tmDrb","tmDrb","No description available","-","-","Team Game, Team Agg"
"tmOrb","tmOrb","No description available","-","-","Team Game, Team Agg"
"tmReb","tmReb","No description available","-","-","Team Game, Team Agg"
"tmTov","tmTov","No description available","-","-","Team Game, Team Agg"
"TOK3 FG%","Top of Key 3s FG%","Field goal percentage on top of key 3-pointers.","Percentage","Highest % = 100th","Player Game PBP, Team Agg PBP, Player Agg PBP, Team Game PBP"
"TOK3 FGA","Top of Key 3s FGA","Field goal attempts on top of key 3-pointers.","Integer","Highest # = 100th","Player Game PBP, Team Agg PBP, Player Agg PBP, Team Game PBP"
"TOK3 FGA/100","Top of Key 3s FGA / 100 Poss","Field goal attempts on top of key 3-pointers per 100 possessions played.","Number","Highest # = 100th","Team Agg PBP"
"TOK3 FGA/40","Top of Key 3s FGA / 40 Mins","Field goal attempts on top of key 3-pointers per 40 minutes played.","Number","Highest # = 100th","Team Agg PBP, Player Agg PBP"
"TOK3 FGA/G","Top of Key 3s FGA / Game","Field goal attempts on top of key 3-pointers per game.","Number","Highest # = 100th","Team Agg PBP, Player Agg PBP"
"TOK3 FGA%","Top of Key 3s FGA%","Percentage of shots taken as top of key 3-pointers.","Percentage","Highest % = 100th","Player Game PBP, Team Agg PBP, Player Agg PBP, Team Game PBP"
"TOK3 FGM","Top of Key 3s FGM","Field goals made on top of key 3-pointers.","Integer","Highest # = 100th","Player Game PBP, Team Agg PBP, Player Agg PBP, Team Game PBP"
"TOV DIFF","Turnover Differential","How many more or fewer turnovers the team committed compared to their opponent.","Integer","Lowest # = 100th","Team Game, Team Agg"
"tovTm","tovTm","No description available","-","-","Player Game PBP, Player Agg, Player Game, Player Agg PBP"
"TR CHNC","Transition Chances","The total number of chances that came in transition.","Integer","Highest # = 100th","Team Agg PBP, Team Game PBP"
"TR PPC","Transition Points / Chance","Total points scored in transition divided by the number of transition chances.","num2","Highest # = 100th","Team Agg PBP, Team Game PBP"
"TOV TRAVEL","Traveling Violation","The total number of turnovers tagged by the scorer as a traveling violation by the team.","Integer","Lowest # = 100th","Team Agg PBP, Team Game PBP"
"Trp-Dbl","Triple-Doubles","Number of games this season where the player hit double figures (10+) in at least three of: points, rebounds, assists, steals, blocks.","Integer","Highest # = 100th","Player Agg"
"TS%","True Shooting Percentage","A measure of a player's shooting efficiency that takes into account field goals, 3-point field goals, and free throws.","Percentage","Highest % = 100th","Player Game PBP, Team Game, Player Agg, Team Agg, Player Game, Team Agg PBP, Player Agg PBP, Lineup, Team Game PBP, On/Off"
"tsa","tsa","No description available","-","-","Team Game, Player Agg, Team Agg, Player Game, Lineup, On/Off"
"ttsPct","ttsPct","No description available","-","-","Player Game PBP, Team Agg PBP, Player Agg PBP, Team Game PBP"
"TOV%","Turnover Percentage","The percentage of possessions used by the player that ends in a turnover.","Percentage","Lowest % = 100th","Team Game, Player Agg, Team Agg, Player Game, Lineup, On/Off"
"TOV%**Adj","Adjusted Turnover Percentage","The team's turnover percentage, taking into account an adjustment based on the average TOV% allowed by the team's opponents throughout the season.","Percentage","Lowest % = 100th","Team Agg"
"TOV","Turnovers","The total number of turnovers.","Integer","Lowest # = 100th","Player Game PBP, Team Game, Player Agg, Team Agg, Player Game, Team Agg PBP, Player Agg PBP, Lineup, Team Game PBP, On/Off"
"TOV/100","Turnovers / 100 Poss","An estimate of the number of turnovers per 100 possessions played.","Number","Lowest # = 100th","Team Agg, Lineup, On/Off"
"TOV/40","Turnovers / 40 Mins","The number of turnovers per 40 minutes played.","Number","Lowest # = 100th","Player Agg, Team Agg, Lineup, On/Off"
"TOV/G","Turnovers / Game","The number of turnovers per game.","Number","Lowest # = 100th","Player Agg, Team Agg"
"2PMu","Unassisted 2-Point Field Goals","The total number of unassisted 2-point field goals made by the player.","Integer","Highest # = 100th","Player Game PBP, Team Agg PBP, Player Agg PBP, Team Game PBP"
"u2PM/100","Unassisted 2-Point Field Goals / 100 Poss","The number of unassisted 2-point field goals made by the player, per 100 possessions played.","Number","Highest # = 100th","Team Agg PBP"
"u2PM/40","Unassisted 2-Point Field Goals / 40 Mins","The number of unassisted 2-point field goals made by the player, per 40 minutes played.","Number","Highest # = 100th","Team Agg PBP, Player Agg PBP"
"u2PM/G","Unassisted 2-Point Field Goals / Game","The number of unassisted 2-point field goals made by the player, per game.","Number","Highest # = 100th","Team Agg PBP, Player Agg PBP"
"u3PM","Unassisted 3-Point Field Goals","The total number of unassisted 3-point field goals made by the player.","Integer","Highest # = 100th","Player Game PBP, Team Agg PBP, Player Agg PBP, Team Game PBP"
"u3PM/100","Unassisted 3-Point Field Goals / 100 Poss","The number of unassisted 3-point field goals made by the player, per 100 possessions played.","Number","Highest # = 100th","Team Agg PBP"
"u3PM/40","Unassisted 3-Point Field Goals / 40 Mins","The number of unassisted 3-point field goals made by the player, per 40 minutes played.","Number","Highest # = 100th","Team Agg PBP, Player Agg PBP"
"u3PM/G","Unassisted 3-Point Field Goals / Game","The number of unassisted 3-point field goals made by the player, per game.","Number","Highest # = 100th","Team Agg PBP, Player Agg PBP"
"ATB3 uFGM","Unassisted Above Break 3s","The total number of unassisted above the break 3s made by the player.","Integer","Highest # = 100th","Player Game PBP, Team Agg PBP, Player Agg PBP, Team Game PBP"
"C3 uFGM","Unassisted Corner 3s","The total number of unassisted corner 3s made by the player.","Integer","Highest # = 100th","Player Game PBP, Team Agg PBP, Player Agg PBP, Team Game PBP"
"DUNK uFGM","Unassisted Dunks","The total number of unassisted dunks made by the player.","Integer","Highest # = 100th","Player Game PBP, Team Agg PBP, Player Agg PBP, Team Game PBP"
"DUNK uFGM/100","Unassisted Dunks / 100 Poss","The number of unassisted dunks made by the player, per 100 possessions played.","Number","Highest # = 100th","Team Agg PBP"
"DUNK uFGM/40","Unassisted Dunks / 40 Mins","The number of unassisted dunks made by the player, per 40 minutes played.","Number","Highest # = 100th","Team Agg PBP, Player Agg PBP"
"DUNK uFGM/G","Unassisted Dunks / Game","The number of unassisted dunks made by the player, per game.","Number","Highest # = 100th","Team Agg PBP, Player Agg PBP"
"uFGM","Unassisted Field Goals Made","The total number of unassisted field goals made by the player.","Integer","Highest # = 100th","Player Game PBP, Team Agg PBP, Player Agg PBP, Team Game PBP"
"uFGM/100","Unassisted Field Goals / 100 Poss","The number of unassisted field goals made by the player, per 100 possessions played.","Number","Highest # = 100th","Team Agg PBP"
"uFGM/40","Unassisted Field Goals / 40 Mins","The number of unassisted field goals made by the player, per 40 minutes played.","Number","Highest # = 100th","Team Agg PBP, Player Agg PBP"
"uFGM/G","Unassisted Field Goals / Game","The number of unassisted field goals made by the player, per game.","Number","Highest # = 100th","Team Agg PBP, Player Agg PBP"
"MID2 uFGM","Unassisted Midrange 2s","The total number of unassisted midrange 2s made by the player.","Integer","Highest # = 100th","Player Game PBP, Team Agg PBP, Player Agg PBP, Team Game PBP"
"uPTS","Unassisted Points Scored","The total number of unassisted points scored by the player. Includes all points from free throws, as well as points on unassisted 2-point and 3-point shots made.","Integer","Highest # = 100th","Player Game PBP, Team Agg PBP, Player Agg PBP, Team Game PBP"
"uPTS/100","Unassisted Points Scored / 100 Poss","The number of unassisted points scored by the player, per 100 possessions played. Includes all points from free throws, as well as points on unassisted 2-point and 3-point shots made.","Number","Highest # = 100th","Team Agg PBP"
"uPTS/40","Unassisted Points Scored / 40 Mins","The number of unassisted points scored by the player, per 40 minutes played. Includes all points from free throws, as well as points on unassisted 2-point and 3-point shots made.","Number","Highest # = 100th","Team Agg PBP, Player Agg PBP"
"uPTS/G","Unassisted Points Scored / Game","The number of unassisted points scored by the player, per game. Includes all points from free throws, as well as points on unassisted 2-point and 3-point shots made.","Number","Highest # = 100th","Team Agg PBP, Player Agg PBP"
"ATR2 uFGM","Unassisted Shots At Rim","The total number of unassisted shots at the rim made by the player.","Integer","Highest # = 100th","Player Game PBP, Team Agg PBP, Player Agg PBP, Team Game PBP"
"ATR2 uFGM/100","Unassisted Shots At Rim / 100 Poss","The number of unassisted shots at the rim made by the player, per 100 possessions played.","Number","Highest # = 100th","Team Agg PBP"
"ATR2 uFGM/40","Unassisted Shots At Rim / 40 Mins","The number of unassisted shots at the rim made by the player, per 40 minutes played.","Number","Highest # = 100th","Team Agg PBP, Player Agg PBP"
"ATR2 uFGM/G","Unassisted Shots At Rim / Game","The number of unassisted shots at the rim made by the player, per game.","Number","Highest # = 100th","Team Agg PBP, Player Agg PBP"
"Unkn Mins","Minutes from Unknown-Class Players","Total minutes played by roster members whose class year is unknown or unlisted.","Integer","Highest # = 100th","Team Game, Team Agg"
"Unkn Mins/G","Unknown Class Minutes / Game","Average minutes per game played by roster members of unknown class year.","Number","Highest # = 100th","Team Agg"
"Unkn Mins%","Unknown Class Minutes Percentage","Share of total team minutes played by roster members whose class year is unknown or unlisted.","Percentage","Highest % = 100th","Team Game, Team Agg"
"Unkn Pts","Unknown Class Year Points","Total points scored by roster members whose class year is unknown or unlisted.","Integer","Highest # = 100th","Team Game, Team Agg"
"Unkn Pts/G","Unknown Class Year Points Scored / Game","Points per game scored by roster members whose class year is unknown or unlisted.","Number","Highest # = 100th","Team Agg"
"Unkn Pts%","Unknown Class Points Percentage","Share of total team points scored by roster members whose class year is unknown or unlisted.","Percentage","Highest % = 100th","Team Game, Team Agg"
"USG%","Usage Percentage","An estimate of the percentage of team plays used by the player (including field goals, free throws, and turnovers) while they were on the floor.","Percentage","Highest % = 100th","Player Game PBP, Player Agg, Player Game, Player Agg PBP"
"DM VPS","Danny Miles Value Point System","Value Point System (VPS) is an all-in-one metric developed by Hall of Fame Coach Danny Miles. In Miles' words, VPS provides an all-encompassing look at how players and teams perform by weighing their positive contributions against their negative ones - the resulting number shows how effective the player is. A VPS of 1 is considered average, while anything north of 2 is elite. VPS is computed using box score statistics only, and therefore does not account for who the player is playing with or against.","num2","Highest # = 100th","Player Agg, Player Game"
"WARP/40","Wins Above Replacement Player / 40 Mins","Wins Above Replacement Player (WARP) generated per 40 minutes. The equation for WARP can be found at https://sonicscentral.com/warp.html","num2","Highest # = 100th","Player Agg"
"Weighted GP, All Divisions","Avg Prior Games Played in All NCAA Divisions","Average prior-season games played by the roster, weighted by each player's current-season minutes. Excludes games from the current season. A 6-mpg reserve counts less than a 32-mpg starter. Includes NCAA Divisions 1, 2 and 3.","Number","Highest # = 100th","Team Agg"
"Weighted GP, D1","Avg Prior Games Played in D1","Average prior-season games played at the Division 1 level by the team's roster, weighted by each player's current-season minutes. Excludes games from the current season. A 6-mpg reserve counts less than a 32-mpg starter. Only counts games played as a D1 player.","Number","Highest # = 100th","Team Agg"
"Weighted GP, D2","Avg Prior Games Played in D2","Average prior-season games played at the Division 2 level by the team's roster, weighted by each player's current-season minutes. Excludes games from the current season. A 6-mpg reserve counts less than a 32-mpg starter. Only counts games played as a D2 player.","Number","Highest # = 100th","Team Agg"
"Weighted GP, D3","Avg Prior Games Played in D3","Average prior-season games played at the Division 3 level by the team's roster, weighted by each player's current-season minutes. Excludes games from the current season. A 6-mpg reserve counts less than a 32-mpg starter. Only counts games played as a D3 player.","Number","Highest # = 100th","Team Agg"
"Weighted Mins, All Divisions","Avg Prior Minutes Played in All NCAA Divisions","Average prior-season minutes played by the team's roster, weighted by each player's current-season minutes. Excludes games from the current season. A 6-mpg reserve counts less than a 32-mpg starter. Includes NCAA Divisions 1, 2 and 3.","Number","Highest # = 100th","Team Agg"
"Weighted Mins, D1","Avg Prior Minutes Played in D1","Average prior-season minutes played at the Division 1 level by the team's roster, weighted by each player's current-season minutes. Excludes games from the current season. A 6-mpg reserve counts less than a 32-mpg starter. Only counts minutes played as a D1 player.","Number","Highest # = 100th","Team Agg"
"Weighted Mins, D2","Avg Prior Minutes Played in D2","Average prior-season minutes played at the Division 2 level by the team's roster, weighted by each player's current-season minutes. Excludes games from the current season. A 6-mpg reserve counts less than a 32-mpg starter. Only counts minutes played as a D2 player.","Number","Highest # = 100th","Team Agg"
"Weighted Mins, D3","Avg Prior Minutes Played in D3","Average prior-season minutes played at the Division 3 level by the team's roster, weighted by each player's current-season minutes. Excludes games from the current season. A 6-mpg reserve counts less than a 32-mpg starter. Only counts minutes played as a D3 player.","Number","Highest # = 100th","Team Agg"
"Weighted Pts, All Divisions","Avg Prior Points Scored in All NCAA Divisions","Average prior-season points scored by the team's roster, weighted by each player's current-season minutes. Excludes games from the current season. A 6-mpg reserve counts less than a 32-mpg starter. Includes NCAA Divisions 1, 2 and 3.","Number","Highest # = 100th","Team Agg"
"Weighted Pts, D1","Avg Prior Points Scored in D1","Average prior-season points scored at the Division 1 level by the team's roster, weighted by each player's current-season minutes. Excludes games from the current season. A 6-mpg reserve counts less than a 32-mpg starter. Only counts points scored as a D1 player.","Number","Highest # = 100th","Team Agg"
"Weighted Pts, D2","Avg Prior Points Scored in D2","Average prior-season points scored at the Division 2 level by the team's roster, weighted by each player's current-season minutes. Excludes games from the current season. A 6-mpg reserve counts less than a 32-mpg starter. Only counts points scored as a D2 player.","Number","Highest # = 100th","Team Agg"
"Weighted Pts, D3","Avg Prior Points Scored in D3","Average prior-season points scored at the Division 3 level by the team's roster, weighted by each player's current-season minutes. Excludes games from the current season. A 6-mpg reserve counts less than a 32-mpg starter. Only counts points scored as a D3 player.","Number","Highest # = 100th","Team Agg"
"WIN%","Win Percentage","Win Percentage","Percentage","Highest % = 100th","Player Agg, Team Agg"
"WS","Win Shares","Win Shares (WS) is an all-in-one metric originally developed by Bill James for baseball, and adapted by Justin Kubatko (basketball-reference) for use in basketball. WS attempts to divvy up credit for team success to the individuals on the team, encompassing both offensive and defensive contributions. WS is the sum of a player's Offensive Win Shares (OWS) and Defensive Win Shares (DWS), providing a comprehensive estimate of the total number of wins a player has contributed to their team. WS is computed using box score statistics only, and therefore does not account for who the player is playing with or against. The equation for DWS can be found at https://www.sports-reference.com/cbb/about/ws.html","Number","Highest # = 100th","Player Agg"
"WS/40","Win Shares / 40 Mins","Win Shares (WS) generated per 40 minutes. The equation for WS can be found at https://www.sports-reference.com/cbb/about/ws.html","num2","Highest # = 100th","Player Agg"
"winPctExp","winPctExp","No description available","-","-","Team Agg"
"Wins","Wins","The total number of games won by the team.","Integer","Highest # = 100th","Player Game PBP, Team Game, Team Agg, Player Game, Team Agg PBP, Team Game PBP"
"WARP","Wins Above Replacement Player","Wins Above Replacement Player (WARP) is an all-in-one metric developed by Kevin Pelton. In Pelton's words, WARP seeks to evaluate players in the context of a team made up of them and four completely average players. The performance of this team is then compared to that of a team made up of four average players and one replacement-level player. WARP is computed using box score statistics only, and therefore does not account for who the player is playing with or against. The equation for WARP can be found at https://sonicscentral.com/warp.html","Number","Highest # = 100th","Player Agg"
"WINS10","Wins Trailing by 10","The number of wins by the team where the team trailed by 10+ points at some point in the game.","Integer","Highest # = 100th","Team Agg"
"WINS15","Wins Trailing by 15","The number of wins by the team where the team trailed by 15+ points at some point in the game.","Integer","Highest # = 100th","Team Agg"
"WINS20","Wins Trailing by 20","The number of wins by the team where the team trailed by 20+ points at some point in the game.","Integer","Highest # = 100th","Team Agg"
"WINS5","Wins Trailing by 5","The number of wins by the team where the team trailed by 5+ points at some point in the game.","Integer","Highest # = 100th","Team Agg"
"NO TRAIL W","Wins Without Trailing","The number of wins by the team where the team did not trail at any point in the game.","Integer","Highest # = 100th","Team Agg"
"WIRE L","Wire-to-Wire Losses","The number of losses by the team where the team did not lead, nor was the game tied again after the initial lead was taken, at any point in the game.","Integer","Highest # = 100th","Team Agg"
"WIRE W","Wire-to-Wire Wins","The number of wins by the team where the team did not trail, nor was the game tied again after the initial lead was taken, at any point in the game.","Integer","Highest # = 100th","Team Agg"